Time,LossAfter,train-AverageDiscountedReturn,Time-Optimization,Time-Sampling,LossBefore,train-EnvExecTime,train-NumTrajs,train-PolicyExecTime,Itr,Time-SampleProc,train-MinReturn,train-MaxReturn,train-StdReturn,train-AverageReturn,ItrTime,n_timesteps
10.339393615722656,-1.621194,-110.82057306564263,0.4475727081298828,9.822484493255615,-0.0124231335,3.4942283630371094,100,6.068463325500488,0,0.06901764869689941,-188.7229591583663,171.7722102695731,100.3733999069542,-40.80133218888261,10.339389324188232,10000
20.111122369766235,-0.18352742,181.1684954014952,0.3326728343963623,9.286327600479126,0.029108072,3.354001760482788,100,5.685810565948486,1,0.1272296905517578,59.66683555441308,211.4801928467677,35.25197879515557,108.81611490487086,9.746615409851074,20000
30.24850559234619,-0.23968509,348.20558310523325,0.3312404155731201,9.708905458450317,-0.008882422,3.6610536575317383,100,5.796814203262329,2,0.07545995712280273,158.935678644188,196.30099094123588,6.182561230360723,189.73209082347267,10.115832090377808,30000
40.650551319122314,-1.4811246,349.92904301602607,0.4310953617095947,9.852733850479126,-0.018545326,3.616706371307373,100,5.96709132194519,3,0.10034894943237305,180.45716266640906,194.78982106352504,2.0710891658933566,190.76253152816375,10.384394645690918,40000
50.948097705841064,-2.1786554,345.67303095982027,0.30417323112487793,9.849470853805542,-0.008633447,3.715653896331787,100,5.873387813568115,4,0.12037038803100586,179.02577249464412,193.898600691466,3.018646056964629,189.3485398356827,10.27424955368042,50000
61.18332552909851,-3.253166,354.06051875754764,0.33394885063171387,9.847319841384888,-0.0083679445,3.633871078491211,100,5.965615510940552,5,0.03498506546020508,186.62087344084875,197.14067156187264,1.5798232039952604,193.06314929192237,10.216469287872314,60000
71.66871500015259,-2.8282557,357.70644507700723,0.3737356662750244,10.050367832183838,-0.0037638885,3.790921449661255,100,5.999282121658325,6,0.04052114486694336,186.9904931823061,197.78143159039385,1.6010426423768118,194.86076253261254,10.465024471282959,70000
82.07959985733032,-2.0560853,357.6488054940517,0.3275938034057617,10.026196241378784,-0.015941657,3.740074396133423,100,6.036837100982666,7,0.035747528076171875,187.55222625508725,198.5601676962808,1.6985128069593034,194.4647229788513,10.389745235443115,80000
92.45478296279907,-0.6464137,352.7157666557856,0.308682918548584,9.978118419647217,-0.0102909915,3.7365121841430664,100,5.970300197601318,8,0.06867790222167969,165.3785701344447,198.41865791075304,6.074589864722692,191.30473745012657,10.35569953918457,90000
102.74679708480835,-0.31842554,342.06672836899304,0.3135979175567627,9.905163288116455,-0.009670661,3.766610622406006,100,5.887638568878174,9,0.05337333679199219,169.75433970137055,196.25134247680475,6.535196466318986,188.7707922354396,10.27236032485962,100000
113.16436791419983,-0.29483664,351.39647961649024,0.3218228816986084,9.980916261672974,0.012994925,3.7179527282714844,100,6.0112035274505615,10,0.09798192977905273,175.3944938037081,197.13323664529963,4.043203026139045,192.35863529547026,10.400927305221558,110000
123.57205820083618,0.012485855,274.7658897086242,0.30881333351135254,10.016595840454102,0.007511458,3.8339085578918457,100,5.929773330688477,11,0.06188321113586426,124.7770882262772,185.14968774417943,13.96753483126868,152.49034825174476,10.387548923492432,120000
133.92108345031738,-0.031143421,228.93864786653256,0.32410264015197754,9.964328050613403,0.040882543,3.920884132385254,100,5.783258676528931,12,0.04241037368774414,106.04577533396335,178.8446587429366,11.857096822136743,129.22735933892167,10.331081628799438,130000
144.29801058769226,-0.2474693,346.8781356899518,0.3353128433227539,9.989720106124878,-0.005927649,3.8170342445373535,100,5.907944917678833,13,0.03502917289733887,165.12172836921658,195.34171944787767,5.032145483783744,188.6948720019295,10.360271453857422,140000
154.79950666427612,0.010255225,317.56990523295315,0.3305931091308594,10.117045402526855,-0.001579776,3.712456464767456,100,6.14146089553833,14,0.03680157661437988,154.5997548089162,193.82016334765132,8.247728591136283,178.98797883862665,10.484670639038086,150000
165.28477478027344,-0.02427246,272.34680602457735,0.32733941078186035,10.085379838943481,0.026342578,3.698096513748169,100,6.124398231506348,15,0.05522012710571289,149.9643840350891,177.42592370214473,5.865623281344212,160.10348162740704,10.468147993087769,160000
175.40446543693542,-0.15274918,267.68386386578715,0.2956101894378662,9.72236704826355,0.024165547,3.6464877128601074,100,5.828850269317627,16,0.08420062065124512,147.60053254902735,174.49603788288718,4.802668988205375,158.0265086833801,10.102434396743774,170000
185.86197972297668,-0.22261184,285.3401050138534,0.36281347274780273,10.00595736503601,0.025129499,3.685685634613037,100,6.071526288986206,17,0.06694531440734863,154.50573802000716,182.28441924220462,6.2167420096287564,165.84324892344358,10.435942649841309,180000
196.22979021072388,-0.30376112,340.63124466900337,0.33114123344421387,9.948522329330444,0.0073427004,3.7787325382232666,100,5.911991357803345,18,0.06703305244445801,172.7194572270421,193.97027188446012,4.813345283682552,188.03372465359487,10.346932888031006,190000
206.50276136398315,-0.08571237,350.2452516884397,0.3325512409210205,9.88489317893982,-0.014248767,3.789870262145996,100,5.841086149215698,19,0.037980079650878906,175.51780466631652,195.4094280450357,3.5832253295844407,190.42775562244267,10.25562334060669,200000
217.39879631996155,0.034417894,193.0587470608463,0.4386405944824219,10.400928735733032,-0.001970778,3.992696523666382,100,6.15551233291626,20,0.03751802444458008,91.37367423264122,131.19056683130253,7.766110396907514,109.53195041892495,10.877442598342896,210000
228.02405166625977,-0.05342348,145.70095821905073,0.29674363136291504,10.240639448165894,0.0018927384,3.939275026321411,100,6.049066066741943,21,0.06851768493652344,68.29872628535112,107.34405943765601,7.313906465199288,84.36191628289538,10.606138467788696,220000
238.52714657783508,-0.10795138,213.04025446492662,0.28874874114990234,10.120127439498901,-0.013597094,3.8929622173309326,100,5.9714438915252686,22,0.07081961631774902,90.87869431019683,146.07148276786828,9.306527371531402,120.30909555196897,10.481608629226685,230000
249.08084917068481,-0.30743232,352.91405787572745,0.4224507808685303,10.00185775756836,-0.0062213745,3.85076642036438,100,5.901747465133667,23,0.11112570762634277,182.37822911165367,195.24169991300283,2.5169133172349993,191.6121022010633,10.535631895065308,240000
259.59175968170166,-1.1895442,352.2629888657506,0.31941771507263184,10.123075246810913,-0.028383765,3.6972713470458984,100,6.159656047821045,24,0.05033516883850098,189.64542711692627,194.2113742578639,0.847906244035609,192.27764492829863,10.493082284927368,250000
269.9369134902954,-0.4018943,306.4736798422257,0.3051331043243408,9.940544605255127,-0.004686523,3.7243969440460205,100,5.9677910804748535,25,0.07989358901977539,156.36449147285242,186.41738912280238,5.513698651540812,174.50400489511543,10.325814247131348,260000
280.4612593650818,-1.3432412,257.9785918755025,0.30628013610839844,10.116278171539307,0.021117255,3.6410229206085205,100,6.223931074142456,26,0.08111977577209473,147.3426243438314,159.53001972112182,2.701645314098434,152.57116965900622,10.505520582199097,270000
291.08925199508667,-1.2554945,257.29473483215105,0.34578752517700195,10.224150657653809,-0.010451257,3.7417211532592773,100,6.21829628944397,27,0.03865385055541992,145.27583948822965,157.4111142752602,3.1436519451770146,152.15723731748437,10.608842611312866,280000
301.3441319465637,-1.4194976,259.9621884544951,0.3394501209259033,9.842735767364502,-0.0002784668,3.603925943374634,100,5.989366292953491,28,0.052138328552246094,147.28737532509243,158.49212745999176,2.8969801269559903,153.30257493782057,10.234646320343018,290000
311.5074384212494,-1.1850529,259.4150653642147,0.30647754669189453,9.77744436264038,-0.01013519,3.6718549728393555,100,5.847657680511475,29,0.05919790267944336,145.73962127738616,160.9098100330855,3.032308513881009,152.87259008689668,10.143345594406128,300000
321.87420678138733,-1.3682206,262.58844324722634,0.44309258460998535,9.820495367050171,-0.0075759795,3.7222707271575928,100,5.8513524532318115,30,0.08544635772705078,146.63721412084425,159.56076587974874,2.8477069092876346,154.1625730290832,10.349255561828613,310000
332.02645206451416,-1.3696005,263.8954022424026,0.40053772926330566,9.699148893356323,-0.0063580414,3.6007041931152344,100,5.831255197525024,31,0.03366374969482422,146.16558225685313,163.080492293065,2.7953532781515764,154.63049233239371,10.133611917495728,320000
342.2975890636444,-2.4706743,265.7142477286097,0.314760684967041,9.853643894195557,-0.0025339965,3.67551851272583,100,5.920673847198486,32,0.07813286781311035,148.1702792456474,159.87431774018484,2.534937567955881,155.27918848832095,10.246787548065186,330000
352.6508882045746,-3.1901214,264.29704498440674,0.3997070789337158,9.807840347290039,-0.02593086,3.617694616317749,100,5.938066482543945,33,0.12690329551696777,148.65063977040177,169.80710435006372,3.0537484816439417,154.42691537521452,10.334684133529663,340000
362.9606349468231,-5.0258813,243.73850847234192,0.31275415420532227,9.88393497467041,0.008441591,3.592350959777832,100,6.026336431503296,34,0.0943155288696289,138.60566372847245,146.94295810313056,1.6180112984334747,143.17953713417043,10.291229009628296,350000
373.1535151004791,-3.2000868,196.6998296637255,0.3435835838317871,9.779309272766113,-0.0013315917,3.596503734588623,100,5.9148383140563965,35,0.052367210388183594,104.85148660447832,129.15555858865423,3.2615444886275577,121.39085265092191,10.175501108169556,360000
383.3963017463684,-3.4524047,166.7291318792734,0.3936309814453125,9.72989010810852,-0.012881812,3.5939536094665527,100,5.871624231338501,36,0.09878373146057129,67.68343481347877,151.3847758371059,16.921000400342262,102.8141395810713,10.222641706466675,370000
393.3660035133362,0.016544592,249.08240576366074,0.2992727756500244,9.550415515899658,-0.0094960695,3.429018020629883,100,5.854755163192749,37,0.0992429256439209,91.65995086930519,171.97777414023722,15.260257378204855,135.72638538439244,9.94917368888855,380000
403.2942430973053,-0.026446484,283.1529880519798,0.3310999870300293,9.468585729598999,-0.0012981811,3.452770709991455,100,5.75831937789917,38,0.1097269058227539,131.69020504137737,176.91947838255453,5.977837560006067,155.29653519869254,9.909659385681152,390000
413.47008228302,-0.054020893,286.2212815624292,0.3203003406524658,9.765201807022095,0.0025938721,3.5069618225097656,100,6.006528854370117,39,0.06722664833068848,145.45716373075715,175.64584632445388,6.89712678757933,156.63220430071854,10.152957916259766,400000
423.497385263443,-0.03965979,292.5172041642867,0.3084754943847656,9.6399986743927,0.008051514,3.424595355987549,100,5.949930191040039,40,0.06190967559814453,148.863720861666,178.20210674591794,7.280470726630626,159.10161806924776,10.010609865188599,410000
433.5439946651459,-0.042118505,296.97886342851433,0.30878615379333496,9.643914461135864,-0.0030134034,3.3993289470672607,100,5.992214679718018,41,0.07660818099975586,144.26793100062034,177.61323996527364,7.963919187162122,160.7462003511912,10.029526948928833,420000
443.54806780815125,-0.037246607,283.03664560011015,0.299008846282959,9.623404502868652,0.01192713,3.4226458072662354,100,5.943359375,42,0.06235027313232422,114.42681866656136,170.32567625028912,10.47395304792805,155.19641161695262,9.984996795654297,430000
453.38754177093506,-0.10365328,262.7862879785533,0.294205904006958,9.41466498374939,0.0055865967,3.3947606086730957,100,5.7732319831848145,43,0.11073803901672363,-73.45999291778232,177.6394339186217,34.58350316350046,145.3151598066134,9.819818496704102,440000
463.4675827026367,-0.20154434,259.4702326957059,0.29103684425354004,9.659926414489746,0.0025299804,3.422018051147461,100,5.9721879959106445,44,0.11244368553161621,-59.376398135221194,168.32328892268117,30.41342231361118,143.71091484309147,10.063653707504272,450000
473.5148603916168,-0.5202427,239.52895464366196,0.3679463863372803,9.58164644241333,0.005183179,3.427143096923828,100,5.903442144393921,45,0.08153557777404785,-108.84332024327676,170.3025787945527,35.31032541168669,135.37270671957216,10.031354665756226,460000
483.6036431789398,-0.22787939,254.84805452874866,0.31142354011535645,9.682888269424438,-0.0058956314,3.4351460933685303,100,5.9896299839019775,46,0.07538747787475586,112.0773287316643,180.84428633219244,13.811835577084006,142.7223721300983,10.069941759109497,470000
493.6016252040863,-0.05973491,248.0155512325333,0.3280491828918457,9.61425232887268,-0.009470715,3.4441421031951904,100,5.908947467803955,47,0.03772091865539551,52.95251194211712,178.50073344073166,21.91516887832165,140.11908670924538,9.980233192443848,480000
503.8012685775757,-0.033947706,206.2346217260293,0.4166882038116455,9.710148572921753,-0.011320874,3.482992172241211,100,5.964503526687622,48,0.05104470252990723,20.21289772734254,175.1758145073171,36.63366787903213,122.57598482258796,10.178114652633667,490000
513.6989600658417,-0.07703729,199.06641392911803,0.3108377456665039,9.518793106079102,-0.004941797,3.4046645164489746,100,5.860364198684692,49,0.046868085861206055,31.78507688822132,173.60720085740405,38.87665428801837,119.41151538591608,9.87673282623291,500000
523.65056681633,-0.16576138,250.30173575038773,0.2950739860534668,9.592254638671875,-0.002794751,3.4940502643585205,100,5.847347259521484,50,0.048004865646362305,46.09583502580399,173.060422033829,25.14124033121292,141.69925579999,9.935541152954102,510000
533.4653422832489,-0.17607898,278.2974314626899,0.2977902889251709,9.417444229125977,-0.020923547,3.4105660915374756,100,5.762466192245483,51,0.08161163330078125,103.46678799509446,175.7594754117935,10.575698515412334,153.60084670593469,9.797077655792236,520000
543.4600603580475,-0.045470826,282.07685522206407,0.31447863578796387,9.596253395080566,-0.00042878417,3.4570565223693848,100,5.883591890335083,52,0.06493687629699707,145.72224295576058,178.40239933133827,5.682352254995555,155.17719196984078,9.975893497467041,530000
553.371809720993,-0.018894238,276.78659645399125,0.32074642181396484,9.507844924926758,-0.009368506,3.4679837226867676,100,5.782507419586182,53,0.0645909309387207,142.7866978294972,169.25911896255982,5.099292262071653,153.34341069333155,9.893413782119751,540000
563.5809648036957,0.015939515,276.16861878974765,0.3805832862854004,9.701165676116943,0.027291333,3.5791385173797607,100,5.871119737625122,54,0.10860466957092285,135.69890372736484,174.4658093522152,5.571609265423441,153.10986212513362,10.190577983856201,550000
573.695328950882,0.007050061,276.4194725121737,0.386136531829834,9.614745140075684,0.014211096,3.3630778789520264,100,5.9869561195373535,55,0.09584641456604004,143.4755708094195,173.7310446267692,5.02172326841903,153.12542460966955,10.096932888031006,560000
583.7631740570068,-2.1240234e-05,277.4871797331309,0.32244205474853516,9.616677045822144,0.0064111697,3.491232395172119,100,5.875606060028076,56,0.1117098331451416,141.06429321365007,166.36775922645202,4.484210472832911,153.51807614739667,10.051064252853394,570000
593.9497513771057,-0.025156878,276.83447125583905,0.33260369300842285,9.803037881851196,-0.021203307,3.4325459003448486,100,6.120994329452515,57,0.03540158271789551,143.21653906576222,177.76763941845857,5.072742303401557,153.27448939091428,10.171245574951172,580000
603.9025416374207,-0.00840661,276.47407062970035,0.292905330657959,9.559007406234741,-0.0005346619,3.4074649810791016,100,5.892317056655884,58,0.0765678882598877,141.54104362377777,170.59364574559416,4.803012840883923,153.25883300136414,9.934484243392944,590000
614.0413138866425,-0.029588098,279.35490674816884,0.2985830307006836,9.733946561813354,-0.025518456,3.475856065750122,100,5.9858362674713135,59,0.08983707427978516,140.2574175630899,175.87203340932234,5.381885179314963,154.33715811075467,10.122588634490967,600000
624.1738517284393,-0.009631909,278.8511643853701,0.3575403690338135,9.68706464767456,-0.0018453858,3.472846746444702,100,5.948030710220337,60,0.06775045394897461,142.96508720954316,174.8430680982365,4.949191653333503,154.13504283510426,10.11262035369873,610000
634.0917670726776,-0.015166381,278.35162681308043,0.4334280490875244,9.374220132827759,-0.009772736,3.381743907928467,100,5.724585294723511,61,0.09217691421508789,142.937756326987,171.7134700230478,4.087127606083672,153.88152623609892,9.90004849433899,620000
643.9966285228729,-0.018589856,278.9374478673655,0.36551523208618164,9.431305408477783,-0.0071375123,3.368927478790283,100,5.798718452453613,62,0.08638906478881836,140.93486102185696,173.90337058587843,5.7982496533670975,154.27281717996485,9.88510537147522,630000
653.9209096431732,0.0065529114,277.7348549271099,0.38127589225769043,9.456780433654785,0.0112269595,3.397430658340454,100,5.807928562164307,63,0.06725311279296875,136.56805327623837,175.13659617774613,5.239721835500897,153.6437334529254,9.905548095703125,640000
664.1676380634308,-0.00017897949,276.7968658559276,0.448789119720459,9.663729667663574,0.003815088,3.4377686977386475,100,5.95087742805481,64,0.11107134819030762,141.61729345282168,175.67136602576974,5.7227202435528834,153.45989591879618,10.223835945129395,650000
674.0469288825989,0.0032392608,277.46264126689215,0.30406737327575684,9.47019910812378,0.00716055,3.405106782913208,100,5.808905363082886,65,0.08347439765930176,140.9015179525606,166.90355061808134,4.870228411451103,153.82019394958016,9.858047723770142,660000
684.0846936702728,-0.011761517,280.98892285475455,0.3028247356414795,9.646147966384888,-0.0072374404,3.4173247814178467,100,5.9782609939575195,66,0.07010841369628906,143.51170233962776,174.3157786260941,5.44278921512516,155.1020718581377,10.019303560256958,670000
693.9508988857269,-0.018957788,278.6804980531947,0.3784027099609375,9.394758462905884,-0.015163892,3.37174391746521,100,5.76180100440979,67,0.07318496704101562,142.35836084975057,175.80118972396852,5.3699891289736215,154.08169764441172,9.846635341644287,680000
703.9111564159393,-0.0013470948,278.5430808499798,0.38341546058654785,9.442170858383179,0.005625708,3.4227116107940674,100,5.755183696746826,68,0.1157379150390625,139.29785267877722,171.2739622770281,5.250775441640226,154.0773922951087,9.941540956497192,690000
713.9105865955353,0.0063164793,280.0200026776964,0.45025205612182617,9.430878639221191,0.013329224,3.4124326705932617,100,5.7704017162323,69,0.10191988945007324,142.69781883429698,172.61047004539788,5.149038668645413,154.6859036167724,9.983261585235596,700000
723.70747590065,-0.011215942,276.2541767387149,0.3475637435913086,9.36185622215271,-0.009175879,3.4501845836639404,100,5.666187763214111,70,0.06896066665649414,139.67712272190818,169.756638164885,5.800019044832843,153.1278878494966,9.77859091758728,710000
733.8054976463318,-0.009213923,278.6987700975938,0.3302006721496582,9.672624349594116,-0.00155065,3.445158004760742,100,5.9550158977508545,71,0.07448863983154297,140.04195620142627,178.81772563436343,5.374281246413173,154.29388348008385,10.077541828155518,720000
743.6036865711212,0.020742781,279.32178110910496,0.32404279708862305,9.418074369430542,0.027388025,3.422076463699341,100,5.749735116958618,72,0.037863969802856445,134.89067333281517,171.25010776281368,5.1891407434310395,154.5411359489521,9.780216932296753,730000
753.5177526473999,0.008861804,280.17762482191443,0.32175731658935547,9.507915258407593,0.014674634,3.358487844467163,100,5.9023261070251465,73,0.06479668617248535,142.99150337169505,175.10354125575245,5.140356672622103,154.80335179058153,9.894704103469849,740000
763.6988205909729,0.0045100707,279.53536482063816,0.41072773933410645,9.615403890609741,0.011002002,3.4094011783599854,100,5.923377752304077,74,0.13483667373657227,139.63987884945956,173.1839510765505,5.346252796285936,154.65478957693742,10.161224842071533,750000
773.8155844211578,0.0016992188,277.749228334505,0.3799605369567871,9.65225863456726,0.0062876465,3.3670835494995117,100,6.028302431106567,75,0.06505489349365234,142.64875898069005,170.03344576889458,4.132679263282212,153.86041989634995,10.097484588623047,760000
783.8749866485596,-0.007931936,279.61970892485357,0.31213974952697754,9.664231538772583,-0.0041191843,3.5067121982574463,100,5.908443212509155,76,0.06413388252258301,142.32798970447251,174.35663881797637,5.302425848807095,154.7093970965036,10.040708303451538,770000
793.7118422985077,0.011017383,279.70666785969826,0.294661283493042,9.42162275314331,0.017348096,3.354051351547241,100,5.821170330047607,77,0.10136961936950684,143.58475924249694,177.8311491367926,5.731382076456455,154.71890862685518,9.817873239517212,780000
802.7482714653015,0.013819898,279.5177613308404,0.28344106674194336,8.679862976074219,0.020592213,3.23919677734375,100,5.203443288803101,78,0.05493521690368652,140.73523880735897,177.01718952863362,5.980922226551211,154.60838389198315,9.018463850021362,790000
811.7705948352814,-0.013585229,285.2906810234343,0.2804548740386963,8.656443119049072,-0.0054926756,3.2353646755218506,100,5.171721935272217,79,0.06648540496826172,142.8199871762854,181.8756769571632,7.684487439982172,156.9695244206522,9.003617763519287,800000
821.0491855144501,0.0049404786,282.59540495328434,0.2888069152832031,8.868178129196167,0.011245202,3.244678258895874,100,5.381886959075928,80,0.10390019416809082,143.68990046540915,178.22627052206053,7.180858429337904,155.94885696619147,9.26109504699707,810000
829.5794794559479,0.0049280883,284.0332394885026,0.267803430557251,8.182678937911987,0.017802771,3.0837953090667725,100,4.872701406478882,81,0.0621953010559082,143.9993805247107,181.16474304590736,7.304566660982808,156.56744343160273,8.512895107269287,820000
837.9975893497467,-0.04386221,282.4911538314624,0.24332332611083984,8.062689304351807,-0.029439112,3.0465853214263916,100,4.795714616775513,82,0.09601902961730957,139.33803012462826,178.863930413515,7.190170264859253,155.99749264725656,8.402225017547607,830000
846.4185454845428,-0.008239722,281.76695142897154,0.2693333625793457,8.052870035171509,0.008133179,3.0601933002471924,100,4.766538619995117,83,0.0821678638458252,133.8323982963771,178.10933939715738,6.886320123063845,155.65685108465715,8.404606342315674,840000
854.929447889328,-0.022640854,282.0475059333583,0.2684495449066162,8.18020486831665,-0.016081788,3.1266376972198486,100,4.821274757385254,84,0.044867753982543945,134.37062641891168,178.93399903205136,7.9683758174932855,155.65438300771783,8.49373722076416,850000
863.3122370243073,-0.0046613207,283.77219529200835,0.25411343574523926,8.045322179794312,0.0038521981,3.028552532196045,100,4.789116859436035,85,0.0659029483795166,132.26654370923498,180.53086942226054,7.915518180841576,156.3626009744834,8.365563154220581,860000
871.8147540092468,-0.015360132,283.430195143516,0.2769622802734375,8.147847175598145,-0.012028467,3.0770413875579834,100,4.847876071929932,86,0.06328010559082031,140.37377436766593,181.56224565759467,7.822100749660962,156.31008941068552,8.48829197883606,870000
880.0284419059753,-0.009208631,282.4919547723967,0.2638719081878662,7.872065544128418,-0.0045158262,3.0125484466552734,100,4.634715795516968,87,0.05971050262451172,138.01656418874606,177.66432048862734,6.7074271534738585,155.84636712436432,8.19590425491333,880000
888.332225561142,-0.010436182,282.35061289208005,0.26895713806152344,7.9822165966033936,0.004333191,3.1155436038970947,100,4.644530773162842,88,0.03647756576538086,141.09930567108088,183.02259418394976,7.729515709668309,156.05091448518772,8.287957906723022,890000
896.9714848995209,0.001533606,284.8832383592346,0.30144739151000977,8.222312688827515,0.011812939,3.1430206298828125,100,4.836564540863037,89,0.09912538528442383,134.78257175768587,177.92059843378928,8.292761152828646,156.9750982490812,8.623330116271973,900000
905.5202815532684,-0.023039551,283.8508732180602,0.41559481620788574,8.052397012710571,-0.0152688725,3.126203775405884,100,4.6969544887542725,90,0.06406354904174805,133.31069896781673,180.30962335929723,7.4850039308254495,156.6217307088557,8.532315731048584,910000
914.1415948867798,-0.01339834,285.07296010926507,0.34597086906433105,8.17947506904602,0.0061317687,3.154258966445923,100,4.785076141357422,91,0.07286596298217773,140.0245382706259,183.5852298400819,8.150332507990152,157.27163922097054,8.59877634048462,920000
922.756716966629,-0.0637063,284.7820830181666,0.2643439769744873,8.23749303817749,8.125e-05,3.1511216163635254,100,4.848966360092163,92,0.09514045715332031,143.45087664897673,179.2923378416133,6.770570423043229,157.06050491033682,8.597808361053467,930000
931.4430725574493,-0.05095455,284.64935490946135,0.29222607612609863,8.277100086212158,-0.011999121,3.1667020320892334,100,4.867429733276367,93,0.10136795043945312,135.19653474257112,180.28463369746123,8.23523079210395,157.00320538702144,8.670953512191772,940000
939.9835584163666,-0.0139534,283.420889098436,0.2523171901702881,8.203769445419312,0.0016229248,3.1298935413360596,100,4.833765268325806,94,0.06835412979125977,137.80606429360736,182.0845813535492,8.51899662899031,156.38910699184166,8.524655818939209,950000
948.5003659725189,-0.01555581,284.4759620909144,0.264301061630249,8.164647579193115,-0.011033374,3.144371747970581,100,4.786666631698608,95,0.07039999961853027,133.49614445887377,182.66805834162417,7.499301053026765,156.98816655341113,8.49959683418274,960000
957.0135886669159,-0.0066501345,283.7714896112981,0.2775874137878418,8.179530620574951,0.0014786011,3.1370937824249268,100,4.800098896026611,96,0.0391848087310791,123.64682207961596,178.98588896339947,8.500910867220881,156.68887125691631,8.49655532836914,970000
965.5806658267975,-0.009134546,287.17383219326973,0.25026845932006836,8.232020854949951,0.015609058,3.1651716232299805,100,4.829581022262573,97,0.06779336929321289,109.6502854667245,183.51937511462725,10.227220048697538,158.06153165958816,8.55031704902649,980000
974.1816251277924,-0.019432714,284.297910782999,0.2648193836212158,8.245474815368652,0.0002820801,3.188394546508789,100,4.820543527603149,98,0.07325506210327148,122.80071117004248,182.66392796359844,8.478263122297736,157.02531895286745,8.583786487579346,990000
982.7740018367767,-0.023502942,285.12765287284896,0.27178025245666504,8.257033824920654,-0.0076700198,3.159308433532715,100,4.8378942012786865,99,0.047589778900146484,113.39686824691512,184.66503914461518,11.112286474678411,157.35342695694845,8.576629400253296,1000000
991.2435209751129,-0.004271469,286.9040817126624,0.24286365509033203,8.13349986076355,7.9292295e-05,3.155334711074829,100,4.741343975067139,100,0.0754404067993164,136.80354281242984,183.8911936023037,8.827398497597544,158.0980819309209,8.452066659927368,1010000
999.7381269931793,-0.0029680976,278.2198690176306,0.2680175304412842,8.169703483581543,0.0012013946,3.1645665168762207,100,4.768243789672852,101,0.039147138595581055,104.71782517421073,181.7176159520049,12.096213727604749,154.33302329717364,8.477121591567993,1020000
1008.4750883579254,0.011267529,286.399846933337,0.32135844230651855,8.322883605957031,0.0152500365,3.172793388366699,100,4.903670072555542,102,0.0745394229888916,116.60057070246364,184.36024115653316,11.5640139862429,157.9340383688065,8.719683647155762,1030000
1017.0604927539825,-0.041428223,285.637232922855,0.2781088352203369,8.24884557723999,-0.027332373,3.1837105751037598,100,4.826037168502808,103,0.04039907455444336,93.4108322098361,185.31600013862408,13.326223475878102,157.59108278197508,8.5676748752594,1040000
1025.5288145542145,0.0036033408,284.9500349987924,0.2665379047393799,8.127682447433472,0.009800056,3.170175790786743,100,4.712550401687622,104,0.05668997764587402,126.30968256266434,183.1034137352049,10.655898425367438,157.11282338041252,8.451302528381348,1050000
1034.0569126605988,-0.03083454,281.90482099515634,0.2667124271392822,8.196295738220215,-0.021145612,3.1535980701446533,100,4.8113486766815186,105,0.045946598052978516,96.53761278367705,180.16565261564935,13.878915945659541,155.84450097343301,8.509207963943481,1060000
1042.5925977230072,-0.007395508,285.3214409557706,0.26328587532043457,8.198404788970947,-0.0020566161,3.154613971710205,100,4.807735919952393,106,0.05621600151062012,97.00187962735336,182.89092422212238,13.557025502349209,157.44793686810237,8.518314361572266,1070000
1051.2440707683563,-0.017800774,286.23014796680235,0.25022339820861816,8.314608335494995,-0.007530606,3.1671876907348633,100,4.90668797492981,107,0.06948018074035645,122.69777089050136,182.60826500417477,10.394776619836673,157.85655632974,8.63454556465149,1080000
1059.6425611972809,-0.020415127,281.50099097234596,0.2722024917602539,8.053067922592163,-0.011019709,3.127006769180298,100,4.691772699356079,108,0.057726383209228516,107.27404711807627,183.01870307710337,12.717590387849429,155.6516731557739,8.383271932601929,1090000
1068.154290676117,-0.010920166,286.9782640401368,0.25780463218688965,8.191750526428223,-0.0020743043,3.143275260925293,100,4.806388854980469,109,0.04369497299194336,123.83465844106134,182.04097696593917,9.017409680381157,158.27818433271486,8.49354100227356,1100000
1076.6196846961975,0.0058338623,284.7047163196887,0.2598896026611328,8.135016202926636,0.011554541,3.179666042327881,100,4.717060565948486,110,0.05194377899169922,93.17046571128785,180.03245515587724,11.97377797210891,157.2911668400365,8.447356700897217,1110000
1085.1696219444275,-0.0124961,290.3775964126631,0.2700316905975342,8.220622777938843,-0.0046195555,3.189946413040161,100,4.790966510772705,111,0.041547298431396484,144.44570849825658,184.69158546023436,9.053687121354391,159.67497156346315,8.532448053359985,1120000
1093.6683385372162,0.0011564209,290.600519308106,0.2654752731323242,8.174060344696045,0.014096509,3.1517844200134277,100,4.788367986679077,112,0.04122591018676758,140.0922986102996,183.22858409675922,10.218079276209851,159.77728122341546,8.481155157089233,1130000
1102.4532833099365,0.0037466309,288.0829695753941,0.393812894821167,8.328304290771484,0.0062182313,3.213674306869507,100,4.875441074371338,113,0.04334592819213867,133.1129241250052,185.206775776826,9.457268018744461,158.7471082602917,8.765851259231567,1140000
1110.9726300239563,-0.015539819,292.2883092707059,0.3027617931365967,8.129410743713379,-0.011174707,3.1453304290771484,100,4.74946141242981,114,0.06843018531799316,135.9502330479652,182.03982242602663,9.301055795181552,160.50766454643863,8.501828670501709,1150000
1119.7824482917786,-0.018766431,289.1939663682573,0.41403675079345703,8.309460639953613,-0.012692163,3.20491623878479,100,4.866419076919556,115,0.06871819496154785,138.74178825733892,181.04592214047884,8.564024904027969,159.30566645069422,8.792470932006836,1160000
1128.3063519001007,-0.010939502,287.8179271047726,0.2770078182220459,8.160571098327637,-0.007863257,3.181440591812134,100,4.726250410079956,116,0.06648778915405273,126.38450940157584,181.40718489740314,10.412570901996155,158.68722419408448,8.504449367523193,1170000
1136.8748934268951,-0.015408989,291.4782660019223,0.2557392120361328,8.18710708618164,-0.010678064,3.149585247039795,100,4.799209833145142,117,0.10844588279724121,105.93406853304046,182.65341339758479,12.063864465390605,160.2714740303353,8.551524639129639,1180000
1145.4063639640808,-0.02759475,293.51266782612356,0.26416563987731934,8.212305068969727,-0.00043547363,3.143071413040161,100,4.819658041000366,118,0.037770748138427734,67.34088382057857,183.2618081498706,16.021671095936817,160.829522547997,8.51449179649353,1190000
1153.8945198059082,0.0027243164,296.12896246432456,0.27783870697021484,8.153585433959961,0.0144656,3.165935754776001,100,4.754626750946045,119,0.03895425796508789,140.2521453901331,183.0285285808768,10.258697497255199,162.39306331851085,8.47063422203064,1200000
1162.4955401420593,-0.007506482,300.11081558382745,0.2566540241241455,8.239322185516357,0.0075571043,3.153780221939087,100,4.850312232971191,120,0.08772778511047363,63.62650349381593,189.15440155448246,17.730840023982864,163.7462958567753,8.583922624588013,1210000
1171.030724287033,-0.019673206,288.4548954485166,0.25343871116638184,8.193819761276245,-0.00019207764,3.1350765228271484,100,4.818897247314453,121,0.06502366065979004,64.69117861749969,203.83042133188005,25.15971919320686,157.45324538175115,8.518580675125122,1220000
1179.6518189907074,-0.03051842,300.6926130501526,0.2626936435699463,8.277777194976807,-0.015038147,3.171900987625122,100,4.867197036743164,122,0.062273502349853516,103.65233184623418,196.5837439906694,18.543635167920783,163.8449690633441,8.603147983551025,1230000
1188.1260678768158,-0.021913458,306.21004286629625,0.27278923988342285,8.139082193374634,-0.012121582,3.143432378768921,100,4.752550363540649,123,0.04548382759094238,85.00397695940883,191.08584288547243,13.610848884178312,166.6401713938975,8.45756459236145,1240000
1196.8727312088013,-0.012433252,305.5045728762697,0.27270984649658203,8.41587209701538,-0.00043813477,3.16300106048584,100,5.015055418014526,124,0.039502620697021484,70.94469637851793,191.9448192532152,14.529922155387954,166.45522518046667,8.728428602218628,1250000
1205.3904721736908,-0.029369172,311.85927364118373,0.265671968460083,8.184043169021606,-0.013155292,3.109201431274414,100,4.840303421020508,125,0.04842090606689453,89.02795691052759,193.49917383406677,13.240816912620183,169.0482419998978,8.498377084732056,1260000
1213.854192495346,-0.021724854,320.8800980441,0.25279831886291504,8.121358156204224,0.017549744,3.1064534187316895,100,4.77669358253479,126,0.07036280632019043,121.05894234067057,197.86837446436368,13.85599210044904,172.65468532277671,8.44603443145752,1270000
1222.4030666351318,-0.04380735,272.9054058097022,0.2519402503967285,8.204593658447266,-0.0037567262,3.1412410736083984,100,4.828155040740967,127,0.07448983192443848,45.232690709304094,201.97245011358888,37.39711531840001,149.3290125306182,8.531292915344238,1280000
1230.9706122875214,-0.021237792,194.83856977941,0.27954649925231934,8.228918075561523,-0.011934106,3.1459643840789795,100,4.836759328842163,128,0.04221487045288086,21.440388384455375,174.81974951171873,30.355926308445902,115.79726586791585,8.551087856292725,1290000
1239.4838213920593,-0.026419265,207.41762394740726,0.24492573738098145,8.17398190498352,-0.008993039,3.1949827671051025,100,4.730139970779419,129,0.07711124420166016,64.86278371986697,172.15262786046006,23.954933707537524,121.53012330694537,8.496249675750732,1300000
1248.0379846096039,-0.041186422,288.49668093091344,0.2569918632507324,8.210500717163086,-0.028035864,3.1356189250946045,100,4.836845397949219,130,0.07024574279785156,55.934296461890746,195.672168885029,22.819749141274162,157.40331503519536,8.537988662719727,1310000
1256.5236694812775,-0.017115343,305.0090162773068,0.36493825912475586,8.059086084365845,-0.0029459961,3.1067755222320557,100,4.710104465484619,131,0.044647216796875,118.04118719867827,191.68112295975496,12.610869223110159,166.0679274897865,8.469048976898193,1320000
1265.2652559280396,-0.019839503,292.7577759342664,0.25345611572265625,8.420475482940674,0.0008307861,3.1875531673431396,100,4.9905009269714355,132,0.04715323448181152,142.41646201683358,185.81272104184038,10.048709056325967,161.13362496645036,8.721461057662964,1330000
1273.6623775959015,-0.009992908,284.9813997645634,0.26191234588623047,8.046681880950928,-0.0025358521,3.0781774520874023,100,4.720930576324463,133,0.0717313289642334,142.03075281705225,178.8924355736507,9.204086921068443,157.64137045243496,8.380594968795776,1340000
1282.1059257984161,-0.00828606,283.1522747622247,0.2833101749420166,8.10161542892456,0.0034085938,3.0875110626220703,100,4.785486936569214,134,0.04021000862121582,142.06424516086992,176.06572883465068,7.823483483605944,156.7374886003655,8.425611972808838,1350000
1290.5097861289978,0.013913525,277.4577382706016,0.25666093826293945,8.069791793823242,0.02204115,3.124056577682495,100,4.71540379524231,135,0.06019139289855957,140.10828536169785,173.96724603449303,6.955886449812765,154.19904948357163,8.38703179359436,1360000
1298.9548003673553,0.0124909915,278.561491450428,0.28345370292663574,8.103668212890625,0.014847351,3.135420322418213,100,4.72016453742981,136,0.0383298397064209,138.87188544593587,176.0353225721873,7.0996464327841675,154.69765127658692,8.425692796707153,1370000
1307.3130300045013,-0.007879114,283.2193834991696,0.27052998542785645,8.011407852172852,0.0006135925,3.116814374923706,100,4.665787696838379,137,0.060645341873168945,139.64818661888629,182.37618183572656,7.793112662547442,156.57197974142372,8.34282636642456,1380000
1315.6823530197144,-0.022560336,283.94066005189563,0.2654082775115967,8.048228979110718,-0.0136724,3.1376097202301025,100,4.676830530166626,138,0.03912162780761719,142.43611988367672,178.25783727198856,7.059602199548611,156.9253349820137,8.353097438812256,1390000
1324.1661825180054,-0.01389137,284.90279260864565,0.2519352436065674,8.15604305267334,-0.003772815,3.124443769454956,100,4.796710968017578,139,0.05816149711608887,140.13867999699752,173.78844530835997,6.651663397690535,157.2584557707597,8.466540575027466,1400000
1332.7753067016602,-0.025317391,284.3381761850137,0.3686177730560303,8.083667755126953,-0.01450983,3.1507561206817627,100,4.701816558837891,140,0.13984346389770508,141.15221249017407,183.60131017813666,6.693992334880529,156.98487631628433,8.592346429824829,1410000
1341.533512353897,-0.03524519,284.98626971403775,0.26675844192504883,8.412376642227173,-0.027262025,3.1697146892547607,100,4.996678113937378,141,0.0598297119140625,140.1307017987442,176.47862792497193,6.6994311568309515,157.4565312884644,8.739375829696655,1420000
1350.0060920715332,-0.016329505,289.4925363895545,0.2630503177642822,8.122788667678833,0.0060671144,3.1471338272094727,100,4.738346576690674,142,0.06974387168884277,84.59419233840997,184.9981168745631,11.716859267239169,159.31413188303796,8.455809593200684,1430000
1358.621743440628,-0.03300266,299.20696705252897,0.2584648132324219,8.247370719909668,-0.007916003,3.1682920455932617,100,4.844801187515259,143,0.09142923355102539,144.5702006679746,183.92015273617653,10.134976249305002,163.66335686148577,8.597487926483154,1440000
1367.1349771022797,0.014269128,303.2049032927933,0.27172112464904785,8.176476001739502,0.022678021,3.137009620666504,100,4.791725397109985,144,0.04309582710266113,122.69640179750904,187.31616260854312,10.756897503389366,165.54662591048063,8.491575002670288,1450000
1375.6646611690521,-0.03710896,317.75068937754355,0.2673053741455078,8.180111169815063,-0.023855139,3.1141507625579834,100,4.828815460205078,145,0.06634640693664551,127.02224088102622,200.69874773702458,13.1481668313785,171.6200270986857,8.514005184173584,1460000
1384.15842294693,-0.026014004,317.0421705297864,0.2655313014984131,8.17002248764038,-0.021535639,3.059208869934082,100,4.871124029159546,146,0.040163516998291016,50.59514062921156,202.64124109128997,20.484240309029587,170.59996890521654,8.476107358932495,1470000
1392.6218655109406,-0.054810338,308.6340508144814,0.26014089584350586,8.145517349243164,-0.034977406,3.15132737159729,100,4.758267641067505,147,0.03963589668273926,105.89638406331278,199.95743635712034,22.139890510291576,166.3482588089406,8.445541858673096,1480000
1401.0046503543854,-0.024935389,319.151708051865,0.27318644523620605,8.052276849746704,-0.011272461,3.0669748783111572,100,4.749779462814331,148,0.04109358787536621,124.24358013211811,204.85446561463849,16.198475692619013,171.26279384947776,8.366947650909424,1490000
1409.7478811740875,-0.008526111,319.92177647166324,0.28561925888061523,8.3722505569458,-0.0050178342,3.199972629547119,100,4.930577039718628,149,0.06549334526062012,155.46403855622012,196.17751158534682,9.35861225081344,172.97755221975214,8.72373366355896,1500000
1418.1328175067902,-0.012692676,315.81577362927413,0.27645039558410645,8.02159309387207,-0.001408667,3.0810093879699707,100,4.706140995025635,150,0.06937384605407715,136.20150574179073,200.04658663053846,10.936310600218947,171.14547373276503,8.367661714553833,1510000
1426.7532427310944,-0.030184448,322.3002138005333,0.2496805191040039,8.27588677406311,0.011777887,3.1454436779022217,100,4.8913915157318115,151,0.07715034484863281,145.13321337270406,195.5556989823875,10.610916081126566,173.8588701078661,8.602965831756592,1520000
1435.2402851581573,-0.13614646,328.49933422752724,0.2557063102722168,8.145876407623291,0.0073392424,3.1267144680023193,100,4.778514623641968,152,0.06793689727783203,136.88081073658776,197.8198731542033,13.418103743566492,175.5265353800526,8.46974492073059,1530000
1443.6900544166565,-0.06448705,327.3569061251986,0.2597651481628418,8.127257585525513,-0.013928669,3.099869728088379,100,4.784456729888916,153,0.045649051666259766,142.13880095285796,197.01166817325395,12.583380540565726,175.4693336004422,8.432933330535889,1540000
1452.2360215187073,-0.0056206114,262.073244665977,0.2526676654815674,8.210267305374146,0.0063890684,3.159770965576172,100,4.813199996948242,154,0.0661001205444336,85.17048811869492,171.59272816996315,13.897380900385315,145.38483846619692,8.52926230430603,1550000
1460.7653970718384,-0.019150995,275.412266163366,0.2767174243927002,8.197235822677612,-0.010565147,3.1790030002593994,100,4.781904458999634,155,0.03575301170349121,117.00150576378249,169.76179344008017,12.382305363457432,150.12263526025293,8.510075569152832,1560000
1469.2896347045898,0.0022309937,278.9388796562075,0.2678952217102051,8.199431419372559,0.01746283,3.1600685119628906,100,4.794439077377319,156,0.0372772216796875,118.68267557828487,167.6428889579302,11.987964175369763,151.30359908282063,8.505016803741455,1570000
1478.0216960906982,-0.031235961,278.12665500608546,0.28884029388427734,8.377407312393188,-0.01842798,3.219515085220337,100,4.917105197906494,157,0.0474853515625,116.64192885917934,169.2926240145987,12.70106094380791,150.95696986421706,8.714030265808105,1580000
1486.606244802475,-0.02865874,280.1792282212145,0.2833518981933594,8.198162078857422,-0.020468738,3.1776621341705322,100,4.785494565963745,158,0.08113265037536621,110.05789079427885,170.9240677407435,10.70917971794872,151.78798470862498,8.566898822784424,1590000
