train-StdReturn,train-AverageDiscountedReturn,train-AverageReturn,Time-Optimization,Itr,train-MaxReturn,n_timesteps,Time-SampleProc,LossBefore,train-PolicyExecTime,Time-Sampling,train-EnvExecTime,train-NumTrajs,train-MinReturn,Time,ItrTime,LossAfter
38.695023709379235,-90.81419206933799,-51.527617012756835,1.0990619659423828,0,48.56485989080248,10000,0.08260631561279297,0.058253475,13.13915729522705,16.4110209941864,2.9577105045318604,100,-203.73147685875247,17.593040704727173,17.593035459518433,0.023361621
35.951815215385516,-75.02881243257222,-42.442992436275965,0.6287436485290527,1,38.839212003681354,20000,0.15183496475219727,0.067610495,11.485625743865967,14.55209469795227,2.777494192123413,100,-135.98221007428594,32.98281955718994,15.332913160324097,0.040904503
33.38256322411398,-71.72251000873698,-40.519255542807265,0.5333766937255859,2,40.59982164613988,30000,0.16623377799987793,0.07616474,12.949628591537476,16.16985821723938,2.9208953380584717,100,-119.17682112193887,49.874908447265625,16.869725227355957,0.04563632
34.3022931499661,-68.70760076283881,-38.88056531357959,0.756277322769165,3,38.716465089514074,40000,0.1251368522644043,0.057546303,10.792036533355713,13.747791767120361,2.6671690940856934,100,-137.83260949038007,64.53791308403015,14.629436016082764,0.03253406
36.02548892288365,-58.32939039636066,-34.19121863356968,0.4983227252960205,4,48.767574682283005,50000,0.1487433910369873,0.050211653,13.875133514404297,17.148037672042847,2.930449962615967,100,-128.4696147782088,82.42849230766296,17.79721689224243,0.0248299
32.55867499120599,-41.37653726695355,-23.914532909345503,0.49512505531311035,5,45.68114952560762,60000,0.12272262573242188,0.05733432,13.96089243888855,17.068668842315674,2.7919063568115234,100,-102.33691418607745,100.14726901054382,17.686795234680176,0.031032281
34.27833943093888,-43.6320238199173,-25.387990183398855,0.5536227226257324,6,48.21389466961372,70000,0.09013986587524414,0.052248675,11.412951707839966,14.482181072235107,2.7461185455322266,100,-137.16660150495125,115.29515957832336,15.126181364059448,0.024795178
33.78764784558439,-42.62818516475344,-24.44357073112318,0.6836874485015869,7,37.5954861971129,80000,0.27002692222595215,0.050030153,12.484960079193115,15.798232555389404,2.979494333267212,100,-137.86432630254174,132.0712535381317,16.752162218093872,0.02251281
30.01223724851941,-44.81375285878837,-23.697925883619952,0.6168642044067383,8,69.8649897672824,90000,0.10566568374633789,0.062931955,12.463284492492676,15.619307279586792,2.812605381011963,100,-102.59661988195175,148.43993401527405,16.34231209754944,0.040940806
33.96071135671447,-30.947661954035166,-16.378544205548362,0.5155937671661377,9,59.14480937822145,100000,0.09838747978210449,0.08024464,14.021358728408813,17.405662298202515,3.0593206882476807,100,-109.16430804132496,166.48304963111877,18.019867658615112,0.054217707
33.39580120557262,-41.00185173785918,-22.517353231687068,0.5615999698638916,10,61.11533920067015,110000,0.12044477462768555,0.049454797,11.172556161880493,14.306687116622925,2.8457415103912354,100,-147.19629969056626,181.49108028411865,14.988976001739502,0.018731635
31.87265248146272,-33.057627856115325,-19.335200220140617,0.6359679698944092,11,44.17684543761651,120000,0.18449640274047852,0.0623566,14.167733907699585,17.413398265838623,2.942643642425537,100,-119.14126772954874,199.7467906475067,18.234148740768433,0.034475323
37.57675194918461,-26.538322677093355,-15.261262842657377,0.5559477806091309,12,90.79893429367353,130000,0.039759159088134766,0.074224904,12.281370639801025,15.431451559066772,2.8682804107666016,100,-160.19195021239472,215.79398036003113,16.02737593650818,0.047321167
33.840783854907215,-24.043756888195134,-13.010092814009687,0.5298476219177246,13,59.94673265029692,140000,0.14045000076293945,0.060898017,14.049739360809326,17.501127243041992,3.1143901348114014,100,-125.58874514646176,234.00052118301392,18.186469554901123,0.029586706
32.58382435858711,-28.302283703148127,-16.987393564071496,0.5239694118499756,14,48.840223459792774,150000,0.08264303207397461,0.05598838,11.584001779556274,14.706522464752197,2.8492720127105713,100,-125.23682917786786,249.34727311134338,15.313418626785278,0.026563091
42.598827358433326,-41.244869391558524,-24.447945425940084,0.5481510162353516,15,74.927297541451,160000,0.14568090438842773,0.056234717,10.256572961807251,13.334198713302612,2.7730510234832764,100,-158.01576515591796,263.4006543159485,14.028256177902222,0.028049203
40.03941243929851,-35.91652218970073,-20.738810295883003,0.584470272064209,16,86.2648832973168,170000,0.10787534713745117,0.047933463,14.425428628921509,17.72319006919861,2.9923133850097656,100,-139.7226969762162,281.85065269470215,18.417187213897705,0.018158661
35.579691918294124,-27.980367340561934,-16.177744457912464,0.5820879936218262,17,94.47980278315643,180000,0.1186070442199707,0.07252208,11.96600866317749,15.098047018051147,2.843538522720337,100,-106.50269475721774,297.6708610057831,15.799022912979126,0.047142208
38.38482583798104,-41.990124456999595,-24.943863502834066,0.6297054290771484,18,69.81014839341647,190000,0.12316632270812988,0.057525337,12.371917724609375,15.50511884689331,2.8423478603363037,100,-153.15096715963017,313.9507694244385,16.258498668670654,0.027254937
36.24715496602128,-35.66524619042702,-20.46729569871192,0.7325718402862549,19,58.67727527489081,200000,0.11110448837280273,0.069881774,11.164514064788818,14.261969089508057,2.8014516830444336,100,-121.92854223097929,329.09609603881836,15.10592532157898,0.04412081
38.69601700454587,-27.87564754947659,-16.98106681544558,0.6622254848480225,20,83.13823063327548,210000,0.15096807479858398,0.06717587,10.880232334136963,13.742385387420654,2.589329481124878,100,-114.54107239860382,343.70355796813965,14.555805683135986,0.03957737
38.138037955699716,-23.754062758731276,-14.946541870359265,0.5872430801391602,21,79.03902045686364,220000,0.10052299499511719,0.05855175,13.459375381469727,16.701412200927734,2.9553415775299072,100,-148.55550272476916,361.13254714012146,17.389660358428955,0.028019378
29.87418793001067,-38.39016862753901,-21.828791390506765,0.5887212753295898,22,45.71002020246055,230000,0.07364821434020996,0.061610248,14.202046155929565,17.497262716293335,3.005290985107422,100,-94.6462087344273,379.3126358985901,18.159890174865723,0.03139677
29.393002669260095,-29.52541026472471,-18.228791813047447,0.6328206062316895,23,57.271672374045586,240000,0.08832073211669922,0.067462854,12.541919469833374,15.717102527618408,2.833665609359741,100,-120.48464069709797,395.7830262184143,16.43848943710327,0.04011108
31.89269121610066,-31.123978348046506,-19.31340938672134,0.5966224670410156,24,52.4196953815658,250000,0.1398453712463379,0.05552921,10.7764151096344,13.763300657272339,2.6820249557495117,100,-110.74761763424281,410.30478596687317,14.5016930103302,0.024395663
31.247819626174085,-27.310312281383112,-16.175707830922683,0.4776802062988281,25,57.36662669487145,260000,0.12687110900878906,0.068281226,11.846842765808105,15.108951807022095,2.9552977085113525,100,-88.95098934694569,426.03907084465027,15.713735103607178,0.042393465
32.54899334670047,-34.6064452305532,-20.38982903306454,0.6206676959991455,26,92.8415279962741,270000,0.13243865966796875,0.06896442,14.244006395339966,17.492115020751953,2.887979745864868,100,-121.78605087648658,444.31466937065125,18.24568247795105,0.041626286
30.240700666741656,-31.66428724011579,-17.475406169928323,0.5044054985046387,27,42.65994148866638,280000,0.1251077651977539,0.054184698,12.552931547164917,15.76594352722168,2.882906913757324,100,-134.86039870736835,460.73597836494446,16.39570951461792,0.025857251
35.71617696116568,-35.28152783579243,-21.623680868466053,0.6197290420532227,28,45.81989119496328,290000,0.12430548667907715,0.06153819,12.497106552124023,15.780618906021118,2.9457218647003174,100,-127.38949871495194,477.28113198280334,16.524879693984985,0.028337289
35.39267413624179,-33.219607374571986,-20.036359212200693,0.5993809700012207,29,61.97104148419293,300000,0.14570903778076172,0.055454295,13.685899257659912,16.91686511039734,2.8977484703063965,100,-133.66039024533515,494.9843645095825,17.66234588623047,0.026354602
31.70500863969555,-25.941380799883422,-13.769891879203621,0.5616343021392822,30,62.50603754764737,310000,0.13315224647521973,0.07206222,11.836634159088135,15.105931043624878,2.9772584438323975,100,-104.34196186098217,510.81698751449585,15.800949811935425,0.04549529
32.012069817921706,-37.90051276406138,-20.70876646403177,0.5340025424957275,31,48.72376893532351,320000,0.16475820541381836,0.055724096,10.805610656738281,13.71528959274292,2.632331609725952,100,-117.76679620554862,525.2565743923187,14.416970014572144,0.029250182
28.03293355270924,-29.31684674598448,-15.742168825105939,0.46808838844299316,32,47.05838121889544,330000,0.09755325317382812,0.064881586,10.126680850982666,13.09658432006836,2.687803030014038,100,-86.64180620054168,538.9471306800842,13.662459135055542,0.036270183
34.0508611732625,-34.72478888513032,-19.78855071616035,0.7273011207580566,33,67.30374017489545,340000,0.13969659805297852,0.058599327,10.541624784469604,13.681785583496094,2.8253610134124756,100,-116.62878139405242,553.5157942771912,14.549016237258911,0.032613568
30.873278001375397,-36.51970249919785,-20.22177730469564,0.5456142425537109,34,55.74532945212701,350000,0.1214754581451416,0.07121147,11.546552658081055,14.605520963668823,2.784125804901123,100,-109.24491251408347,568.8185465335846,15.272856712341309,0.0443105
27.93704384971287,-32.95300046320696,-20.15217268598572,0.5551886558532715,35,38.87922186724806,360000,0.10343027114868164,0.065657675,11.63221788406372,14.660091161727905,2.7320659160614014,100,-94.46758976868729,584.167224407196,15.318939208984375,0.040152818
30.50180599958187,-30.331642303640095,-18.147335813245046,0.6377437114715576,36,65.79874676602817,370000,0.09887886047363281,0.059084773,10.861455202102661,13.778798818588257,2.6414105892181396,100,-90.92457896555327,598.7229850292206,14.515668630599976,0.033389
34.18808674573331,-44.512501294612264,-25.135876161095744,0.6177239418029785,37,45.168847483531486,380000,0.14034461975097656,0.049569637,12.632416009902954,15.652610540390015,2.7375450134277344,100,-161.3337399012638,615.1544499397278,16.410921812057495,0.017467836
29.067317801668445,-42.015125211173014,-23.8268782523956,0.5371484756469727,38,53.44147706585945,390000,0.14257359504699707,0.061378993,13.010739088058472,16.20308017730713,2.9123103618621826,100,-104.72887917074695,632.0765144824982,16.885393619537354,0.03167138
36.609045347087836,-37.17063797187754,-20.476913571848954,0.6571242809295654,39,54.241178172118026,400000,0.12464785575866699,0.06334175,11.815328359603882,14.937354564666748,2.837428331375122,100,-135.6933633704912,647.8152120113373,15.719361782073975,0.03467898
28.85067569992544,-27.28518137718693,-14.41087988843326,0.5365614891052246,40,67.22655844458465,410000,0.1330115795135498,0.06839762,13.976999759674072,17.329469680786133,3.0174167156219482,100,-101.01010745022408,665.8495314121246,17.999746322631836,0.039840482
34.154807459476416,-34.79501318109813,-19.64442450883074,0.5675525665283203,41,53.163939942394414,420000,0.14951777458190918,0.06077965,12.307023286819458,15.384284973144531,2.7857067584991455,100,-123.19126703485921,681.9782960414886,16.10159158706665,0.03208515
33.250365676799696,-26.42128219815982,-16.21869451390679,0.712791919708252,42,51.57536115382298,430000,0.11313748359680176,0.058949847,10.407381772994995,13.408060789108276,2.6935324668884277,100,-138.06121262640968,696.248589515686,14.234236717224121,0.028721917
29.610923977368664,-28.450597463057093,-14.690721887795144,0.6043331623077393,43,56.562899100388194,440000,0.12206864356994629,0.059261102,12.548295259475708,15.762836933135986,2.918642997741699,100,-115.27035415078419,712.7636876106262,16.490005493164062,0.032134198
27.055840350070575,-30.949229038865663,-18.039820386914485,0.5542449951171875,44,40.93087523181149,450000,0.14345788955688477,0.054682434,13.59156584739685,16.69438934326172,2.813084602355957,100,-94.5402232201328,730.1883766651154,17.392319440841675,0.019101469
29.4631765978561,-29.520477947494,-17.041850213432266,0.5807876586914062,45,64.5684265535941,460000,0.15701055526733398,0.06105005,13.742727518081665,16.93195605278015,2.834962844848633,100,-106.96677427379335,747.8873083591461,17.669995307922363,0.035754666
30.790143498555555,-34.51863693154794,-19.31974802593322,0.6843934059143066,46,33.947184170149555,470000,0.11056995391845703,0.04342259,10.833027124404907,13.818881511688232,2.6931118965148926,100,-147.21046597903052,762.5385367870331,14.614565134048462,0.015113567
28.517296278813227,-32.4447649477263,-19.52450957526298,0.651707649230957,47,37.6564913225558,480000,0.11148548126220703,0.064602,12.524993896484375,15.6947340965271,2.7835702896118164,100,-84.30060661953938,779.0485460758209,16.458168745040894,0.03863356
31.219601699720887,-19.051368205668584,-12.080645343881521,0.6558651924133301,48,60.981627067682446,490000,0.12859249114990234,0.06100454,11.410975217819214,14.438737630844116,2.746274709701538,100,-111.35707660171238,794.2901229858398,15.223432779312134,0.032711696
30.93389931999886,-29.769381192106202,-17.36296510354002,0.5800068378448486,49,58.38076830648386,500000,0.13764667510986328,0.066043854,13.385099649429321,16.497865200042725,2.829451560974121,100,-114.91963789513369,811.5470354557037,17.216123819351196,0.036175832
25.75692534671236,-25.086854508608784,-14.380508971592196,0.6509532928466797,50,64.20996602292564,510000,0.22890305519104004,0.06415546,12.10395336151123,15.263649940490723,2.859283447265625,100,-75.52434062146341,827.7163121700287,16.143768787384033,0.037459742
29.08118638883785,-37.52211974697213,-20.64227796753875,0.7238144874572754,51,44.29360876053035,520000,0.11509037017822266,0.06294101,11.629462480545044,14.724286079406738,2.8085217475891113,100,-97.91078717682252,843.357048034668,15.56342101097107,0.0342524
35.85797086263967,-29.994227378510995,-17.267069644556013,0.48125195503234863,52,63.49212193368137,530000,0.1743159294128418,0.06612445,11.232367277145386,14.31472134590149,2.803004741668701,100,-148.08000871897713,858.3511157035828,14.971084356307983,0.040505797
31.574723230790266,-23.66769887812159,-13.428489824435765,0.4837217330932617,53,55.7447525046953,540000,0.1697676181793213,0.06518075,13.418787002563477,16.600109577178955,2.8925914764404297,100,-115.09104800686382,875.6244578361511,17.253825426101685,0.036633898
27.18643305532371,-20.02457768544444,-12.974976948154954,0.5912070274353027,54,75.53023714413271,550000,0.10397648811340332,0.06674378,13.434895515441895,16.70674729347229,2.934433698654175,100,-121.55109246554326,893.0642855167389,17.402711868286133,0.033616934
29.507378868664254,-21.291024839260686,-13.438867346301144,0.531954288482666,55,83.33481341178876,560000,0.12349462509155273,0.056321386,13.283527851104736,16.430810928344727,2.8057119846343994,100,-101.61899840622759,910.1742660999298,17.08646011352539,0.032288115
33.41141136052623,-13.819905016463434,-9.186719246880688,0.5699896812438965,56,124.90319818441927,570000,0.15935301780700684,0.0727616,13.244599342346191,16.550730228424072,2.947601556777954,100,-94.11610888563985,927.4740860462189,17.280311584472656,0.04716623
30.547419574203047,-13.967839208450393,-9.2252094558899,0.5175518989562988,57,45.257009777223494,580000,0.12819266319274902,0.050480314,12.426044464111328,15.611416339874268,2.883197784423828,100,-118.3964221791739,943.7600083351135,16.257391929626465,0.015477465
31.005331585203052,-12.568948776876262,-9.223854752201031,0.5592799186706543,58,62.480896592273616,590000,0.09724259376525879,0.06274622,10.63486385345459,13.726117849349976,2.7987449169158936,100,-97.20838917202157,958.1840212345123,14.385342597961426,0.03534892
29.936451022274124,-0.46770069126309544,-0.6657361041237252,0.590423583984375,59,73.37537724315312,600000,0.1652681827545166,0.0631391,13.744333744049072,17.06567096710205,2.9661731719970703,100,-83.29505054413573,976.0251357555389,17.822999000549316,0.03472278
33.345007440864215,-3.39338439945539,-3.08211081360915,0.5802664756774902,60,57.32392057319751,610000,0.14326167106628418,0.057548083,12.513839960098267,15.729827880859375,2.904564619064331,100,-89.5951430123202,992.5055363178253,16.45360016822815,0.02698786
28.676418412077016,0.7123881325445008,-0.9948159007352421,0.6202139854431152,61,64.88534916591459,620000,0.11397838592529297,0.07519054,12.03996229171753,15.203158617019653,2.872103452682495,100,-80.47671845378662,1008.4646875858307,15.937594890594482,0.046551928
32.29071680655051,-11.128034715929521,-6.764014969455754,0.5296821594238281,62,68.7995308174624,630000,0.11917304992675781,0.0680417,13.279605150222778,16.28396511077881,2.707939624786377,100,-80.68140798313489,1025.4156799316406,16.933199882507324,0.045882892
30.594298339879288,-13.073410466409934,-6.132442713128238,0.6654191017150879,63,76.97883806129502,640000,0.13300728797912598,0.079346836,12.256885051727295,15.48750638961792,2.9445929527282715,100,-88.31117104206372,1041.7255852222443,16.28638529777527,0.04817002
32.62497267528713,-14.000542822325754,-9.094089870798491,0.656118631362915,64,81.81815975005954,650000,0.1261742115020752,0.077887684,13.48017930984497,16.765663385391235,2.998976707458496,100,-98.98786074373893,1059.3080060482025,17.548197746276855,0.04808812
28.81150417405721,-30.988303166183815,-17.089980521646055,0.5736103057861328,65,53.125756957429,660000,0.10824918746948242,0.080121234,11.786346912384033,14.851836204528809,2.7573816776275635,100,-106.27934926577541,1074.8635785579681,15.533926010131836,0.054995343
26.761610228850472,-19.89671089228243,-10.405884827921293,0.5522987842559814,66,52.21767870100076,670000,0.22472500801086426,0.06311352,12.740967035293579,15.858325958251953,2.821754217147827,100,-87.81198889679101,1091.524329662323,16.635734796524048,0.034746416
28.68288920398185,-11.875262837604893,-6.005503351366301,0.6090972423553467,67,73.36938302388687,680000,0.11762452125549316,0.070453934,14.026898860931396,17.288126945495605,2.9590721130371094,100,-67.61164957358488,1109.5963020324707,18.016238689422607,0.043154515
32.56224341285385,-12.42161109697172,-5.920545116457289,0.7044057846069336,68,83.80338110079266,690000,0.14401030540466309,0.07129741,11.742936134338379,15.189526557922363,3.1495754718780518,100,-102.91827700760895,1125.6579077243805,16.038389921188354,0.042042393
29.02574323468971,-8.066861596632862,-6.319309958185939,0.5221531391143799,69,98.46685180379225,700000,0.1619575023651123,0.07879524,11.62299108505249,14.8292715549469,2.917179822921753,100,-76.07582721117495,1141.2046921253204,15.520354270935059,0.05284261
33.915553836133924,-14.164959605768955,-6.76181680116775,0.4768044948577881,70,45.831125366608084,710000,0.14545989036560059,0.05337817,12.236972332000732,15.30779218673706,2.7585840225219727,100,-101.19029828028295,1157.172990322113,15.935881614685059,0.022456296
34.11461155043076,-4.178352302932153,-2.383121568549166,0.6120562553405762,71,74.36806851489595,720000,0.14655780792236328,0.069542855,11.461309432983398,14.672717571258545,2.9100894927978516,100,-90.10220096065956,1172.6358485221863,15.431610345840454,0.037086032
37.08496093021307,9.068908973592283,6.580675397548527,0.45481061935424805,72,122.85506479870358,730000,0.13675618171691895,0.064940445,12.416252851486206,15.38082766532898,2.6932342052459717,100,-98.54857870606874,1188.6318678855896,15.973124504089355,0.034747593
36.72515579540671,3.4635368455278486,1.5070104789178986,0.48254823684692383,73,102.66069783443993,740000,0.09838485717773438,0.056101948,13.092591524124146,16.214682579040527,2.8453166484832764,100,-153.22403144157215,1205.4517714977264,16.795833349227905,0.024790082
32.20094804491168,-0.3965971103945401,-0.5425801053202314,0.7389564514160156,74,95.79555028334896,750000,0.25103163719177246,0.06609247,10.320407390594482,13.276510238647461,2.6795027256011963,100,-88.23802771864582,1219.7418637275696,14.266734600067139,0.035215106
34.9289829073565,-2.0629829625322436,-2.8667250804905984,0.5617878437042236,75,82.08456950680637,760000,0.14260172843933105,0.06732407,14.066950798034668,17.262431144714355,2.89823579788208,100,-96.6391917471335,1237.7360475063324,17.9675030708313,0.039246082
37.26983371058601,-1.77738060389971,-2.6661499013465857,0.6326665878295898,76,82.97362339031805,770000,0.1690659523010254,0.04384847,12.06691861152649,15.232411623001099,2.8425183296203613,100,-124.35532528003992,1253.7977695465088,16.034388542175293,0.013252918
33.102081493640185,10.76656726040896,4.773141561403254,0.647219181060791,77,96.48764156588904,780000,0.13529753684997559,0.07164766,12.03883957862854,14.999817848205566,2.6768300533294678,100,-69.42176367112609,1269.6180255413055,15.784486770629883,0.043418244
33.93859211452111,5.08411529391074,2.546950229724707,0.5207934379577637,78,83.02373260931475,790000,0.10785627365112305,0.061588526,11.868051767349243,15.009266138076782,2.818816900253296,100,-102.23772573310973,1285.275726556778,15.63814663887024,0.028443914
34.03000416710741,-2.4016897954572194,-0.9153671468094419,0.516855001449585,79,99.06235796406523,800000,0.11740779876708984,0.06685097,10.871974468231201,269.6952931880951,2.7861225605010986,100,-82.63826356092419,1555.637525320053,270.3300111293793,0.038032867
31.330753310963456,18.38742020538359,8.667129514676427,0.5484836101531982,80,73.5937608799454,810000,0.13915681838989258,0.071211435,10.778224468231201,13.836150646209717,2.7550337314605713,100,-72.26945367459754,1570.1826241016388,14.52462124824524,0.042098172
29.49275928450004,9.936898546262901,4.579615879454967,0.5725841522216797,81,71.10467559113447,820000,0.09039449691772461,0.05489816,14.750304222106934,17.93139672279358,2.8417489528656006,100,-74.86213708591798,1588.8055849075317,18.595017433166504,0.023511937
30.625855019634084,18.744415632481424,9.798870537401719,0.5805060863494873,82,92.43777828933153,830000,0.13112425804138184,0.06364229,12.886741399765015,16.127784729003906,2.913297414779663,100,-83.87486416851132,1605.669534444809,16.840079307556152,0.034398198
31.85704374998126,16.35260259755807,6.5981264096312024,0.4797952175140381,83,84.22753006602561,840000,0.11765933036804199,0.06518939,12.04485011100769,15.097800254821777,2.7370707988739014,100,-88.08172246427819,1621.3900306224823,15.698961019515991,0.0369171
31.078034700890882,18.07414501397325,10.313287919624777,0.4955768585205078,84,84.68226560029035,850000,0.12193870544433594,0.06864402,11.849448919296265,14.95020079612732,2.798065423965454,100,-59.25414470529051,1636.9890303611755,15.572407484054565,0.040559016
28.01412865615676,18.628136956686,10.851006579637037,0.5454545021057129,85,99.24006181502533,860000,0.12988638877868652,0.06792679,11.953062057495117,15.128481388092041,2.8833506107330322,100,-55.38884456962915,1652.8520200252533,15.81829571723938,0.038974416
30.822093565118127,19.514379867702605,10.42052613506129,0.624459981918335,86,81.45505914311384,870000,0.11529421806335449,0.051805098,11.527588129043579,14.569164037704468,2.7438254356384277,100,-91.90624266065447,1668.1837544441223,15.311100006103516,0.019997576
28.79481485451779,2.117816512045512,3.075120053559646,0.5770831108093262,87,82.24690876488901,880000,0.09558606147766113,0.061983388,12.588358402252197,16.063405990600586,3.1584067344665527,100,-79.2121967978011,1684.948968887329,16.741465091705322,0.029761465
33.25345149430038,16.30028560937707,8.217052836286499,0.48328113555908203,88,70.67252888814431,890000,0.1427934169769287,0.06932623,13.293016195297241,16.565144300460815,2.9305989742279053,100,-61.06925858795977,1702.1699767112732,17.19164514541626,0.04111991
31.5955080330158,17.97614256358803,10.063374705348231,0.5828969478607178,89,81.15626981851432,900000,0.147568941116333,0.05513343,11.919909715652466,15.099777936935425,2.8785247802734375,100,-65.96255653104234,1718.040091753006,15.839263677597046,0.022674656
29.433148850958734,6.046087506210011,3.697140407700061,0.5681052207946777,90,77.04191025876982,910000,0.16309475898742676,0.053477507,13.451127052307129,16.653223752975464,2.901488780975342,100,-63.2615919380287,1735.4498584270477,17.384984254837036,0.023532365
32.65653598575934,16.161701500469643,7.764932636494552,0.5500285625457764,91,72.51887766828557,920000,0.12702631950378418,0.05988893,11.404510259628296,14.575836181640625,2.881274700164795,100,-115.7399543081275,1750.7284638881683,15.253529787063599,0.02766667
32.17161413478354,7.058766085259995,3.5175130774360714,0.6239988803863525,92,69.41705055807634,930000,0.0822441577911377,0.05666948,11.990078210830688,15.074606895446777,2.789487361907959,100,-87.98071362790799,1766.618824005127,15.81917667388916,0.022862436
29.165889875395326,15.647792745545848,9.359404550106452,0.5286388397216797,93,93.7165919558263,940000,0.11399126052856445,0.054053392,11.928558349609375,15.07243037223816,2.840674638748169,100,-61.46860150806273,1782.365394115448,15.715656518936157,0.020385038
28.857922369272075,18.640274970116508,10.119269056073328,0.5280265808105469,94,81.44517950893265,950000,0.17051005363464355,0.063253604,10.829352855682373,13.93544864654541,2.792109966278076,100,-67.42151623783884,1797.040179014206,14.643018245697021,0.02872276
32.15900569698082,11.3962691328686,5.767950473172027,0.6676537990570068,95,70.05506516804893,960000,0.11061763763427734,0.053450562,11.497607946395874,14.59396767616272,2.8026418685913086,100,-126.13975866244397,1812.4490184783936,15.375159502029419,0.022289762
29.875830913476936,25.953750672613307,12.638288795885263,0.5245640277862549,96,90.93887790735288,970000,0.10945010185241699,0.054123033,12.079046487808228,15.165534257888794,2.7973546981811523,100,-92.88847647755178,1828.2703380584717,15.800055503845215,0.023026373
32.564420639015935,28.470094111476996,13.5704757450987,0.6017260551452637,97,61.51740623101527,980000,0.11490249633789062,0.044563517,14.309123992919922,17.54331398010254,2.906759023666382,100,-104.58238937029599,1846.568302154541,18.264129161834717,0.011638365
32.79001508876045,17.488074452632755,9.636402844798244,0.5468101501464844,98,79.03527435867318,990000,0.0688788890838623,0.059163153,13.756827592849731,17.10111355781555,3.0215260982513428,100,-89.64144350074551,1864.3349142074585,17.731998682022095,0.02331695
31.661931079035153,26.136048320415597,13.638917758158355,0.6866550445556641,99,94.62564092183881,1000000,0.1497964859008789,0.06094872,11.927584171295166,15.07360315322876,2.8548600673675537,100,-69.50294174314703,1880.27898478508,15.91053581237793,0.0312127
27.25675494752598,38.134937211575895,19.389293094172057,0.5865433216094971,100,84.93925536388183,1010000,0.09937858581542969,0.06612432,13.297465801239014,16.62634563446045,3.0096287727355957,100,-52.56887386003173,1897.6240816116333,17.312840461730957,0.037483256
28.09839582453298,40.897043359668835,21.489015081881654,0.6082649230957031,101,88.51267922621061,1020000,0.13319873809814453,0.06370631,12.71683382987976,15.742679834365845,2.7173173427581787,100,-47.113382128448855,1914.1380310058594,16.484461307525635,0.031238455
30.826744251610183,29.129781888949566,15.685985434561381,0.5798683166503906,102,81.41304554504327,1030000,0.136061429977417,0.06074718,13.364089488983154,16.54664945602417,2.8571577072143555,100,-55.51328329902844,1931.4282732009888,17.263325691223145,0.032711342
34.34877952152081,25.483650191529723,12.47475837789806,0.47870397567749023,103,118.99679841600799,1040000,0.13858723640441895,0.06735301,12.616666555404663,15.931260585784912,2.9954488277435303,100,-60.99657440986763,1948.0127415657043,16.55334234237671,0.03536692
26.711380486931354,28.167639579718887,14.069139483518297,0.53513503074646,104,73.06110425195519,1050000,0.10987329483032227,0.063103415,10.906037330627441,13.965655326843262,2.757639169692993,100,-36.16228860726778,1962.663402557373,14.615366458892822,0.030683657
31.8400490441722,28.50737694566018,15.094117030890777,0.46775341033935547,105,117.92196161224608,1060000,0.09926533699035645,0.05708181,12.669781684875488,16.0524423122406,3.02970552444458,100,-70.08195565118238,1979.3104050159454,16.62048625946045,0.023896955
33.12522077002571,39.358971957686975,20.996457957433666,0.4647064208984375,106,109.96452384098511,1070000,0.09897017478942871,0.058158386,11.514795541763306,14.574558019638062,2.76971697807312,100,-69.35392429939645,1994.4827609062195,15.140076160430908,0.023017846
30.865815426646133,43.58581430124842,23.72960155183581,0.5201554298400879,107,92.7180151471293,1080000,0.17403769493103027,0.055100963,11.903338193893433,14.982579708099365,2.7814934253692627,100,-92.58728885985632,2010.2008366584778,15.684680461883545,0.019179689
41.937765514817464,43.667856768525034,23.377278848427682,0.5691313743591309,108,105.64663338503252,1090000,0.11282944679260254,0.045213755,12.599120140075684,15.692266941070557,2.7810299396514893,100,-114.57410987240644,2026.6244614124298,16.387349605560303,0.014740402
35.303070681353454,40.69069202798043,21.49668845255381,0.6326184272766113,109,112.61408011553807,1100000,0.14014077186584473,0.06559579,12.773107528686523,15.921123504638672,2.8095510005950928,100,-85.42904018718005,2043.34121799469,16.694252014160156,0.032359965
38.3416893347589,51.9235571244997,26.962816718878585,0.611107349395752,110,120.46654685782262,1110000,0.14841413497924805,0.055408508,12.054164409637451,15.148882150650024,2.788722276687622,100,-66.12558520283496,2059.276014328003,15.910764694213867,0.016722504
37.91623706357733,27.738719011495178,13.967038932086245,0.6771132946014404,111,111.84488109858091,1120000,0.15129613876342773,0.053261183,12.652072429656982,15.752333641052246,2.7877979278564453,100,-88.97196235706315,2075.8927314281464,16.58123779296875,0.017621817
37.141594868220075,43.61668102628417,23.36546729683722,0.616098165512085,112,99.96337679373873,1130000,0.1387326717376709,0.04644786,10.66281771659851,13.637699842453003,2.691107988357544,100,-91.93746029082914,2090.316537618637,14.394806861877441,0.010360754
35.91787567670298,38.823025166148255,20.037698138290196,0.7174649238586426,113,84.99201623590004,1140000,0.15967893600463867,0.05900487,11.10301661491394,14.161205530166626,2.7657206058502197,100,-98.25036518099793,2105.4196214675903,15.055208683013916,0.025237732
38.71895193144851,41.90086420321356,21.27832062829093,0.620647668838501,114,106.10969984221057,1150000,0.12362313270568848,0.060866356,12.723121166229248,15.780219078063965,2.7498762607574463,100,-70.225224359665,2121.9768867492676,16.524950981140137,0.02530144
36.54670283569935,47.95941361032861,24.76062339001812,0.49111032485961914,115,105.91409107264644,1160000,0.1620192527770996,0.06545274,12.927573680877686,16.05397605895996,2.8110949993133545,100,-103.0456089037644,2138.740877866745,16.720969200134277,0.030145984
34.36489965975552,43.28266866617351,23.054059872554973,0.586646318435669,116,86.51435584795205,1170000,0.13574695587158203,0.05726643,12.125118255615234,15.275279521942139,2.8354737758636475,100,-96.20346655339831,2154.773542165756,15.999612808227539,0.020494135
36.65350322509222,40.34247310222196,20.583536433442976,0.501063346862793,117,87.52235047806082,1180000,0.1331470012664795,0.045391273,13.544816017150879,16.71645164489746,2.8459103107452393,100,-115.74446103403217,2172.1641314029694,17.357344150543213,0.0149982665
37.03025432518685,55.944415198501126,28.938137626489215,0.4932975769042969,118,93.63557876700366,1190000,0.12676429748535156,0.066605724,14.225086212158203,17.40091061592102,2.85882568359375,100,-74.616938450369,2190.220427274704,18.021472454071045,0.031565093
34.344215263727385,58.43239177227847,31.60507170158919,0.6538643836975098,119,110.72467734684064,1200000,0.13644623756408691,0.0565234,11.768847942352295,14.85911774635315,2.7947826385498047,100,-51.24686805570486,2205.9037420749664,15.652263402938843,0.020324267
34.32280825055399,47.07512646300219,24.346146348636772,0.48869848251342773,120,100.61582429693942,1210000,0.2648887634277344,0.06469553,9.499439001083374,12.535938739776611,2.7360482215881348,100,-90.2111425479485,2219.2323112487793,13.30042314529419,0.031192852
34.72058331100471,51.314493532597005,26.45130771290738,0.5202219486236572,121,104.07162500895771,1220000,0.14059805870056152,0.07719244,12.391144514083862,15.702150583267212,2.972193479537964,100,-85.26884322491878,2235.6238899230957,16.363571405410767,0.045584373
36.71263237424092,45.83973038676345,23.424477521289262,0.5130128860473633,122,110.72555958148509,1230000,0.1777207851409912,0.05956258,12.286057710647583,15.412203788757324,2.836853504180908,100,-80.17330549121176,2251.765640735626,16.104881286621094,0.024847168
36.79635345210525,53.93903802668141,28.94046648218155,0.641998291015625,123,109.65341157936808,1240000,0.10943317413330078,0.063866735,13.461524963378906,16.742347478866577,2.908475399017334,100,-71.32861269616991,2269.2912917137146,17.498143196105957,0.025437063
35.654525671594506,45.86568846839141,24.697336788653725,0.8064272403717041,124,108.01253518305798,1250000,0.11453843116760254,0.054317597,12.539794206619263,15.687721014022827,2.8610382080078125,100,-86.45283681883824,2285.972130537033,16.61054253578186,0.022784764
35.16915738053044,39.481804843950165,21.42672700964472,0.6747093200683594,125,93.80147130515249,1260000,0.1372082233428955,0.06888165,12.700708627700806,15.808382749557495,2.8064639568328857,100,-68.17702471341892,2302.6121804714203,16.62057662010193,0.03264237
34.21080018957254,39.725572517541195,19.47221510794127,0.657794713973999,126,91.11435314639316,1270000,0.13945555686950684,0.06792945,14.305909395217896,17.660662174224854,3.05033540725708,100,-68.6533207405649,2321.1066267490387,18.46065878868103,0.0339797
33.896986060686835,39.767852584508525,20.639927280188434,0.5945091247558594,127,107.76365875863434,1280000,0.1873161792755127,0.058013856,10.017076015472412,12.903981685638428,2.6111526489257812,100,-88.00091197277276,2334.836361169815,13.686240434646606,0.019697119
32.86194036926498,54.52938327371707,28.648459400407077,0.5453808307647705,128,104.6765865139953,1290000,0.13499832153320312,0.052355126,12.120590686798096,15.243533611297607,2.843738555908203,100,-67.59302454956182,2350.7899820804596,15.92420506477356,0.019389927
35.83136287557254,39.56547326080039,20.393628660631762,0.47797274589538574,129,100.89097517703497,1300000,0.1380608081817627,0.046248145,12.982258558273315,16.09452724456787,2.7680609226226807,100,-73.14877623123374,2367.547948360443,16.711115837097168,0.0034586936
32.13046789184844,59.935080753805586,31.29890991985817,0.5624268054962158,130,113.66054521425772,1310000,0.22721648216247559,0.056168456,12.075564861297607,15.38307499885559,3.0075297355651855,100,-44.47690698836191,2383.7661426067352,16.17323112487793,0.020298613
36.44901242797756,49.53265552169046,24.362651864413422,0.5898985862731934,131,109.1967752437481,1320000,0.10184907913208008,0.054398607,11.605247497558594,14.790203094482422,2.897202253341675,100,-69.34548520746081,2399.3135924339294,15.485656023025513,0.019507682
37.64880220652512,57.67429668888694,28.96275245677152,0.4953951835632324,132,106.19642257917587,1330000,0.12755918502807617,0.062509894,13.249344825744629,16.361422300338745,2.8025577068328857,100,-94.84423688853798,2416.3272948265076,16.992208242416382,0.028896546
38.71284642323409,62.255398622276324,32.05847389706155,0.504817008972168,133,131.59904037918614,1340000,0.13697147369384766,0.06376222,14.365519046783447,17.723679542541504,3.0244300365448,100,-71.64012322874213,2434.7143771648407,18.36690902709961,0.029122155
39.36156292253868,60.926549071546525,31.570709128379512,0.5484228134155273,134,107.07493636219212,1350000,0.12121915817260742,0.048172526,13.165969848632812,16.273650407791138,2.8034651279449463,100,-121.81959128584212,2451.6906378269196,16.944422245025635,0.007216788
34.968159850307025,50.935234167705346,27.07788045484357,0.5017366409301758,135,90.53240674740731,1360000,0.12416434288024902,0.04557515,12.63517951965332,15.951137065887451,2.969420909881592,100,-78.4729339528937,2468.2976717948914,16.5777530670166,0.005309564
40.98695058581337,61.33518293339498,31.222854325766942,0.5826175212860107,136,131.005231981123,1370000,0.12050533294677734,0.05086614,10.334038019180298,13.265357255935669,2.6536173820495605,100,-91.87285885653704,2482.3114845752716,13.970889568328857,0.02154722
38.982326170112735,77.89003565966004,40.83763823658459,0.5949263572692871,137,131.89350295268406,1380000,0.22453784942626953,0.058459844,11.956667423248291,15.118791341781616,2.8375298976898193,100,-90.32344094609233,2498.2837982177734,15.938718318939209,0.021333845
34.07528103691154,58.37815601254422,30.035922307699582,0.594811201095581,138,104.66802430887024,1390000,0.1036531925201416,0.057847638,13.96790099143982,17.335243940353394,3.044633150100708,100,-70.75349378466505,2516.3379600048065,18.034087657928467,0.0216694
39.02876121159707,60.03586087742858,30.590250128210773,0.6620914936065674,139,139.86815021849094,1400000,0.13641715049743652,0.0666545,12.144591808319092,15.271869897842407,2.797835111618042,100,-58.362134716207976,2532.4480435848236,16.07609248161316,0.03568186
33.84824209955253,68.86483627705576,36.55841908685314,0.6196424961090088,140,135.56505975477592,1410000,0.09885311126708984,0.07337252,11.413390874862671,14.518773078918457,2.801114320755005,100,-42.00061562717796,2547.723548412323,15.240448474884033,0.03859368
31.813320687503595,62.653753839227996,31.16663475710909,0.5510275363922119,141,108.59333393747694,1420000,0.1283857822418213,0.06513539,13.279670238494873,16.647547721862793,3.0311567783355713,100,-51.26176949719093,2565.13161444664,17.327354907989502,0.031063156
43.46257702984194,57.66991239650716,29.872591866275656,0.5817148685455322,142,131.4323125028809,1430000,0.1446235179901123,0.04571177,12.223033428192139,15.309465169906616,2.798755407333374,100,-105.06264630384663,2581.1990904808044,16.03777050971985,0.0076401774
42.04847587907454,64.66581416691666,32.62571545535437,0.5254662036895752,143,120.39589311717107,1440000,0.17766809463500977,0.0561918,10.336703777313232,13.266257524490356,2.655367612838745,100,-97.59806769351798,2595.2076449394226,13.974754095077515,0.022617694
34.018861473516985,64.48014978858428,32.74352746601548,0.7481107711791992,144,120.77806881437155,1450000,0.14934754371643066,0.06643512,12.440156698226929,15.579312562942505,2.84218430519104,100,-65.58894762818129,2611.721059322357,16.47736382484436,0.0342553
34.64018142441988,61.56270503364627,32.38440160626311,0.6759259700775146,145,131.86362604749675,1460000,0.16524076461791992,0.056426574,12.251301765441895,15.393845319747925,2.794646978378296,100,-114.77365575518427,2627.9800097942352,16.238517999649048,0.018188225
42.628172454858266,48.47176936688962,24.358970014591588,0.5154576301574707,146,96.12636732181969,1470000,0.1290595531463623,0.06134518,15.274079084396362,18.735289096832275,3.105794906616211,100,-115.29127997878072,2647.3948409557343,19.381901502609253,0.025436211
40.36836958325892,64.65608440197354,34.097535342937505,0.4998037815093994,147,127.64744229855874,1480000,0.198760986328125,0.0608914,11.467753887176514,14.579346656799316,2.8052194118499756,100,-71.17482067254602,2662.704790353775,15.287338495254517,0.024383917
37.41073577141805,54.520406167762815,28.80421155778619,0.6434433460235596,148,106.48813098148959,1490000,0.13713788986206055,0.06295534,11.946515798568726,15.146103382110596,2.9009270668029785,100,-46.6762312395988,2678.6547865867615,15.927207708358765,0.025775785
31.11770743768464,64.69838326197704,34.03266963488942,0.6702513694763184,149,89.64127974288269,1500000,0.15445303916931152,0.054849565,14.092184066772461,17.274498462677002,2.8814737796783447,100,-75.36074065124728,2696.803729534149,18.102818489074707,0.022530481
30.741898861034986,49.290068090650465,26.133644061202467,0.702507734298706,150,108.09398614521756,1510000,0.1519615650177002,0.063732766,15.660425186157227,18.873565435409546,2.849780321121216,100,-55.24826251248536,2716.5638189315796,19.729605436325073,0.030555276
36.33072549231591,64.35073412406068,33.93113120551982,0.6384847164154053,151,103.6221639885721,1520000,0.1324901580810547,0.047560927,14.040997743606567,17.320873975753784,2.9621715545654297,100,-58.10433739253204,2734.6764829158783,18.093304872512817,0.008297652
30.838291280987832,60.28176495673816,33.27599618963391,0.5672252178192139,152,109.81423412432132,1530000,0.19242119789123535,0.063788965,13.00363278388977,16.136605978012085,2.80454683303833,100,-45.47394072276496,2751.6009950637817,16.89675235748291,0.027421063
30.230736215407642,69.13622271738357,37.20294720896947,0.6387479305267334,153,124.65754346592762,1540000,0.15541768074035645,0.061730675,12.379714488983154,15.659235000610352,2.932969093322754,100,-39.80194981296868,2768.0761075019836,16.455181121826172,0.03046054
31.426334108650963,58.878042946719,31.018176575068196,0.6665606498718262,154,95.99695008492394,1550000,0.15274333953857422,0.05981969,11.696858644485474,14.857415199279785,2.860088586807251,100,-45.62192378071579,2783.789484024048,15.678581714630127,0.023175735
31.045329900322802,54.944109488606436,29.482639853252063,0.6146163940429688,155,105.58967722189468,1560000,0.19815373420715332,0.06710611,11.62678074836731,14.712103605270386,2.793071985244751,100,-87.85886938685536,2799.345106124878,15.525365591049194,0.03499994
29.91417990696579,51.401778348529724,28.976149218707704,0.5982258319854736,156,105.19585184064091,1570000,0.12069582939147949,0.059180018,11.609090089797974,14.632636547088623,2.736083507537842,100,-58.143227753764705,2814.7315323352814,15.352005004882812,0.02568308
32.211759600272195,49.59447478650899,25.210064582472775,0.5766217708587646,157,97.65658380804474,1580000,0.19616961479187012,0.052201197,11.717572689056396,14.899965286254883,2.8802061080932617,100,-63.6874489037337,2830.438656806946,15.673150777816772,0.019863455
30.62331184436868,54.39376559104166,29.98744101131113,0.6219735145568848,158,117.47809602713404,1590000,0.12078309059143066,0.07199862,13.0458664894104,16.114142179489136,2.7659685611724854,100,-45.4920704771542,2847.3142569065094,16.85714077949524,0.03853819
28.367755961441492,59.606790943552085,30.724630829740985,0.5051884651184082,159,94.19066883389803,1600000,0.11572670936584473,0.047649637,16.018936157226562,19.35373592376709,2.974034547805786,100,-66.98978593469651,2867.322996377945,19.976375341415405,0.016189473
34.93512061309948,45.23645157525671,24.129499693589153,0.6148507595062256,160,129.69015334287238,1610000,0.1320948600769043,0.065327786,11.300079584121704,14.37591004371643,2.7724132537841797,100,-65.07919490103522,2882.4752728939056,15.123292684555054,0.029429907
34.369578608008396,46.65335232118676,25.105508135562037,0.5206236839294434,161,115.4717291991378,1620000,0.11043572425842285,0.06772286,12.417041301727295,15.589289665222168,2.8831043243408203,100,-59.230860482574826,2898.7218210697174,16.22095513343811,0.030767031
34.28912540737099,59.990265387835514,31.339042590890408,0.5205769538879395,162,125.23431281976033,1630000,0.0847620964050293,0.067724146,12.109074831008911,15.420862436294556,2.9884793758392334,100,-45.15700810549804,2914.785284757614,16.026729106903076,0.03635149
30.170653944704988,64.42207458106355,33.991415051936855,0.703157901763916,163,125.81640138822193,1640000,0.20154166221618652,0.06505762,12.049710035324097,15.399832010269165,3.058481216430664,100,-38.86834771625833,2931.139899969101,16.320374011993408,0.028477294
32.35791940451557,61.447726441957805,31.494009214265898,0.6601536273956299,164,105.58088276953008,1650000,0.1813526153564453,0.068471916,10.559284210205078,13.489573001861572,2.647291660308838,100,-53.782626991457036,2945.510912656784,14.332642316818237,0.03218499
27.664767810971156,45.14002137413887,24.56922139307087,0.5906970500946045,165,90.54941567110812,1660000,0.16318917274475098,0.064308725,13.701577186584473,16.764533042907715,2.7777202129364014,100,-57.38423757131031,2963.0642285346985,17.520540237426758,0.03189918
32.08358683380231,48.785749724754744,25.994602880133993,0.5080466270446777,166,92.50856096799099,1670000,0.12627840042114258,0.050749473,12.636919736862183,15.60339069366455,2.6748955249786377,100,-94.43826424591533,2979.33379983902,16.23830556869507,0.01561972
31.174977195194703,40.03450811483874,21.36518281175433,0.8123641014099121,167,86.62335442087732,1680000,0.1456899642944336,0.055786915,11.30728006362915,14.44602656364441,2.8644983768463135,100,-69.02007095499125,2994.787311077118,15.424571752548218,0.021494964
29.114570883429074,53.04705623427255,27.30632417587884,0.5504779815673828,168,86.02057539359313,1690000,0.21605396270751953,0.063112445,12.827906370162964,15.98742413520813,2.841876745223999,100,-44.111140060230056,3011.5604104995728,16.755511045455933,0.029529687
37.011067029879655,53.47481674740617,27.900770800466162,0.6469197273254395,169,101.65451576494613,1700000,0.1560966968536377,0.056874763,11.975086450576782,15.10200047492981,2.825350046157837,100,-112.04186332199657,3027.490552186966,15.906323194503784,0.02024977
28.921584470311767,63.08407260289172,33.241414060052605,0.6379959583282471,170,115.57529735792234,1710000,0.10498523712158203,0.06301669,13.431854486465454,16.74440574645996,2.984525680541992,100,-40.53090168470543,3045.013101577759,17.48807430267334,0.028563501
35.78512989056507,59.02107687609177,30.348276686501286,0.6816082000732422,171,99.29201958909533,1720000,0.16534805297851562,0.06258102,12.961936950683594,16.393173933029175,3.1228740215301514,100,-90.8381162189101,3062.2783098220825,17.24162530899048,0.02655025
31.86949264530911,64.91039683932276,34.900702979477245,0.5397357940673828,172,107.49889651947358,1730000,0.06275677680969238,0.04800774,10.968726873397827,14.100298166275024,2.831092357635498,100,-94.112628162207,3077.0126526355743,14.712495803833008,0.008958035
36.14817908377495,51.995868491868535,28.25788436244233,0.57375168800354,173,112.41291208817309,1740000,0.14271020889282227,0.044343274,11.657204627990723,14.738285541534424,2.7954251766204834,100,-124.94715138249039,3092.5010030269623,15.461051225662231,0.010469625
30.007156368510028,62.17768942890932,33.56256327470809,0.5866663455963135,174,102.91540165249491,1750000,0.15568232536315918,0.050454605,11.966643333435059,15.254147052764893,2.982797861099243,100,-47.69485565976288,3108.518516778946,15.998510360717773,0.014363418
35.774408003259865,66.5690341160119,35.02226710238535,0.4727027416229248,175,117.26136285024275,1760000,0.10541248321533203,0.055924628,11.249930381774902,14.190573692321777,2.6571948528289795,100,-55.33760900140116,3123.3197207450867,14.768980264663696,0.017082818
31.85736240886908,49.377024575296154,26.80911864416526,0.48949694633483887,176,107.90552554601825,1770000,0.1259782314300537,0.053983435,12.388176202774048,15.655695676803589,2.920649528503418,100,-57.57148061819636,3139.623738050461,16.27303981781006,0.01452186
38.80522286658282,64.24018651825206,35.039982799403674,0.6960394382476807,177,124.48325043703342,1780000,0.14013409614562988,0.06553638,12.897667169570923,15.987340450286865,2.78334903717041,100,-69.9987732794194,3156.471965789795,16.824333906173706,0.032081645
37.50732518993481,58.58693428809352,31.85873403316793,0.4883544445037842,178,156.0586590581829,1790000,0.17322015762329102,0.064852074,11.145337343215942,14.302936315536499,2.8769211769104004,100,-94.75188922026577,3171.459505558014,14.966192960739136,0.027313128
38.84283739594897,66.50961879639488,34.828822157618404,0.5712985992431641,179,121.38781118547824,1800000,0.15528297424316406,0.06591617,12.359462022781372,15.64661979675293,2.982125997543335,100,-71.38776777326301,3187.880403995514,16.38498330116272,0.030207034
36.71737941793728,83.92584085241793,44.2189705148911,0.6000285148620605,180,152.83230274981474,1810000,0.05624032020568848,0.05750863,10.142543315887451,13.41625452041626,2.8946380615234375,100,-46.523595801051044,3201.973114013672,14.073032855987549,0.023552535
36.682862385548624,64.94214785159818,34.488261287447465,0.639563798904419,181,110.23185547490581,1820000,0.12300825119018555,0.044986024,12.668070077896118,15.74742078781128,2.7579610347747803,100,-85.83533930892838,3218.5099036693573,16.510276556015015,0.008188453
29.96103072806472,83.26482373407485,43.812278842666885,0.6699705123901367,182,139.0948980839299,1830000,0.19092702865600586,0.068578586,12.344172954559326,15.556505918502808,2.9260313510894775,100,-35.64987916115196,3234.965559244156,16.42255163192749,0.030450739
35.34553519723775,63.91786626993885,34.5926435339123,0.7120068073272705,183,114.87097718309133,1840000,0.1511526107788086,0.055601947,12.283162355422974,15.441471099853516,2.8458430767059326,100,-83.74829545265057,3251.307534456253,16.310307025909424,0.022005105
31.185683145051307,69.20707933407421,38.297381691013946,0.5203919410705566,184,137.6869383776232,1850000,0.10911154747009277,0.06518812,11.601836919784546,14.799439907073975,2.8959295749664307,100,-29.715267897721766,3266.762980699539,15.429425477981567,0.032427877
29.554837167892344,84.93206486981647,46.02782807723402,0.6805336475372314,185,106.85341570878862,1860000,0.16199541091918945,0.06399095,13.213200092315674,16.413856506347656,2.868685007095337,100,-37.84550296512943,3284.0547456741333,17.257022857666016,0.027297061
32.88621884851437,76.24218621862276,42.29465283986026,0.5781047344207764,186,109.73519600604858,1870000,0.18353796005249023,0.061593883,12.588503360748291,15.997270822525024,3.112311601638794,100,-35.53770425772147,3300.8605268001556,16.762122869491577,0.029201724
31.82703563783554,79.46219741200628,43.68159041382127,0.6467094421386719,187,119.81086173773684,1880000,0.1260230541229248,0.06750817,11.495133876800537,14.490739822387695,2.7181787490844727,100,-25.8707636088539,3316.173070669174,15.264078617095947,0.03221422
34.31726678728666,69.4581232340382,38.282479011591064,0.6184229850769043,188,102.29948196907797,1890000,0.1501164436340332,0.052858923,10.75395154953003,13.759114265441895,2.7207417488098145,100,-48.929034919319214,3330.7201492786407,14.52814245223999,0.011843523
31.59707776532176,71.15905104830038,39.233598316475444,0.49438929557800293,189,117.83271680955791,1900000,0.14439034461975098,0.067759,11.513564586639404,14.75072979927063,2.9057624340057373,100,-55.47179740841169,3346.157321691513,15.390986919403076,0.03478227
37.71773018900538,89.34997648235822,48.84708128210107,0.5764083862304688,190,126.79416940077304,1910000,0.12061476707458496,0.05439961,10.457657098770142,13.564456701278687,2.8119394779205322,100,-54.012885608437564,3360.4395060539246,14.261988162994385,0.015398215
35.490115693699785,92.91599058070088,50.473758896517865,0.5709896087646484,191,129.1842758040018,1920000,0.11032867431640625,0.05879067,12.664704084396362,15.987549304962158,3.013185977935791,100,-43.57451726349966,3377.135106563568,16.672164916992188,0.01900673
29.872791649235698,94.60857170198213,50.280828984765456,0.5851800441741943,192,131.64763140945513,1930000,0.10810041427612305,0.046112288,10.719764232635498,13.674759864807129,2.6767220497131348,100,-39.83893347413779,3391.5362384319305,14.371633052825928,0.004851056
33.23681891870906,97.27099669516221,52.689858840816925,0.528282880783081,193,128.6974700359067,1940000,0.13416051864624023,0.04809911,12.791404008865356,16.024845123291016,2.927504301071167,100,-40.51063054172193,3408.2602043151855,16.68771505355835,0.01403663
32.724657614530024,98.153408161755,53.149412176443995,0.6942799091339111,194,140.39718294299155,1950000,0.11597776412963867,0.05621399,11.744920253753662,14.943637609481812,2.906562089920044,100,-17.24752486865122,3424.041351556778,15.760179996490479,0.020120118
26.709405194041008,95.74029169879414,51.82638423498475,0.6293623447418213,195,108.25802019077237,1960000,0.13524937629699707,0.0531412,11.957143306732178,15.336541891098022,2.9741737842559814,100,-4.055288115624879,3440.1766335964203,16.10284662246704,0.014346914
35.096809571696795,98.66859915563951,53.276344480198475,0.5898747444152832,196,131.80688169731394,1970000,0.10130167007446289,0.05708643,11.924946546554565,14.981242656707764,2.737175941467285,100,-49.80395522617631,3455.872718334198,15.673306465148926,0.02249563
33.70501341850988,99.72774392447691,54.64612453489298,0.7022857666015625,197,135.4342639420488,1980000,0.15857458114624023,0.053351,10.765631675720215,14.022567987442017,2.951575517654419,100,-36.00512521354119,3470.8024010658264,14.891802072525024,0.020060785
33.862207319199996,111.02481430655145,60.1206714150962,0.5566887855529785,198,124.14180112611601,1990000,0.09459114074707031,0.057645753,12.743960857391357,16.18872904777527,3.122589111328125,100,-20.136914447440496,3487.691965818405,16.847185611724854,0.021032572
39.085746353510636,95.75947981002899,51.532147041202926,0.4723172187805176,199,125.02397800129226,2000000,0.11273598670959473,0.047081128,13.849029064178467,17.132550477981567,2.9962711334228516,100,-77.44212519318675,3505.4863691329956,17.726194143295288,0.011175507
34.24905976109542,109.03174484088517,59.54657209078378,0.5327160358428955,200,153.7088896843875,2010000,0.1369311809539795,0.06675209,11.940466403961182,15.060709714889526,2.8213894367218018,100,-37.54666731203272,3521.253690958023,15.730803728103638,0.032244086
33.4099932075824,116.20395687289037,61.69025997593588,0.5919146537780762,201,139.82483682754747,2020000,0.1472764015197754,0.05513292,13.245846509933472,16.695369958877563,3.0896472930908203,100,-40.031658360060874,3538.724452972412,17.43757176399231,0.022453522
33.76008146930789,117.2015035942347,63.190973499338725,0.5950050354003906,202,156.6031252627579,2030000,0.13628339767456055,0.048679702,13.266019821166992,16.49239706993103,2.880920886993408,100,-71.5518887630479,3555.9959456920624,17.238902807235718,0.009396794
33.35438973301596,113.75352690212205,61.730777297504744,0.675419807434082,203,133.47612886122297,2040000,0.15912437438964844,0.04627667,12.354334592819214,15.547916173934937,2.883474111557007,100,-72.65289274718471,3572.4091277122498,16.38277792930603,0.015771562
36.47089597463194,112.96487366676313,62.37976131180627,0.7070271968841553,204,143.58051530166898,2050000,0.10275673866271973,0.04512514,11.022639751434326,14.0166015625,2.706864833831787,100,-51.85139650065653,3587.272733926773,14.82687520980835,0.0005489685
34.05195685517053,128.9420012673861,67.8397171832071,0.5063822269439697,205,143.33468869475143,2060000,0.1513373851776123,0.049182557,12.187784910202026,15.38917088508606,2.870490789413452,100,-15.225516472988371,3603.366208791733,16.047182083129883,0.016211268
35.224280000444764,137.05004409344025,74.18480819426082,0.5487329959869385,206,142.19573635986126,2070000,0.14201021194458008,0.059309937,13.55719542503357,16.90055751800537,2.9805827140808105,100,-48.56969311745437,3620.9881172180176,17.5928692817688,0.024883468
39.55831664566851,133.71530841954194,71.87060607333078,0.4813997745513916,207,133.18234284117628,2080000,0.1261458396911621,0.041363336,15.424113035202026,18.70882511138916,2.9439072608947754,100,-51.35132041217016,3640.3384919166565,19.317958116531372,0.0056648683
30.485442251081,140.2930511016962,75.99472906592563,0.5434901714324951,208,155.334962833212,2090000,0.12685132026672363,0.04847597,10.98240065574646,14.339274644851685,3.0429649353027344,100,-25.653187406090073,3655.3668847084045,15.011679410934448,0.015194467
33.16739920633469,136.48651900386673,73.66487508689073,0.5646347999572754,209,170.81503962911646,2100000,0.13379693031311035,0.051585168,12.963493347167969,16.257380962371826,2.9818367958068848,100,-17.233552288636844,3672.357138156891,16.956305742263794,0.01844984
34.19859686296615,149.5425027630946,79.8406339741614,0.6324841976165771,210,151.71038797159432,2110000,0.17972993850708008,0.047701307,10.467873334884644,13.536690473556519,2.7679803371429443,100,-30.436008565150654,3686.7329943180084,14.349511861801147,0.009997568
32.67155576568004,156.5056301215338,85.3813635091325,0.5678384304046631,211,161.5100199274153,2120000,0.15439963340759277,0.042677257,10.93039059638977,14.10745120048523,2.8691976070404053,100,-19.897951445480132,3701.582342147827,14.82999587059021,0.007062601
34.893326714146106,141.57151995421026,78.0963940081819,0.5005474090576172,212,147.97969223618884,2130000,0.13433504104614258,0.033313677,9.644453287124634,12.673629522323608,2.7529819011688232,100,-33.04488865608597,3714.915575027466,13.308956623077393,-0.004320053
37.26104985825482,140.62789882266873,75.5540661055882,0.473710298538208,213,154.5276071390664,2140000,0.1345665454864502,0.04980878,10.065169095993042,13.152217388153076,2.800339460372925,100,-12.4981122956154,3728.7086074352264,13.760986089706421,0.012688382
40.33016991328113,144.92947375805718,78.95316188657338,0.4226109981536865,214,149.39730327259784,2150000,0.11529159545898438,0.03854491,8.944693088531494,12.044293880462646,2.8061609268188477,100,-108.73369812850578,3741.3229846954346,12.582610130310059,0.0008930077
34.115843903331694,162.19922330749037,87.80491608325909,0.44626331329345703,215,151.23954833040557,2160000,0.0664362907409668,0.05001439,7.12518048286438,10.205358982086182,2.81219482421875,100,-20.391853857734326,3752.0745837688446,10.721420526504517,0.015449353
30.689128142751347,185.11302996490468,99.54311508623724,0.33837246894836426,216,159.3617762212741,2170000,0.07320928573608398,0.046042964,5.808294296264648,8.776244163513184,2.7133591175079346,100,3.6058461246381315,3761.2836096286774,9.189550876617432,0.013340752
29.196947301471557,171.23422820647454,91.96951560822234,0.32509541511535645,217,144.06763219920654,2180000,0.05478811264038086,0.0408806,5.827662706375122,8.704540491104126,2.6191940307617188,100,23.82361236518405,3770.3874819278717,9.084847688674927,0.006449826
31.50693908556307,182.41505154841846,98.30650591649439,0.3132603168487549,218,155.14442888859935,2190000,0.0887296199798584,0.0579086,5.968539714813232,8.90235185623169,2.6741690635681152,100,-14.713190874058952,3779.708536863327,9.304851293563843,0.029108578
34.126361283889345,176.93388191538435,94.29537989432438,0.31362485885620117,219,164.26445370012613,2200000,0.07625126838684082,0.048896637,5.799791574478149,8.698470830917358,2.642324924468994,100,-0.3099391303180079,3788.817850828171,9.088753938674927,0.014034042
33.92292668387611,193.10077901040432,103.43446711048279,0.3310234546661377,220,179.5467994889321,2210000,0.09680056571960449,0.057839997,5.9804368019104,8.999576568603516,2.7456064224243164,100,-8.736790716359584,3798.264733314514,9.427808046340942,0.021652794
36.231142193059746,190.8834362813486,101.90393713943946,0.3141658306121826,221,165.97677674825135,2220000,0.06491923332214355,0.04119705,5.714712619781494,8.660344362258911,2.673494338989258,100,-6.992370890392085,3807.3309490680695,9.047161102294922,0.007271933
41.7964189209369,187.9369390666698,99.59278544223946,0.3120698928833008,222,171.53106831163802,2230000,0.09877538681030273,0.052779816,5.837159633636475,8.82749891281128,2.7099850177764893,100,-158.98714608190576,3816.5878937244415,9.238584995269775,0.019443527
40.79182324835655,172.88451481395873,91.85682150738309,0.33350610733032227,223,195.60655509223304,2240000,0.05288958549499512,0.053284954,5.814772844314575,8.784766912460327,2.708610773086548,100,-13.982509957987073,3825.7786996364594,9.171558380126953,0.015216693
35.18520923589619,193.64379139365528,102.4705968994437,0.31942057609558105,224,177.60182147089844,2250000,0.1003732681274414,0.05298082,5.875601768493652,8.839461326599121,2.6988413333892822,100,-26.9923129245974,3835.0550343990326,9.259485006332397,0.02305506
36.51068172515573,182.70564835399546,95.44281920979546,0.31322622299194336,225,177.8624049339309,2260000,0.06630444526672363,0.050945543,5.888577699661255,8.846466064453125,2.701986074447632,100,-0.9381794419225964,3844.307818889618,9.232757806777954,0.015451855
34.35107307067445,187.93971673169446,99.81408233753523,0.3355140686035156,226,166.53835926839244,2270000,0.0691380500793457,0.045648206,5.930386304855347,8.962814331054688,2.7744431495666504,100,-26.95963018608987,3853.6918556690216,9.36769700050354,0.013559998
32.68257113184687,207.74110625201487,110.77984707455035,0.34037113189697266,227,198.42870379386096,2280000,0.06546211242675781,0.071333416,5.871556282043457,8.830071449279785,2.708428382873535,100,26.006126145209645,3862.9457461833954,9.236201763153076,0.04374849
44.946408397367016,193.39560052746882,100.96101192562571,0.335418701171875,228,177.49639650804883,2290000,0.10384011268615723,0.04311641,5.736791372299194,8.668031215667725,2.6655631065368652,100,-52.805028171161524,3872.0692772865295,9.107527017593384,0.005626993
33.01746999992581,198.67448393479023,105.47486182853565,0.3364288806915283,229,164.68987673535185,2300000,0.037039995193481445,0.05486438,5.8390302658081055,8.74538516998291,2.6550939083099365,100,-7.122578199775672,3881.210663318634,9.119148969650269,0.01842554
37.09351631839423,205.70527977126457,109.09360527973173,0.3424689769744873,230,177.43733109869433,2310000,0.06438636779785156,0.04096089,5.879461050033569,8.872768878936768,2.7357406616210938,100,-24.922111999725967,3890.518504858017,9.290452241897583,0.0042684022
36.01590911752285,210.7257061686094,111.6462392329309,0.4300518035888672,231,208.61152059056317,2320000,0.10448336601257324,0.048123624,5.771929502487183,8.69917368888855,2.6721577644348145,100,-11.418130609172556,3899.7702844142914,9.234013080596924,0.019300878
34.452848865744784,225.36831447319898,119.23378917678875,0.3425159454345703,232,199.71095430021808,2330000,0.03206515312194824,0.058485188,5.54694676399231,8.488698482513428,2.6818459033966064,100,30.14937797027551,3908.6567945480347,8.863633632659912,0.027138941
33.035855495031946,218.30842350058455,115.59971575361837,0.31419920921325684,233,201.38686751947657,2340000,0.10865974426269531,0.04659585,5.738682508468628,8.73044753074646,2.7284960746765137,100,13.46839241249778,3917.827706336975,9.153544425964355,0.0150686735
35.38892163646661,215.23563142430822,113.57413521395462,0.3275740146636963,234,209.23919897949165,2350000,0.037012338638305664,0.053659365,5.869525671005249,8.849928855895996,2.7291619777679443,100,-53.359314799300826,3927.059506177902,9.21488356590271,0.016081136
37.57785021661895,201.73296173036115,106.27258645741728,0.3092494010925293,235,184.35706961272214,2360000,0.07280898094177246,0.048008267,5.868863582611084,8.833171367645264,2.7004928588867188,100,-44.718057103670354,3936.294051885605,9.215513467788696,0.010066632
33.96073055773253,229.5754792774732,121.31734272150206,0.3385636806488037,236,198.25656294706536,2370000,0.09112286567687988,0.039544325,5.7192206382751465,8.761756896972656,2.775664806365967,100,-8.44568078615806,3945.50434923172,9.191739797592163,0.007453653
32.98834255592192,224.77108502275692,119.35930136757067,0.34189534187316895,237,190.69561344300655,2380000,0.035723209381103516,0.05950505,5.83470892906189,8.753141403198242,2.6655166149139404,100,41.529774419510964,3954.6514859199524,9.131001949310303,0.026741968
32.222475672435515,235.41893969342328,124.18731029349959,0.336536169052124,238,208.19467361617723,2390000,0.07924747467041016,0.053111378,5.8643105030059814,8.811761379241943,2.6909523010253906,100,16.967140682115225,3963.9012112617493,9.227766036987305,0.025089664
35.37032824607617,225.5554279742785,118.25328636326704,0.5690968036651611,239,197.48478161766792,2400000,0.11425662040710449,0.050112657,5.698627948760986,8.64423394203186,2.6785080432891846,100,-21.348509096014656,3973.262137413025,9.334837436676025,0.016204529
37.14791772715406,216.64251496620133,114.91169676332025,0.4029581546783447,240,196.11704045713236,2410000,0.09633898735046387,0.05421333,5.792744398117065,8.7432119846344,2.6891818046569824,100,-6.281634262830568,3982.5248827934265,9.24324893951416,0.022877706
30.808920785379744,220.19423886524095,116.20089293361525,0.4792661666870117,241,191.5291117230072,2420000,0.11617660522460938,0.056654096,5.943838119506836,8.911298274993896,2.7090137004852295,100,41.76448457356328,3992.0637640953064,9.507185935974121,0.024847751
33.83226618830519,219.46372291214232,115.03304543739883,0.3777890205383301,242,187.64650911928706,2430000,0.1230928897857666,0.061389636,5.81214451789856,8.800324440002441,2.7359306812286377,100,4.017799496049616,4001.385521173477,9.301506280899048,0.028898483
33.63317058029438,213.6282969536317,113.90526395603892,0.45505690574645996,243,189.9879590282651,2440000,0.10094761848449707,0.0505728,5.529220342636108,8.46851897239685,2.6895172595977783,100,9.871884594778901,4010.4305391311646,9.02514362335205,0.01832113
32.69332267937888,233.51391118633265,122.91763563646249,0.3710916042327881,244,195.8288180843205,2450000,0.11316394805908203,0.05735901,5.736374855041504,8.671947002410889,2.6814348697662354,100,37.77838346521229,4019.6074199676514,9.156655073165894,0.022592735
30.348432320305623,229.2797270120471,120.73902024820809,0.3319892883300781,245,185.13362996000018,2460000,0.10166263580322266,0.059818413,5.885798692703247,8.820799827575684,2.6596274375915527,100,40.32175008028377,4028.884536266327,9.258511781692505,0.026174607
29.064669759389545,233.33907186171572,121.39302014022657,0.3299901485443115,246,191.20954567286302,2470000,0.10180449485778809,0.057597328,5.803218126296997,8.734713077545166,2.6678366661071777,100,47.297895663182416,4038.070492744446,9.167150497436523,0.026683314
37.18166358260929,224.94297490033114,117.79723701488005,0.3120882511138916,247,214.1156903614448,2480000,0.06396341323852539,0.06214336,5.870204448699951,8.874404668807983,2.7374727725982666,100,27.874327753459298,4047.347183704376,9.257471561431885,0.026030658
35.36662255762785,239.0795274871641,126.23471396431727,0.3270292282104492,248,202.4205351097432,2490000,0.0952603816986084,0.056679066,5.984357833862305,8.966771602630615,2.731856107711792,100,26.19679809722646,4056.756158351898,9.389286994934082,0.025350207
36.40064415455667,237.148506865154,124.87642892875125,0.3171837329864502,249,198.44104825635813,2500000,0.07050085067749023,0.06332345,5.658363580703735,8.665912866592407,2.722407341003418,100,17.4881100977856,4065.8284726142883,9.054003715515137,0.025901532
34.07245405970103,235.94070496761915,124.09179441198177,0.3314228057861328,250,208.25571068747462,2510000,0.03787040710449219,0.046053544,5.954281806945801,8.945937633514404,2.7124862670898438,100,-38.43759135396933,4075.1607387065887,9.315603971481323,0.015507086
36.118503792202105,236.95467874701558,123.2458813570888,0.3361194133758545,251,209.49220154870926,2520000,0.04655790328979492,0.06288055,5.918033599853516,8.844423770904541,2.672095775604248,100,36.57671520525042,4084.406951904297,9.227545738220215,0.03255473
36.097486907326015,235.8746192154749,122.20294011147182,0.397550106048584,252,209.73424291984327,2530000,0.1240227222442627,0.056515906,5.806705951690674,8.77420949935913,2.6698572635650635,100,32.21556309184127,4093.722986936569,9.296579360961914,0.026980877
33.86192459446766,244.4399486650429,127.8379899609674,0.32671666145324707,253,216.86431441290443,2540000,0.07524514198303223,0.070131324,5.865904331207275,8.765019416809082,2.636786460876465,100,32.15433475586239,4102.911751031876,9.168694257736206,0.04354816
34.53619731093398,241.67618696629614,125.2948946556002,0.4233229160308838,254,203.1943538880578,2550000,0.06464838981628418,0.066734016,5.7319722175598145,8.651856660842896,2.6537976264953613,100,3.5334989946121005,4112.069900512695,9.140147924423218,0.03966801
37.89459701306353,237.63561219687938,122.79461218362889,0.32882046699523926,255,207.94710172369807,2560000,0.07362842559814453,0.051661737,5.884952068328857,8.787855863571167,2.6508212089538574,100,37.670417968582505,4121.291778326035,9.19060492515564,0.02152769
34.105903799797666,233.88495232508416,121.78162480492351,0.3072779178619385,256,193.26083732379553,2570000,0.08885002136230469,0.052218925,5.767749071121216,8.693018674850464,2.666027069091797,100,5.526024903433181,4130.395699739456,9.089805126190186,0.021897724
40.76532941119243,253.32777127366637,130.85494839389455,0.319080114364624,257,214.80796929515157,2580000,0.06264591217041016,0.060994923,5.924429416656494,8.903176307678223,2.7185258865356445,100,20.810319916855914,4139.699803113937,9.28675627708435,0.03345678
33.763482007178354,252.99980889433706,131.12129378668598,0.34456801414489746,258,205.0469370916231,2590000,0.06774735450744629,0.060240686,5.8792335987091064,8.817009925842285,2.678905487060547,100,31.79110782069808,4148.950420379639,9.232073068618774,0.03164799
35.65357449703312,259.22235683075456,135.79788330658837,0.31851625442504883,259,216.72350879315007,2600000,0.07389974594116211,0.062407568,5.845375061035156,8.838844776153564,2.72896671295166,100,19.98841610689121,4158.202769517899,9.23620080947876,0.032334637
39.252704236290036,252.22176869417956,131.4869693909238,0.3289828300476074,260,219.16791357398358,2610000,0.0656735897064209,0.044194832,5.881577491760254,8.808531522750854,2.6555240154266357,100,3.9233656796903222,4167.42285490036,9.203463315963745,0.009100494
39.0297058129036,255.25302381716486,133.22679409295327,0.332963228225708,261,213.46131385491026,2620000,0.09004569053649902,0.04552998,5.82409930229187,8.747522830963135,2.6681554317474365,100,32.218199564977674,4176.612697124481,9.17120885848999,0.014206598
40.93330971636092,247.26788648944316,128.1124375360785,0.3380849361419678,262,221.1938735286298,2630000,0.0612947940826416,0.051046282,5.882279396057129,8.927597999572754,2.77750301361084,100,4.080767317745211,4185.964655637741,9.327694416046143,0.021527885
36.42736618775074,263.08197381734226,137.62967202620487,0.32280826568603516,263,227.62531938916814,2640000,0.0914309024810791,0.0519244,5.9424216747283936,8.995166301727295,2.781341791152954,100,21.194919187069015,4195.391724348068,9.409647703170776,0.024234084
31.421906629942395,248.58011034998322,129.53883618631588,0.3109893798828125,264,199.70794082480685,2650000,0.0776968002319336,0.061605364,5.9051148891448975,8.87321662902832,2.694946765899658,100,44.74725796194646,4204.673741817474,9.262306451797485,0.03347179
34.76993071622175,244.76103057722767,127.62826484525708,0.297443151473999,265,196.0637844859258,2660000,0.08922100067138672,0.04873148,5.752817869186401,8.666366577148438,2.6535885334014893,100,43.47445776214205,4213.7466695308685,9.053338527679443,0.0226919
36.5081721389159,258.9222001901217,134.87693404423982,0.3271803855895996,266,224.52141479258276,2670000,0.08034658432006836,0.04288178,5.735800504684448,8.665322542190552,2.6651413440704346,100,11.108299248989418,4222.838284492493,9.073069095611572,0.0068185944
37.407289809096056,248.51174226173853,128.99841523472577,0.3448469638824463,267,244.9939273872515,2680000,0.036720991134643555,0.06739502,5.952146053314209,8.931572675704956,2.705007553100586,100,23.70408209272521,4232.170378684998,9.313451290130615,0.04153751
39.22536248520645,260.96013711626614,135.2115143930034,0.4093489646911621,268,216.94929619863984,2690000,0.11125922203063965,0.042512562,5.8127665519714355,8.749629497528076,2.669003486633301,100,8.522052162842359,4241.4622938632965,9.271467685699463,0.017444
34.09242320477365,269.16198482930645,140.15327686891294,0.33247995376586914,269,218.34013584113566,2700000,0.06719756126403809,0.061518133,5.765577554702759,8.702734470367432,2.6857998371124268,100,50.97405170234236,4250.584671020508,9.102833986282349,0.031829823
33.20142440290773,272.4150567105405,141.72080885467875,0.3213369846343994,270,218.4196867374149,2710000,0.06671309471130371,0.052451134,5.938405752182007,8.926924467086792,2.705742835998535,100,58.48405120848081,4259.918416500092,9.315354347229004,0.01697538
33.27376755202935,259.3376094560128,135.18603251458018,0.31273746490478516,271,217.4979605787379,2720000,0.09810233116149902,0.065972224,5.900430679321289,8.87871503829956,2.7122976779937744,100,59.30802967033119,4269.225546598434,9.289794445037842,0.03744155
35.033980889456316,255.0235540992219,131.469473283599,0.3290252685546875,272,199.94557214741144,2730000,0.11190366744995117,0.058176063,5.883295059204102,8.880770921707153,2.7311277389526367,100,44.903457898963275,4278.570073127747,9.324498176574707,0.02674509
38.64467665279919,253.79742152320566,131.29508998020924,0.2825782299041748,273,215.0318448968503,2740000,0.08620738983154297,0.05704572,5.777554273605347,8.784780979156494,2.7492294311523438,100,23.108273598797645,4287.74307179451,9.154041767120361,0.026243603
38.97761254974957,260.03073730942896,135.55793847986047,0.2857515811920166,274,222.37359838300054,2750000,0.04764842987060547,0.039542858,5.077994108200073,7.815511465072632,2.4991295337677,100,-45.31415308216894,4295.911046743393,8.150336742401123,0.011566202
34.434773118234894,258.37292395979233,135.6026715567884,0.27716875076293945,275,208.52987686956882,2760000,0.03881502151489258,0.06446677,4.7501304149627686,7.3620359897613525,2.3861539363861084,100,49.79637478869834,4303.607266426086,7.678265571594238,0.0348349
39.751731636008735,253.91386667308515,132.22766534880702,0.2650480270385742,276,218.4433502627017,2770000,0.05903172492980957,0.049313538,4.755909442901611,7.384011268615723,2.39542293548584,100,-34.99532108400888,4311.3327078819275,7.708415269851685,0.014926736
46.79296523359478,245.7314775692249,129.27690353022075,0.26363348960876465,277,223.28567985046215,2780000,0.0686635971069336,0.04791604,4.737427234649658,7.39651083946228,2.4204931259155273,100,-144.75233110597478,4319.080455303192,7.731194972991943,0.013495364
33.1866431707953,268.27364888518974,139.76728976102723,0.3041720390319824,278,211.0129907652597,2790000,0.0958254337310791,0.06491317,4.700486898422241,7.325771331787109,2.3922059535980225,100,61.41909867308206,4326.822096824646,7.7260096073150635,0.03137876
36.55729851899583,271.6792505243247,141.79760139885386,0.29824399948120117,279,212.03784402082277,2800000,0.06818032264709473,0.049353775,4.732735872268677,7.343982696533203,2.381725311279297,100,-0.8053198226501057,4334.5628089904785,7.71082067489624,0.018348107
38.66260555579322,256.5690709259907,135.59486150832046,0.39635396003723145,280,224.08657571384595,2810000,0.04098987579345703,0.04638105,4.7016682624816895,7.339541435241699,2.4015207290649414,100,29.63761415751314,4342.370903253555,7.783185720443726,0.0119614415
33.158839156023674,253.27913471765498,132.5395805321424,0.37389492988586426,281,236.00132176837042,2820000,0.10622668266296387,0.04770869,4.6616551876068115,7.289209842681885,2.399142026901245,100,37.028291851906936,4350.161086797714,7.76981258392334,0.0143761765
35.00641637183684,251.72418102962155,130.918486116475,0.3317399024963379,282,201.1252111900514,2830000,0.09369182586669922,0.052453194,4.798628091812134,7.529967546463013,2.4929134845733643,100,4.738856168181326,4358.134728431702,7.955657720565796,0.01834003
36.87165985889226,268.40672140476386,141.16576640812755,0.43747782707214355,283,228.04168434387535,2840000,0.0520930290222168,0.058592107,4.629884719848633,7.335981607437134,2.472007989883423,100,31.16914266214779,4365.980673313141,7.8259546756744385,0.02960329
36.814206241099605,277.18260884440696,145.07954223473376,0.31777143478393555,284,227.53952525528092,2850000,0.049971580505371094,0.049945436,4.710820913314819,7.4150917530059814,2.46681809425354,100,31.074174508740633,4373.783967256546,7.78308892250061,0.0188433
34.607147090458845,256.8104020225466,135.66320602073205,0.288602352142334,285,201.6226934439105,2860000,0.03240036964416504,0.06571679,4.74578070640564,7.45148777961731,2.4676084518432617,100,20.899879594339097,4381.571622133255,7.772731304168701,0.03879801
40.770824805360526,256.92486911177554,134.82302086152637,0.271648645401001,286,224.70012855784663,2870000,0.044233083724975586,0.051790297,4.783618211746216,7.526883602142334,2.497015953063965,100,5.399700112422716,4389.431350231171,7.843013763427734,0.014623319
34.66417722614479,258.8274455690703,135.6658705814356,0.28722572326660156,287,220.22359854327735,2880000,0.04015207290649414,0.054804713,4.7746422290802,7.484983921051025,2.4750165939331055,100,25.3972879442812,4397.259519815445,7.812720537185669,0.023256138
41.104942005642194,272.2108216174387,142.98738156044521,0.2786109447479248,288,252.87003467738558,2890000,0.043344974517822266,0.05536732,4.745142936706543,7.493438482284546,2.4915833473205566,100,48.768103462230336,4405.091222286224,7.815762281417847,0.025315627
37.26212012237879,255.02228550472358,133.75520898483887,0.26985740661621094,289,210.48431798516916,2900000,0.10578274726867676,0.05693313,4.832461833953857,7.56562876701355,2.481701374053955,100,20.971103304793616,4413.049212932587,7.941498041152954,0.026493946
34.66736950712664,279.9457223826279,146.24912933578926,0.22808480262756348,290,217.15209987839546,2910000,0.09358859062194824,0.051682457,4.793379783630371,7.518617391586304,2.4867594242095947,100,44.99891008324276,4420.908402681351,7.84053897857666,0.025915299
34.25909385597078,261.91041425083773,137.4271157300571,0.23874759674072266,291,213.90436829326586,2920000,0.09733343124389648,0.047944054,4.660679817199707,7.327173948287964,2.4325997829437256,100,30.851368950765558,4428.5881106853485,7.663472890853882,0.017252654
40.47327169200201,249.2092113902571,131.55271066241582,0.2680966854095459,292,206.25368660854403,2930000,0.06863975524902344,0.047983386,4.547821521759033,7.2229084968566895,2.43861722946167,100,-12.452466584734115,4436.165576457977,7.559878349304199,0.019459493
38.68817369535608,259.45460077496386,134.69584516134674,0.2520754337310791,293,217.37852979686681,2940000,0.05451178550720215,0.048901238,4.535972356796265,7.241576433181763,2.4699530601501465,100,26.78132455867102,4443.730554103851,7.5485453605651855,0.015964758
39.4853543329525,255.5877905786848,133.30377972317228,0.2293233871459961,294,205.55129603753974,2950000,0.07924246788024902,0.04817709,4.580114364624023,7.245621919631958,2.4266796112060547,100,-9.204944377688873,4451.299724578857,7.5544047355651855,0.021415478
32.0528095368379,265.0401306526378,137.08440486570092,0.2290329933166504,295,204.97617734321312,2960000,0.0444493293762207,0.06069079,4.580141067504883,7.249014377593994,2.4338691234588623,100,53.01622610991705,4458.838530778885,7.52272629737854,0.026773062
36.55774757785471,260.39130315566536,135.75819569668226,0.24053955078125,296,229.60526544675213,2970000,0.04158949851989746,0.04295859,4.570728540420532,7.30214786529541,2.4885051250457764,100,-8.436097940083492,4466.4366953372955,7.584503650665283,0.012719659
38.26942109215782,265.00424747948114,138.15204367951318,0.231675386428833,297,259.1175884716184,2980000,0.04254961013793945,0.055798035,4.573777914047241,7.308349132537842,2.4915411472320557,100,50.612930605099066,4474.034563064575,7.58293890953064,0.02290711
33.63173533046462,255.82885581837792,132.45827606735017,0.2207479476928711,298,205.23074007242494,2990000,0.044664621353149414,0.060085766,4.566469192504883,7.335734844207764,2.519339084625244,100,18.095099109197132,4481.651748180389,7.601379871368408,0.031795785
43.719657778651026,249.0744218153294,128.72487085847052,0.19417738914489746,299,226.23300486059037,3000000,0.04361152648925781,0.048024498,5.055702209472656,8.075765371322632,2.754734992980957,100,-11.468327654650533,4489.979405403137,8.313863754272461,0.013840417
