train-AverageDiscountedReturn,train-MaxReturn,train-PolicyExecTime,train-NumTrajs,Time-Sampling,ItrTime,LossAfter,n_timesteps,Time-Optimization,Time-SampleProc,LossBefore,train-StdReturn,Time,train-EnvExecTime,train-AverageReturn,train-MinReturn,Itr
-163.13845473809013,136.09648903147692,165.53749871253967,100,171.4292278289795,179.59831070899963,-1.4139241,10000,8.146039962768555,0.022293806076049805,-0.016805055,64.64765127471362,179.59831404685974,5.414056062698364,-68.60589246321206,-157.68516874455423,0
320.8190714333054,202.58187994379563,161.7852976322174,100,167.69384288787842,170.752051115036,-0.79970664,20000,3.031484842300415,0.025140047073364258,-0.021596607,12.464536156834791,350.44605016708374,5.446465730667114,176.60369930491325,147.35926966081925,1
235.29040810867352,169.0693203340504,158.82871055603027,100,164.6014769077301,167.73606872558594,-0.27554667,30000,3.1139349937438965,0.019997835159301758,-0.0010371803,9.332179477246164,518.2084980010986,5.321158409118652,133.97354993587425,117.6214989610959,2
183.65610112612038,144.2243778619466,158.38323307037354,100,163.96279668807983,167.2201108932495,-0.5343155,40000,3.2361679077148438,0.019635915756225586,-0.0014741577,26.3794746056931,685.4704930782318,5.125234365463257,106.87976228004432,5.77322584267156,3
176.49159098885914,156.63864828918082,158.93189644813538,100,164.43583583831787,167.3825650215149,-0.8424793,50000,2.8923089504241943,0.053755998611450195,0.035212867,34.2568556880566,852.876188993454,5.061113119125366,101.75797278365924,-18.437159189743916,4
150.50576250173506,222.93435733792828,161.89064717292786,100,167.31663012504578,170.93510007858276,-0.96908885,60000,3.5964410305023193,0.020544052124023438,-0.002050891,54.03513320960442,1023.8327481746674,4.954423666000366,88.51268140893787,-51.35435748799595,5
228.42979485466716,222.1454553003948,159.59438252449036,100,164.93330574035645,167.66456985473633,-0.6664354,70000,2.7113840579986572,0.019491910934448242,0.000115942385,50.29249971192733,1191.521359205246,4.898524761199951,122.47563898007829,-4.387265895548258,6
275.7273954088253,193.67074775134802,170.69965744018555,100,176.4306881427765,180.042711019516,-2.3235867,80000,3.5861918926239014,0.024328947067260742,-0.0057615493,26.92217718644246,1371.5836260318756,5.2163519859313965,146.46937691717307,53.08782549815452,7
282.1503586260715,200.60064917338877,163.62227964401245,100,169.1455841064453,172.394513130188,-5.3977637,90000,3.223637819290161,0.023771047592163086,-0.008983524,33.6031499136354,1544.0010800361633,5.049513101577759,150.82682608346587,-5.589374649852722,8
210.96862030932382,188.17179959278616,146.2864089012146,100,151.56459879875183,154.33570885658264,-5.385044,100000,2.7469069957733154,0.02277684211730957,0.02683407,38.72513977512088,1698.3602492809296,4.842438697814941,116.42404087228832,-51.89216099347926,9
157.3029248176701,151.58821957455896,147.80388498306274,100,153.26638102531433,156.43691682815552,-15.4964075,110000,3.1470017433166504,0.022855043411254883,0.006107666,30.059413633784324,1854.8196370601654,4.880186080932617,90.04397130741357,7.3535480789075605,10
55.41564125744565,132.8245067651054,151.71595811843872,100,157.11752796173096,159.8098771572113,-12.02653,120000,2.6689200401306152,0.02176070213317871,0.015780762,32.152272706161206,2014.6573860645294,4.958497762680054,40.02785239407065,-20.281792234679465,11
-65.40640470231571,38.611462786125244,158.18661522865295,100,163.59765911102295,168.1200430393219,-13.480388,130000,4.503504991531372,0.01828312873840332,0.008280408,23.66647779041302,2182.8008930683136,4.973275661468506,-23.399386746373647,-102.60192669475809,12
-160.32220872994583,-9.34152035986658,167.86617517471313,100,173.23101782798767,176.24003505706787,-7.5548573,140000,2.9862520694732666,0.021371126174926758,0.011624255,30.822799598824844,2359.062977075577,4.922924757003784,-75.10161324794237,-177.83004247193364,13
-291.6335095714044,-25.861312105632244,257.6209852695465,100,263.76264810562134,268.63537311553955,-24.439816,150000,4.772426128387451,0.09873676300048828,-0.0058496553,42.19848923371667,2627.774673938751,5.607639789581299,-138.6998012878552,-192.2644511505975,14
-60.167312023377335,-7.424227392728028,478.8226099014282,100,486.0423650741577,492.6226999759674,-7.5953116,160000,6.385130882263184,0.19327402114868164,-0.019500444,1.558538184857328,3120.4281611442566,6.466892242431641,-11.829819898696508,-14.419493497324744,15
-30.19980976892394,-0.3417002604745245,338.76718378067017,100,345.31499910354614,353.5425560474396,-12.167851,170000,7.940431118011475,0.279263973236084,-0.011965608,1.7688084626094331,3474.592511177063,5.93287205696106,-3.7517122833955017,-8.5734046497574,16
-105.38739307331267,-26.13743433562831,209.00150990486145,100,214.23465085029602,218.27195596694946,0.421551,180000,4.008073806762695,0.028644084930419922,-0.0013594864,3.9685892751013383,3692.8969161510468,4.783208608627319,-32.5300421893262,-41.30236630319929,17
-121.19448562559724,-33.64733984397667,191.54489970207214,100,196.5668420791626,199.42202615737915,-0.3404918,190000,2.8288090229034424,0.024926185607910156,0.0007412796,4.0512435322816645,3892.3413529396057,4.59621262550354,-40.75550384452508,-51.17820066139069,18
-131.19122266901007,-33.78045290794289,181.76104497909546,100,186.66050100326538,189.42771816253662,-1.2240766,200000,2.7433488368988037,0.022287845611572266,0.012843631,5.728390381502725,4081.790521144867,4.483165502548218,-46.09454780355294,-58.563336022466586,19
-173.79587391188696,-54.43790391855369,173.7994828224182,100,178.68937301635742,181.42525005340576,-4.2762494,210000,2.702338218688965,0.03221392631530762,-0.012653088,7.28554822047443,4263.238252162933,4.485759496688843,-65.8417682826522,-92.53201399248174,20
-131.6499585773115,-38.101015138978475,171.88304209709167,100,177.08632683753967,179.81193900108337,-8.2879095,220000,2.6984410285949707,0.025869131088256836,0.031313483,3.4073953419894645,4443.07243514061,4.7733001708984375,-44.32734865011555,-53.11249339980366,21
-131.69245828284562,-38.81718145756139,178.27075505256653,100,183.63366603851318,187.29174399375916,-5.0067787,230000,3.419276714324951,0.23702502250671387,0.027818872,3.535684740798335,4630.38655424118,4.873525857925415,-44.32193737904191,-53.17990140599425,22
-132.9946115193293,-38.28262853242616,177.47059106826782,100,182.71616387367249,185.63971495628357,-2.4440644,240000,2.883868932723999,0.03922104835510254,0.01629422,3.5817808226157064,4816.10528421402,4.824560642242432,-44.831030828272176,-51.681330159571274,23
-131.9730355519406,-38.19953589995574,175.90041327476501,100,181.04025506973267,184.42343616485596,-1.0405905,250000,3.3587770462036133,0.02306389808654785,-0.0027365624,3.3895829494096303,5000.549518108368,4.732978105545044,-44.44658763542003,-52.00861714295122,24
-131.42235192969147,-38.732691472481235,181.55508375167847,100,186.79449701309204,189.7582290172577,-0.56852335,260000,2.9407660961151123,0.02152705192565918,0.005524234,3.5851205162422373,5190.33013010025,4.833775758743286,-44.20168429285467,-52.25347760600778,25
-132.19810961276602,-38.53747006047228,192.61636519432068,100,197.7181749343872,200.81291699409485,-0.45642227,270000,3.075042963027954,0.018402099609375,0.0023294967,3.7314887949030946,5391.186242103577,4.692613840103149,-44.58587540184635,-52.98909689291173,26
-132.41133668660473,-39.04751417955926,201.73515343666077,100,206.89250302314758,210.26996207237244,-0.3481045,280000,3.354149103164673,0.02166914939880371,0.019656891,3.6731121378085474,5601.477406024933,4.750249862670898,-44.6178264808871,-52.73514398749874,27
-132.93542808664859,-38.927005249206196,207.53670859336853,100,212.7005660533905,216.20409178733826,-0.3106709,290000,3.480695962905884,0.02217888832092285,0.006156,3.8218065440291937,5817.700527906418,4.757675409317017,-44.82594234235653,-51.486331399530805,28
-131.41460702875628,-38.48774978990588,214.19029307365417,100,219.37362599372864,224.75748205184937,-0.25819698,300000,5.362550973892212,0.019919157028198242,0.0052973144,3.7508286843611556,6042.479111909866,4.7820188999176025,-44.15135672606359,-53.17919738776111,29
-132.1431511132336,-38.25042280812806,213.14621448516846,100,218.2668662071228,222.77324271202087,-0.19271359,310000,4.486807107925415,0.01823902130126953,-0.008499637,3.971193237780312,6265.273267030716,4.713845729827881,-44.47044464383384,-54.531849161026315,30
-132.30027379519973,-37.07054241816192,234.3054234981537,100,240.4899458885193,244.54356408119202,-0.14696272,320000,4.005453109741211,0.04727578163146973,0.0010529999,3.5948106451174713,6509.837441205978,5.706459999084473,-44.527054060419104,-53.02944379966468,31
-132.36576326106666,-39.460082335176246,208.74480724334717,100,213.8637387752533,217.0656898021698,-0.123752415,330000,3.1734979152679443,0.026222705841064453,-0.0072364016,3.993066057189421,6726.93364906311,4.70989990234375,-44.56687274795635,-53.09959550604543,32
-131.62359160160534,-38.228911903570776,209.6732349395752,100,214.89003109931946,219.2448971271515,-0.095721945,340000,4.331783771514893,0.02268695831298828,-0.003799724,3.7517213448499915,6946.200642108917,4.791760206222534,-44.27291229618098,-52.425692287692826,33
-133.2079349443816,-38.542640775230254,248.59613633155823,100,253.83763098716736,258.0878701210022,-0.08070731,350000,4.21687912940979,0.031957149505615234,-0.010279866,3.751456312654521,7204.306778907776,4.8180553913116455,-44.92867660449826,-52.54759059551756,34
-129.85106609524146,-37.24480430117037,208.13295364379883,100,213.34842324256897,216.546391248703,-0.051381275,360000,3.1748650074005127,0.022703886032104492,0.018825196,3.3468024206140576,7420.873651027679,4.803552150726318,-43.58572321326917,-51.55197703778811,35
-130.86316180911373,-38.718379323189104,210.95287775993347,100,216.0537359714508,219.45695209503174,-0.05673153,370000,3.348095178604126,0.04565238952636719,0.0038350953,3.2393083326305017,7640.351003885269,4.696306943893433,-44.00786799925384,-53.65114257063383,36
-132.2109703969314,-37.72656738351073,206.4845952987671,100,211.67199420928955,215.1257610321045,-0.062095396,380000,3.32438588142395,0.1279890537261963,-0.007820239,3.754878858103262,7855.4975209236145,4.782163619995117,-44.55095233531033,-51.92387816815553,37
-131.64587852993162,-38.044180171593084,212.34867787361145,100,217.46112895011902,220.6133372783661,-0.022826336,390000,3.125192165374756,0.02483987808227539,0.020070294,3.6663379871272777,8076.1331169605255,4.705515146255493,-44.368976352896304,-53.834583071878434,38
-132.72467503883846,-38.8565269917279,223.96641778945923,100,229.18799209594727,232.42396092414856,-0.05466624,400000,3.197925090789795,0.03463292121887207,-0.017265158,3.531342828232482,8308.578628063202,4.807875156402588,-44.71456824802399,-52.00670045755765,39
-131.9327930123653,-39.28919241351851,227.46118807792664,100,232.57775688171387,236.10737800598145,-0.035845533,410000,3.5064430236816406,0.0227968692779541,0.00083755644,3.4719500642134093,8544.709838151932,4.707918882369995,-44.424375180925125,-53.24161828626094,40
-131.63331025529854,-37.79888484266307,223.08578991889954,100,228.19870495796204,231.80507588386536,-0.03525346,420000,3.5834691524505615,0.0225679874420166,0.0044135773,3.6133710409399384,8776.540209054947,4.699665069580078,-44.3391769995883,-53.69717273596777,41
-132.57070064548145,-37.70397620774796,224.4976716041565,100,229.6928641796112,233.19870686531067,-0.029125843,430000,3.4772369861602783,0.028268098831176758,0.015074008,3.9368679186290616,9009.760661125183,4.785540819168091,-44.65821629528421,-52.60354435968927,42
-132.52041798840133,-39.058908305382616,228.6363914012909,100,233.7978057861328,237.18001294136047,-0.03606625,440000,3.3616111278533936,0.019256114959716797,0.0040129106,3.783948419730641,9246.961169958115,4.748821020126343,-44.64068774082122,-53.172215114809305,43
-132.8309807576746,-38.41844441037091,216.46716952323914,100,221.6285171508789,224.76907181739807,-0.03674859,450000,3.1187350749969482,0.021092891693115234,0.0037221375,3.5381076088389194,9471.75179195404,4.7466771602630615,-44.79836598573778,-52.45366064222212,44
-132.65400021535842,-38.695329987063836,202.61404299736023,100,207.83876490592957,210.81694197654724,-0.06196921,460000,2.9541518688201904,0.0211489200592041,-0.009514261,3.5093147088604795,9682.590302944183,4.819978475570679,-44.74861690560958,-54.209710909165075,45
-131.50400474915682,-35.03924555001603,202.7255220413208,100,207.9164559841156,211.3815999031067,-0.06597097,470000,3.267733097076416,0.1950979232788086,-0.010560794,3.424595886740867,9893.993209123611,4.771529674530029,-44.26443881799803,-52.88048406358962,46
-132.0514799589158,-38.89940034543919,199.26032257080078,100,204.57116413116455,207.56450080871582,-0.072375186,480000,2.9705452919006348,0.022071123123168945,-0.018457739,3.3490739361505457,10101.610569000244,4.881412982940674,-44.44708506339427,-50.931839407737385,47
-132.71944695973366,-39.987660344317064,183.21065855026245,100,188.32694506645203,191.43620204925537,-0.025485301,490000,3.0334787368774414,0.07539606094360352,0.015400669,3.6885013787548986,10293.069077014923,4.70711612701416,-44.726161016220146,-53.89597458182358,48
-130.57127590121397,-37.96102939074951,191.6753695011139,100,196.86918115615845,200.22204780578613,-0.046247825,500000,3.3264830112457275,0.024441003799438477,0.0013061066,3.1122177785440934,10493.309302091599,4.790198564529419,-43.917206270272956,-52.46005109236946,49
-132.87138854593394,-37.32165029363302,201.16084265708923,100,206.31648898124695,209.79998898506165,-0.06242387,510000,3.464805841445923,0.01733088493347168,-0.0012061889,3.9204179186229493,10703.1305270195,4.751132249832153,-44.82889746269356,-52.96746293370171,50
-131.60605321369977,-36.42756674216875,211.30816459655762,100,216.52181100845337,219.6527030467987,-0.04815365,520000,3.1109039783477783,0.018495798110961914,0.021030126,3.6239109110102232,10922.806133031845,4.810241937637329,-44.30117414261217,-52.558790866539766,51
-132.65722545617677,-38.556395925511254,220.93703436851501,100,226.1588659286499,229.80477690696716,-0.06197097,530000,3.593216896057129,0.02556014060974121,-0.00024044495,3.5967032622598625,11152.632405042648,4.7925941944122314,-44.73711473130615,-52.628959688332586,52
-132.18385696668966,-38.89473195107238,223.89793038368225,100,229.03266286849976,232.3023271560669,-0.060796484,540000,3.2458200454711914,0.022450923919677734,0.0122829955,3.5267794925773948,11384.957267045975,4.726312875747681,-44.523398126125834,-51.94565747770194,53
-131.87733684273528,-37.76287241781134,233.2032299041748,100,238.38086104393005,242.05552625656128,-0.09207052,550000,3.5480940341949463,0.12526226043701172,-0.018802783,3.345186027293268,11627.034123182297,4.768000364303589,-44.41206987131409,-52.370038216121685,54
-131.50866971779908,-38.72096578237941,241.39193105697632,100,248.1314356327057,252.15304398536682,-0.05962716,560000,3.9471230506896973,0.059860944747924805,0.0071969214,3.5647598974767516,11879.20612001419,6.26546311378479,-44.24455136632171,-53.159857322657956,55
-131.64357124931348,-38.29168334133159,236.80657505989075,100,242.0615200996399,246.52312684059143,-0.0990808,570000,4.409028053283691,0.05212211608886719,-0.0020855125,3.393690225306413,12125.760270118713,4.807636022567749,-44.31241856094447,-53.892610007407804,56
-133.4549467298731,-38.433461027747995,234.88623094558716,100,240.09843516349792,244.85567378997803,-0.08726294,580000,4.555409908294678,0.20124387741088867,-0.0064391554,3.6504655426323094,12370.6343832016,4.799206256866455,-45.0457315345402,-53.372209905944715,57
-132.04228239351795,-38.64090541173642,222.9833948612213,100,228.1901261806488,231.54614090919495,-0.09047876,590000,3.316666841506958,0.03896498680114746,-0.0038595642,3.658320154735582,12602.20291519165,4.797282695770264,-44.45805538633005,-52.273019530064175,58
-129.23195093517762,-37.76732370997504,213.20630311965942,100,218.40484881401062,221.84126687049866,-0.104592465,600000,3.3702268600463867,0.06487512588500977,0.0028012407,3.240439745350563,12824.063668966293,4.7802345752716064,-43.36551396765399,-53.134858735216525,59
-132.7997283058635,-38.027623545596086,203.44480228424072,100,208.63629531860352,211.59077715873718,-0.14617132,610000,2.9342691898345947,0.018770217895507812,-0.032028202,3.423876638787504,13035.677212953568,4.781340837478638,-44.734985079703165,-53.114943516054275,60
-132.75656410321307,-36.998457491777316,199.237544298172,100,204.53130888938904,207.81801795959473,-0.11077366,620000,3.264232873916626,0.021017074584960938,8.14743e-06,3.693692243585911,13243.516533136368,4.880604028701782,-44.74232112610047,-52.302604787537064,61
-132.72452701321637,-39.04440788920412,194.21899032592773,100,199.58091807365417,202.82603287696838,-0.10309691,630000,3.223655939102173,0.02004098892211914,0.008178021,3.2578740342135086,13446.363815069199,4.952609300613403,-44.71922482373061,-51.60144382823327,62
-131.13202798927722,-37.738040044122585,185.43804144859314,100,190.74280500411987,193.79058194160461,-0.12601873,640000,3.02253794670105,0.02376413345336914,-0.012145341,3.382978549208823,13640.176409244537,4.889241695404053,-44.12825935007515,-51.78369801898292,63
-130.818676841016,-38.0090195183702,190.82955408096313,100,196.1347348690033,200.56063318252563,-0.107663475,650000,4.40484619140625,0.020653963088989258,-0.004498967,3.083214546572207,13840.759157180786,4.896041393280029,-43.93840139677819,-51.73395077361489,64
-132.03900795509892,-37.45403343811787,193.34678292274475,100,198.46840572357178,201.43852400779724,-0.111956485,660000,2.949683904647827,0.01904892921447754,0.006603933,3.5213636951617313,14042.218860149384,4.712350130081177,-44.47516648803499,-52.23969253737703,65
-130.65428321989737,-38.15627938688116,204.0256757736206,100,209.21320581436157,213.8140091896057,-0.12485709,670000,4.579699993133545,0.019752979278564453,-0.0004133972,3.2331418480756433,14256.116873979568,4.7806501388549805,-43.962033553703534,-52.02277697552606,66
-133.6628224123915,-35.797229115835286,213.07231187820435,100,218.29836177825928,221.50465297698975,-0.1409162,680000,3.180652141571045,0.02474188804626465,-0.0020311463,3.6103206820078344,14477.640964269638,4.8221940994262695,-45.09596701570373,-53.62960132968049,67
-131.6549198070348,-36.43353342493791,216.0748791694641,100,221.23616576194763,224.9817180633545,-0.18648005,690000,3.7228949069976807,0.022283077239990234,-0.014056684,3.6188792663232485,14702.643203258514,4.757201194763184,-44.30009299352588,-53.90857539068235,68
-133.21652334359834,-39.83076097625643,227.98155665397644,100,233.18505907058716,237.50807404518127,-0.20100147,700000,4.3026628494262695,0.018919944763183594,0.011336354,3.571297323723794,14940.172707080841,4.773270130157471,-44.94375525533032,-52.862290004688916,69
-130.23664561137602,-37.85518624186321,222.5382044315338,100,227.76478385925293,231.05225086212158,-0.18766949,710000,3.2633578777313232,0.022613048553466797,0.014473807,3.287493297861755,15171.244207143784,4.787015199661255,-43.72569564239513,-51.544110570119976,70
-132.0256049438129,-38.64473260902126,215.972149848938,100,221.0750229358673,225.64312601089478,-0.29825038,720000,4.544453859329224,0.022190093994140625,-0.009180186,3.4697298167624506,15396.908514022827,4.699650526046753,-44.49718474837986,-52.60606223889182,71
-131.810027747062,-38.45349743034869,215.77163100242615,100,220.9558229446411,225.5731818675995,-0.37595978,730000,4.5768351554870605,0.037033796310424805,0.009346038,3.491777143493745,15622.502324104309,4.776899337768555,-44.36869632366647,-53.39796393827613,72
-132.71220371092667,-38.542818691316775,202.29743766784668,100,207.40526008605957,210.17653703689575,-0.4270353,740000,2.7496657371520996,0.020282983779907227,0.0019434661,3.812056388709227,15832.698627233505,4.6955037117004395,-44.74999359779954,-52.64173348485281,73
-132.14745811121887,-37.74092931132161,204.91367387771606,100,210.08741402626038,213.49581599235535,-0.5413828,750000,3.3869881629943848,0.019652128219604492,-0.024736796,3.7962011508798823,16046.216607093811,4.758687973022461,-44.48948040447664,-52.3708359120793,74
-131.46916716458142,-38.20503779175526,209.43498492240906,100,214.56617426872253,219.65642523765564,-0.71356416,760000,5.072412967681885,0.017417192459106445,0.00859299,3.456199627941191,16265.894659042358,4.724597454071045,-44.29270130383706,-53.41457512831677,75
-131.74181475194996,-37.98237731910723,211.5484709739685,100,216.69100213050842,220.25633096694946,-0.9238001,770000,3.543379068374634,0.019814014434814453,0.015426579,3.3865419594482575,16486.174126148224,4.736963272094727,-44.36217078228662,-52.366352593642574,76
-131.6770173257862,-38.37127258308007,223.74014592170715,100,228.94627618789673,233.3779489994049,-1.235265,780000,4.411946058273315,0.0183107852935791,-0.009177402,3.368575217103979,16719.57395219803,4.795289516448975,-44.339211142295404,-52.37539046460285,77
-131.34299513498078,-37.78193518201199,219.7232060432434,100,224.93726801872253,227.8263680934906,-1.3673941,790000,2.8629231452941895,0.02101302146911621,-0.019522257,3.7992972181433635,16947.41944003105,4.805367946624756,-44.182881642941595,-51.88183197032499,78
-132.4805713121398,-39.49506462768986,209.81706404685974,100,214.96998405456543,218.68966221809387,-1.6529918,800000,3.694438934326172,0.0195159912109375,-0.016224265,3.4506484414446414,17166.130209207535,4.7457594871521,-44.646608643914035,-53.73899764239697,79
-131.89090587975582,-38.76824168455224,213.70468425750732,100,218.8444321155548,222.52796173095703,-2.071591,810000,3.661098003387451,0.021064043045043945,-0.0017396973,3.6378413658973514,17388.71830892563,4.72599983215332,-44.391114896616166,-52.437150157644254,80
-131.92001615018404,-38.226946711577256,206.42388129234314,100,211.5327968597412,214.3009831905365,-2.7357388,820000,2.744799852371216,0.02188587188720703,0.0060198633,3.611282986420232,17603.040735006332,4.702394723892212,-44.39463801489136,-52.154096905523566,81
-132.17612462260223,-38.65933542005295,213.83747482299805,100,218.96983695030212,222.2788679599762,-3.9842956,830000,3.2885019779205322,0.019257068634033203,-0.015628168,3.55527022140348,17825.340102910995,4.722698926925659,-44.508324592706145,-51.75856844051833,82
-133.57967231108256,-38.468408528376656,215.43571496009827,100,220.57518100738525,225.32338285446167,-5.008566,840000,4.7272679805755615,0.019257068634033203,-0.0052590324,3.622053238598613,18050.68351316452,4.721072435379028,-45.064029564985105,-53.17129542842621,83
-132.82376075063542,-35.441267032352954,217.98513317108154,100,223.16827130317688,226.62923383712769,-5.8240223,850000,3.4181160926818848,0.041342973709106445,0.0037220672,3.8836053624133373,18277.33217525482,4.7635369300842285,-44.795561462378856,-52.01132502566561,84
-131.44627631384907,-38.399443695868285,214.13279008865356,100,219.28411602973938,222.38254404067993,-6.8143096,860000,3.0773298740386963,0.020700931549072266,-0.005592267,3.3747653049261883,18499.736778974533,4.737407684326172,-44.19637100131085,-51.38875601320775,85
-132.25021511532853,-39.84908664690657,204.6124246120453,100,209.84582710266113,213.36683678627014,-7.2990937,870000,3.497925281524658,0.0218050479888916,0.009943031,3.6423548569215978,18713.124570131302,4.820605039596558,-44.528489137019506,-52.15224775487039,86
-132.56429463399866,-38.47025014217974,205.06378960609436,100,210.31313490867615,213.8284342288971,-7.5772095,880000,3.4897501468658447,0.023073196411132812,-0.008543634,3.60021248303358,18926.976525068283,4.83716893196106,-44.68102721975723,-52.77063073815527,87
-131.4831715632847,-37.986429129067496,227.53239846229553,100,232.84708309173584,236.44049978256226,-7.796142,890000,3.570552110671997,0.021437883377075195,-0.002497473,3.42224837690193,19163.439882040024,4.904862880706787,-44.252599389190706,-52.81462535072882,88
-131.15049050751017,-38.90601913938972,215.7949402332306,100,220.99027609825134,224.26415514945984,-7.7573867,900000,3.2564496994018555,0.01586008071899414,0.0054168943,3.5008724835976395,19387.726285219193,4.781339645385742,-44.14062867544455,-54.81454140736186,89
-133.97384664184185,-39.75624373467509,219.30727577209473,100,224.43081617355347,228.20922303199768,-7.5455437,910000,3.7553560733795166,0.022035837173461914,-0.016910093,3.6583085277284195,19615.95716905594,4.716803550720215,-45.22166743502119,-53.436851515660365,90
-132.87908292742074,-37.896436455894005,218.99338817596436,100,224.22695565223694,229.40065503120422,-7.079508,920000,5.151151180267334,0.021123170852661133,0.01957424,3.870581119863298,19845.380053043365,4.825477123260498,-44.74815344747433,-54.07572290416564,91
-131.7738129933941,-39.210864192908154,198.554696559906,100,203.66654896736145,206.5441038608551,-6.6571865,930000,2.8567209243774414,0.019368886947631836,-0.0062203947,3.5859069152845375,20051.94711613655,4.705293893814087,-44.35216228857924,-52.20652847900002,92
-132.62340604157995,-38.87928578721222,202.59082889556885,100,207.71932792663574,211.0711691379547,-6.068082,940000,3.326414108276367,0.024049043655395508,0.0013089783,3.64739391917862,20263.03922891617,4.725315570831299,-44.705886358783864,-52.923048385910626,93
-131.71471853946096,-38.7981792262622,187.4029026031494,100,192.4872362613678,195.68722581863403,-5.610128,950000,3.1759729385375977,0.02148604393005371,0.020575233,3.3292869229295166,20458.75017094612,4.679337978363037,-44.37060380747946,-53.13429435926003,94
-132.64722788243884,-38.70845031183653,199.49127411842346,100,204.5986020565033,208.26153802871704,-5.104277,960000,3.6407628059387207,0.02006697654724121,-0.010074234,3.5095460188108443,20667.029983997345,4.7031409740448,-44.70942764928032,-53.32409419687164,95
-132.25141685412,-39.017402974787274,199.90009021759033,100,205.13710594177246,208.00652885437012,-4.5327706,970000,2.8458340167999268,0.022229909896850586,0.01657082,3.7824934145831133,20875.058957099915,4.823918581008911,-44.5475920603877,-52.720583343572066,96
-130.1903960425724,-39.178093876831646,214.65973377227783,100,219.8286828994751,223.94507789611816,-4.1229467,980000,4.093577861785889,0.022411108016967773,0.008733328,3.0517603887386024,21099.032163143158,4.769644021987915,-43.73799994020433,-52.20024320615349,97
-134.5268171606034,-35.20530157453037,210.07299256324768,100,215.21939396858215,218.4044167995453,-3.7569902,990000,3.1639370918273926,0.020669937133789062,-0.008351187,3.8721963129154764,21317.45645904541,4.7441792488098145,-45.45785659434992,-52.83084979538758,98
-130.80519152105936,-38.850950964646955,205.06403923034668,100,210.3141131401062,213.53107905387878,-3.4116938,1000000,3.1231110095977783,0.06623291969299316,0.012157004,3.4810752238906484,21531.008171081543,4.845810890197754,-43.958819602170614,-52.315200784161455,99
-133.47884667657266,-38.202176834368046,206.23304557800293,100,211.34709692001343,214.21657872200012,-3.1093085,1010000,2.848240852355957,0.019848108291625977,-0.0075778747,3.7947105884096737,21745.246255874634,4.706122159957886,-45.07431925306463,-52.56829789181607,100
-130.63622023079847,-36.90737852567617,196.12010169029236,100,201.2691798210144,205.83828473091125,-2.7658515,1020000,4.548486709594727,0.019299030303955078,0.019526342,3.2769080271181084,21951.10900783539,4.746243715286255,-43.90918726894048,-52.459277622532944,101
-132.40011059632553,-37.933818596201945,199.540509223938,100,204.82345390319824,207.50433802604675,-2.5338547,1030000,2.6600770950317383,0.0193328857421875,-0.014818834,3.736024272259172,22158.63527417183,4.8334572315216064,-44.61088954590072,-53.12102178898086,102
-133.05112635048192,-38.27434992230189,194.71440863609314,100,199.8912010192871,203.3950958251953,-2.2846828,1040000,3.480720281600952,0.02141118049621582,-0.0011354912,3.884449083475832,22362.05228304863,4.773038864135742,-44.88261423609875,-53.417424366776864,103
-132.23487635478944,-39.71305848706455,192.4069275856018,100,197.57454013824463,201.12103605270386,-2.0981612,1050000,3.521658182144165,0.022890806198120117,-0.020849854,3.32622790011996,22563.21113204956,4.757688522338867,-44.55856222865145,-51.44154476409796,104
-132.44612438176372,-39.061697356270685,188.39390659332275,100,193.6231758594513,196.44523215293884,-1.8398254,1060000,2.801002025604248,0.019685029983520508,0.00890216,3.4988245032371466,22759.67642903328,4.821020841598511,-44.637144334769566,-51.86175475652908,105
-131.5613599130286,-37.88165325097694,190.74044632911682,100,195.92517590522766,199.2431399822235,-1.6937188,1070000,3.2943971157073975,0.022212743759155273,-0.019716648,3.4773051629077973,22958.952741861343,4.768570423126221,-44.279857922227,-52.25878482533441,106
-132.33424970376774,-38.336888703160255,184.75176620483398,100,189.9797580242157,193.40685844421387,-1.4918518,1080000,3.4060311317443848,0.018924236297607422,0.0064225313,3.8116635858620054,23152.3816781044,4.81082558631897,-44.57574567580542,-52.21920040667978,107
-132.42968570112876,-39.26617633619216,201.05668926239014,100,206.374440908432,209.88947010040283,-1.3850878,1090000,3.4938130378723145,0.02042412757873535,0.0013462249,3.4653079693319038,23362.293005228043,4.827463865280151,-44.63817643691589,-52.58697353232138,108
-131.311466534536,-36.029033070631655,212.25732731819153,100,217.8427379131317,221.3488359451294,-1.2977221,1100000,3.4857771396636963,0.01970195770263672,-0.0014660003,3.4632191154925134,23583.663121938705,5.1519951820373535,-44.180628343136384,-51.67311883799402,109
-133.55215019509455,-38.63195056996316,199.84247541427612,100,205.16132712364197,208.24458169937134,-1.1970005,1110000,3.0608067512512207,0.02046370506286621,0.0037922668,3.71081163317034,23791.92673420906,4.893342018127441,-45.046281897417146,-52.891978484700644,110
-133.07192796113176,-39.69617081966785,176.45443105697632,100,181.57538986206055,185.323548078537,-1.164414,1120000,3.7284841537475586,0.01926898956298828,-0.014827086,3.5131422285172036,23977.273139953613,4.711150169372559,-44.90179022967457,-53.33941709827464,111
-131.86172514863173,-38.184557244391,180.35472631454468,100,185.53212213516235,188.3993010520935,-1.0850956,1130000,2.844369888305664,0.021451950073242188,-0.0080728335,3.4715296747539917,24165.692969083786,4.736897945404053,-44.415871200065446,-51.972684530239924,112
-132.5715137977833,-39.364007893470216,173.74679803848267,100,178.95184302330017,182.25052285194397,-1.0002553,1140000,3.276357889175415,0.020913124084472656,0.0062695984,3.767842339556515,24347.964595079422,4.791029453277588,-44.64637014748383,-53.49161610280358,113
-132.18880431756347,-37.80649504076976,170.7198052406311,100,175.85643482208252,179.28845286369324,-0.9420108,1150000,3.401456117630005,0.029258012771606445,0.0034217027,3.514106838031534,24527.27367925644,4.7114152908325195,-44.53653373526037,-53.83005319665561,114
-132.9361013622431,-38.32567378257068,162.93068313598633,100,168.0368309020996,170.92942309379578,-0.91067684,1160000,2.8657851219177246,0.025315046310424805,0.010817606,3.582463790762442,24698.225355148315,4.694016218185425,-44.839425177380754,-53.03593491058431,115
-131.23946466313234,-38.93236839782145,159.83425641059875,100,165.01100206375122,167.42329120635986,-0.8214847,1170000,2.388300895690918,0.022590160369873047,0.02016661,3.4942047803212515,24865.66715812683,4.766104221343994,-44.1780552708394,-54.263518506437116,116
-133.02530191773855,-38.14737115748851,151.82011580467224,100,156.97921800613403,159.29263496398926,-0.78132874,1180000,2.286925792694092,0.024178743362426758,0.01834485,3.950371856192771,25024.982211112976,4.747290849685669,-44.851618009026055,-53.91628131265922,117
-132.02534499969477,-37.97020338813013,139.115074634552,100,144.27534675598145,146.54356694221497,-0.78083533,1190000,2.246856927871704,0.020034074783325195,0.01072251,3.4771993513524495,25171.546633005142,4.737924814224243,-44.44781258756706,-52.40427269309765,118
-133.5717737923829,-36.64300691433184,113.08190441131592,100,118.27261805534363,120.76298213005066,-0.7900781,1200000,2.4678537845611572,0.022092819213867188,-0.03225157,3.536954752148987,25292.331042051315,4.7808613777160645,-45.08067244183923,-52.795283728537115,119
-133.18633690659118,-38.9409723109329,102.51344466209412,100,107.77853894233704,110.79304027557373,-0.7279897,1210000,2.9964089393615723,0.017699003219604492,-0.002805301,3.523275966484282,25403.145143032074,4.847371339797974,-44.917335520467965,-53.37385553549282,120
-130.02800762997103,-38.80326564013053,97.84780645370483,100,103.12360215187073,105.37690424919128,-0.70555764,1220000,2.232530117034912,0.01999211311340332,-0.024626,3.333711771466782,25508.545785188675,4.860609531402588,-43.65622127173258,-53.713008647812636,121
-131.72937424186046,-38.9411838139293,103.20200800895691,100,108.59516215324402,111.07305812835693,-0.6568031,1230000,2.456733226776123,0.019444942474365234,0.010539154,3.456685684155069,25619.639230012894,4.927966117858887,-44.326597360662305,-51.769658295360976,122
-133.04255235822833,-39.51452319770461,97.39201712608337,100,102.53397178649902,105.36055111885071,-0.6102485,1240000,2.8051059246063232,0.02107381820678711,-0.0001545105,3.730335581671284,25725.020780086517,4.734437942504883,-44.850096173905285,-53.97145318077734,123
-131.20566583049828,-35.837421363092446,96.70187306404114,100,101.81194806098938,103.94252800941467,-0.5984387,1250000,2.107266902923584,0.022942304611206055,-0.0022209426,3.560033184589683,25828.98352909088,4.698248386383057,-44.10386717217978,-52.16304347088648,124
-131.08986949385928,-37.70216292846517,93.02856087684631,100,98.16590690612793,100.41899085044861,-0.5440519,1260000,2.2317402362823486,0.019927024841308594,0.007263442,3.6350643125839817,25929.422597169876,4.73276686668396,-44.110705183670646,-53.00662088668747,125
-131.83649134631622,-40.14016498039143,94.61752247810364,100,99.77911496162415,102.17719912528992,-0.5283527,1270000,2.3764808177948,0.02001500129699707,-0.012358043,3.0147657303740485,26031.62184405327,4.746839284896851,-44.447629963985136,-52.59758521078393,126
-132.42524351796752,-38.44255997370829,94.18879723548889,100,99.38576483726501,101.62971615791321,-0.46125734,1280000,2.2230842113494873,0.020183801651000977,0.02847205,3.462949308850727,26133.272376060486,4.7643280029296875,-44.63855846824465,-52.228157783670106,127
-133.12298731156469,-38.272781358239435,92.58042740821838,100,97.80463004112244,99.9556610584259,-0.49970272,1290000,2.131187915802002,0.019005775451660156,-0.00047509154,3.627228161510405,26233.24936723709,4.8203325271606445,-44.90866490422,-52.47168143146801,128
-130.9206383398851,-37.29891098993436,93.84565615653992,100,99.04799294471741,101.33759593963623,-0.47996753,1300000,2.2626590728759766,0.019617080688476562,-0.010803693,3.4058114607023477,26334.608453273773,4.787297487258911,-44.02320852494794,-52.16995327297995,129
-131.75668705301845,-39.05680900888206,87.60916471481323,100,92.74831700325012,95.22961902618408,-0.4812535,1310000,2.4312310218811035,0.04959416389465332,-0.003553685,3.5265872775684732,26429.859095096588,4.7333831787109375,-44.32656987721911,-51.62728223199684,130
-132.75205729834278,-38.45292852228165,86.79227542877197,100,91.91234183311462,95.12881112098694,-0.4643469,1320000,3.1918201446533203,0.024233102798461914,-0.00062968064,3.8199551716289206,26525.008505105972,4.716940402984619,-44.7325605262615,-52.706386684984196,131
-133.22049517447286,-39.671324839502915,85.15242218971252,100,90.32657289505005,92.50297713279724,-0.4633795,1330000,2.149165153503418,0.019973039627075195,0.021895355,3.6196342978994607,26617.532361984253,4.766125917434692,-44.96053873865143,-52.20149412135454,132
-132.93446658094442,-39.026681634299564,83.6173927783966,100,88.76656889915466,90.94353723526001,-0.491307,1340000,2.157262086868286,0.019301176071166992,0.008345017,3.268820828201966,26708.49649000168,4.7419610023498535,-44.81642449733448,-52.61950254426755,133
-132.3975742178551,-38.85949385474899,85.13329291343689,100,90.25299096107483,92.39042592048645,-0.49716935,1350000,2.1173150539398193,0.01850295066833496,-0.008725951,3.414983526683776,26800.90850996971,4.707479953765869,-44.64409720725952,-52.41199222560848,134
-130.79662492468762,-35.9050259951518,81.47587609291077,100,86.60104322433472,88.72658801078796,-0.4887899,1360000,2.099562168121338,0.024309873580932617,0.0073867706,3.371387617223895,26889.656256198883,4.720827102661133,-43.97253019162924,-52.5151705983089,135
-131.06752011300378,-38.46177492827363,79.97007322311401,100,85.10088300704956,87.01102185249329,-0.49528536,1370000,1.8882818222045898,0.02048802375793457,-0.016497424,3.4318379970616646,26976.688169002533,4.726029396057129,-44.081033758342215,-52.41642298878684,136
-131.7125804812684,-39.24984164878547,80.35004234313965,100,85.47308897972107,87.43434596061707,-0.4964876,1380000,1.9388458728790283,0.020984172821044922,0.014672906,3.62811479033481,27064.143575191498,4.7153966426849365,-44.32339938067126,-53.11077496367451,137
-132.37759552455248,-36.926250165337414,78.4856333732605,100,83.59122514724731,85.61909508705139,-0.49732217,1390000,2.003182888031006,0.023218870162963867,0.010308435,3.637812755206742,27149.783479213715,4.702978134155273,-44.57589600674499,-53.04734681217326,138
-132.26732497190832,-38.56869931144209,78.83681631088257,100,83.95136904716492,86.02134799957275,-0.5264134,1400000,2.0490550994873047,0.020457983016967773,0.010509053,3.5027978952456396,27235.8257291317,4.709484100341797,-44.55840589558365,-51.70154461882499,139
-132.85140128582233,-38.54846802671359,89.47987222671509,100,94.70837187767029,96.81383419036865,-0.54746807,1410000,2.0800929069519043,0.023946046829223633,-0.022759253,3.5353515778488402,27332.678604125977,4.8138322830200195,-44.77270591966494,-51.63179325591417,140
-131.7374940984113,-38.40849275852365,82.75785231590271,100,87.94361019134521,90.12942695617676,-0.5323374,1420000,2.1564269065856934,0.017282962799072266,0.0039025315,3.551676766323527,27422.829487085342,4.771197557449341,-44.33644784510028,-54.24749625530106,141
-131.2648290797383,-38.72953130098723,85.83838510513306,100,90.9609751701355,93.16050887107849,-0.5444102,1430000,2.1791698932647705,0.018950939178466797,0.011416982,3.645656990809335,27516.00838303566,4.71801233291626,-44.139237303686166,-52.88378437280354,142
-132.4358251064249,-38.84823186632924,83.43491768836975,100,88.73159623146057,91.76003623008728,-0.5593909,1440000,3.007327079772949,0.02047586441040039,-0.011642851,3.3797812565865137,27607.78935623169,4.886938095092773,-44.61589414503328,-53.85992583240145,143
-132.24557334521305,-35.77729546500317,85.6398651599884,100,90.85540771484375,92.93300914764404,-0.5181375,1450000,2.0551211833953857,0.021620988845825195,0.004400566,3.433176789040277,27700.741879224777,4.803558111190796,-44.56270420871883,-52.78855847708364,144
-132.24602746714052,-38.37734654147816,88.10620284080505,100,93.27759075164795,95.33631610870361,-0.65387815,1460000,2.0265579223632812,0.018925189971923828,-0.015477023,3.479092709962684,27796.09933900833,4.758700132369995,-44.521044587759135,-52.35621799861175,145
-130.6365258022904,-38.89391290943418,86.80608081817627,100,91.8816339969635,94.1029942035675,-0.6078405,1470000,2.2011280059814453,0.01989603042602539,0.015920475,3.1488847091085885,27890.222647190094,4.6732401847839355,-43.923064298764395,-51.87549252794555,146
-131.94488442731316,-38.39912913663401,92.52258825302124,100,97.77202200889587,100.39634585380554,-0.656589,1480000,2.593794107437134,0.029182910919189453,-0.0016691834,3.696050036373449,27990.639590978622,4.841275453567505,-44.45752525136852,-53.82989570732777,147
-131.48071932587908,-37.0572907196092,91.05439567565918,100,96.13780689239502,98.92017817497253,-0.6754164,1490000,2.758368968963623,0.023314952850341797,0.006486844,3.624512717115153,28089.58685016632,4.679737091064453,-44.2056240385287,-51.31661666431977,148
-132.41226799545683,-38.614550071695135,93.74139356613159,100,98.97831392288208,101.18140912055969,-0.7344955,1500000,2.1813366413116455,0.021200895309448242,-0.013644102,3.53646445044193,28190.823701143265,4.786319255828857,-44.57935207531851,-52.30219783630869,149
-132.38921841729996,-39.91407231645029,92.4761610031128,100,97.62478399276733,99.78924107551575,-0.7251053,1510000,2.1431710720062256,0.01988387107849121,0.012118393,3.4970229913748208,28290.63396525383,4.695744037628174,-44.61502118798823,-52.790915375899374,150
-131.05324399503223,-34.53844936413323,98.93827414512634,100,104.18077397346497,106.61103510856628,-0.8106032,1520000,2.408475875854492,0.02035212516784668,-0.00014648208,3.9285424065557786,28397.265935897827,4.825253963470459,-44.02864423374054,-53.15112478862436,151
-131.91749675609455,-39.03413238059835,98.48111081123352,100,103.68512988090515,106.03240418434143,-0.8264202,1530000,2.306286096572876,0.02971196174621582,-0.016741237,3.559686590653613,28503.31902909279,4.79244327545166,-44.3874001897369,-51.85112384549757,152
-132.80495918438365,-39.430867205249335,98.52345609664917,100,103.6926372051239,105.84867119789124,-0.84801775,1540000,2.126452922821045,0.02735614776611328,0.01644703,3.3965631643108534,28609.188281059265,4.76580286026001,-44.76621759660576,-51.84507766345008,153
-132.64895523537757,-34.744499368699344,99.60831618309021,100,104.73772192001343,107.31067395210266,-0.89740604,1550000,2.551422357559204,0.021114110946655273,0.016936483,3.390942206626111,28716.520634174347,4.7188334465026855,-44.711602159785635,-53.641379580836684,154
-132.52553879041253,-36.47633491529202,101.38182878494263,100,106.50855684280396,109.59756183624268,-0.94429636,1560000,3.068634033203125,0.0189511775970459,0.008456415,3.6682726262741325,28826.13861989975,4.721571683883667,-44.64629415269403,-51.85101075845592,155
-134.05355187470352,-39.075458411073285,101.66950273513794,100,107.01414918899536,109.6593849658966,-0.981758,1570000,2.6226532459259033,0.020760059356689453,-0.0048232484,3.5890366193044043,28935.818696022034,4.936567783355713,-45.24647209534987,-53.99398678841175,156
-133.46056501954448,-38.531867739064786,134.00320076942444,100,139.17874813079834,141.54496097564697,-1.008261,1580000,2.344709873199463,0.02006983757019043,0.012858911,3.866141952302462,29077.385823965073,4.750966548919678,-45.01401622507199,-52.73773536469534,157
-132.57512237238868,-36.539640621987225,101.82222127914429,100,106.9979977607727,109.486248254776,-0.85038596,1590000,2.4671688079833984,0.020643234252929688,-0.008202335,3.767523507947357,29186.893038272858,4.768108606338501,-44.669100027028506,-52.453316569910854,158
-133.00075529227036,-38.458727132890274,104.46351599693298,100,109.56898522377014,112.0656669139862,-1.1590722,1600000,2.4743759632110596,0.021918773651123047,-0.0005919983,3.603704126568664,29298.982006072998,4.696365594863892,-44.825175510745474,-51.97290165692389,159
-130.70511254642733,-39.450593440593956,105.16116857528687,100,110.32466292381287,112.67075204849243,-1.2062082,1610000,2.3251280784606934,0.020576953887939453,0.019050425,3.3412617236543527,29411.674198150635,4.749307155609131,-43.94208389577436,-52.16425537510858,160
-132.00427199741813,-38.675119565834784,104.17762494087219,100,109.30311989784241,111.72350525856018,-1.3057485,1620000,2.3972198963165283,0.02273416519165039,-0.0109018795,3.649406140654552,29523.41933107376,4.7161078453063965,-44.48835424341281,-52.089272555074125,161
-132.59043388006035,-39.35478524647375,105.50065040588379,100,110.62366271018982,113.40067791938782,-1.3842014,1630000,2.703226089477539,0.0734243392944336,0.0018746948,3.436632824771453,29636.839908838272,4.719462633132935,-44.71134322525504,-52.996553103533934,162
-131.43605338382548,-37.440950639813934,105.59884333610535,100,110.70556712150574,114.59443783760071,-1.4991976,1640000,3.866734743118286,0.021780967712402344,-0.011367746,3.4559099113181775,29751.45485806465,4.6903557777404785,-44.24077359092449,-53.20788568132306,163
-134.1599058793163,-38.00606666357228,110.74271988868713,100,115.90040802955627,118.50766587257385,-1.5424278,1650000,2.588209867477417,0.01870417594909668,0.012389891,4.033554836311326,29869.98128604889,4.739219903945923,-45.31103041897425,-54.21199200506551,164
-132.9168060175248,-39.01829615641637,111.17398071289062,100,116.34017610549927,119.80799603462219,-1.6574953,1660000,3.445936918258667,0.020966291427612305,0.0009757324,3.7729677683719602,29989.811111927032,4.762928009033203,-44.85396618399507,-53.3309395893315,165
-132.76215182846119,-38.56853971281537,108.48697900772095,100,113.62927007675171,116.43551015853882,-1.7910275,1670000,2.786634922027588,0.01919698715209961,0.016247928,3.8138205213855794,30106.265694141388,4.703019142150879,-44.7086669668717,-53.587099589085305,166
-132.64145480816464,-38.79916100053759,110.73704290390015,100,115.829519033432,118.23115801811218,-1.8889924,1680000,2.3726742267608643,0.028306245803833008,-0.008756015,4.028679102480696,30224.517780065536,4.688245058059692,-44.71854716365837,-53.48647159718559,167
-131.11542306279478,-38.56636611479157,106.47502517700195,100,111.52454400062561,114.17860317230225,-1.9955972,1690000,2.626458168029785,0.027207136154174805,-0.013637942,3.508062449050185,30338.71703505516,4.650785446166992,-44.07189938668668,-52.58150572131479,168
-132.6468461756578,-38.671982581191344,112.6719160079956,100,117.9065809249878,121.05696487426758,-2.106224,1700000,3.128215789794922,0.0217740535736084,-0.010538653,3.5720086797248327,30459.794023036957,4.769883394241333,-44.725081431379394,-54.154161644342686,169
-132.47823907588077,-38.763783228645096,111.78845548629761,100,116.98066997528076,120.81598806381226,-2.1939766,1710000,3.812924861907959,0.021045923233032227,-0.011684703,3.7142636591475564,30580.641403913498,4.78824257850647,-44.61175490086628,-52.549380859729865,170
-133.0704595985728,-38.62258477165037,113.36462616920471,100,118.61195182800293,121.72954201698303,-2.3433444,1720000,3.0944600105285645,0.021645069122314453,-0.0027447327,3.7160877752055272,30702.395233154297,4.842688798904419,-44.896706171912726,-52.51461988294336,171
-131.2852380324392,-38.20547843198719,109.665452003479,100,114.77830004692078,117.270920753479,-2.440416,1730000,2.4726898670196533,0.019504070281982422,-0.007188498,3.388991493913841,30819.685658931732,4.706585645675659,-44.17650854255783,-52.03777969489939,172
-131.70198695594203,-37.73423007075142,111.88663268089294,100,117.00980305671692,119.87466406822205,-2.3386633,1740000,2.8441131114959717,0.020334720611572266,-0.0075209793,3.700552259298349,30939.59698200226,4.721468687057495,-44.34448805634952,-52.63969681018178,173
-131.63029892198455,-39.005914199829085,115.12144088745117,100,120.24034905433655,123.52521395683289,-2.3627098,1750000,3.2453362941741943,0.021671056747436523,-0.0059609055,3.562404986994709,31063.142805099487,4.716677188873291,-44.313774529759776,-53.88848346304899,174
-131.539994681597,-37.693397200839954,113.93186569213867,100,119.01996994018555,122.09635877609253,-2.5777407,1760000,3.0552921295166016,0.020662784576416016,-0.023388486,3.5246587045919573,31185.26648402214,4.675211668014526,-44.25273347719258,-53.87946254554753,175
-131.57364825575257,-39.11644206956181,114.98542070388794,100,120.1159040927887,122.4744040966034,-2.6719248,1770000,2.3379971981048584,0.02014613151550293,-0.006208225,3.736022139327788,31307.761322021484,4.722829103469849,-44.29367749962878,-52.90318313513532,176
-132.7890494540138,-38.60319267451042,112.25128078460693,100,117.40553212165833,120.36609983444214,-2.667755,1780000,2.8857929706573486,0.05746889114379883,-0.0054197935,3.9100697101557134,31428.149749040604,4.7349748611450195,-44.71551035396228,-53.15062697916522,177
-135.21380843201686,-39.2720570324368,113.67913174629211,100,118.84025597572327,121.81579303741455,-2.8227649,1790000,2.879640817642212,0.08522486686706543,0.009447198,3.711523266522773,31549.983983278275,4.754777908325195,-45.722653397949955,-52.49506933346824,178
-132.9912848440645,-38.473811547118004,115.06320548057556,100,120.21999192237854,123.1201901435852,-3.0308077,1800000,2.8800361156463623,0.018692970275878906,-0.0037778076,3.7167431432475326,31673.126812934875,4.733981370925903,-44.8241024173396,-52.50167225227704,179
-132.18441681057965,-37.72193186188036,114.4855420589447,100,119.69767498970032,122.1906099319458,-3.1557598,1810000,2.451464891433716,0.023746728897094727,-0.027797814,3.8603959555281575,31795.339281082153,4.802659749984741,-44.512928167358375,-53.123490463517186,180
-130.57086525620088,-35.35190345315869,115.1211462020874,100,120.22803473472595,123.45686101913452,-3.21658,1820000,3.2033867835998535,0.019188880920410156,0.014953616,3.229365955288011,31918.81654214859,4.689393520355225,-43.88428605389725,-52.16856443242836,181
-131.0333899348509,-38.71431576129011,94.54906558990479,100,99.66739201545715,101.95861887931824,-3.3792977,1830000,2.269335985183716,0.020472049713134766,-0.025232453,3.385199254299298,32020.796220064163,4.710895299911499,-44.048990812757246,-52.65895003327862,182
-132.40282404902266,-38.50732127429664,89.37929081916809,100,94.48155808448792,97.24152302742004,-3.4336703,1840000,2.703516960144043,0.056047916412353516,-0.0104293125,3.4498600200942673,32118.061321020126,4.6987690925598145,-44.59864817907324,-52.810569520364105,183
-130.17306978962782,-36.51697447634845,88.06703782081604,100,93.18076801300049,95.76246619224548,-3.5414157,1850000,2.559731960296631,0.021329879760742188,-0.0026593262,3.4392062938899164,32213.84231710434,4.709802150726318,-43.74830867785289,-52.40400410829268,184
-133.14121475176535,-38.494034854545696,91.20061802864075,100,96.3801429271698,100.26683020591736,-2.6441042,1860000,3.7956669330596924,0.08958268165588379,0.024654992,3.724619730602241,32314.130164146423,4.777373552322388,-44.90775135118548,-52.937741400158764,185
-133.7712751397666,-39.08425493653894,92.02274632453918,100,97.10199499130249,99.90165567398071,3.0247645,1870000,2.5511739253997803,0.01920604705810547,-0.014613072,3.4821028415045374,32414.054502010345,4.676640748977661,-45.14327211480852,-52.49991615249295,186
-131.2519469021391,-37.55428358631693,92.75991678237915,100,97.86377811431885,100.08957195281982,-1.3910656,1880000,2.205347776412964,0.01977396011352539,0.0027829346,3.681185829729783,32514.165068149567,4.690928220748901,-44.17991866279229,-53.427889296583174,187
-133.33547748686794,-37.348382346848695,98.50747418403625,100,104.09786605834961,106.63420104980469,-46.15349,1890000,2.5088179111480713,0.025684118270874023,0.03577239,3.627660491915689,32620.82127213478,5.085683107376099,-44.98884372940126,-52.470596892556244,188
-131.53932984122787,-35.99603650746414,92.4486038684845,100,97.66909313201904,100.29820537567139,-2606.6191,1900000,2.599907159805298,0.028499126434326172,0.009514224,3.754389419596207,32721.142456054688,4.817365646362305,-44.2194888972011,-51.7576467566686,189
-131.95266993887978,-39.10250912641704,90.62727379798889,100,95.69213795661926,98.28641676902771,-14563.92,1910000,2.5743062496185303,0.019603252410888672,0.004676029,3.8282689723549677,32819.452025175095,4.664369821548462,-44.42015073629395,-52.58407562562946,190
-131.02607463039843,-39.01652534196112,89.15168046951294,100,94.35219097137451,97.1594672203064,-3329.2786,1920000,2.7852790355682373,0.02166295051574707,0.010246701,3.5765275240199603,32916.63325595856,4.798696279525757,-44.05606744683766,-52.45178729230697,191
-58.38597652086658,-10.91847925545404,87.81978344917297,100,92.63098096847534,94.83198475837708,-1177.2831,1930000,2.1796679496765137,0.020995140075683594,-0.009259271,2.9006476736856794,33011.48493385315,4.402945280075073,-16.98411430842167,-24.110755848464077,192
-63.737832868977314,-11.19765493386285,92.350510597229,100,97.14344310760498,99.460040807724,-12303.353,1940000,2.2944722175598145,0.02038407325744629,0.0072936127,2.6633171228874595,33110.96583414078,4.391420125961304,-17.33697660991246,-23.08864391334176,193
-50.97547379769428,-3.7523576576213467,92.00687956809998,100,96.95271301269531,99.45367622375488,-5967.7656,1950000,2.468669891357422,0.029920101165771484,0.0062366943,3.033129818673159,33210.441219091415,4.54455828666687,-9.563931054104897,-16.71131464497862,194
-49.68328790953839,-3.8776387452263816,91.13440775871277,100,96.0906150341034,98.47179102897644,111.13905,1960000,2.3603100776672363,0.01950812339782715,0.0026176895,3.0320152673151135,33308.93492412567,4.552621841430664,-8.88093666106161,-15.46359090460188,195
-48.06721737325359,-2.7478570218739358,92.41690254211426,100,97.4483699798584,99.7140691280365,-3750.728,1970000,2.245784044265747,0.018630027770996094,-0.00095078204,2.6171792620323964,33408.670207977295,4.615776777267456,-7.695903035411132,-11.767603152799484,196
-48.53878146613479,-2.732735235306372,92.12079119682312,100,97.17013311386108,99.54285216331482,-4435.382,1980000,2.3519279956817627,0.018404722213745117,0.004490401,2.579794737854914,33508.233650922775,4.643769025802612,-7.935257043539768,-11.885176896608815,197
-47.511251489058665,-2.5197208655019017,89.2883689403534,100,94.32375717163086,97.5267436504364,-994.15,1990000,3.172031879425049,0.029090166091918945,0.0018758484,2.656176324537472,33605.781957149506,4.627366781234741,-7.3773508181223795,-11.17143375635689,198
-47.557223424981466,-1.5506218543130506,92.70181918144226,100,97.69009900093079,100.36724472045898,-512.6391,2000000,2.657259941101074,0.018543243408203125,-0.018126307,3.063275803370607,33706.16771697998,4.5547003746032715,-7.43016080459584,-12.892457438623381,199
-48.28124789444051,-1.7277864745333145,100.5874412059784,100,105.69506406784058,109.37920308113098,-150.1136,2010000,3.6661322116851807,0.017147302627563477,-0.0030005958,2.955903395002507,33815.581401109695,4.676090240478516,-7.77339969958548,-12.364375696360899,200
-48.60230533616513,-1.7895236790899522,95.8633325099945,100,100.88050580024719,103.4962420463562,-108.3432,2020000,2.594604015350342,0.01968216896057129,-0.003504953,2.6508672980920522,33919.1000058651,4.6072678565979,-7.925553258162011,-11.557379951318783,201
-47.63183768218168,-1.818507399432042,92.86524510383606,100,97.87458801269531,100.63763809204102,-66.64481,2030000,2.7425849437713623,0.019886016845703125,0.010177629,2.9720237040819,34019.75797200203,4.596617698669434,-7.4437298463243895,-12.888042213444326,202
-48.46018832624528,-1.269480548554502,92.97950839996338,100,98.01290512084961,100.47046709060669,-23.907013,2040000,2.436596155166626,0.020650148391723633,0.0054658493,2.9617714860849627,34120.24667406082,4.59831690788269,-7.851950463244213,-13.23538759362254,203
-47.97744928605839,-1.3391788196792573,90.26660704612732,100,95.27488780021667,98.01970291137695,-12.760356,2050000,2.7252190113067627,0.019266128540039062,-0.014225751,2.99959809240415,34218.2884850502,4.600645065307617,-7.573463504260323,-12.063693847482043,204
-48.57881218601889,-1.7615583365800371,89.78755211830139,100,94.83230900764465,97.07665276527405,-10.128675,2060000,2.2233939170837402,0.020617008209228516,0.00741344,2.948988879656207,34315.38424921036,4.644173860549927,-7.859116628969815,-12.510258654612334,205
-48.768728241291136,-1.7118593402681967,91.3466808795929,100,96.4333848953247,98.71588563919067,-5.6298733,2070000,2.1723241806030273,0.10979700088500977,-0.013572779,3.1221931388073974,34414.120837926865,4.6749913692474365,-7.9217287061054655,-12.467408799514999,206
-50.189273325454025,-2.0251568358695518,91.77361583709717,100,96.73858499526978,99.18491625785828,-3.8320074,2080000,2.426227331161499,0.01866912841796875,0.011984294,3.0970830706258106,34513.32840824127,4.560014486312866,-8.542451024096943,-13.702588937988365,207
-49.815242949088294,-2.0159466315452823,92.11092925071716,100,97.12163496017456,99.37354707717896,-4.0738277,2090000,2.2307581901550293,0.019545793533325195,-0.032632943,3.363080507125609,34612.7233171463,4.606495380401611,-8.309060243813075,-13.180570813979331,208
-50.58455672505979,-2.179039812480901,89.96798896789551,100,94.91729712486267,97.30084729194641,-8.187488,2100000,2.3615219593048096,0.020601987838745117,0.0050418214,3.387865218439839,34710.045005083084,4.549616813659668,-8.724101577633467,-14.511227148153106,209
-51.10992351390555,-2.4183064970524972,77.75381731987,100,82.72304201126099,85.0443913936615,-35.939445,2110000,2.3006417751312256,0.020354032516479492,0.006300598,3.1604435972642384,34795.1115090847,4.572754859924316,-8.974903014650678,-14.142443913337958,210
-50.10355954621039,-2.9879664578184557,80.66327285766602,100,85.61353874206543,87.77590608596802,-292.104,2120000,2.140226125717163,0.021374940872192383,0.018810507,3.259751572329678,34882.91242289543,4.549847841262817,-8.467934019198097,-13.04177860446797,211
-50.4276183900421,-2.8690950956276358,77.24131679534912,100,82.17334079742432,84.28170490264893,-882.0412,2130000,2.0865910053253174,0.02063608169555664,-0.0075291595,3.3317327817605173,34967.21457004547,4.53099513053894,-8.596917145546335,-13.20509918463793,212
-51.8405693250164,-2.7071195439031954,82.43296647071838,100,87.38243198394775,89.86733484268188,-2458.0364,2140000,2.4619007110595703,0.022202014923095703,0.0004466919,3.1522984915223438,35057.10286808014,4.534670829772949,-9.238657741562623,-14.170207524334412,213
-51.119180363484645,-1.6894826394800804,80.0288097858429,100,84.92434501647949,87.3673529624939,-6331.6206,2150000,2.414789915084839,0.027825117111206055,0.017260855,3.0463170154843127,35144.4875330925,4.489561319351196,-8.837389757596439,-12.861635173581973,214
-53.993187164924365,-1.1028332233863996,79.51058101654053,100,84.4568738937378,86.66951704025269,-5591.3135,2160000,2.1939263343811035,0.017414093017578125,0.011289011,3.0451305660808816,35231.17700505257,4.545904159545898,-10.123280586086048,-15.989205230553639,215
-49.886433676385444,1.7083903051263358,80.15113615989685,100,84.88089895248413,87.4236969947815,-7300.192,2170000,2.522796154022217,0.01954817771911621,0.0102542695,4.985186360390552,35318.62182927132,4.330873489379883,-7.377116439275361,-17.23586317632123,216
-38.20143171218435,7.065049316218017,78.20677042007446,100,83.02307510375977,85.73448395729065,-8628.827,2180000,2.691622018814087,0.019459962844848633,-0.0038785522,4.249261595016235,35404.3752450943,4.417142868041992,0.3074249569110285,-10.00689964443616,217
-25.29983821676818,17.98732455104339,80.66333150863647,100,85.43847894668579,87.8370611667633,-10487.072,2190000,2.376620054244995,0.0206758975982666,-0.015031183,4.392144168224828,35492.233357191086,4.371456861495972,6.72824805496476,-3.579212198581223,218
-390.79383072467215,-131.64885479995095,78.04116988182068,100,82.88427186012268,85.38554692268372,668.53235,2200000,2.4784319400787354,0.018727779388427734,0.01478793,13.54029499621241,35577.638488054276,4.440627336502075,-185.79479103920056,-214.60886866779265,219
-52.2768626348202,13.43104003471692,78.3577561378479,100,83.18056273460388,85.57869505882263,-4089.748,2210000,2.3791391849517822,0.01779913902282715,-0.011642157,17.90319143201036,35663.2378718853,4.421499967575073,-2.1255800336398702,-171.87798311636635,220
-80.89361312322642,-0.22807129124393466,71.27806544303894,100,76.13090825080872,78.52836680412292,-7412.5903,2220000,2.3286831378936768,0.06737899780273438,-0.02088866,7.3066651704546,35741.78738617897,4.455727815628052,-12.460611769131505,-30.383460428905238,221
-195.89940867339462,-30.981332672490495,59.801231145858765,100,64.70741081237793,67.08587598800659,294.76566,2230000,2.35941219329834,0.0186309814453125,0.010993744,46.91767813946984,35808.894755125046,4.4860146045684814,-76.24019202061733,-167.51953115415475,222
-304.9134228101742,-112.72488810366492,59.94595956802368,100,64.68289184570312,67.17361998558044,-2126.0437,2240000,2.471179962158203,0.01868295669555664,-0.016884513,14.785743197237064,35876.0907330513,4.339203357696533,-148.88040255224084,-201.11167172901887,223
-276.5911466733215,-105.13158118106944,61.06681990623474,100,65.9935290813446,68.22670483589172,-9523.762,2250000,2.213041305541992,0.01924586296081543,0.010665786,14.968663693406441,35944.33711504936,4.533267259597778,-134.27998931072824,-169.00179734496348,224
40.11905240783076,69.01535252283624,61.154425621032715,100,66.09467196464539,68.34014892578125,-4803.2456,2260000,2.223745107650757,0.02144002914428711,-0.008427643,21.309762602839992,36012.69812011719,4.5483386516571045,33.96011992490186,-58.69815359781101,225
-9.084452297429458,106.01066364805321,60.72398543357849,100,65.63821196556091,67.92020511627197,-6527.569,2270000,2.2615277767181396,0.01905512809753418,-0.0019470032,16.524919261189517,36080.63721394539,4.520125865936279,20.615896980296988,-22.868703172371994,226
41.811407987715796,141.0642133845675,60.53197240829468,100,65.31844401359558,67.87169289588928,-25247.174,2280000,2.5301523208618164,0.0198361873626709,-0.019796304,17.337375482149902,36148.532771110535,4.394800901412964,44.584993288549214,23.47467600605461,227
141.00433216973732,123.02686645672719,60.05734086036682,100,64.82784080505371,67.1934289932251,-36275.63,2290000,2.3447182178497314,0.0205228328704834,-0.021840692,13.795046356480157,36215.74649095535,4.377681016921997,86.43964577852991,55.3983235479622,228
267.1836954787834,159.39859667790228,61.24676847457886,100,66.07530808448792,68.53215289115906,-48617.41,2300000,2.4015040397644043,0.05505514144897461,-0.011199707,6.693608333463899,36284.29991197586,4.4345598220825195,141.78332340523775,111.55386362434615,229
39.04914653654851,52.435885091074276,60.31425762176514,100,65.44887709617615,67.59539794921875,-600.4489,2310000,2.127379894256592,0.0187990665435791,0.00027045287,5.8763477483213356,36351.91555094719,4.734116077423096,43.91440058652202,26.750899464162778,230
42.469016678320465,52.91975545629249,62.47951126098633,100,67.62565612792969,69.84101033210754,64.2895,2320000,2.194472074508667,0.019398927688598633,-0.008173624,4.911164677247249,36421.77664208412,4.691609144210815,45.18878017346112,28.652379520159283,231
40.861027166192216,53.032929598195366,59.90738129615784,100,64.92801690101624,67.23243284225464,22.03681,2330000,2.284125804901123,0.01990509033203125,-0.0013760468,5.475418610769218,36489.03032922745,4.614371061325073,44.55367802964679,28.86970595168901,232
44.71368189939011,62.78322888837545,61.247777223587036,100,66.3143801689148,68.57152795791626,6.9925795,2340000,2.237851142883301,0.018740177154541016,0.0031813537,5.0776611484293515,36557.62215304375,4.670037508010864,46.09618720068446,33.43175137464359,233
42.53999010335262,53.7680859377701,61.03283333778381,100,66.19663619995117,68.48386311531067,1.1667808,2350000,2.2675259113311768,0.019093990325927734,-0.0044214567,4.69976458650287,36626.12627315521,4.736316442489624,45.153554755626644,32.834388063915895,234
44.461132498111176,51.956837774524416,62.43514037132263,100,67.68645191192627,70.2764241695404,0.14256464,2360000,2.568087100982666,0.019867897033691406,-0.004835553,4.250879052943324,36696.4328250885,4.831947565078735,45.85094039104368,34.70056781164675,235
42.11201451767056,51.80089144528865,61.92169523239136,100,67.03041291236877,69.33074522018433,0.028090954,2370000,2.2793071269989014,0.018375873565673828,-0.0008003174,4.593112329636524,36765.781912088394,4.709967374801636,44.9808847262605,32.68268972560666,236
44.269969203952016,53.00614294293756,61.680562019348145,100,66.768385887146,68.94858813285828,-0.016333139,2380000,2.158730983734131,0.021082162857055664,-0.013199936,5.0752690968413825,36834.75294804573,4.695036888122559,45.845099746455425,31.247838526143745,237
43.60345662717333,53.20525474401971,60.67358684539795,100,65.76701807975769,68.13313102722168,-0.001957242,2390000,2.3444108963012695,0.021186113357543945,0.0040482725,4.974678174563515,36902.906380176544,4.69790244102478,45.58422160979836,33.69689464460134,238
38.92360778580821,52.198468119293175,60.063891887664795,100,65.233314037323,67.71833300590515,-0.0100140255,2400000,2.4651238918304443,0.0195620059967041,-0.007892315,5.331089662710201,36970.64633011818,4.768321990966797,43.765394579343756,31.44800250008869,239
42.6001179036167,52.92530771916364,63.29649901390076,100,68.3988778591156,70.76698899269104,-0.006390457,2410000,2.3483049869537354,0.018435001373291016,-0.0056077973,5.2813191514314655,37041.43431711197,4.691428184509277,45.15997109911064,31.071218668916714,240
43.55232543414438,52.38842039426837,63.578688859939575,100,68.66871690750122,70.80809688568115,-0.014599609,2420000,2.1201159954071045,0.01874995231628418,-0.013996968,5.053850524967789,37112.26443195343,4.6918439865112305,45.5166870716156,31.271469275088016,241
44.29654783736834,52.59408724284636,60.20318007469177,100,65.3084409236908,67.67402720451355,-0.0013900574,2430000,2.3451778888702393,0.01904892921447754,-0.0015644608,4.17829838326472,37179.95884013176,4.7063939571380615,45.81015738445912,34.18493369079118,242
44.19002220068215,53.33250746587213,61.726298570632935,100,66.85516595840454,69.15567684173584,0.0010796143,2440000,2.278850793838501,0.01887989044189453,0.0012049926,4.74574098559736,37249.13490700722,4.704546213150024,45.78031037490073,30.629925713145273,243
43.484236347386705,51.81483337240232,63.04604625701904,100,68.2125768661499,70.37587380409241,0.01982826,2450000,2.1421380043029785,0.019783735275268555,0.02041125,3.9588684976005113,37319.53282523155,4.761587381362915,45.49582549283812,35.66658774958167,244
42.589356393766636,53.069334384867815,59.684935331344604,100,64.8837251663208,67.79369688034058,0.0015463013,2460000,2.879037857055664,0.0305936336517334,0.0016751953,5.008740282122327,37387.347204208374,4.794976472854614,45.21205570209872,33.532859101042476,245
41.47316687487756,53.65744663934273,59.45147228240967,100,64.48947095870972,66.6542718410492,-0.0008384125,2470000,2.146824836730957,0.017649173736572266,-0.0007087799,4.610170784406,37454.02274799347,4.632658243179321,44.7503365589709,32.391523992768725,246
40.4939404607297,52.342317969838255,61.6214394569397,100,66.75215220451355,68.90700197219849,0.008049365,2480000,2.136057138442993,0.018425703048706055,0.008090057,5.00755235957727,37522.949925899506,4.7358527183532715,44.35930806433048,31.09056421671677,247
43.750558382955916,52.737924600435,61.666802644729614,100,66.71593594551086,69.14892077445984,0.008753469,2490000,2.412909984588623,0.018368005752563477,0.008905708,4.568958020020735,37592.1168820858,4.64264702796936,45.63031410202767,32.330317666233654,248
43.240302934748435,53.1795302136105,59.62140917778015,100,64.72248125076294,66.83065295219421,0.008118036,2500000,2.0889041423797607,0.01892995834350586,0.008393424,5.243105572259747,37658.96732401848,4.705408573150635,45.41958181082232,31.28163010918809,249
43.33035464628676,52.86522168732739,61.83709931373596,100,66.87336802482605,69.00735211372375,0.016711695,2510000,2.1091501712799072,0.021403789520263672,0.017066889,4.435103945573558,37727.99501109123,4.6416707038879395,45.49063846412583,34.802806203389395,250
42.85883521158809,53.314455050044444,60.61540699005127,100,65.66919708251953,68.12900400161743,-0.0018761719,2520000,2.440896987915039,0.01852703094482422,-0.0016601013,4.951367411306701,37796.14515900612,4.660112619400024,45.272366409368914,33.662174064480176,251
41.60211355203855,52.79384881740161,60.83082842826843,100,65.90947484970093,67.94482517242432,0.023806235,2530000,2.014373779296875,0.018619060516357422,0.023927592,4.348180355745597,37864.11110806465,4.681159973144531,44.81164845830156,31.8372919315356,252
41.710994944086494,53.7108307144873,66.48266196250916,100,71.6322660446167,73.80889081954956,-0.0048842193,2540000,2.1549880504608154,0.019962072372436523,-0.0046379333,4.508648157985188,37937.94077396393,4.751337051391602,44.86107073948646,34.90488120292195,253
41.849871526980905,52.6213990679797,62.96698522567749,100,68.00035786628723,70.16529679298401,-0.0136683285,2550000,2.141195058822632,0.01982593536376953,-0.013334509,4.609467112766196,38008.12721800804,4.636351108551025,44.90512135605939,32.95475960625426,254
45.076083247784354,52.431371070135675,60.39912295341492,100,65.53418707847595,67.83941388130188,-0.017166235,2560000,2.2828521728515625,0.02187800407409668,-0.017097812,4.773760733077622,38075.98689699173,4.738675355911255,46.10233908515469,30.52253794395686,255
42.992769228595606,51.952010820637156,61.316011905670166,100,66.46597027778625,68.68532085418701,0.0076958314,2570000,2.1994900703430176,0.019247055053710938,0.007921039,4.137374086333083,38144.692615032196,4.750136137008667,45.32340785507865,31.74140313668339,256
43.25641303955517,53.32245783864724,62.092968225479126,100,67.30774974822998,69.44813513755798,-0.0028077636,2580000,2.120303153991699,0.018500089645385742,-0.0024778869,5.073318126439124,38214.16132211685,4.803534030914307,45.4383762460849,34.02783552364882,257
44.48345680410452,51.86577955985688,66.4412145614624,100,71.51509690284729,73.97861981391907,-0.01521171,2590000,2.442492961883545,0.01963210105895996,-0.014881479,4.466068279450424,38288.17603683472,4.662029981613159,45.88874181066221,31.68706227173781,258
44.17200095876858,53.43167181975495,60.18831396102905,100,65.33158421516418,67.71175003051758,-0.008329275,2600000,2.3601698875427246,0.019598007202148438,-0.008128754,4.946083112683882,38355.90873193741,4.740331649780273,45.76454564200445,31.526253861085554,259
43.731988331702,52.454076834103745,61.46081042289734,100,66.586678981781,68.73128581047058,-0.019452605,2610000,2.125717878341675,0.01856684684753418,-0.019266443,4.574856838132185,38424.65828728676,4.733560800552368,45.580190511302845,32.07041932806295,260
41.669988596158156,53.17388301830215,62.99392247200012,100,68.12789487838745,70.40720701217651,-0.00859549,2620000,2.2581520080566406,0.018923044204711914,-0.00841564,4.688049948145381,38495.08556127548,4.737851142883301,44.832531006198266,34.11715282125854,261
42.97940832870745,52.937468623905545,62.09843826293945,100,67.27646207809448,69.73602604866028,0.00036498412,2630000,2.4387707710266113,0.019257068634033203,0.0007239746,4.648367797496914,38564.84223008156,4.7751359939575195,45.32154269002668,33.01801876951307,262
40.16640874371937,52.456590650393544,61.5490345954895,100,66.60949993133545,68.8175539970398,-0.0013227967,2640000,2.1871938705444336,0.019076824188232422,-0.0012596039,5.049896551844461,38633.681097984314,4.664792537689209,44.26022474444309,29.247438808883587,263
42.00158235675826,52.411286150462224,62.065720558166504,100,67.14884305000305,69.3297860622406,0.005467592,2650000,2.160355806350708,0.0191500186920166,0.005741861,4.584575836235852,38703.03285622597,4.680256128311157,44.92561338935553,34.08645539195396,264
42.32464994959334,53.99720190682372,63.499361515045166,100,68.57074189186096,70.93268609046936,0.013942767,2660000,2.341574192047119,0.019027233123779297,0.014078607,4.882921391395341,38773.98577809334,4.672955274581909,45.070055672924724,33.663931780793845,265
41.925629531161114,52.42499685377658,61.940366983413696,100,67.1042959690094,69.30205082893372,0.03823443,2670000,2.179959774017334,0.017428874969482422,0.038455043,4.881518753185284,38843.31052303314,4.765284776687622,44.94337961181522,33.65433448224938,266
43.183619056429144,53.555439205534235,65.13086295127869,100,70.34902596473694,72.45171999931335,0.012655481,2680000,2.081463098526001,0.019859790802001953,0.013302923,4.948963188513318,38915.783772945404,4.819834232330322,45.386300822425504,33.49284431101447,267
42.75414839887113,52.167345249573415,94.2266640663147,100,100.52740788459778,102.99113273620605,0.00047842864,2690000,2.435173988342285,0.02696394920349121,0.00059831544,4.516702726933337,39018.795540094376,5.800139904022217,45.218064877691866,33.39596213285134,268
41.392719466486795,53.7579390655278,56.10773944854736,100,61.80414390563965,64.09713363647461,0.015998146,2700000,2.2682459354400635,0.023370027542114258,0.01616619,5.240830099000379,39082.92031598091,5.233765363693237,44.72725096987041,33.532656586539716,269
42.87601756431737,52.61199730163547,53.20868420600891,100,58.99501299858093,61.52720308303833,-0.022854831,2710000,2.508080005645752,0.023759126663208008,-0.02250626,4.689547667447333,39144.469625234604,5.29766058921814,45.26490532955095,32.335110759374054,270
42.68784535880394,52.830417019764354,51.843268394470215,100,57.470484018325806,59.78259015083313,-0.00060498656,2720000,2.2879629135131836,0.02276301383972168,-0.00048356934,4.841242295784431,39204.27395796776,5.168077707290649,45.20395207236947,32.13450476331154,271
42.983708236753834,52.74264590924301,52.93724274635315,100,58.522948026657104,60.92599678039551,0.0038968597,2730000,2.380497932434082,0.021287918090820312,0.00401037,4.476883057374428,39265.220165252686,5.103463888168335,45.32884762797412,33.33540613514483,272
42.98244890653246,51.75330916043863,49.499006271362305,100,54.858317852020264,56.98616170883179,0.009690473,2740000,2.104401111602783,0.02211284637451172,0.009837695,4.837410361262016,39322.22817802429,4.94528341293335,45.33159966388153,33.742175407403785,273
42.799077539123026,52.364723679184685,48.866811752319336,100,54.08475089073181,56.49252414703369,-0.010984461,2750000,2.3863489627838135,0.020012855529785156,-0.010892932,4.633404596482228,39378.74104619026,4.809096097946167,45.24701379104383,32.403311427974465,274
42.115556413972726,53.40458325219286,48.397746086120605,100,53.68014693260193,55.74549913406372,-0.00026336365,2760000,2.0360960960388184,0.028891324996948242,4.2279054e-05,4.562752826358788,39434.507414102554,4.878626585006714,45.00405821779714,34.20579532352047,275
43.32522734574232,52.979023365996014,47.547361850738525,100,52.73725390434265,54.87112593650818,0.010977664,2770000,2.1111180782318115,0.020813703536987305,0.011315161,4.247016359294116,39489.39855217934,4.7806291580200195,45.44942119411609,31.963069562623723,276
39.21267437924038,53.397919024200164,48.54473042488098,100,53.82468390464783,56.060770750045776,0.005667316,2780000,2.216057777404785,0.019656896591186523,0.006025293,5.294735518666981,39545.478137254715,4.833028793334961,43.87779848609888,31.234854625172826,277
40.97341928517516,52.86419667179104,47.28719902038574,100,52.560142040252686,54.67462992668152,-0.0011912811,2790000,2.0958218574523926,0.01831197738647461,-0.0008305786,5.050182664048258,39600.1734559536,4.868499755859375,44.578763501032,31.250020029404652,278
41.68859210319557,52.78692352642212,46.60676622390747,100,51.80665302276611,54.67376494407654,-0.0051283813,2800000,2.8393349647521973,0.020284175872802734,-0.004841095,4.935429846042782,39654.86776089668,4.789740800857544,44.84207488877811,30.738508229719514,279
44.52652999622776,52.77739829914603,48.74361300468445,100,54.192286014556885,56.391839027404785,-0.010476151,2810000,2.1816980838775635,0.017521142959594727,-0.010313449,4.291459852662055,39711.27876114845,4.995241403579712,45.913751702337095,34.16636195397307,280
44.47251780723811,53.28475933860807,46.46361255645752,100,51.75950002670288,53.91952896118164,-0.00554469,2820000,2.1394059658050537,0.020273923873901367,-0.0053523313,4.624055002530387,39765.22237920761,4.887322425842285,45.879848209012835,33.082661333148806,281
43.200827109309294,53.70042586658582,46.40491557121277,100,51.63041615486145,53.84681296348572,-0.0088383695,2830000,2.123640775680542,0.09241819381713867,-0.008608099,4.464044983555132,39819.08957505226,4.818805932998657,45.40027986322843,33.98721338533485,282
42.7747849929295,53.06321446297678,46.98647499084473,100,52.359094858169556,54.6717312335968,0.0040816343,2840000,2.2905218601226807,0.021203994750976562,0.0043947264,4.402832176488772,39873.780066013336,4.957854986190796,45.26993643506371,31.6413910093735,283
44.11927582873238,52.59293916099416,35.456095695495605,100,40.65359282493591,42.83159899711609,0.016379153,2850000,2.1554479598999023,0.019610881805419922,0.016434249,4.4429596946765635,39916.63399910927,4.791272401809692,45.74769976280032,33.93725303051362,284
41.954672389945635,52.73903124431811,33.69042229652405,100,38.8635368347168,40.886332750320435,0.013944241,2860000,1.9987411499023438,0.022099018096923828,0.014892117,4.763164322419639,39957.54452204704,4.754084825515747,44.94377909020869,31.784414662143192,285
44.65455953007047,52.12194525300813,37.12945318222046,100,42.504546880722046,44.24711608886719,0.010090027,2870000,1.7235610485076904,0.018639087677001953,0.00988487,4.177115688339345,40001.810311079025,4.963753700256348,45.93633375998298,34.28728336231758,286
42.65388070385286,52.812061962986235,29.178703784942627,100,34.4381058216095,36.23722195625305,-0.011515426,2880000,1.7783708572387695,0.019496917724609375,-0.011187219,4.283044141959291,40038.06807923317,4.8329994678497314,45.22619079936954,34.130078695255314,287
45.27517978918972,53.31090574229947,23.24553871154785,100,28.583158016204834,30.400670766830444,0.009706497,2890000,1.7965459823608398,0.02059793472290039,0.009975689,4.329261516741121,40068.489772081375,4.92963719367981,46.19628395479085,32.22607707522651,288
41.690539876616505,51.81989360627297,23.264445543289185,100,28.516672134399414,30.206473350524902,0.008333716,2900000,1.668064832687378,0.021394014358520508,0.008685126,5.209893781964281,40098.71623826027,4.8234052658081055,44.81212326358594,32.602739631910694,289
43.78568511814197,53.76920888305735,23.49658465385437,100,28.804032802581787,30.49863600730896,-0.021499094,2910000,1.6743369102478027,0.0198819637298584,-0.021295965,4.804830172454866,40129.235218048096,4.896631717681885,45.64556215341622,31.469841146125717,290
44.63967125833117,52.558335038767524,23.685309410095215,100,28.928478002548218,30.63372802734375,-0.0062964386,2920000,1.6849110126495361,0.019996166229248047,-0.0059843445,4.494554657436192,40159.888000011444,4.830576181411743,45.96645162802747,34.83318861153008,291
42.84306615626279,53.395723887122614,23.42666530609131,100,28.87094497680664,30.59447979927063,0.0056359954,2930000,1.7026488780975342,0.020542144775390625,0.0059514693,4.334016980743345,40190.50219297409,5.024681091308594,45.28130047057484,33.23283370921154,292
42.297905033386975,52.705960912035145,23.821749210357666,100,29.069288969039917,30.8787739276886,-0.0059804185,2940000,1.7904367446899414,0.01871204376220703,-0.0059756637,4.335582870574466,40221.40051794052,4.8348119258880615,45.069819338162176,34.30868011472952,293
42.23780348229724,53.00405459766502,23.448845386505127,100,28.72926688194275,30.589356899261475,-0.008796116,2950000,1.841141939163208,0.01860189437866211,-0.008524548,4.869568091841212,40252.010243177414,4.8759331703186035,45.040825983094656,31.256917588844246,294
43.707266829953554,52.02865226959919,21.59122395515442,100,26.835619926452637,28.436713933944702,0.009111233,2960000,1.5799682140350342,0.01981496810913086,0.009441345,4.3543759181287,40280.46754312515,4.7971906661987305,45.592967658297056,32.25230452374302,295
42.87540125394271,52.197278009910896,15.386191129684448,100,20.38736391067505,22.069162368774414,0.001855304,2970000,1.6622450351715088,0.0191190242767334,0.0018895416,4.884406667461655,40302.55654811859,4.605894565582275,45.275749689973345,30.83581012196868,296
42.085188640200315,53.171433489428274,14.952449798583984,100,19.89129400253296,21.265512943267822,0.005599115,2980000,1.3558709621429443,0.017049074172973633,0.005975397,4.746925197734901,40323.8413670063,4.551591634750366,44.95779974833653,31.993977481846727,297
40.904863006994404,52.00937030315768,9.089116334915161,100,13.484129190444946,14.9501371383667,-0.00037119904,2990000,1.4489779472351074,0.016696929931640625,-3.2696535e-05,4.47855445769813,40338.80920410156,4.0572004318237305,44.51595456647704,33.86756866374849,298
44.238611581436864,52.565226951154855,8.79592251777649,100,13.094785928726196,14.518898963928223,0.0010671888,3000000,1.405271053314209,0.018519163131713867,0.0010550644,4.239324851529179,40353.34322619438,3.96376633644104,45.78160902640636,31.027346852183882,299
