LossAfter,train-EnvExecTime,Time-Sampling,train-PolicyExecTime,train-AverageDiscountedReturn,Itr,train-MaxReturn,n_timesteps,train-StdReturn,train-MinReturn,train-NumTrajs,Time-Optimization,Time,LossBefore,Time-SampleProc,train-AverageReturn,ItrTime
-0.41090414,4.979151487350464,73.4368908405304,67.91004371643066,-90.82804349782809,0,31.08035411311674,10000,32.93018644218583,-122.56424772476063,100,9.313477993011475,82.78975176811218,0.007713281,0.027103185653686523,-51.212998495402864,82.7897458076477
-0.6134498,4.546773672103882,37.62612581253052,32.51687693595886,-10.54041128470821,1,83.5161328603366,20000,30.724286868140666,-87.14504026177258,100,3.0735321044921875,123.69542789459229,-0.036006887,0.0684199333190918,-7.233722889285725,40.77668309211731
-0.12293834,3.940021514892578,34.17518711090088,29.603405714035034,-61.201013967704284,2,42.00619809733408,30000,26.357009404231516,-98.7684634964016,100,3.667976140975952,161.64445805549622,0.0058599245,0.07893681526184082,-34.4982563653054,37.92251110076904
-0.10221496,3.880887746810913,35.47823524475098,31.165062427520752,-99.86466178220024,3,-5.120212760083409,40000,29.32047227678854,-140.04792900343253,100,3.992827892303467,201.16463589668274,0.0019653197,0.026082992553710938,-57.00378947107404,39.4981951713562
-0.06816919,3.877673864364624,37.317870140075684,33.00005316734314,-71.90106635018297,4,25.683454992164087,50000,28.269006090954456,-131.49892339302374,100,3.492988109588623,242.02145099639893,-0.0077657835,0.02313375473022461,-41.33983774090692,40.83459782600403
-0.21520923,3.696404457092285,36.565030097961426,32.44620132446289,-69.22608417352765,5,78.2567719973652,60000,36.07009482759655,-132.6577369563192,100,3.563340187072754,282.19068694114685,-0.0029657716,0.019631147384643555,-38.50949840370383,40.14837384223938
-0.5638422,3.9142751693725586,35.9974091053009,31.633487701416016,-75.54210936131584,6,19.86666083330561,70000,34.35824448304344,-165.42151823386047,100,3.663555860519409,321.89291071891785,0.018542334,0.020985126495361328,-44.22972077734279,39.682607889175415
-0.035803247,4.7314252853393555,49.39234471321106,44.07868003845215,-52.89389887183198,7,16.00217301759043,80000,20.244859993367424,-89.95220059334027,100,4.061036109924316,375.4094638824463,0.0062217773,0.03365302085876465,-31.2635972404233,53.48844003677368
-0.11604055,3.862125873565674,38.610677003860474,34.28290557861328,-19.884207407114435,8,31.05592037561789,90000,22.27517958696201,-77.79199255554367,100,3.722160816192627,417.8180387020111,-0.015496192,0.028431177139282227,-13.383833993773619,42.36177682876587
-0.093667306,4.542616844177246,38.62736392021179,33.55417823791504,-12.873805060594396,9,27.75988815105964,100000,18.29102206111275,-79.51768587361872,100,3.6786160469055176,460.16765904426575,-0.0084897885,0.020323991775512695,-12.105795094790281,42.32762098312378
-0.08107492,4.312532186508179,37.79058003425598,33.01181888580322,2.681884874380424,10,32.781459535058325,110000,18.01455398191277,-51.267330427241184,100,4.3465821743011475,502.51669096946716,0.0078120604,0.18667817115783691,-3.6076121185177907,42.324286222457886
-0.06802393,3.7682948112487793,36.17169189453125,31.95698094367981,20.472631504355814,11,43.7218936151248,120000,20.045488878909033,-79.09698439574613,100,2.814578056335449,541.5584309101105,-0.007581909,0.031874895095825195,5.263145382425307,39.01942491531372
-0.090163305,3.8572723865509033,31.901671171188354,27.59661316871643,28.88441383224434,12,38.28920957905998,130000,17.69549399995569,-64.01104469521519,100,2.0312702655792236,575.5260329246521,-0.009422095,0.015852928161621094,9.299558788637222,33.94925117492676
-0.10656465,3.751322031021118,28.328429222106934,24.111770153045654,30.824606077878332,13,37.3638293378108,140000,15.97831653217002,-30.540966564720716,100,1.8981420993804932,605.7941567897797,0.0011603516,0.021095991134643555,11.262638819669473,30.248036861419678
-0.13875331,3.7145965099334717,28.501911878585815,24.35189938545227,33.38375809963524,14,44.754316640934285,150000,14.634854014015415,-41.61089981475427,100,1.8956711292266846,636.2325987815857,0.00491792,0.018971920013427734,12.413663171824881,30.41692590713501
-0.12351418,3.8202450275421143,28.59749484062195,24.340049982070923,27.268770322513923,15,36.59793996340938,160000,18.707102863691794,-67.9147257846558,100,1.8727030754089355,666.7489140033722,-0.014113867,0.0198824405670166,8.512120161112861,30.49139714241028
-0.096430466,3.6308445930480957,28.25254774093628,24.20385217666626,6.1011722072150345,16,30.905846442272225,170000,20.99313450870807,-66.31497334337739,100,1.9234790802001953,696.9682257175446,0.0010248047,0.02076578140258789,-2.167060105247064,30.197453022003174
-0.10603442,3.685615301132202,27.798436880111694,23.685829877853394,-5.606837676682235,17,35.597403946448175,180000,21.853839870573324,-52.42072874310212,100,1.892676830291748,726.7021520137787,-0.012974438,0.01954507827758789,-6.824806596079259,29.71198797225952
-0.10497665,3.6845595836639404,27.579240083694458,23.47218346595764,30.30512193501985,18,48.25202472709247,190000,21.06013158148778,-57.59363779777202,100,1.904973030090332,756.2366080284119,-0.0038146607,0.019953012466430664,11.351409313027137,29.505607843399048
-0.38686365,3.779439687728882,27.63236927986145,23.426629066467285,39.07327944471369,19,54.28826727903613,200000,20.484838580980476,-46.06507409659808,100,1.8601727485656738,785.7761957645416,-0.022096137,0.020339012145996094,16.353261270765387,29.514477968215942
-0.50373214,3.7128994464874268,29.41300678253174,25.260206699371338,40.576916112868076,20,62.94257945982283,210000,23.023497769572163,-42.686296009799634,100,1.801231861114502,817.0337958335876,-0.02061504,0.019108057022094727,17.602658710162167,31.234697818756104
-0.2231073,3.626628875732422,26.270181894302368,22.245821237564087,18.746658663913696,21,76.9921528741175,220000,26.604263029805125,-107.38916722913346,100,1.816810131072998,845.1661429405212,-0.005408618,0.019604921340942383,6.711653257545283,28.108168125152588
-0.34092247,3.5798332691192627,26.47965908050537,22.458361625671387,24.940371876123756,22,55.795323197341816,230000,20.959753947735166,-50.58190619394516,100,1.7348980903625488,873.4286847114563,0.0019527497,0.024379968643188477,10.950069576830362,28.240405082702637
-0.3691332,3.386223554611206,25.340158939361572,21.377556800842285,36.402832094431794,23,46.497783431477835,240000,14.070517839447984,-41.21366056816806,100,1.6972639560699463,900.5080647468567,-0.0055028074,0.01902937889099121,17.27897589090928,27.057822942733765
-1.6480193,3.4073667526245117,26.085019826889038,22.27149248123169,48.33329436628085,24,44.44875211243669,250000,13.146907223442058,-30.032936702119713,100,1.7394092082977295,928.374655008316,0.0428608,0.01930999755859375,21.248999756454797,27.845126152038574
-0.89601946,3.406712293624878,26.102993965148926,22.29843235015869,5.415758061451595,25,53.00731458095287,260000,22.65424402628475,-53.13327091754444,100,1.6286849975585938,956.1514868736267,0.023446973,0.022316932678222656,-0.6090875055435429,27.75524401664734
-0.24636924,3.4365732669830322,26.23169994354248,22.39993453025818,-34.08065739272781,26,69.00109470166268,270000,31.15536993196764,-82.71039214733837,100,1.7324368953704834,984.157693862915,0.034784324,0.018858671188354492,-17.86677808561584,27.984440088272095
-0.21864775,3.3972012996673584,25.358397245407104,21.56837224960327,-23.856366224500047,27,71.48349777396493,280000,32.47648991743496,-152.48499361768384,100,1.5936050415039062,1011.1499848365784,0.008400855,0.01755499839782715,-10.769610619174218,26.970866918563843
-0.27947173,3.4281742572784424,25.586206912994385,21.768668174743652,-42.51194313709785,28,78.40135463365691,290000,35.61357132572038,-138.07695707391048,100,1.7280991077423096,1038.5088558197021,0.02352417,0.018857955932617188,-20.2932809703417,27.334466695785522
-0.46580255,3.435906171798706,25.192909002304077,21.35723567008972,-29.456965964417535,29,61.254505482619486,300000,30.1392759411758,-93.77061124173709,100,1.676584243774414,1065.4204177856445,0.0072763306,0.019179105758666992,-12.938568951586749,26.889081716537476
-0.4586373,3.467604637145996,25.924946069717407,22.06371307373047,-26.399947151741387,30,61.88402419211161,310000,29.48986670575944,-114.52746056201075,100,1.4966998100280762,1092.8831198215485,-0.01457118,0.019218921661376953,-11.085514486735788,27.44222402572632
-0.656276,3.470188617706299,25.98563814163208,22.120988845825195,-41.668213205027534,31,50.69040519921935,320000,33.187429315003506,-98.06067280502461,100,1.690168857574463,1120.6022307872772,0.022163099,0.019826889038085938,-20.753670005638302,27.697144746780396
-0.45420372,3.498833417892456,25.699133157730103,21.80418610572815,-36.76091939919095,32,75.71544611070115,330000,33.35108526525926,-137.31765750621213,100,1.4715769290924072,1147.813287973404,-0.0057110107,0.018354177474975586,-17.28682894554373,27.190386056900024
-0.47137925,3.506929874420166,26.246193170547485,22.339090824127197,-57.46116670538488,33,48.074041349544956,340000,40.00342374921553,-226.0808908327418,100,1.6938879489898682,1175.7971997261047,0.005529639,0.021258831024169922,-29.655514338246185,27.962690114974976
-0.25029838,3.527467727661133,25.076735973358154,21.158162117004395,-54.76472252661451,34,103.60336172195039,350000,41.64752085506758,-138.6634213475051,100,1.7402589321136475,1202.6982259750366,0.032473534,0.06295919418334961,-29.13356099881634,26.880324125289917
-0.3064608,3.4398632049560547,25.795311212539673,21.963932514190674,-60.27493791733521,35,79.44615372113822,360000,43.33688175287742,-182.671143507982,100,1.7168021202087402,1230.2525398731232,-0.011486182,0.01932382583618164,-33.286719127942874,27.532811164855957
-0.12363108,3.4501776695251465,26.139231204986572,22.295814752578735,-53.200819639651456,36,70.98917728638867,370000,38.35210231783734,-163.86360617359605,100,1.4658758640289307,1257.8998527526855,0.03590652,0.01949906349182129,-26.69995769690347,27.625903844833374
-0.13021377,3.4655582904815674,26.12005305290222,22.26189947128296,-31.354925745723367,37,101.97401714700607,380000,43.951411547479765,-122.10271760378012,100,1.726478099822998,1285.788661956787,0.002094922,0.019431114196777344,-13.997730382666095,27.867249727249146
-0.30726737,3.4924607276916504,25.69436001777649,21.807183265686035,-33.34024295858951,38,99.36747915511786,390000,44.007891715286036,-160.72989271343334,100,1.4873058795928955,1313.0105817317963,0.003939136,0.019887924194335938,-18.53562415873358,27.20192790031433
-0.6435083,3.420370578765869,26.28601598739624,22.461661100387573,-58.13403434862008,39,95.68950269857925,400000,50.99061509050812,-195.30976773042832,100,1.7139861583709717,1341.0497977733612,0.0007594238,0.018825769424438477,-32.979350696137615,28.020092010498047
-1.3587124,3.5479836463928223,25.702632904052734,21.746459007263184,-65.72524355615595,40,126.0366377070931,410000,52.53663906625984,-193.1371705406926,100,1.7254531383514404,1368.5201659202576,0.028853051,0.020239830017089844,-37.871137726783594,27.448715925216675
-0.9872744,3.519104242324829,25.740822076797485,21.756321668624878,-51.91534146147926,41,60.24049939773584,420000,38.11698571214181,-110.681309556591,100,1.801323652267456,1396.1028349399567,0.00746698,0.01989293098449707,-25.17961373400564,27.563687086105347
-3.8475187,3.4978859424591064,26.14409327507019,22.25232696533203,-72.01022770525101,42,66.92831332992417,430000,41.55013703247688,-134.1287010007031,100,1.7614052295684814,1424.0529117584229,-0.005865881,0.02036118507385254,-35.970613387320874,27.927282094955444
-5.8697014,3.5581746101379395,26.112590074539185,22.153482913970947,-62.90313900332519,43,80.92416246581008,440000,41.513143864120124,-149.80889662751792,100,1.7799859046936035,1451.987479686737,-0.023068506,0.01920795440673828,-31.478134473247206,27.913212060928345
-6.978622,3.780876636505127,26.83949613571167,22.66441774368286,-51.7984680574126,44,82.43568770596734,450000,37.65694880627862,-105.12025282084765,100,1.73223876953125,1480.601539850235,-0.009769775,0.01867198944091797,-26.330369936004168,28.592073917388916
-9.267242,4.335562705993652,30.508223056793213,25.709867477416992,-101.36077211557685,45,47.86934235064043,460000,10.718925440596367,-62.05592858839889,100,1.5806288719177246,1512.7467279434204,-0.003264502,0.03285503387451172,-58.34844057982402,32.12304902076721
-2.2197487,3.980884313583374,28.178466796875,23.792563676834106,-103.28985385485133,46,-57.52306933203286,470000,0.8936328284864854,-62.06616230326371,100,1.7590439319610596,1542.7325420379639,0.017265106,0.021080970764160156,-59.47170707319335,29.958962202072144
-0.75247663,3.887296199798584,26.632725954055786,22.29485535621643,-103.31205490609084,47,-57.07325681472631,480000,0.9794214097572596,-62.388419396463576,100,1.7696208953857422,1571.1729288101196,-0.014507268,0.019188880920410156,-59.4947773921006,28.42186403274536
-0.2555061,4.031188011169434,27.56107807159424,23.12868571281433,-103.07241815704009,48,-56.34435467576699,490000,0.921119024785286,-62.64395562728157,100,1.4718351364135742,1600.2481768131256,0.0061393846,0.019639015197753906,-59.2653627986041,29.05393123626709
-0.07321206,3.8680193424224854,26.03769302368164,21.774528741836548,-103.43079213046815,49,-57.506226550337445,500000,0.9312716660556761,-62.087718323116164,100,1.7009601593017578,1628.0501997470856,0.0073496713,0.01928114891052246,-59.6073064125625,27.782302856445312
-0.024336902,3.9134440422058105,26.637540102005005,22.322833776474,-103.21781635551352,50,-57.20222391016734,510000,0.9902092569975117,-62.35607346931819,100,1.7449450492858887,1656.4726977348328,-0.0010776146,0.018911123275756836,-59.40267828638844,28.40195894241333
-0.05283496,3.892507791519165,26.233798027038574,21.94270944595337,-103.44288765156965,51,-57.87996901785008,520000,0.9781395892080874,-62.913984982920745,100,1.7171640396118164,1684.4634997844696,0.004879225,0.01879715919494629,-59.62046086937806,27.970317840576172
-0.061928358,3.9213926792144775,28.90368413925171,24.579906702041626,-103.43421869658494,52,-57.463643845310216,530000,0.8496370619428992,-62.263684294824245,100,1.7171425819396973,1715.1429607868195,-0.047594026,0.028399229049682617,-59.61134211383667,30.65902805328369
-0.0051868986,4.160315752029419,28.18590497970581,23.610016107559204,-103.35822483964205,53,-57.11520805869574,540000,0.8821765323944865,-61.464678082726614,100,1.5147550106048584,1744.8896310329437,-0.006965113,0.02413177490234375,-59.53427010098302,29.725356101989746
-0.014388481,3.9439709186553955,27.19174885749817,22.81405234336853,-103.35070692314721,54,-56.82531561498007,550000,1.0678320955555198,-63.20297708225499,100,1.7483279705047607,1773.8713176250458,-0.004269343,0.020411968231201172,-59.52913819591453,28.961870908737183
-0.010218812,3.8928890228271484,25.83707022666931,21.534493446350098,-103.19657446738677,55,-57.40458348061677,560000,0.8385173938259602,-61.64310041388068,100,1.7276759147644043,1801.4780459403992,0.0030087493,0.01944708824157715,-59.38546715727099,27.584567070007324
-0.035286937,4.016754150390625,26.332542896270752,21.914069652557373,-103.36125320470508,56,-57.465227601238524,570000,0.8966543152913707,-61.83754962741196,100,1.753211259841919,1829.602473974228,-0.010082808,0.0162351131439209,-59.541321137146404,28.103450059890747
-0.013159088,3.864839553833008,25.85426092147827,21.58925437927246,-103.30006084532889,57,-57.691606281367186,580000,1.003467995930342,-63.42279097059086,100,2.835218906402588,1858.3748478889465,0.006665892,0.060827016830444336,-59.48166683738292,28.750924825668335
0.020268902,4.022119045257568,29.057020902633667,24.618919849395752,-103.18769666288165,58,-57.60997354762727,590000,0.7193391238712172,-60.963969221303266,100,1.6945610046386719,1889.1794168949127,0.03542931,0.01982879638671875,-59.37643457460854,30.7729070186615
-0.046324093,4.056742429733276,28.035916805267334,23.567721605300903,-103.23945593389334,59,-57.80593255588218,600000,0.7745380164678946,-61.69056827392413,100,1.6915791034698486,1918.9513039588928,-0.017873194,0.019343137741088867,-59.42553350797088,29.749449968338013
-0.02897132,3.899742364883423,26.021798133850098,21.72072124481201,-103.23564285737622,60,-57.47436992853831,610000,0.9420191184548493,-62.933738260237384,100,1.5177252292633057,1946.5328159332275,-0.018093778,0.0207059383392334,-59.42176680302924,27.56065797805786
-0.06520027,3.9047296047210693,26.141804933547974,21.83816695213318,-103.32873262576075,61,-57.38599983770596,620000,0.9053374678765681,-61.3640722400447,100,1.74595308303833,1974.462308883667,-0.044449672,0.02086186408996582,-59.51127426935878,27.908971071243286
0.0012445557,4.007807016372681,26.055973052978516,21.646178483963013,-103.14938621334692,62,-57.039794324026154,630000,0.9828913264757305,-62.93325308447632,100,2.264986991882324,2002.8230369091034,0.00887575,0.01915431022644043,-59.340701294043846,28.340461015701294
0.004950771,4.029218912124634,27.175286054611206,22.74301505088806,-103.40533113127631,63,-57.305164365137614,640000,1.0036930814563727,-62.410663133533255,100,1.7121729850769043,2031.751182794571,0.021496948,0.019368886947631836,-59.58179352397204,28.907176971435547
0.0064249896,3.944474697113037,26.599508047103882,22.25150990486145,-103.26993743018335,64,-57.411790096802946,650000,0.9044405448581815,-62.07198942999653,100,1.6854259967803955,2060.0778498649597,0.01909991,0.02005600929260254,-59.45686213407467,28.30638885498047
-0.00868821,4.060433387756348,26.79080891609192,22.321083784103394,-103.22121201039167,65,-57.33931748704738,660000,0.9133461992018859,-62.101700627245606,100,1.6561341285705566,2088.56515789032,0.0022759421,0.018820762634277344,-59.41076009435474,28.46637487411499
-0.006782477,3.918057918548584,26.1529757976532,21.773026943206787,-103.29705608407572,66,-57.09360839956395,670000,0.9030076854053466,-61.913462769272066,100,1.822624921798706,2116.5813829898834,-0.0016758606,0.019131898880004883,-59.479333816561955,27.995129108428955
-0.029370606,4.029218912124634,26.042255878448486,21.60182809829712,-103.28492781868552,67,-57.717585493535914,680000,0.9036694961141515,-62.79730125549044,100,1.452672004699707,2144.117376089096,-0.0081217345,0.01987290382385254,-59.46778954131436,27.515228033065796
-0.011488157,4.008016586303711,27.12863802909851,22.710233449935913,-103.36591555000984,68,-57.61952889084458,690000,0.8523590832982864,-61.590977825701735,100,1.8843860626220703,2173.173045873642,-0.0028258516,0.020901918411254883,-59.54565507906016,29.03528094291687
-0.009215615,4.004133939743042,26.4543240070343,21.99668550491333,-103.40026217392926,69,-57.324145970442665,700000,0.9558928760219118,-62.87798281679576,100,1.516183853149414,2201.185168981552,0.010469786,0.019460201263427734,-59.57928130614556,27.991366147994995
0.0035678544,3.9534671306610107,25.745697259902954,21.39481806755066,-103.31369237416676,70,-57.463235905125494,710000,0.8495888652167517,-61.49834727046797,100,1.7471117973327637,2228.721634864807,0.0032494736,0.01916217803955078,-59.49566043622612,27.515827894210815
0.008271837,3.948469400405884,26.200139045715332,21.85096764564514,-103.17748863216637,71,-57.247389081257204,720000,0.9139409482443371,-62.27432305782614,100,1.7860610485076904,2256.7500727176666,0.017087279,0.019850969314575195,-59.36720322323324,28.00734806060791
-0.028645996,3.9263968467712402,25.61786985397339,21.28266930580139,-103.20011650909291,72,-57.14049370193535,730000,0.9040174411564393,-61.527188829432426,100,1.6668610572814941,2284.1018209457397,-0.019362757,0.035246849060058594,-59.38903740043857,27.328931093215942
-0.022561857,3.892204761505127,25.84953284263611,21.55064058303833,-103.30487206959053,73,-56.88358289382581,740000,0.9639348149457143,-62.438234496055564,100,2.0162808895111084,2312.008626937866,-0.009902448,0.01876997947692871,-59.48835174134986,27.885972023010254
-0.008617511,3.9153575897216797,26.072943210601807,21.744778633117676,-103.42338409981572,74,-57.317806380126235,750000,0.8273278078187956,-61.97921214663401,100,1.457900047302246,2339.5811789035797,-0.0044071395,0.01874995231628418,-59.60009891746049,27.551114082336426
-0.028329382,4.145712614059448,27.007200002670288,22.43252992630005,-103.24432847424012,75,-57.739712630585345,760000,0.8050077716245337,-61.29574788457938,100,1.476736068725586,2368.1117136478424,-0.020875724,0.025872230529785156,-59.431279158544946,28.51138687133789
-0.017596891,4.022964000701904,25.99492573738098,21.56242084503174,-103.16138991294721,76,-56.53865592363251,770000,0.971329545996427,-62.42229599674187,100,1.7381267547607422,2395.886319875717,-0.00036047897,0.019835948944091797,-59.35378475459505,27.753334045410156
0.0060030897,3.877229690551758,25.2811598777771,20.999696254730225,-103.24387424304028,77,-56.919230572819785,780000,1.0867052070567431,-62.933307083788094,100,1.631781816482544,2422.839703798294,0.0026981796,0.019176959991455078,-59.43057079407664,26.93252396583557
-0.028465325,3.9523003101348877,25.947849988937378,21.601897954940796,-103.13808906739114,78,-56.46025784763103,790000,0.8993677103662636,-61.92967094863378,100,1.7281410694122314,2450.555766105652,-0.0145282885,0.019282102584838867,-59.33066780075364,27.69567084312439
-0.026630785,3.9345755577087402,25.673933029174805,21.314833879470825,-103.24016386125612,79,-57.10185290293871,800000,0.8543857520691087,-62.28363795950882,100,1.7462489604949951,2478.016523838043,-0.028923178,0.01905202865600586,-59.42643459738556,27.43959879875183
-0.007099585,4.005249500274658,27.290183067321777,22.834007024765015,-103.40086227328345,80,-57.27413468937808,810000,0.9085791125985003,-62.14365967091961,100,2.1457479000091553,2507.4915928840637,0.00023476638,0.01767587661743164,-59.577960824027244,29.454874992370605
-0.021084249,4.036784648895264,25.595076084136963,21.14924383163452,-103.22693686483281,81,-57.088133966186014,820000,0.83487826686726,-61.62365445596143,100,1.7035117149353027,2534.8309948444366,-0.0065017412,0.018838882446289062,-59.417375902156536,27.31782817840576
0.0057308227,4.022269010543823,25.757462978363037,21.321884870529175,-103.3129056681021,82,-57.11973159647688,830000,0.9572936602137839,-62.02229373360355,100,1.6884779930114746,2562.3174810409546,0.008052428,0.019287586212158203,-59.49779250279316,27.465641975402832
0.014783249,3.9741032123565674,25.378982305526733,20.998813152313232,-103.27026502971653,83,-56.84658693545863,840000,1.058455741367999,-63.19246797202779,100,1.7069191932678223,2589.4438400268555,0.015989209,0.019141197204589844,-59.454302749617916,27.105417013168335
-0.023120249,3.9659509658813477,25.96416735649109,21.576636791229248,-103.27100164643043,84,-57.161983029703535,850000,0.9456934128674708,-62.303095915685724,100,1.7220308780670166,2617.180219888687,-0.01876446,0.028818845748901367,-59.45453980663719,27.715879201889038
0.0044119903,3.988799571990967,25.73369073867798,21.33271551132202,-103.23261857597717,85,-57.48387096420745,860000,0.8921867017436046,-61.982842592198445,100,2.112123966217041,2645.0686359405518,0.017078228,0.018969058990478516,-59.42197803441809,27.865152835845947
0.007608913,3.974138021469116,26.35111665725708,21.973461389541626,-103.1103660313521,86,-57.38708802149944,870000,0.8862297260317487,-62.0793190288103,100,1.6706140041351318,2673.128718852997,0.01655962,0.019104957580566406,-59.30409347422737,28.042268753051758
-0.022178587,3.9719483852386475,25.187772750854492,20.80655574798584,-103.07263684290454,87,-56.030715236105614,880000,1.0206891666088906,-62.24328311743724,100,1.6024136543273926,2699.960001707077,-0.011773925,0.01937103271484375,-59.26740235650116,26.810352087020874
-0.028102139,3.9244279861450195,25.162169933319092,20.83853578567505,-103.1563725659749,88,-56.88936947432312,890000,0.8614471182637318,-61.214050161127744,100,1.503843069076538,2726.6658837795258,-0.025915606,0.01929497718811035,-59.34772885129253,26.68566918373108
-0.0063766823,3.93385648727417,25.687336921691895,21.343353271484375,-103.22444418540975,89,-56.82710259272495,900000,0.852224591496627,-61.13509431241663,100,1.6889369487762451,2754.081095933914,0.0063173263,0.0193328857421875,-59.40905282035376,27.39613103866577
-0.014594455,3.984456777572632,25.687463760375977,21.292139053344727,-103.19979331731794,90,-56.95137987305364,910000,0.8685641550231612,-62.03743146533882,100,1.6658270359039307,2781.4741067886353,0.0049131317,0.01888275146484375,-59.38797967498127,27.372550010681152
-0.03639464,3.912480115890503,25.274453163146973,20.958504915237427,-103.152549283868,91,-57.32513067756527,920000,0.9445697949868833,-62.88754961694242,100,1.5909919738769531,2808.376580953598,-0.024686232,0.01859116554260254,-59.34542064639776,26.884357213974
-0.05358202,4.130153656005859,25.11462903022766,20.532243490219116,-103.26230715845391,92,-57.78089939250131,930000,0.826818319662983,-61.20512509610443,100,1.7158100605010986,2835.244211912155,-0.031634796,0.018700122833251953,-59.44954505219053,26.84948182106018
-0.035300292,3.959970712661743,24.843779802322388,20.47895860671997,-103.04758157280354,93,-57.79651824391803,940000,0.8220821140180418,-61.889263766531805,100,1.6962029933929443,2861.8247559070587,-0.019801095,0.019285917282104492,-59.243937826765105,26.55972909927368
0.033048652,4.220984220504761,25.05035710334778,20.418471097946167,-103.29892721161895,94,-57.21137605148099,950000,1.0211022760969066,-62.407100137584344,100,1.658560037612915,2888.57337975502,0.03887705,0.01889181137084961,-59.48389825610704,26.728236198425293
0.0015091118,3.9262332916259766,24.972924947738647,20.645835876464844,-103.1588510351673,95,-57.59680925768203,960000,0.8822973490459081,-62.20921800271232,100,1.80489182472229,2915.393047809601,0.009989155,0.02026987075805664,-59.34937313570522,26.798479795455933
-0.030158006,3.954906702041626,24.911223888397217,20.551652193069458,-103.38044129275686,96,-57.311018804244206,970000,1.0095408172994653,-61.82323470057834,100,1.6495890617370605,2941.9943470954895,-0.005043668,0.018944978713989258,-59.55984265014386,26.581167936325073
-0.014558233,4.194023370742798,26.68946385383606,22.09006690979004,-103.20682396477831,97,-57.61839817883292,980000,0.8451659333296201,-61.95050012883094,100,1.638524055480957,2970.3605678081512,-0.006893196,0.015812158584594727,-59.393769326314995,28.345282793045044
-0.0033791808,3.965298891067505,24.63151717185974,20.262691497802734,-103.25495435273673,98,-57.85062287876677,990000,0.818133083407918,-61.84233807632468,100,1.6797897815704346,2996.7130937576294,0.0065994,0.019771814346313477,-59.43927320383445,26.331480026245117
-0.019866783,3.947125196456909,24.8683500289917,20.51832342147827,-103.261516936041,99,-57.287866241945544,1000000,0.7892985932294501,-61.47209478135269,100,1.6335868835449219,3023.2542338371277,-0.008961462,0.0192868709564209,-59.44961362704599,26.521626234054565
-0.047459625,3.9089527130126953,27.976304054260254,23.664291620254517,-103.09844282344106,100,-57.40252065158738,1010000,0.9209114060716893,-63.13818531064885,100,1.491131067276001,3052.778350830078,-0.018407091,0.019784927368164062,-59.2906368433789,29.503240823745728
-0.013843025,4.142201662063599,24.874017000198364,20.328211545944214,-103.06550436908198,101,-57.70846477750197,1020000,0.8022769482254517,-61.138367702321254,100,1.463252305984497,3079.1556508541107,0.0047783614,0.018930912017822266,-59.2638514640206,26.35660696029663
-0.03706898,4.0262439250946045,25.215556144714355,20.7840678691864,-103.23179074650272,102,-57.49706452293063,1030000,0.8538468058548397,-62.31604578643714,100,1.4534692764282227,3105.8649899959564,-0.02996319,0.018578052520751953,-59.420880000646704,26.688232898712158
-0.017983805,3.924722671508789,24.41251516342163,20.086705446243286,-103.2535820433558,103,-57.19240114880751,1040000,0.9313810054452848,-61.966847420311474,100,1.4614739418029785,3131.9723620414734,-0.007693229,0.2020711898803711,-59.43977589812504,26.07643699645996
-0.004787335,3.9449706077575684,24.38504195213318,20.036828756332397,-103.29685921817152,104,-57.236410128815564,1050000,0.9416958325963668,-62.01791140828259,100,1.7800159454345703,3158.1919350624084,0.016505042,0.030505895614624023,-59.47940977248871,26.198262691497803
-0.023839643,4.06741189956665,26.172123908996582,21.68522357940674,-103.16227813448023,105,-57.679984917713874,1060000,0.9238344761077274,-62.580140312739694,100,1.7039999961853027,3186.112259864807,-0.013898523,0.018921852111816406,-59.35387647902214,27.896461963653564
-0.013010407,4.013269901275635,26.18680500984192,21.764689683914185,-103.11597405299901,106,-57.675775346800094,1070000,0.7604165201502857,-61.168590328528055,100,1.7070741653442383,3214.06437087059,0.015467768,0.01945185661315918,-59.30781521019509,27.93010711669922
-0.057495464,3.9277758598327637,25.464273929595947,21.13345456123352,-103.48535155191661,107,-58.075712455507606,1080000,0.8612871084981272,-62.971284156234944,100,2.087810754776001,3241.6637959480286,-0.048740998,0.024407148361206055,-59.65925333464521,27.578025102615356
-0.020929515,3.8779141902923584,24.733547925949097,20.45046091079712,-103.30484963398528,108,-57.60369912448437,1090000,0.859138490726444,-61.69594532239928,100,1.6378211975097656,3268.075439929962,-0.0017794083,0.01879405975341797,-59.48933295646199,26.39057683944702
-0.0034463669,3.9459497928619385,25.40281391143799,21.04848289489746,-103.28972272319555,109,-57.466602585935725,1100000,0.9525295258814853,-61.95773663102219,100,1.487037181854248,3295.005515098572,0.015861638,0.01906585693359375,-59.47148337974902,26.909283876419067
-0.05278985,3.9034478664398193,24.672007083892822,20.37006378173828,-103.21203085245952,110,-57.07824840824462,1110000,0.9330582822629206,-62.28200955648454,100,1.5781748294830322,3321.2978188991547,-0.039258644,0.019594907760620117,-59.39966185601605,26.27132797241211
-0.020761928,3.953383445739746,24.552613019943237,20.199883937835693,-103.12337683226296,111,-57.37972022444287,1120000,0.861798697256817,-61.283802404801015,100,1.6750588417053223,3347.566790819168,-0.0054276614,0.0196688175201416,-59.31625728601147,26.247754096984863
-0.06570149,3.9148690700531006,24.926350116729736,20.588686227798462,-103.22511730330352,112,-57.5226846540156,1130000,0.8505566780675431,-61.34783818097699,100,1.6248440742492676,3374.1609427928925,-0.019433578,0.01967000961303711,-59.40956799121584,26.571299076080322
0.017021801,4.019870281219482,26.825159072875977,22.393688201904297,-103.37333514945982,113,-57.59783679374386,1140000,0.9314446170021357,-62.81738688329513,100,1.6627190113067627,3402.689220905304,0.013146893,0.0185849666595459,-59.554173728468186,28.507067918777466
-0.011577173,3.944932460784912,24.9141628742218,20.57213282585144,-103.23640619486409,114,-57.17691169477158,1150000,0.7925918582890166,-61.67044006375977,100,1.780691146850586,3429.425426006317,0.008810144,0.019504070281982422,-59.42420213041683,26.714802265167236
-0.003320205,4.979527950286865,42.06200098991394,36.550129652023315,-103.3909405199343,115,-57.95752341121624,1160000,1.0164516185193013,-65.94295756974756,100,1.9604697227478027,3473.492080926895,-0.0034871232,0.02254796028137207,-59.56686516850855,44.04584097862244
0.002327536,4.803860902786255,35.22576904296875,29.92601251602173,-103.22970421527714,116,-57.40020707887611,1170000,1.0118395196314853,-62.311721245360545,100,2.4174020290374756,3511.2039120197296,0.010116719,0.038501739501953125,-59.416967026962105,37.6830792427063
-0.024457535,5.007619142532349,38.48627209663391,32.972673654556274,-103.24757807125259,117,-57.29663013274803,1180000,0.9524358354085464,-62.271663139637134,100,1.815551996231079,3551.5616357326508,-0.01918338,0.031758785247802734,-59.42874311438,40.33476805686951
-0.0052860915,4.779441595077515,34.985166788101196,29.723034381866455,-103.1608004564952,118,-57.70554819370841,1190000,0.7915532926548039,-61.751236041439114,100,3.491856098175049,3590.0825250148773,-0.0017855492,0.021010875701904297,-59.354298080457895,38.49888491630554
0.005131224,4.613991737365723,33.70858979225159,28.621556520462036,-103.44997285283763,119,-57.8757066667505,1200000,0.931251295809029,-61.882196525081845,100,2.9522058963775635,3626.7967047691345,0.012124459,0.021152019500732422,-59.62343203411895,36.68463897705078
-0.045573395,5.123342275619507,84.70124387741089,79.0018081665039,-103.42019966368557,120,-57.438442216438126,1210000,0.9805343890929364,-63.01867116009549,100,2.2940049171447754,3713.8540229797363,-0.04014972,0.03417491912841797,-59.60156847909005,87.03212213516235
-0.04025285,4.694591045379639,65.2152509689331,60.036181926727295,-103.24408676526431,121,-57.42052916773918,1220000,0.9277564835183413,-62.2414868402083,100,2.199294090270996,3781.327558994293,-0.026579438,0.02905416488647461,-59.42826770374839,67.44691514968872
0.007840267,4.617888927459717,63.17538619041443,58.08310866355896,-103.2005033051603,122,-57.432984542656875,1230000,0.9385062856901418,-61.57191360296689,100,2.2080860137939453,3846.7551968097687,0.011627566,0.022435665130615234,-59.39086867816145,65.40631818771362
0.00474286,4.578676223754883,62.776960134506226,57.71812200546265,-103.37164054042643,123,-57.795869721487264,1240000,0.9138563088808598,-62.208176453540936,100,2.3172779083251953,3911.893949985504,0.024124647,0.021490812301635742,-59.55330068874809,65.11734700202942
-0.032488134,4.361125230789185,60.23531484603882,55.4189932346344,-103.28138691565312,124,-57.35941171692191,1250000,0.8312243152114023,-61.469366798449876,100,2.1495437622070312,3974.358917951584,-0.025384253,0.05683612823486328,-59.464939206776364,62.44324803352356
-0.023079209,4.484980821609497,61.76914834976196,56.84948682785034,-103.20740963726745,125,-56.827228871465344,1260000,0.9258140379136311,-62.20497017565683,100,3.159949779510498,4039.334691762924,-0.0042281677,0.022562026977539062,-59.39501240390011,64.95313596725464
-0.035528578,4.264171123504639,53.67065787315369,48.97751569747925,-103.1242923702444,126,-56.41458820135104,1270000,0.8527952574847663,-61.55205077496893,100,2.1932170391082764,4095.2498228549957,-0.036837224,0.027796030044555664,-59.31722562623145,55.89365005493164
-0.01534082,4.173219680786133,54.75575518608093,50.12282371520996,-103.30740737272761,127,-56.85453983996759,1280000,0.8862522926465359,-63.356081850147525,100,1.9445550441741943,4151.99538898468,-0.008411806,0.021019697189331055,-59.487922250721915,56.7229950428009
0.032706544,4.256359100341797,59.22828507423401,54.5393648147583,-103.31492327175472,128,-57.472862528239595,1290000,0.9415290480787702,-62.283824436383576,100,2.2070086002349854,4213.4845058918,0.04699093,0.017125844955444336,-59.4941646936118,61.46659302711487
0.00084590376,4.225171089172363,54.6538360118866,49.994277477264404,-103.13840057894794,129,-56.41019350960188,1300000,0.8592452756564145,-61.540026899157105,100,1.9813330173492432,4270.16171503067,0.03387998,0.020895957946777344,-59.328755202954966,56.656440019607544
-0.047875874,4.314369201660156,56.70806384086609,51.947779417037964,-103.26899547834165,130,-57.36147237090183,1310000,0.9668059850173696,-62.53372555926471,100,2.0062270164489746,4328.923989057541,-0.026631707,0.020938873291015625,-59.451545580543694,58.74008083343506
-0.038190138,4.2180304527282715,55.30041217803955,50.650001764297485,-103.53667727219465,131,-57.304780174087,1320000,0.8919966702680524,-62.68733169176897,100,1.9638941287994385,4386.230343818665,-0.019289447,0.02052783966064453,-59.707871768063185,57.285282135009766
-0.00648083,4.146475076675415,55.49122619628906,50.915284633636475,-103.28319426464012,132,-57.01186337781075,1330000,0.991020742222179,-62.30267852497351,100,1.9543330669403076,4443.7225069999695,0.009268747,0.02042078971862793,-59.46793772685609,57.46659994125366
-0.019464884,4.188270330429077,56.782066106796265,52.14677429199219,-103.13886377853814,133,-57.17509951692259,1340000,0.895989408948415,-62.135230658418166,100,1.9664340019226074,4502.514273881912,-0.014504466,0.019866943359375,-59.33115392988877,58.769779920578
-0.02624432,4.254016399383545,56.98841691017151,52.29132270812988,-103.2199735021734,134,-57.059701588736644,1350000,0.9901312165068022,-62.15950319562659,100,1.996919870376587,4561.544171094894,-0.0036958877,0.019708871841430664,-59.407533300543534,59.00656580924988
-0.048127435,4.302656412124634,58.50029802322388,53.7659387588501,-103.23914989284339,135,-57.34910835905977,1360000,0.9511342177156515,-61.93768696407579,100,1.995995044708252,4622.0823476314545,-0.014519412,0.01929020881652832,-59.42421461499049,60.517045974731445
0.0063904207,4.149265289306641,57.54223918914795,52.96673846244812,-103.39644175321494,136,-57.79197317772195,1370000,0.9949598501805632,-62.600144532151184,100,2.0496299266815186,4681.718726873398,0.0089249555,0.019815921783447266,-59.57711840368285,59.614588260650635
-0.0270255,4.224832057952881,57.179401874542236,52.52240467071533,-103.32239810421169,137,-57.47432227448306,1380000,0.8348741150533179,-61.50618992792471,100,2.218738079071045,4741.159889936447,-0.02334456,0.02010202407836914,-59.50309874528518,59.4197940826416
-0.02909713,4.237382650375366,58.46428203582764,53.78100848197937,-103.44078814048997,138,-57.17461394671611,1390000,0.9270685534817253,-62.22375580445954,100,2.0388009548187256,4801.707593917847,-0.007701355,0.020458221435546875,-59.61821152451674,60.52503204345703
-0.016530953,4.195549964904785,56.62306261062622,52.0026159286499,-103.36638663326089,139,-57.83043376147032,1400000,0.8790168153436475,-61.67833790113586,100,2.0245800018310547,4860.3981058597565,-0.001497998,0.019329071044921875,-59.54604578136826,58.66848611831665
-0.016438099,4.464615345001221,59.065593004226685,54.17203617095947,-103.13838102560732,140,-56.99204736166241,1410000,0.9140673134868917,-61.56533426290906,100,2.015285015106201,4921.532442808151,-0.0018416939,0.027740001678466797,-59.32861582687645,61.110071897506714
0.0053285696,4.221944570541382,56.98307418823242,52.33359622955322,-103.19942806586022,141,-57.57861852562069,1420000,0.86560695020023,-62.017012798548464,100,2.0330300331115723,4980.602644920349,0.01459409,0.032338857650756836,-59.38713640783639,59.04886770248413
0.004670442,4.316053152084351,57.85083293914795,53.10128569602966,-103.3641154064409,142,-55.817025848712674,1430000,1.0551940632987238,-62.38704250157277,100,2.161332845687866,5040.658759832382,0.01584879,0.020184993743896484,-59.54596383406111,60.034154176712036
-0.04591294,5.172327995300293,100.69666576385498,94.4677221775055,-103.26635702633104,143,-56.83147168191177,1440000,0.9463400150345163,-62.09956637785792,100,2.4299919605255127,5143.843799829483,-0.02716258,0.03467416763305664,-59.453010171094355,103.16264700889587
-0.0028858627,4.830550193786621,75.93420815467834,70.59065389633179,-103.27630100643545,144,-57.53599452895399,1450000,0.8870699883581332,-62.615539128547155,100,2.2725560665130615,5222.104344844818,0.009433473,0.02583599090576172,-59.46292779508011,78.23315000534058
-0.014494928,4.73298192024231,69.11182689666748,63.8936083316803,-103.30397606379793,145,-57.4199526676055,1460000,0.8300898888501254,-62.24909013642908,100,2.3944249153137207,5293.663515806198,-0.015312379,0.02945399284362793,-59.48891402628257,71.53691911697388
-0.0011552674,4.844473123550415,63.934272050857544,58.5566942691803,-103.29887162359799,146,-57.0388173482773,1470000,0.996957490468586,-62.30917982993929,100,2.080220937728882,5359.719760894775,0.0040223533,0.020445823669433594,-59.483748506403735,66.03532195091248
-0.0048280046,4.685788154602051,65.5373888015747,60.25175738334656,-103.07696132614308,147,-57.226272671790746,1480000,0.8924956867036595,-61.57501358362689,100,2.567891836166382,5427.869312763214,0.02482555,0.0225522518157959,-59.26778511012123,68.12879490852356
-0.0065823426,5.230709075927734,81.33292508125305,75.58992004394531,-103.36502407948268,148,-57.473158184847875,1490000,0.9822926296409952,-62.526496754057575,100,3.7119288444519043,5512.963126659393,0.0070470423,0.024378061294555664,-59.54586570699004,85.07079601287842
0.01968251,4.867701768875122,69.89337801933289,64.54818391799927,-103.25498004122203,149,-57.27008086386624,1500000,0.9533874653336472,-61.765045776429915,100,2.8210251331329346,5585.732334852219,0.027128521,0.033802032470703125,-59.441623843680915,72.74888396263123
-0.0056327484,4.905501127243042,80.54902386665344,75.1529324054718,-103.27617479136407,150,-57.60272322132111,1510000,0.9859032455001586,-62.767778104380575,100,2.1783740520477295,5668.507576704025,0.010185695,0.024526119232177734,-59.461590455240476,82.75350499153137
-0.0024668,4.950520277023315,64.32074880599976,58.907153844833374,-103.20377813656029,151,-57.025776310227926,1520000,0.9539645252121056,-62.1370878545187,100,2.1626551151275635,5735.03596496582,0.004259848,0.021490097045898438,-59.38936197852995,66.50642395019531
-0.02124618,4.483569860458374,63.67006587982178,58.743350982666016,-103.44747903915349,152,-57.501274693615706,1530000,1.0889851444509357,-63.696831896719644,100,2.153003692626953,5800.904705762863,-0.003075792,0.02247905731201172,-59.62243233687204,65.84747076034546
0.02421388,4.3342039585113525,60.80586791038513,56.04156422615051,-103.33234922869823,153,-57.29412162472451,1540000,0.9708991298678723,-62.40900802953578,100,3.007097005844116,5864.762722730637,0.028124912,0.02019524574279785,-59.514600613467934,63.83461904525757
-0.0038875153,4.428234100341797,59.437841176986694,54.52280831336975,-103.27627737346798,154,-57.442769399735226,1550000,0.843562250715005,-62.053294961595235,100,2.0719101428985596,5926.319067955017,0.021271126,0.020461082458496094,-59.461156104148216,61.53369116783142
-0.02440442,4.2848029136657715,59.75994420051575,55.04274368286133,-103.25829580907,155,-57.26089854305847,1560000,0.9331379549442075,-62.21754537564018,100,2.030021905899048,5988.15113401413,0.011732477,0.020802736282348633,-59.44169057529266,61.81218409538269
0.008120362,4.398245096206665,60.86837911605835,55.94512462615967,-103.35026149618234,156,-57.45474704218136,1570000,0.9677873173974926,-61.98840570865077,100,2.0470829010009766,6051.112261772156,0.020799818,0.02126789093017578,-59.53127561051938,62.93896293640137
-0.050309088,4.587308883666992,60.74665284156799,55.728211402893066,-103.42976213116823,157,-57.40499223909012,1580000,1.0244352686216505,-62.24984321985328,100,2.0908138751983643,6113.99503493309,0.0017372161,0.022024869918823242,-59.607790470701005,62.86088705062866
-0.04288235,4.394598484039307,60.49236297607422,55.66544795036316,-103.29612295123472,158,-57.32427569280147,1590000,0.9569478673288313,-62.940123095092666,100,2.128722906112671,6176.65931391716,-0.016804973,0.020497798919677734,-59.479110062445116,62.643030881881714
-0.018089311,4.352479696273804,61.089353799819946,56.19528579711914,-103.2038515270693,159,-56.91283516592461,1600000,0.875562782849527,-61.68690790642737,100,2.3091320991516113,6240.10311293602,-0.010549985,0.020566701889038086,-59.39136999514718,63.42053413391113
-0.0151014095,4.3552258014678955,62.35185790061951,57.56140995025635,-103.26780993659679,160,-57.56264319425297,1610000,0.8587720239571003,-61.80838928276447,100,2.043076753616333,6304.542256832123,-0.0040413816,0.01969313621520996,-59.45203841907444,64.41604399681091
-0.025917312,4.551848411560059,60.140459060668945,55.15695762634277,-103.38850441277029,161,-57.44050125978408,1620000,0.9147952694036999,-62.39999979816457,100,2.1378250122070312,6366.864981651306,-0.0002786911,0.020226001739501953,-59.565357806908644,62.30005598068237
-0.004186943,4.385231256484985,60.39227485656738,55.50473213195801,-103.1284053396854,162,-57.148699816002924,1630000,0.8337774927257235,-61.48265993052682,100,2.3890738487243652,6429.691317081451,-0.0031039536,0.01926279067993164,-59.32090470731451,62.80201697349548
-0.044073343,4.4056432247161865,64.30723214149475,59.4679856300354,-103.19835284626961,163,-57.37617146040236,1640000,0.9328772202541484,-61.56075813188632,100,2.107398271560669,6496.147865772247,-0.014214307,0.01945209503173828,-59.39064619646584,66.43554091453552
0.030847736,4.572702169418335,59.43489480018616,54.42454981803894,-103.25521061183231,164,-56.880991177953184,1650000,0.8833439748888714,-61.308694011255554,100,2.5458478927612305,6558.172837972641,0.037065867,0.024404048919677734,-59.441563667447745,62.005593061447144
-0.008365746,4.2542266845703125,60.60179114341736,55.87498950958252,-103.34102030703698,165,-57.69774377237135,1660000,1.0688754174068194,-62.27461519445711,100,2.1177897453308105,6620.947858810425,-0.0052096816,0.030847787857055664,-59.52241838986517,62.750853061676025
-0.0050670556,4.34330677986145,64.6395468711853,59.86022615432739,-103.34346444407458,166,-57.637577820430806,1670000,0.888336141464112,-62.47701504492476,100,2.2995429039001465,6687.930466890335,0.004916214,0.019118070602416992,-59.52479036421833,66.95952296257019
-0.054175634,4.349287509918213,60.06273818016052,55.27961874008179,-103.13204118673146,167,-57.54875682439935,1680000,0.8636985465150235,-62.52017973375515,100,2.0817410945892334,6750.11847281456,-0.031378213,0.020366907119750977,-59.32370102895526,62.16577625274658
-0.048774466,4.316918849945068,61.6333749294281,56.88076424598694,-103.35223637967191,168,-57.40627449303087,1690000,0.9754334635062502,-62.67817641830124,100,2.1027021408081055,6813.8968279361725,-0.015129797,0.020087003707885742,-59.53155622833001,63.75660014152527
-0.019052133,4.4418675899505615,62.61571002006531,57.733622789382935,-103.23020808250844,169,-57.4188419139514,1700000,0.8374845192086279,-62.5139913551814,100,2.068222761154175,6878.625295877457,-0.004928926,0.020016908645629883,-59.41650912359188,64.70764803886414
-0.025444664,4.328523635864258,61.626765966415405,56.86633610725403,-103.05096533480366,170,-56.90382646124654,1710000,0.9260664133050207,-61.918692889929204,100,2.953685998916626,6943.25551700592,-0.029089307,0.02787613868713379,-59.24510910640743,64.60870718955994
-0.007385359,4.3851258754730225,62.56483697891235,57.74371814727783,-103.21002549136462,171,-57.734683581215734,1720000,0.910416335018922,-62.23670037135933,100,2.1460280418395996,7008.008155822754,-0.0005135345,0.01955890655517578,-59.39856179976794,64.73199009895325
0.015495286,4.227236270904541,61.63810586929321,56.95498991012573,-103.21065941737952,172,-57.18017539527901,1730000,1.0278326719850184,-63.334028066892024,100,2.1645820140838623,7071.854604721069,0.021397745,0.019836902618408203,-59.398959647332255,63.823968172073364
0.020073429,4.331858158111572,61.914422035217285,57.14495062828064,-103.34055374944681,173,-57.581904994210305,1740000,0.9034836023636499,-62.587261320182144,100,2.042959213256836,7135.905236005783,0.033137545,0.02072286605834961,-59.520987008414934,64.02908611297607
0.01491544,4.309854030609131,64.04768085479736,59.275099754333496,-103.0951572307501,174,-57.30805459454906,1750000,0.9306255887388962,-61.76804806195036,100,2.115231990814209,7202.110832929611,0.013773245,0.02080512046813965,-59.28983528856598,66.18511891365051
-0.013891028,4.376241445541382,91.55334615707397,86.70785331726074,-103.30710986349968,175,-57.475589408986,1760000,0.9335877599548457,-61.49015237593234,100,3.3919711112976074,7297.100541830063,-0.009775549,0.017993927001953125,-59.48735190466668,94.9648449420929
-0.052218705,4.557585000991821,68.38872694969177,63.39310026168823,-103.19572869898424,176,-57.49491755430722,1770000,0.9005392901914798,-62.20733649724673,100,2.017011880874634,7367.546143054962,-0.017129833,0.020282983779907227,-59.38729952333907,70.42739915847778
-0.02753183,4.511761426925659,63.670400857925415,58.72392511367798,-103.05693492364864,177,-56.54922640439585,1780000,0.8650480736175247,-61.67306402039878,100,2.0631890296936035,7433.369971990585,-0.018501133,0.06677103042602539,-59.25233971781411,65.80198693275452
-0.0196181,4.41737174987793,64.34154987335205,59.477903604507446,-103.24065219791815,178,-57.29311097182171,1790000,0.9348363459349794,-62.19827397729255,100,2.8308420181274414,7500.59014582634,0.008406418,0.024798870086669922,-59.42562677785002,67.1980710029602
-0.002675685,4.4354259967803955,63.01164507865906,58.078498125076294,-103.20073348327976,179,-57.09843007879132,1800000,0.8717110114520068,-61.459506983336226,100,2.153000831604004,7565.79529094696,-0.006187764,0.019446849822998047,-59.38993491722116,65.18484592437744
-0.014144928,4.182161331176758,66.58779907226562,61.94493818283081,-103.28162751593328,180,-57.46893843522793,1810000,0.9382249225813705,-61.93989406628303,100,2.3466780185699463,7634.807021856308,0.00015992965,0.022697925567626953,-59.46560426162513,68.98859691619873
0.004812684,4.350671768188477,64.62459588050842,59.70723628997803,-103.21833844501909,181,-57.464671983450685,1820000,0.7773974766598756,-61.53217389892688,100,2.3277082443237305,7701.803622961044,0.018234666,0.0189511775970459,-59.407655691173304,66.97278690338135
-0.037337016,4.483796834945679,68.26076793670654,63.2967631816864,-103.38716123309737,182,-57.84586257490847,1830000,0.9282694350593639,-61.80142711160087,100,2.2143638134002686,7772.337891817093,-0.011455387,0.035841941833496094,-59.564805739501324,70.515625
-0.026859509,4.4673848152160645,65.07019901275635,60.13137865066528,-103.19679246124706,183,-57.29392088308062,1840000,0.9925185760050712,-62.2636392822657,100,2.1546690464019775,7839.627056837082,0.016823452,0.027085065841674805,-59.38598812634087,67.2528018951416
-0.06469541,4.449238300323486,65.34447717666626,60.456881284713745,-103.13114314921754,184,-57.425572303105206,1850000,0.8733573312239392,-61.42162828219902,100,2.2284862995147705,7907.24430680275,-0.020219875,0.021594762802124023,-59.32625645546074,67.59556102752686
-0.01633047,4.462795734405518,64.97022914886475,60.07232332229614,-103.17724918995579,185,-57.344448850827284,1860000,0.8255607554790467,-61.44386059441612,100,2.1480278968811035,7974.405747890472,-0.003932692,0.019610881805419922,-59.365929397657965,67.1391773223877
-0.017728405,4.319636583328247,62.86674618721008,58.10877227783203,-103.39307348517781,186,-57.856462928006806,1870000,0.8916074071125635,-62.574019535065524,100,3.141624927520752,8040.454372882843,-0.009201613,0.017222166061401367,-59.572504484962984,66.02697086334229
0.008505608,4.469632148742676,66.16140580177307,61.24611520767212,-103.26824603895824,187,-57.17658921373278,1880000,1.080302179559856,-61.8333890470044,100,2.2706282138824463,8108.934084892273,0.013802947,0.0234529972076416,-59.45210171708099,68.45798397064209
0.026763396,4.268750429153442,61.992944955825806,57.2706835269928,-103.17774847379847,188,-56.734491402001154,1890000,0.9328198399494309,-62.002119835811094,100,2.9490208625793457,8173.917956829071,0.031506073,0.018046855926513672,-59.36564557487898,64.9612820148468
0.013921993,5.095088481903076,71.03880596160889,65.4811429977417,-103.39769003399968,189,-57.35577125540724,1900000,0.9609556927438706,-62.532169944418534,100,3.108807325363159,8248.116967916489,0.01756065,0.028163671493530273,-59.57528288629686,74.1767942905426
0.014276131,5.770030498504639,102.97359895706177,96.6712658405304,-103.2765555129895,190,-57.88901532230995,1910000,0.8951673224253656,-61.736512372608715,100,2.33652400970459,8353.475144863129,0.029559309,0.024807214736938477,-59.461641813734744,105.3360481262207
-0.005257112,6.138534307479858,112.71205925941467,105.86940026283264,-103.15279514806362,191,-57.19382796603019,1920000,0.9136347249543265,-62.0821547677604,100,2.6727070808410645,8469.067485809326,-8.249359e-05,0.1811509132385254,-59.34321238434411,115.56919813156128
-0.013305652,5.490380764007568,113.7054808139801,107.64418816566467,-103.27724227348017,192,-57.780519886129056,1930000,0.8823515389398756,-61.800439120953556,100,2.9278690814971924,8585.768674850464,0.0058404785,0.03623008728027344,-59.460863113119906,116.67204093933105
-0.02550378,5.5911784172058105,108.7775399684906,102.6370575428009,-103.28267186053503,193,-57.33923358922348,1940000,0.9301603432377735,-62.130645164896904,100,3.7673957347869873,8698.539746761322,-0.003427739,0.1791388988494873,-59.467724644227175,112.72722673416138
-0.042269554,5.877997398376465,106.29418706893921,99.86251926422119,-103.36257149515632,194,-57.09844319825431,1950000,0.9721216249547691,-61.80563455895918,100,4.84735107421875,8809.73635482788,-0.0014790574,0.033574819564819336,-59.543348307451595,111.17646503448486
-0.031487167,5.540952682495117,97.19620895385742,91.10041213035583,-103.38231162506774,195,-57.64446086904257,1960000,1.0048783340097858,-63.17500271011713,100,2.2812700271606445,8909.276957988739,-0.015370868,0.025043964385986328,-59.56214362702053,99.50530099868774
-0.016729144,5.3916356563568115,79.2399308681488,73.32994985580444,-103.40719638444307,196,-57.28744175211424,1970000,0.9665590265414838,-62.84121435092404,100,3.2395100593566895,8991.800993680954,-0.0067346557,0.02000737190246582,-59.58568081044279,82.50096487998962
-0.017860536,5.463120460510254,82.35544395446777,76.1839644908905,-103.22821143317736,197,-57.29061652502645,1980000,0.9631008713219661,-61.2659925648803,100,3.0825679302215576,9077.291816949844,-0.00045078737,0.02534317970275879,-59.412745338191165,85.46381330490112
0.01518245,4.527257680892944,70.1764862537384,65.141934633255,-103.49492654313858,198,-57.97052158830099,1990000,0.9040875137060537,-62.71884803657972,100,2.270634174346924,9149.784447908401,0.016792445,0.023301124572753906,-59.669893702699156,72.4722740650177
-0.06082809,5.317155838012695,83.35871315002441,77.34171557426453,-103.3476965253995,199,-57.009235388057256,2000000,1.0594809262577605,-62.64835783124338,100,2.246147871017456,9235.435505867004,-0.029530039,0.022197961807250977,-59.528076669988515,85.62900400161743
0.010250585,4.598464012145996,72.81626582145691,67.72361040115356,-103.42369068044381,200,-57.65684078787963,2010000,0.9831196868600234,-61.71481271320534,100,2.3127410411834717,9310.616016864777,0.02070067,0.026648998260498047,-59.60246983949787,75.15705013275146
-0.025514413,4.576637506484985,68.18675208091736,63.1404767036438,-103.28669781254844,201,-57.35552317070274,2020000,0.9033280008129998,-62.26765076960454,100,2.3243730068206787,9381.17359995842,-0.007140413,0.020733118057250977,-59.47238775278642,70.5331039428711
0.014320797,4.551621198654175,67.0405068397522,62.017696380615234,-103.31042152559161,202,-57.224407181258776,2030000,0.8908155818038849,-61.818940562708676,100,2.467039108276367,9450.724928855896,0.04123896,0.020547151565551758,-59.49183941986036,69.53002095222473
0.0042443345,4.498451471328735,70.49405789375305,65.51946711540222,-103.45394966061593,203,-57.395847658971654,2040000,1.006085125423799,-63.00073059622849,100,2.3065781593322754,9523.570548057556,0.017733851,0.01992011070251465,-59.628285581273886,72.82232022285461
-0.00037250214,4.358372688293457,70.38974404335022,65.57918214797974,-103.2310540584609,204,-57.5911056123901,2050000,0.8769591546060183,-61.82067327146158,100,2.350985050201416,9596.356568813324,0.002880626,0.020010948181152344,-59.417019764114386,72.76298189163208
-0.0048926394,4.29357123374939,68.77490305900574,64.03410577774048,-103.2668415201319,205,-57.59091092833296,2060000,0.8764647396651656,-62.03137142530716,100,2.5360090732574463,9667.710954904556,-0.003942933,0.021136999130249023,-59.45191723530258,71.3330409526825
0.0006115532,4.22231912612915,66.97068285942078,62.30920743942261,-103.32710532029206,206,-57.20173949161439,2070000,0.984030144234249,-63.04209543051316,100,2.429986000061035,9737.174415826797,0.01686246,0.02012491226196289,-59.50970278747195,69.42127394676208
-0.003787805,4.2243170738220215,62.33966302871704,57.67813324928284,-103.3948637413572,207,-56.83554128090833,2080000,0.8989018465611961,-61.8035955304058,100,2.202272891998291,9801.762042760849,0.023504581,0.023234844207763672,-59.575562659617546,64.5656840801239
0.025729822,4.193415641784668,66.23154091835022,61.563589096069336,-103.13585423140233,208,-57.256514748551155,2090000,0.8271188419442864,-61.59161352110752,100,2.6546168327331543,9870.692863941193,0.03170649,0.022379159927368164,-59.32891533811068,68.90887784957886
-0.023891233,4.291058540344238,63.474676847457886,58.746689558029175,-103.22247707834723,209,-57.15638127500871,2100000,0.8159863598853627,-61.38390055904784,100,2.195185899734497,9936.406723737717,-0.0012650749,0.02172112464904785,-59.40991983436395,65.69205093383789
-0.014994349,4.207926034927368,62.909982204437256,58.25097966194153,-103.23658845275024,210,-56.67003199425212,2110000,0.9290121076523234,-62.31067671051526,100,2.1389408111572266,10001.51642870903,-0.00063805544,0.02220606803894043,-59.42452498938533,65.07154703140259
0.009640287,4.201654434204102,61.95792508125305,57.285033226013184,-103.3509020438153,211,-57.59542910463356,2120000,0.7966574290010348,-61.55380700520804,100,2.146742105484009,10065.663257837296,0.013932491,0.020081043243408203,-59.53339799628481,64.12521028518677
-0.013594486,4.214822769165039,62.78693985939026,58.137773275375366,-103.34634175278033,212,-57.48040865794179,2130000,1.0489238371757295,-63.01125859355648,100,2.1061930656433105,10130.597837686539,0.011232918,0.021327972412109375,-59.52543132471273,64.91487121582031
0.010736924,4.165035247802734,63.8670699596405,59.27005100250244,-103.2860375439433,213,-57.05373163781706,2140000,0.9170271850593846,-61.41102348869565,100,2.140317916870117,10196.64896273613,0.009702875,0.020167827606201172,-59.469119524769795,66.02907609939575
-0.022846732,4.273503541946411,65.13729786872864,60.42811417579651,-103.22771126184858,214,-57.61497681122381,2150000,0.891849021484761,-62.32065989329683,100,2.15364408493042,10263.983989953995,-0.00679805,0.01967906951904297,-59.414233492420706,67.31308698654175
-0.03842754,4.259652376174927,64.37084579467773,59.66593837738037,-103.29807127764968,215,-56.961638364086916,2160000,1.1125966763408313,-62.88560746229374,100,2.2365989685058594,10330.63727593422,-0.0034704476,0.02315068244934082,-59.48082645348083,66.63112115859985
-0.008481021,4.196138381958008,62.85965609550476,58.22992563247681,-103.30751795213841,216,-57.564889587531056,2170000,0.9334181768628745,-62.27766270771006,100,2.232950210571289,10395.771966934204,-0.011060772,0.01974797248840332,-59.49127068239407,65.1138379573822
0.0099180965,4.333965539932251,65.01016306877136,60.23497557640076,-103.12608507237046,217,-57.53387721771302,2180000,0.8020224005685819,-61.69559758365518,100,2.182628870010376,10463.006672859192,0.035202388,0.020306110382080078,-59.31724381803515,67.2151710987091
-0.054295912,4.292659521102905,63.861878871917725,59.13256812095642,-103.26956968311639,218,-57.25152113126116,2190000,0.9407012433124333,-62.104111912046655,100,2.0996460914611816,10529.010052919388,-0.018507801,0.020128965377807617,-59.45230934493771,65.98225998878479
-0.0016686966,4.253851413726807,63.12333703041077,58.43130683898926,-103.39575517793685,219,-57.41331181380668,2200000,0.9205535917340192,-62.19301017558325,100,2.1265909671783447,10594.302694797516,-0.0017891472,0.019526243209838867,-59.57205348468605,65.2698621749878
-0.025051238,4.1893157958984375,63.10844302177429,58.47664427757263,-103.27764267859654,220,-57.24936607660834,2210000,1.0300878990646432,-63.148735346878794,100,2.0601820945739746,10659.513128995895,-0.021024564,0.020556926727294922,-59.46408562257132,65.18961024284363
-0.03214762,4.242897033691406,63.42834401130676,58.755738496780396,-103.20463361836873,221,-57.27011816296415,2220000,0.8790885699260956,-61.437018863177315,100,2.1759228706359863,10725.235574007034,-0.012526991,0.07623028755187988,-59.3916172814896,65.70016980171204
-0.019562615,4.2088682651519775,63.29972314834595,58.64979600906372,-103.02484750885041,222,-56.91781534943492,2230000,0.9378855091143476,-61.64914497178007,100,2.1360859870910645,10790.715557813644,-0.014008482,0.019935131072998047,-59.2226622537398,65.45722389221191
-0.007946671,4.189859867095947,62.37425374984741,57.74229145050049,-103.28848484881718,223,-57.78932305066353,2240000,0.7957106624768282,-61.69384009770264,100,2.1747400760650635,10855.384397745132,-0.0031549323,0.09038209915161133,-59.47403854147377,64.64012813568115
-0.002131845,4.362763166427612,65.58092880249023,60.7696647644043,-103.23005934010531,224,-57.340010890550076,2250000,1.0215714278055108,-61.84800963298855,100,2.1694681644439697,10923.17689871788,0.02300836,0.02042078971862793,-59.4185929063473,67.77120399475098
-0.013613902,4.165953159332275,62.80027914047241,58.19442939758301,-103.50232338015711,225,-57.80700903313227,2260000,1.0458433987130171,-63.26535154869832,100,2.2118399143218994,10988.230548858643,-0.0057102456,0.02074599266052246,-59.67628526601371,65.03324484825134
-0.0014211899,4.1709136962890625,60.88589096069336,56.2816481590271,-103.2024651879206,226,-57.48008016500092,2270000,0.8238159729822837,-61.422877849337354,100,2.1695120334625244,11051.358142852783,0.007848103,0.027087926864624023,-59.390768533014025,63.10509395599365
-0.01751377,4.26186466217041,65.68230605125427,60.98075532913208,-103.26358241222951,227,-57.27346054570625,2280000,1.0220048002848712,-62.53761159993136,100,2.3413281440734863,11119.423691034317,0.0047257408,0.018517017364501953,-59.44721210378779,68.04356694221497
0.012466226,4.507714509963989,68.8709487915039,63.89816951751709,-103.25831883234157,228,-57.30409238136811,2290000,0.9948113071285927,-62.033331230979066,100,2.365510940551758,11190.715131759644,0.007968335,0.03121209144592285,-59.44090506554641,71.27056312561035
-0.011228846,4.59613037109375,72.38088703155518,67.31041097640991,-103.3570313571342,229,-57.46577371216292,2300000,0.943554153284176,-62.72000708087184,100,2.2716071605682373,11265.417679786682,-0.0030843513,0.02382516860961914,-59.538662348941145,74.67798399925232
0.008440703,4.874849796295166,84.37331318855286,78.99067521095276,-103.13041714261126,230,-57.206991516102015,2310000,0.927255926631959,-61.63244515469876,100,2.567880868911743,11352.407116889954,0.032184727,0.024338960647583008,-59.32529095385865,86.96601510047913
-0.033845775,5.899667978286743,99.29478669166565,92.67640805244446,-103.09850013104604,231,-57.69467169276813,2320000,0.897742606670371,-62.38497124977454,100,3.3324241638183594,11455.084709882736,-0.007905979,0.027665138244628906,-59.29305752495321,102.65687274932861
0.0112195,4.988965272903442,88.10557413101196,82.57916355133057,-103.40364461963327,232,-57.75654799212552,2330000,0.9047374892426209,-61.78329123047921,100,2.9565300941467285,11546.216998815536,0.027037784,0.04677987098693848,-59.58223372569588,91.1106538772583
-0.016309751,4.596988677978516,67.70839715003967,62.62172842025757,-103.2733148377343,233,-57.49221571112659,2340000,0.8215663426209731,-61.62046366099283,100,2.6470258235931396,11616.648475885391,-0.013915294,0.02655816078186035,-59.45808222212259,70.38247895240784
0.01553082,4.5314271450042725,69.20863795280457,64.2016589641571,-103.35755227806357,234,-57.26113345384631,2350000,1.0010038200828169,-62.547603870179366,100,2.3690109252929688,11688.27373290062,0.026377967,0.021402835845947266,-59.54036796863511,71.60010123252869
-0.026935194,4.526325941085815,67.94725489616394,62.902504205703735,-103.13610796976823,235,-56.63501745232057,2360000,0.8408276650484862,-61.633410815316914,100,2.2709739208221436,11758.537393808365,-0.014117597,0.023334026336669922,-59.3241155380906,70.24238705635071
-0.07360178,4.562767028808594,71.53408885002136,66.48700952529907,-103.31892512758988,236,-57.16464868385327,2370000,0.8980606470557619,-62.53505967861404,100,2.5399999618530273,11832.65307879448,-0.03682219,0.019079923629760742,-59.499518779970074,74.09469175338745
-0.016417056,4.492949724197388,68.73922491073608,63.76722836494446,-103.35468276286883,237,-56.980061960502724,2380000,0.8779598127828429,-62.79909616117063,100,2.8325798511505127,11904.276990890503,0.00039721452,0.029281139373779297,-59.53439212474917,71.60244393348694
-0.023784937,4.4437994956970215,68.82196426391602,63.913164138793945,-103.07237585333748,238,-57.6747222504313,2390000,0.8337701713743275,-62.494716084399144,100,2.3154938220977783,11975.4626019001,-0.015964815,0.023759841918945312,-59.26778323087877,71.16274833679199
-0.03833069,4.358751058578491,65.77127003669739,60.953946590423584,-103.29962653860845,239,-57.21160950717032,2400000,1.0269190386325964,-62.38738078728618,100,2.1758110523223877,12043.453299999237,-0.017094553,0.01950836181640625,-59.48207843208865,67.96800398826599
-0.035335224,4.157088756561279,63.79878282546997,59.2012038230896,-103.30893108714234,240,-57.301998704087595,2410000,0.9743653224129739,-63.477678974279655,100,2.363901138305664,12109.6596057415,-0.028053045,0.019846200942993164,-59.48936111482474,66.18441867828369
-0.008526184,4.225095987319946,63.48321509361267,58.728885889053345,-103.34833540223832,241,-56.5269664103877,2420000,0.8989168104629772,-61.688133259942,100,2.057887315750122,12175.24353480339,-0.0051087234,0.01938605308532715,-59.52930666856667,65.56220269203186
-0.048586577,4.259402275085449,62.782358169555664,58.07616376876831,-103.31668544483551,242,-56.92110149294991,2430000,0.9539033835542693,-61.95619652667633,100,2.122215986251831,12240.200672626495,-0.02948404,0.023590087890625,-59.49618409778645,64.93023109436035
-0.024968911,4.2246413230896,64.39956402778625,59.741796255111694,-103.25843727972344,243,-57.54626964218011,2440000,0.9758946044390368,-62.7206153105293,100,2.2537662982940674,12306.901968955994,-0.009185128,0.02367687225341797,-59.44641339906081,66.67977905273438
0.049503937,4.245100021362305,61.75130319595337,57.069395303726196,-103.35335575702285,244,-56.412215575031745,2450000,1.1157145916020923,-63.057998065442526,100,2.328415870666504,12371.019002914429,0.04489715,0.016033172607421875,-59.53522842173051,64.09627389907837
-0.017575024,4.191018342971802,63.574913024902344,58.95036864280701,-103.32472457328493,245,-57.61417209852421,2460000,1.0856947902517604,-63.62206370151336,100,2.2555630207061768,12436.895467042923,-0.0031189926,0.023843765258789062,-59.50769961631123,65.85471177101135
0.0068856766,4.303189754486084,63.4245982170105,58.68387484550476,-103.42559065573789,246,-57.41685237725615,2470000,0.9699334717850457,-62.73318082785609,100,2.135234832763672,12502.499930858612,0.011481407,0.022018909454345703,-59.601192453368746,65.58218002319336
-0.020012945,4.233649730682373,63.69270992279053,59.02522659301758,-103.28460135355799,247,-57.46848276017024,2480000,0.929820374257637,-62.54584937461532,100,3.190958023071289,12569.42807507515,-0.012439777,0.020610809326171875,-59.46775804141502,66.90633082389832
-0.037374597,4.220611095428467,63.74464392662048,59.07322716712952,-103.35422332732118,248,-57.40232104179135,2490000,0.9995780934298483,-62.39951500189607,100,2.180398941040039,12635.396245002747,-0.01814533,0.019791126251220703,-59.533194602174625,65.94522500038147
-0.047422346,4.1551971435546875,65.30429315567017,60.70389270782471,-103.15740015312358,249,-57.113954051488975,2500000,0.9795372553094351,-61.27253338313751,100,2.3080899715423584,12703.050937891006,-0.019194463,0.021234989166259766,-59.34899208201626,67.63404107093811
-0.03355191,4.158968925476074,61.13866305351257,56.54910969734192,-103.16939585985,250,-56.71563834835035,2510000,0.8407152063724005,-61.54843656079638,100,2.324561834335327,12766.556507825851,-0.007469174,0.020770788192749023,-59.355838360444025,63.48499321937561
-0.013204708,4.216912508010864,63.11057710647583,58.446651458740234,-103.28898563568819,251,-57.641338759899604,2520000,0.9018351093986756,-61.878369572059285,100,2.155751943588257,12831.865206003189,0.002677516,0.02003002166748047,-59.474434268898165,65.28781270980835
-0.021651248,4.2775537967681885,65.80457806587219,61.06869888305664,-103.1671606383964,252,-56.93782634164496,2530000,1.0002663133380552,-61.96705478318421,100,2.1653969287872314,12899.880317926407,-0.0074189072,0.02255105972290039,-59.35967374181783,67.9930899143219
0.016504457,4.244039297103882,62.826416969299316,58.15376019477844,-103.2974423140761,253,-56.88157342435357,2540000,0.9026112765617158,-61.54732752168037,100,2.206956148147583,12964.958399057388,0.016034648,0.02049398422241211,-59.480532941882196,65.05522108078003
-0.027682733,4.550433397293091,76.27671384811401,71.18782758712769,-103.1811191255931,254,-56.784513015752445,2550000,0.8644143694309631,-61.7766192693597,100,2.3042707443237305,13043.58494067192,0.0077374023,0.022718191146850586,-59.36967139816513,78.60550689697266
-0.068700515,4.184845209121704,61.453850984573364,56.82830500602722,-103.24180290772807,255,-57.41712008413424,2560000,0.8168797706597591,-61.40814355368851,100,3.4087109565734863,13108.532775878906,-0.02370666,0.027181148529052734,-59.427175379427815,64.92461323738098
-0.028526032,4.233381032943726,62.51926398277283,57.85112524032593,-103.21349404163605,256,-57.24163254989262,2570000,0.8526242993644163,-62.09841110322036,100,2.0899500846862793,13173.192883968353,-0.0067745806,0.02438211441040039,-59.40044062599831,64.63526105880737
0.029396182,4.264321327209473,64.37613797187805,59.67534804344177,-103.36605499330162,257,-57.516787827089246,2580000,0.9282560323110349,-62.16168408383196,100,2.174555778503418,13239.784568786621,0.046808593,0.02011704444885254,-59.54577487461498,66.57237195968628
-0.004123259,4.29068398475647,65.87506365776062,61.14397215843201,-103.19040289103283,258,-57.43914308540229,2590000,0.7978021936052763,-61.5870832053272,100,2.1635031700134277,13307.872024774551,-0.003917523,0.02294921875,-59.377706699916345,68.06290006637573
-0.03443074,4.168213844299316,62.50287985801697,57.90613555908203,-103.20651997513104,259,-56.96913941335697,2600000,0.9376129777582553,-62.043923035791835,100,2.1571011543273926,13372.577191829681,-0.0009884858,0.02136397361755371,-59.3931314793742,64.68275308609009
-0.018521069,4.24570369720459,63.823736906051636,59.14124393463135,-103.38974954447504,260,-57.56560982068117,2610000,0.8989317388731147,-61.94438149478255,100,2.1059439182281494,13438.575451850891,-0.0116616655,0.0201568603515625,-59.567347753772026,65.95129203796387
-0.019783134,4.2516467571258545,62.68274688720703,57.990105628967285,-103.23857884298604,261,-57.4177248430614,2620000,0.9029113594712165,-61.852673426149536,100,2.109996795654297,13503.425712823868,-0.0023354432,0.020837068557739258,-59.42551690567751,64.81500911712646
-0.0178134,4.2781291007995605,62.06629920005798,57.35036301612854,-103.18611380888191,262,-57.00246190101188,2630000,0.8743277787692734,-62.086116044313194,100,2.1916520595550537,13567.727485895157,-0.01198675,0.021162986755371094,-59.37746447128029,64.2804799079895
-0.0133978,4.240065097808838,63.061145305633545,58.32541561126709,-103.40269019155019,263,-57.69657364875573,2640000,0.8538883394612454,-63.45260367390218,100,2.1829330921173096,13633.018620967865,0.007531111,0.01985001564025879,-59.58007382592255,65.26573586463928
0.0041274508,4.163623809814453,62.22562909126282,57.62291741371155,-103.22667853785521,264,-57.24512780056262,2650000,0.9112926075842738,-61.615667252807945,100,2.2531192302703857,13697.605897903442,0.028135858,0.08504867553710938,-59.413511602760245,64.56518816947937
-0.08909123,4.274194717407227,64.3561692237854,59.644124269485474,-103.3447815257579,265,-57.44474169282382,2660000,0.9353306218242345,-62.73066048543542,100,2.134352922439575,13764.140774965286,-0.052010316,0.020025014877319336,-59.52541888801345,66.51190400123596
-0.027908288,4.410317659378052,62.17585825920105,57.31974673271179,-103.13498492708743,266,-57.33520976725976,2670000,0.8817662332257121,-61.58768184007649,100,2.1518681049346924,13828.511897802353,-0.02346827,0.02072429656982422,-59.32773588293059,64.34885811805725
-0.03369305,4.197793245315552,65.85935997962952,61.22592353820801,-103.40160015108542,267,-57.67152254249862,2680000,0.9581185552842781,-62.352243902740874,100,2.1485722064971924,13896.567370891571,-0.0018655632,0.026261091232299805,-59.581407850422885,68.03458595275879
0.006945523,4.216396808624268,63.73663687705994,59.087462186813354,-103.28198234861549,268,-57.08823960474674,2690000,0.9857889927803879,-62.55560893769148,100,2.196916341781616,13962.54342675209,0.037082605,0.0195310115814209,-59.46701006557653,65.95346093177795
-0.038727608,4.319476127624512,63.604552030563354,58.85060477256775,-103.21196141084548,269,-57.405298113015334,2700000,0.9704202953597308,-62.7127628806157,100,2.172219753265381,14028.378370761871,0.0010661675,0.01938319206237793,-59.402873218727066,65.81613683700562
-0.0005260612,4.210661888122559,63.67051815986633,59.02733826637268,-103.19860543287399,270,-57.55503665657849,2710000,0.9507261256615982,-61.715449297695926,100,2.07673716545105,14094.173994064331,0.010740208,0.025346994400024414,-59.38525700836158,65.77534103393555
-0.008084157,4.199650049209595,63.470667600631714,58.83494997024536,-103.38908952973257,271,-57.55477655499857,2720000,1.038623690566084,-62.38796795313685,100,2.372952938079834,14160.060216903687,0.015518201,0.01964712142944336,-59.564467615888006,65.86465215682983
-0.007852632,4.229722738265991,62.78687620162964,58.0613911151886,-103.37331840281257,272,-56.98687857300222,2730000,1.0004817970056301,-61.80249324431659,100,2.250478982925415,14225.14061498642,-0.0036317054,0.020212888717651367,-59.55132118598684,65.05804014205933
-0.080085926,4.251384973526001,61.140684843063354,56.457371950149536,-103.14864257640373,273,-57.52759861250977,2740000,0.8117648046057646,-61.3037819927141,100,2.1662869453430176,14288.490331888199,-0.046721783,0.021288394927978516,-59.34057629901913,63.32866311073303
0.020754572,4.250041723251343,63.1151978969574,58.430532932281494,-103.35679887148137,274,-57.64075453356134,2750000,0.991194216573344,-62.457199206644525,100,2.1317548751831055,14353.780928850174,0.037010293,0.020458459854125977,-59.534722234270774,65.26958084106445
0.0016398804,4.267773151397705,65.1791729927063,60.47287631034851,-103.317412638239,275,-56.88038018666708,2760000,1.0031057328592003,-62.08304043941884,100,2.1493868827819824,14421.154903888702,0.013555598,0.02099609375,-59.49780747389979,67.35121297836304
-0.026485434,4.253288984298706,65.01936888694763,60.334574699401855,-103.34502395137015,276,-57.61117318362692,2770000,0.874095203942857,-62.138194648676595,100,2.5474741458892822,14488.763613939285,-0.0020529227,0.019576072692871094,-59.52808758035118,67.58872294425964
-0.02216699,4.55795693397522,75.49080276489258,70.46472072601318,-103.19549488162698,277,-56.72241959074126,2780000,0.8778151659563458,-61.496793669515796,100,3.529719829559326,14567.835381031036,-0.009786528,0.029115915298461914,-59.385165984817384,79.05185270309448
-0.055053625,5.037642002105713,89.72492170333862,84.17809510231018,-103.20467602364936,278,-57.094287863482364,2790000,0.9478527738267124,-61.35836337255234,100,3.262025833129883,14660.908102989197,0.017077187,0.03380393981933594,-59.39256443266745,93.0244071483612
0.006703874,5.228976726531982,90.50572514533997,84.71224856376648,-103.31782282232136,279,-57.574291657690985,2800000,0.8418140127741857,-61.08422246157023,100,3.2205069065093994,14754.719170808792,0.020617804,0.025942087173461914,-59.49985852025,93.75435614585876
-0.07186503,5.121395587921143,86.18504667282104,80.52890253067017,-103.23500625616133,280,-57.255636379754726,2810000,0.9887349126613255,-62.23193257816748,100,3.5594229698181152,14844.512965917587,-0.023847489,0.02841496467590332,-59.419461633353514,89.77396512031555
0.014245529,4.737454891204834,73.49960494041443,68.25404214859009,-103.21240380083222,281,-57.69706524622537,2820000,0.9045851338149172,-62.22553729154926,100,2.586721181869507,14920.662698984146,0.004961513,0.02957320213317871,-59.40066274852324,76.11773180961609
-0.030543597,5.01763391494751,78.6660590171814,73.13437366485596,-103.21750730934016,282,-57.47035749830461,2830000,0.9743458039138224,-62.309460126007025,100,2.4136061668395996,15001.78613781929,0.0011329498,0.0211489200592041,-59.40684550070951,81.10219097137451
-0.006661186,4.813152313232422,83.1346800327301,77.76810646057129,-103.30337209536441,283,-57.1679257580777,2840000,0.9436927462469232,-61.744956703481506,100,2.344803810119629,15087.315908908844,0.008108031,0.027916908264160156,-59.487668403568705,85.50998187065125
0.0050830673,4.659984827041626,69.38209700584412,64.23694348335266,-103.1149591999195,284,-57.69370756344744,2850000,0.8456564177711697,-61.96113565893144,100,3.6220810413360596,15160.359001874924,0.0062885466,0.01737499237060547,-59.30721846334144,73.02195596694946
-0.02947859,4.7451393604278564,69.87328100204468,64.3716151714325,-103.41952929628216,285,-57.35034405873681,2860000,0.9024176723173305,-62.32029243045747,100,2.6918888092041016,15232.973688840866,-0.025606953,0.028098106384277344,-59.59614783907084,72.59382510185242
-0.015626254,4.587184906005859,69.94225096702576,64.87652277946472,-103.31911719537686,286,-57.411334347066244,2870000,0.8774951733848869,-61.780573390234665,100,2.603750228881836,15305.563326835632,0.001037294,0.020229101181030273,-59.50223435264505,72.56811118125916
0.009681055,4.578675270080566,68.85364508628845,63.80398988723755,-103.31470808993902,287,-56.79338220362608,2880000,0.9224090421835603,-62.003676068695306,100,2.4096500873565674,15376.866374969482,0.013031198,0.020539045333862305,-59.49631137170452,71.28523516654968
0.009042243,4.4916698932647705,65.55655074119568,60.592957735061646,-103.34546084184238,288,-57.404288410688,2890000,0.8706835697024774,-61.92289732210196,100,2.7409849166870117,15445.20786190033,0.018889472,0.021708011627197266,-59.52558252228869,68.31979990005493
-0.020411605,4.636354446411133,53.90965223312378,48.80169630050659,-103.35016538492786,289,-57.18281463912321,2900000,0.9743961840142075,-61.93907766387121,100,2.132014036178589,15501.294646024704,0.0064308494,0.02167344093322754,-59.53295082008216,56.063891887664795
0.013003364,4.664488077163696,56.943958044052124,51.796756744384766,-103.11130154964509,290,-57.40747242679315,2910000,0.9908582818680155,-62.5636564118085,100,2.1777548789978027,15560.462208747864,0.020363811,0.024530887603759766,-59.30289832012088,59.14667081832886
-0.008433113,4.815969467163086,57.889631032943726,52.581573724746704,-103.39709046668055,291,-57.685066257607204,2920000,0.948526515549022,-62.14551902097518,100,2.15266489982605,15620.546815872192,0.009298825,0.020216703414916992,-59.57541114646279,60.06319499015808
-0.025538085,4.564305067062378,54.10848689079285,49.052886962890625,-103.30335258143519,292,-56.652575058972054,2930000,1.0307713780439633,-62.492127378559886,100,2.182131052017212,15676.885037899017,-0.0042146347,0.02716970443725586,-59.48543498623003,56.318877935409546
-0.029311268,4.529403209686279,54.503045082092285,49.500258445739746,-103.34520890494785,293,-57.29115912912791,2940000,0.838231781570121,-61.760611042134656,100,2.153779983520508,15733.586292982101,-0.01008087,0.02135014533996582,-59.52786604860842,56.678707122802734
-0.04136781,4.505551338195801,52.437642097473145,47.46434307098389,-103.31373489497695,294,-57.54341152415786,2950000,0.9013326952667957,-61.85129340156034,100,2.1353678703308105,15788.202486038208,-0.008399016,0.021023035049438477,-59.497791101515475,54.594894886016846
-0.047290143,4.729023218154907,54.202484130859375,48.9869647026062,-103.133913754259,295,-56.86031704094209,2960000,0.9309094796289653,-62.288086086722544,100,2.041098117828369,15844.490067005157,-0.006922196,0.02130579948425293,-59.32315743008017,56.2665741443634
-0.029029842,4.665627479553223,49.332817792892456,44.185102462768555,-103.3332869600004,296,-57.15415599441376,2970000,0.9913608022529853,-62.268881770170715,100,1.9874920845031738,15895.853621006012,0.0047756056,0.020371198654174805,-59.512327355729866,51.34199023246765
-0.032341715,4.335826635360718,38.196670055389404,33.398152589797974,-103.27454708954265,297,-57.2727084634672,2980000,0.9816626951535077,-62.980257395133066,100,1.9225401878356934,15936.017149925232,-0.004155568,0.019883155822753906,-59.459122736799266,40.14093899726868
-0.046757292,4.423358917236328,39.375985860824585,34.487427711486816,-103.41332253590103,298,-57.7608057318964,2990000,0.9864491341593166,-62.65328291152323,100,2.0212600231170654,15977.458788871765,-0.010847276,0.01994490623474121,-59.59218862416577,41.419240951538086
-0.026119376,4.490886926651001,38.91897702217102,33.96472120285034,-103.39467307360982,299,-57.3928771557092,3000000,0.9091012745035476,-61.97033539840693,100,1.9639108180999756,16018.3863697052,-0.012685047,0.0209958553314209,-59.571746061592805,40.90578103065491
