train-StdReturn,ItrTime,Time-Sampling,train-NumTrajs,Time-SampleProc,Time,train-AverageDiscountedReturn,train-MaxReturn,LossAfter,train-EnvExecTime,LossBefore,Itr,Time-Optimization,train-AverageReturn,train-PolicyExecTime,n_timesteps,train-MinReturn
66.60001930620302,10.01111388206482,9.370898962020874,100,0.10115838050842285,10.011118173599243,-156.16553657216397,156.31953844092433,-0.7823067,3.380136728286743,-0.026124304,0,0.5370786190032959,-65.0806690699605,5.751530408859253,10000,-153.99616854615587
8.279856801477349,9.996773958206177,9.473966121673584,100,0.10535860061645508,20.03624200820923,304.0470001506756,197.68524767693523,-0.92998904,3.4280807971954346,0.027466407,1,0.4172384738922119,175.03821219190039,5.797452926635742,20000,155.5150105814112
13.118962628261507,10.032282590866089,9.54298210144043,100,0.09954214096069336,30.086965084075928,308.1590062151457,191.09007692759866,0.01536958,3.611124277114868,0.014479077,2,0.3895142078399658,169.95660813594523,5.687641859054565,30000,136.99789312256263
11.319978739917623,10.241416454315186,9.807020425796509,100,0.0821695327758789,40.36670970916748,273.0066778395709,184.67643032575984,-0.06188022,3.68887996673584,-0.014373084,3,0.35196757316589355,152.8676707414293,5.8730316162109375,40000,132.85918479077316
4.387374139026988,10.449274778366089,10.039767742156982,100,0.0365595817565918,50.85079503059387,342.87371346377995,193.90788872668927,-0.13417672,3.6808900833129883,-0.023513477,4,0.37131285667419434,186.8738268527025,6.089660167694092,50000,167.3859525235644
1.2176642586254698,10.036149978637695,9.678601503372192,100,0.03482794761657715,60.90903949737549,354.19251081239395,195.44136748776583,-0.5792005,3.5985190868377686,-0.011236511,5,0.3223903179168701,192.88783962925243,5.834550380706787,60000,187.31864279348994
0.7933581322085993,10.102056503295898,9.67190670967102,100,0.06352639198303223,71.03008890151978,355.6411560498549,195.87437551498408,-2.8911376,3.655219078063965,-0.003845433,6,0.3663899898529053,193.83690359169887,5.762882471084595,70000,191.95322328010886
1.9384661728377401,10.386302947998047,9.9106285572052,100,0.09651589393615723,81.43610906600952,342.5482344341043,193.13947338614815,-4.563136,3.6842172145843506,-0.005341144,7,0.3789076805114746,189.4271941579405,5.959219932556152,80000,183.86861448268186
2.257719249693483,10.122419357299805,9.723572254180908,100,0.0909891128540039,91.57844758033752,249.92179406179278,156.1914018309462,-4.77825,3.5888359546661377,0.006703409,8,0.30762624740600586,150.7818000235377,5.855720520019531,90000,146.3678984046621
2.226071745144126,10.109206438064575,9.7088782787323,100,0.07420945167541504,101.70608186721802,246.84650593527817,154.09499672015204,-3.8953125,3.522498607635498,-0.011686536,9,0.3258676528930664,149.3221474838161,5.937463283538818,100000,143.8920662550083
2.1876120783342126,9.872626781463623,9.466480016708374,100,0.07486486434936523,111.59520220756531,246.3903952388443,155.59867274571218,-2.4976664,3.54814076423645,-0.0080756135,10,0.33104515075683594,148.95887835861583,5.666406631469727,110000,144.1926781655064
2.210993666650987,10.159866333007812,9.705707311630249,100,0.09316229820251465,121.77382445335388,245.74127877570533,155.8576251990291,-1.6054523,3.5593671798706055,0.014345032,11,0.36075448989868164,148.4330564366427,5.890764474868774,120000,144.55179045817636
2.5107962389942293,10.14001750946045,9.711386442184448,100,0.09771537780761719,131.93272423744202,247.51785029692823,155.22975343750917,-0.9304811,3.55023193359375,0.010624756,12,0.3306894302368164,149.14599621097727,5.912055492401123,130000,142.97958600794934
2.568778772649462,10.022491931915283,9.643535852432251,100,0.08004522323608398,141.97365498542786,246.93133219767503,155.9860350617639,-0.71763,3.6038877964019775,8.156128e-05,13,0.2986760139465332,148.86458241341995,5.782083034515381,140000,144.14989187169903
3.060012779018271,9.967313766479492,9.588557481765747,100,0.06558775901794434,151.9579141139984,251.20039555539344,157.81271388865832,-0.44703096,3.6032049655914307,0.00655824,14,0.31294989585876465,150.59800285466122,5.734559059143066,150000,143.43231724457956
4.940821796345942,10.134819507598877,9.745846033096313,100,0.09022259712219238,162.11133313179016,247.8207695942605,160.22720227363735,-0.22688662,3.530012369155884,-0.016664552,15,0.2978525161743164,149.3936038640044,5.971306324005127,160000,134.7472721474473
15.364891944923478,10.367793321609497,9.7647545337677,100,0.09362339973449707,172.49702405929565,282.6430846677271,197.28618538877555,-0.15479937,3.642984390258789,0.017513989,16,0.5091714859008789,164.64566070023923,5.867831230163574,170000,131.168118135945
23.914078337945938,9.975501775741577,9.595520257949829,100,0.05308890342712402,182.49136543273926,338.6982152175449,197.5992265566843,0.019483276,3.5594191551208496,0.014581054,17,0.3266561031341553,182.76081279665857,5.783289909362793,180000,55.851945589701074
41.9364253296867,10.11293649673462,9.737849950790405,100,0.0824592113494873,192.62149620056152,-23.314526661444148,127.20053867134912,-0.011803735,3.681663990020752,0.02380257,18,0.29242587089538574,1.8571455510936672,5.797357797622681,190000,-79.88530469440822
49.333214049931506,10.143227100372314,9.721894264221191,100,0.043515682220458984,202.78312468528748,124.01324772762653,182.09956913122264,-0.081309915,3.6136271953582764,0.02981748,19,0.37760376930236816,73.33434487531859,5.827517747879028,200000,-26.212453635354656
3.6628195384279074,10.64905858039856,10.153921365737915,100,0.06387543678283691,213.45490074157715,352.26076210045073,198.57028269045472,-0.06338969,3.6758506298065186,-0.009162927,20,0.4310314655303955,192.09350690074007,6.214978456497192,210000,181.3118767338778
13.936330612456755,10.027665138244629,9.653454065322876,100,0.07124114036560059,223.49919772148132,308.08445297252126,196.08265484842008,0.022836942,3.5605969429016113,0.00649093,21,0.3027462959289551,175.23623106313903,5.838040351867676,220000,141.7041141887296
13.563851695281922,10.219648838043213,9.804596662521362,100,0.09726691246032715,233.73725748062134,285.8447390849709,196.58121999260578,-0.04510038,3.685917854309082,-0.0052980776,22,0.3159651756286621,165.91741245882832,5.87342381477356,230000,135.5255829135029
10.692237235064288,10.413347959518433,10.002754211425781,100,0.10398745536804199,244.17046928405762,328.8155875652096,197.45702478425707,-0.1080655,3.6636455059051514,-0.002916272,23,0.306365966796875,183.54848608537955,6.087489366531372,240000,153.48473422433403
2.209534204541591,10.24906587600708,9.81589937210083,100,0.07226777076721191,254.4395363330841,360.3430627663726,198.21455633002574,-0.13171984,3.5798752307891846,-0.0120857665,24,0.35936617851257324,194.6296153957844,5.952039480209351,250000,187.07970375722152
29.626331448482475,10.163894653320312,9.804349184036255,100,0.036347389221191406,264.62350153923035,252.02766442630417,189.49995186002022,0.037354957,3.582750082015991,0.0057329834,25,0.3229639530181885,133.8846582380968,5.969972372055054,260000,40.03806908214938
36.15347951547673,10.320877313613892,9.92925500869751,100,0.08655238151550293,274.96308970451355,132.1730871033278,162.14115576078137,-0.044952337,3.730325222015381,0.025725428,26,0.3048551082611084,74.79559974150924,5.9282214641571045,270000,9.940485894886367
25.335332141065706,10.096290111541748,9.730269432067871,100,0.06540322303771973,285.08022117614746,297.57801494730126,188.37439591741366,-0.129307,3.598496198654175,0.017903637,27,0.3003978729248047,156.47380515074812,5.87715482711792,280000,46.50640706949831
1.9856493512854678,10.083636999130249,9.735630750656128,100,0.03386664390563965,295.18064045906067,355.2834076919299,198.14909880607547,-0.21470703,3.60675048828125,0.00047824706,28,0.3139076232910156,193.41580307705917,5.878462791442871,290000,186.07272395166288
8.045542958967742,10.248138427734375,9.9218590259552,100,0.04007744789123535,305.44712352752686,325.7156183067987,196.08057620816868,0.030173229,3.7031514644622803,0.017480748,29,0.28598451614379883,182.29803053868645,5.95114541053772,300000,152.76694218441878
10.478700578981709,10.05128026008606,9.696298599243164,100,0.034192562103271484,315.5165042877197,260.63465414221025,180.43866099975233,0.031905323,3.5671281814575195,0.02388252,30,0.32058072090148926,154.99845632004482,5.870470762252808,310000,127.68768843692011
7.517152285938211,10.1603262424469,9.758463144302368,100,0.09978246688842773,325.69434094429016,253.03079659573115,178.33992223240205,-0.0045901123,3.601710081100464,0.0025458008,31,0.30187201499938965,151.49078171263295,5.9052629470825195,320000,133.34554013556712
6.745726216992778,10.298676490783691,9.85343623161316,100,0.06588459014892578,336.0121262073517,253.66054154049547,174.77087603344688,0.0040651853,3.5805282592773438,0.009644458,32,0.37911343574523926,151.58319941546193,6.024615287780762,330000,136.352876380616
7.831363295242617,10.266644716262817,9.904717206954956,100,0.044862985610961914,346.3019697666168,254.94921887495653,177.6957122615302,-0.011491211,3.5884039402008057,-0.0043958006,33,0.3168213367462158,152.20562549348827,6.06605339050293,340000,133.60682870294696
8.637675604109077,10.05707859992981,9.714531183242798,100,0.03219103813171387,356.3756322860718,260.6727781162928,182.05356477336832,0.0075968322,3.595508098602295,0.027272107,34,0.310075044631958,154.74671377548594,5.8360631465911865,350000,137.36576338585994
10.587222534684763,10.045288801193237,9.68112564086914,100,0.05754995346069336,366.43703413009644,279.03399741309056,183.8943749833357,-0.041353796,3.521495819091797,0.01409668,35,0.3063654899597168,162.6830829273239,5.905491828918457,360000,142.02721183450876
5.56725509702841,10.065781831741333,9.616700410842896,100,0.06576728820800781,376.51966619491577,322.3492408921766,194.8525273690644,-0.14347446,3.626450538635254,-0.005332703,36,0.3830740451812744,181.01195374824974,5.741792440414429,370000,169.2535467516131
1.659048192419395,10.491332054138184,10.017177104949951,100,0.05405545234680176,387.02848386764526,350.91177258148514,196.00783098532793,-0.3561897,3.6401360034942627,-0.020496327,37,0.41985273361206055,192.43418005354616,6.121635675430298,380000,186.47670240243193
3.3664143084835816,10.123648643493652,9.75242304801941,100,0.07862567901611328,397.1700224876404,354.4204857222452,194.28073486564475,-0.649428,3.6262621879577637,0.032667823,38,0.29236555099487305,188.52234956718047,5.864033460617065,390000,174.9387588748148
19.397862113470104,10.224902629852295,9.879753351211548,100,0.04110217094421387,407.4123694896698,67.27848350479603,102.07815240839898,0.070593216,3.6674280166625977,0.008717554,39,0.303638219833374,41.277076172337814,5.9601075649261475,400000,14.342820437366132
4.520766929903362,10.594648361206055,10.118835210800171,100,0.0799400806427002,418.0250287055969,-63.32697304589963,-17.923641327644358,-0.040017158,3.872692584991455,-0.013954815,40,0.3956427574157715,-30.52989944804377,5.9895405769348145,410000,-39.0200394793078
6.076714414911584,10.390033483505249,9.89788556098938,100,0.09510040283203125,428.43416714668274,-42.15264079186773,-1.8572663735176502,-0.14585085,3.8118340969085693,-0.0036338868,41,0.3968336582183838,-20.306660155503053,5.834539413452148,420000,-44.89686517187783
8.104167889450997,10.31664514541626,9.887280702590942,100,0.10310888290405273,438.77418065071106,41.47380460466095,73.02418382135691,-0.13258266,3.7296712398529053,0.022974439,42,0.3260471820831299,21.714978300394076,5.900737762451172,430000,9.347115289306707
23.183934452371926,10.195105791091919,9.811616897583008,100,0.05136919021606445,448.9872393608093,183.93801159421253,185.75318708710205,-0.27826542,3.7060632705688477,0.027026623,43,0.33190393447875977,94.30681168222522,5.8571906089782715,440000,68.34052242730888
12.609505018146036,9.93983244895935,9.517457485198975,100,0.11267971992492676,458.94403409957886,313.86983221504966,194.8979525648699,-0.35113376,3.403049945831299,-0.00083358766,44,0.30946850776672363,174.3517706730189,5.84725284576416,450000,132.00639461085234
20.46493150415274,10.144728183746338,9.676565647125244,100,0.12173056602478027,469.1074101924896,296.82248436068244,194.13301571963564,-4.5086265,3.4855940341949463,-0.0072636046,45,0.3461771011352539,169.85345420159504,5.93307638168335,460000,93.42504135763001
98.9787522871973,9.99927306175232,9.4887216091156,100,0.09829854965209961,479.1265037059784,9.545710337111442,190.794863858837,-0.37288174,3.4447431564331055,0.0065011964,46,0.4120354652404785,21.59067632017765,5.790919542312622,470000,-84.03937920926576
23.4408101113983,9.645843267440796,9.261104345321655,100,0.06489419937133789,488.79146909713745,-106.36193744187248,27.033001419657623,-1.228511,3.238952159881592,0.015569794,47,0.31958794593811035,-37.768621434005574,5.770825147628784,480000,-78.97882430194352
39.82476139151871,9.959206342697144,9.544042825698853,100,0.09396862983703613,498.77273535728455,59.509922488194135,194.92237278392207,-0.9979817,3.3487181663513184,0.008813232,48,0.3209798336029053,35.08933715522579,5.936854839324951,490000,5.694930288378398
66.72662210887604,9.925587892532349,9.487827777862549,100,0.09528350830078125,508.716073513031,136.91263477097507,196.60456887867187,-0.15597032,3.4027490615844727,0.0131824445,49,0.34224629402160645,77.1250968629757,5.836452007293701,500000,23.229434603477962
54.8241153336272,10.164509773254395,9.79166054725647,100,0.042096614837646484,518.899863243103,307.23780936239007,196.8424651935635,-0.067541786,3.5810046195983887,0.0002445923,50,0.3305230140686035,167.98111147760358,5.945451974868774,510000,32.09945208602474
0.8964613363017973,10.178234338760376,9.791314125061035,100,0.061150312423706055,529.0968344211578,360.95463432741957,196.7022181499157,-0.15831709,3.630162477493286,-0.0013500855,51,0.32553648948669434,195.34571344757197,5.916485548019409,520000,190.86994352317626
4.011937931007603,10.495222091674805,9.966103792190552,100,0.10794591903686523,539.6111605167389,341.4366475947164,194.33918334025697,-0.05892846,3.709336757659912,-0.016405726,52,0.42094969749450684,188.36215589219634,5.963329315185547,530000,176.78326083734362
7.754719489179249,10.167046546936035,9.7610502243042,100,0.09967803955078125,549.7982811927795,295.53901301735834,186.04059886219378,-0.044825915,3.5383219718933105,0.0064866575,53,0.30611419677734375,170.4370478102351,5.93433952331543,540000,144.20673379595206
7.921015532167393,10.281903743743896,9.898139953613281,100,0.05228447914123535,560.0988354682922,290.6765838548717,185.48348598029904,-0.14515845,3.6496682167053223,-0.016542187,54,0.33124828338623047,168.47388400878066,5.956987619400024,550000,144.00661090316052
4.255909444414847,10.217472314834595,9.839650869369507,100,0.09519147872924805,570.3362119197845,327.114785054005,191.54774532009205,-0.39509186,3.634002685546875,0.01561886,55,0.2823951244354248,183.00449226666572,5.937743902206421,560000,171.26662384827915
1.1037259631344372,10.012269496917725,9.668170928955078,100,0.032460689544677734,580.3670272827148,357.62204875891126,197.07135318052076,-2.0606313,3.7137389183044434,-0.003154065,56,0.3114304542541504,194.59208595806496,5.703899145126343,570000,191.4765533606299
1.4787135164856557,10.38527798652649,9.890763759613037,100,0.08306670188903809,590.7708089351654,351.61285966920315,195.22753233892493,-4.308344,3.6241109371185303,-0.012099259,57,0.4112091064453125,191.7287832812904,6.0091071128845215,580000,188.1818391742075
12.277797553125634,10.230562686920166,9.87293553352356,100,0.03992462158203125,601.0187623500824,154.40740648781536,124.11544167460029,0.3410479,3.727224111557007,0.009840246,58,0.3174762725830078,82.30847006336768,5.890733242034912,590000,61.06923211181342
1.8431603785203954,10.428458213806152,9.91348147392273,100,0.0647580623626709,611.4658386707306,45.90444323700067,27.956271029964995,-0.33455604,3.728126287460327,0.007612451,59,0.4499821662902832,22.852594800141205,5.923961639404297,600000,18.783920696892032
2.0790703139682294,10.494055271148682,10.0771324634552,100,0.11323165893554688,621.977151632309,29.15181419582786,20.50241127015476,-0.82834387,3.908116579055786,-0.0066423737,60,0.30346083641052246,14.703887398778102,5.915367126464844,610000,8.014164446609382
2.9630298780086672,10.398389101028442,9.963541746139526,100,0.06503176689147949,632.3957421779633,36.25181700336937,23.867170480229753,-0.28838578,3.778163194656372,-0.001351001,61,0.3695850372314453,17.910364118288175,5.9214842319488525,620000,8.428311794740605
8.143413116990546,10.287794589996338,9.896514892578125,100,0.06592774391174316,642.7018780708313,51.17402320497549,32.14900528250098,-0.04560208,3.753331184387207,-0.0061879456,62,0.32271838188171387,22.723580828268826,5.8986077308654785,630000,-6.34049256432634
11.29953736879266,10.193358659744263,9.81393575668335,100,0.06475043296813965,652.9120180606842,78.15733649243282,50.456690050307316,-0.053066827,3.74336838722229,-0.017922856,63,0.31444811820983887,36.198665099556784,5.806278228759766,640000,-10.199951612463682
8.88907091462435,10.284159898757935,9.750823259353638,100,0.09976577758789062,663.2129790782928,133.9219884562229,76.8724818477362,-0.023312356,3.611834764480591,0.012769941,64,0.43334317207336426,64.02968768703448,5.890779972076416,650000,27.41958835643894
13.2959404140628,10.185199975967407,9.772444486618042,100,0.09574127197265625,673.4162101745605,241.4793236930742,138.22393634827122,-0.095709324,3.705359697341919,-0.022494093,65,0.31656527519226074,112.38063309472187,5.811169147491455,660000,58.421832680627894
7.357460331965019,10.394381523132324,9.879518747329712,100,0.07217121124267578,683.8318302631378,311.9446940393338,160.87804289931293,-0.022878809,3.6539554595947266,0.0006564697,66,0.44225239753723145,145.71421489422934,5.9751598834991455,670000,102.95366349757641
6.262671193234987,10.140393018722534,9.617887258529663,100,0.10521411895751953,694.003170967102,307.272888853132,157.25347171523018,-0.01665158,3.5720133781433105,0.014116894,67,0.4170801639556885,145.7516150945068,5.784663677215576,680000,111.67944467456329
5.805475095668717,9.968180894851685,9.466931819915771,100,0.08840560913085938,704.0062327384949,305.6942702004561,159.51011744146868,-0.036932386,3.560340642929077,0.0073532015,68,0.40824437141418457,145.41869140153145,5.656485557556152,690000,128.73056232258782
5.274638851033949,10.067902326583862,9.56909441947937,100,0.08147096633911133,714.0962285995483,304.8851400179473,158.36430574574723,-0.1644166,3.5475330352783203,-0.01566941,69,0.40892934799194336,145.20330888339242,5.778409242630005,700000,130.2242824954415
5.3734880986762965,10.078975677490234,9.673103332519531,100,0.11052465438842773,724.1939814090729,303.71782753143964,154.46093023890376,-0.6361417,3.6103925704956055,-0.022807721,70,0.2951221466064453,144.57784458894008,5.813685178756714,710000,129.96258547165618
5.710017523219594,10.245221376419067,9.882982730865479,100,0.06423282623291016,734.4576137065887,304.71477294828924,159.62251262871507,-5.210428,3.6299943923950195,-0.01689591,71,0.2977936267852783,145.5254276611696,6.007233619689941,720000,127.48990801569344
10.792634977867088,9.926267623901367,9.554407358169556,100,0.06240534782409668,744.4032337665558,-80.85970726243332,-0.8301706014177603,0.12733252,3.405688524246216,0.0051277834,72,0.30921196937561035,-33.06683896570221,5.878767013549805,730000,-61.291619221698134
10.314371905873267,10.210680961608887,9.660356760025024,100,0.11101913452148438,754.6336081027985,-139.26778405734248,-32.13101984678964,0.0060402467,3.4016153812408447,0.010489029,73,0.4390592575073242,-58.11797607820221,5.996456146240234,740000,-91.30754514138026
17.24563573706535,10.01587462425232,9.493983030319214,100,0.10281157493591309,764.6781368255615,-73.07632507099315,10.791781563251044,-0.7154049,3.3559398651123047,0.0071318513,74,0.4188354015350342,-26.65463081912623,5.8827526569366455,750000,-65.11462830521967
7.227740003271732,9.965197324752808,9.423398971557617,100,0.06362128257751465,774.661271572113,51.003463462853375,46.44255106139741,-0.03794951,3.3647472858428955,0.01097146,75,0.47794294357299805,29.253055650613124,5.81132173538208,760000,9.81066551941315
4.797298835150859,9.965791463851929,9.560347080230713,100,0.10257387161254883,784.6485815048218,60.42485811670914,46.49300948854209,-0.06821683,3.3479702472686768,-0.0077869813,76,0.3026599884033203,34.08222001544677,5.934974193572998,770000,21.63157649104428
68.60251026402557,10.013859987258911,9.643480777740479,100,0.08084988594055176,794.6813201904297,258.5472360747741,195.21945669167116,-0.24336948,3.4999661445617676,0.012734619,77,0.2893102169036865,142.292124748386,5.896891355514526,780000,36.83378109576085
1.653663077087068,9.427792072296143,8.920545101165771,100,0.11198234558105469,804.1264493465424,347.27115223903667,194.72197880975327,-3.1305313,3.4629852771759033,-0.015015103,78,0.3950526714324951,190.9252404721855,5.221485614776611,790000,186.58742342462023
5.266138864134076,9.198638916015625,8.86569333076477,100,0.06278300285339355,813.343207359314,266.0974952793571,168.95213440203258,-2.2883544,3.401520252227783,-0.007960998,79,0.26994943618774414,158.4869542467342,5.229769945144653,800000,146.76240064150255
1.9764747016979096,9.385857343673706,8.974980354309082,100,0.07938218116760254,822.7486553192139,234.80332171487828,148.2203415776373,-5.3560743,3.3941407203674316,-0.0012630615,80,0.33127689361572266,144.2013249923795,5.341407775878906,810000,139.42102318213247
2.0577008877670226,8.535804271697998,8.14585566520691,100,0.09508180618286133,831.3039789199829,234.20522784869377,148.8377512380512,-4.551629,3.196119546890259,0.009536121,81,0.2945733070373535,143.90952248373776,4.726865530014038,820000,138.57178969835144
1.8068337747978866,8.522830963134766,8.071334600448608,100,0.038603782653808594,839.8448443412781,234.5274176312763,148.0677240074338,-4.6258903,3.1663436889648438,-0.000987799,82,0.41256093978881836,144.09400462789117,4.683292388916016,830000,140.70851206310465
1.8607388335650978,8.456070184707642,8.150555610656738,100,0.03643608093261719,848.3219485282898,234.9066426907409,148.22838218014653,-4.3515835,3.2028026580810547,0.004717938,83,0.26882266998291016,144.21313330299066,4.720518350601196,840000,139.3656404509576
2.1652882524981636,8.465105772018433,8.157914876937866,100,0.03433585166931152,856.8049204349518,234.4786572091452,148.0106183983473,-3.573704,3.2444443702697754,-0.00042032776,84,0.2726278305053711,144.0489192520309,4.68337607383728,850000,139.25401355714484
1.876179766112475,8.521121501922607,8.187705993652344,100,0.06952357292175293,865.3425815105438,234.43787551394763,148.42388331719704,-3.243458,3.166942834854126,-0.007151181,85,0.2636380195617676,144.05045175164156,4.792421579360962,860000,139.8355261532754
1.7909421880579177,8.56366491317749,8.21801495552063,100,0.08903884887695312,873.9233255386353,235.69080995494326,148.55620172080955,-3.079063,3.194631814956665,0.0008903198,86,0.2557048797607422,144.56323065743743,4.794920206069946,870000,139.40589770142097
1.8693402049747745,8.56729793548584,8.081701755523682,100,0.09168601036071777,882.5079998970032,235.70753564902077,148.1676369514064,-2.7438972,3.177525758743286,-0.010050772,87,0.39368224143981934,144.5743386746136,4.674485921859741,880000,139.81216204798312
1.9330392441323216,8.538270711898804,8.12834095954895,100,0.11391186714172363,891.0648410320282,235.07915038433867,148.53152606519362,-2.8128996,3.1832046508789062,-0.028893221,88,0.29579806327819824,144.49930072736493,4.720434665679932,890000,140.00274299202354
54.77463200217924,8.360222816467285,8.032280683517456,100,0.09167051315307617,899.441704750061,149.9504925004183,171.54415475402794,-0.3820563,3.145047903060913,0.002485144,89,0.232832670211792,100.83178622964505,4.651036024093628,900000,-135.3960818632446
69.0806279043868,8.524804830551147,8.213964939117432,100,0.04152870178222656,907.9829657077789,-203.34930081116056,112.44080804296843,-4.263204,3.344219446182251,0.017146667,90,0.26905131340026855,-84.16318685745814,4.636542558670044,910000,-183.54419402570628
60.91886033590806,8.81952452659607,8.48702621459961,100,0.07442426681518555,916.8194015026093,-160.80099784477324,93.92365323452327,-15.073473,3.343400478363037,-0.013424768,91,0.2541069984436035,-68.97712903380354,4.903405427932739,920000,-173.40496545558807
41.85476136480297,8.524171113967896,8.221692323684692,100,0.03872942924499512,925.3600780963898,104.49768572257206,124.93836162245796,-7.5926914,3.1973977088928223,0.0074256468,92,0.2634296417236328,69.02183289866613,4.78185510635376,930000,-145.9492555675382
30.80544207916318,8.454791069030762,8.147038459777832,100,0.03803610801696777,933.8320322036743,-56.385446739180544,31.091953745711336,-2.7943077,3.17915415763855,-0.027637292,93,0.269359827041626,0.3099659892190886,4.725490093231201,940000,-64.87500614498438
19.18252893640824,8.492939472198486,8.182103872299194,100,0.03683948516845703,942.3413491249084,-57.03960929205402,21.775571460018263,-2.4399261,3.246461868286133,-0.006053436,94,0.27371954917907715,1.4310751715615486,4.686951160430908,950000,-59.09918404388165
40.9777521430524,8.590901136398315,8.283796787261963,100,0.037471771240234375,950.9484760761261,-71.15784272062434,57.9084628749712,-2.1700025,3.3108747005462646,-2.5585938e-05,95,0.2692568302154541,-5.139177360851602,4.737645864486694,960000,-82.68622353895559
46.96903191653291,8.693739175796509,8.342397212982178,100,0.10137939453125,959.6596007347107,33.45549750692299,142.23230909431405,-27.707775,3.1780664920806885,-0.009313416,96,0.2497110366821289,37.19555616644723,4.910878419876099,970000,-54.264935901213164
59.897791030539736,8.45993685722351,8.137412548065186,100,0.0675954818725586,968.1378812789917,76.74019942559251,161.4260067763014,-69.792274,3.119086742401123,-0.013100488,97,0.2546365261077881,57.87394035353299,4.783690452575684,980000,-44.9566908325345
27.380381848200365,8.516156673431396,8.07017707824707,100,0.07012009620666504,976.6708562374115,156.04934167347807,146.76722463078505,-8.207394,3.087435483932495,0.008159717,98,0.3734855651855469,95.22711014319042,4.750271797180176,990000,32.12197498899216
21.847585328910146,8.3710298538208,8.046112060546875,100,0.06709122657775879,985.0613243579865,183.69986190057105,149.06238505279237,3.56373,3.0966086387634277,0.01918323,99,0.25746965408325195,108.66737933986013,4.71216082572937,1000000,63.81111719348438
19.507332150242743,8.580787658691406,8.149317026138306,100,0.057413578033447266,993.6604099273682,227.00147907661164,156.47966577677911,-0.06819818,3.11731219291687,-0.0055108275,100,0.37282729148864746,126.49846509088725,4.791360378265381,1010000,71.67971984019414
11.36062236388609,8.346975326538086,8.030514001846313,100,0.05022549629211426,1002.0244212150574,257.53214326977127,156.69624859569262,-0.047442243,3.051142454147339,-0.0061866823,101,0.2659728527069092,138.38443078219495,4.737836837768555,1020000,89.61474706741113
8.460622801325234,8.360111474990845,8.03098177909851,100,0.06520509719848633,1010.4015564918518,253.35834458864517,149.4609180100787,0.021019248,3.021514892578125,0.023218708,102,0.2636682987213135,136.3163977909571,4.777706623077393,1030000,110.51161097965505
8.405784946071874,8.39526891708374,8.067257165908813,100,0.07262229919433594,1018.8156747817993,240.79588558536238,150.95356692049452,0.0017040039,3.069689989089966,-0.001309961,103,0.2523505687713623,130.74821826646195,4.758108615875244,1040000,105.27054915914951
9.789616025451402,8.312473058700562,7.999805927276611,100,0.04106020927429199,1027.1456537246704,239.9237471730001,152.8354111034875,-0.016938671,2.999439001083374,-0.005572736,104,0.2713632583618164,130.61212325509678,4.767143249511719,1050000,103.85865627034046
8.899942472665748,8.299443006515503,7.976288795471191,100,0.0676884651184082,1035.4631567001343,242.48623055933348,154.4032299926156,-0.0074418336,3.0323028564453125,0.010008533,105,0.2549428939819336,131.64110882152548,4.714441776275635,1060000,104.74570200189001
8.376943648020895,8.495213508605957,8.152010440826416,100,0.06061244010925293,1043.974237203598,241.17725086795545,145.64837741405788,-0.026806068,3.0869991779327393,-0.0068761595,106,0.28206539154052734,131.1736588774731,4.826141357421875,1070000,102.96132664374073
7.397280942111025,8.354246139526367,8.045998334884644,100,0.04918241500854492,1052.3447556495667,246.98571200153478,147.55197720447111,0.00092979125,3.0226902961730957,0.0017491516,107,0.2586934566497803,133.42880538693143,4.788978576660156,1080000,114.88444283450434
8.934889647405544,8.300315141677856,7.969087839126587,100,0.07799839973449707,1060.6632957458496,248.99931811515734,152.09794811896649,-0.016254526,3.0540359020233154,-0.009195089,108,0.2530086040496826,134.53040015935366,4.673154592514038,1090000,107.85390432522883
7.800859830193975,8.380045890808105,8.040924072265625,100,0.06959843635559082,1069.0606908798218,247.43299869829116,149.3693592472425,-0.011334546,3.0860595703125,-0.0063172365,109,0.2692379951477051,134.09376268080533,4.721694469451904,1100000,109.44441713222145
6.765628805078427,8.33797836303711,8.029386758804321,100,0.03899526596069336,1077.4147481918335,249.23670546228587,146.09182511624383,-0.015134228,3.094668388366699,-0.011545679,110,0.2693605422973633,134.8160510669921,4.6860010623931885,1110000,114.09687394875068
8.227466244251126,8.387911796569824,8.084810495376587,100,0.03784060478210449,1085.8197965621948,253.89788213899,152.68494999685197,-0.0003524658,3.099365472793579,0.0042172913,111,0.2648608684539795,136.81458557088342,4.734656095504761,1120000,93.7136411422522
6.785335613974837,8.519908666610718,8.0747652053833,100,0.03701138496398926,1094.3563632965088,251.58203690154073,148.09162632481826,-0.017514233,3.0411763191223145,-0.0036616577,112,0.4078996181488037,135.9659958559799,4.790696382522583,1130000,120.24097242377381
7.352133582759736,8.298057556152344,7.859619379043579,100,0.07431149482727051,1102.6740653514862,253.40473586610824,151.1255484065669,-0.03435527,3.017554759979248,0.0079771485,113,0.3635234832763672,136.75452199210778,4.609541416168213,1140000,113.84594897434859
10.593731845361585,8.295021057128906,7.9171061515808105,100,0.06447100639343262,1110.9863271713257,256.60729568149384,156.69802155539682,-0.06754544,3.025923013687134,-0.0092224125,114,0.3131868839263916,138.16672666256255,4.659640312194824,1150000,75.76782276440976
8.920089300141454,8.287709474563599,7.943772077560425,100,0.06606531143188477,1119.2937285900116,264.29783713203244,157.7059136917662,-0.05911997,3.0522406101226807,-0.022804676,115,0.26955389976501465,141.5999624698256,4.659514665603638,1160000,114.2437690343561
9.14761202934491,8.50865364074707,8.19820523262024,100,0.03937673568725586,1127.8194456100464,263.79509547440745,156.3555401229681,-0.053383056,3.1065359115600586,0.025502881,116,0.27067136764526367,141.47731575586621,4.844819068908691,1170000,114.25399740136184
7.915000101858696,8.325301885604858,8.012905359268188,100,0.03846263885498047,1136.1623220443726,265.7345279183012,160.7233480195705,-0.09027461,3.053579092025757,0.011292053,117,0.2737126350402832,142.52966025705504,4.723802804946899,1180000,111.40834614964216
10.264117448250422,8.412343263626099,8.087299108505249,100,0.07031631469726562,1144.5918164253235,260.5517487355518,160.57096257210614,-0.09601551,3.0511670112609863,0.0052323854,118,0.2544848918914795,140.95729666382755,4.802987813949585,1190000,94.79260047646518
8.671634598270236,8.354959964752197,8.019243001937866,100,0.06630945205688477,1152.9629700183868,267.3755006903291,163.00220789847936,-0.06685688,3.0671536922454834,-0.005598291,119,0.2631816864013672,143.84579811355957,4.718648672103882,1200000,125.82946215008391
8.039839306475223,8.440637111663818,8.10715126991272,100,0.0674600601196289,1161.4204542636871,258.8667411204378,159.5339848835546,-0.031812098,3.0740115642547607,0.002346753,120,0.2656891345977783,140.65268766698887,4.7918243408203125,1210000,123.35811347927284
8.324878485991462,8.335503339767456,8.028595924377441,100,0.03848600387573242,1169.771999835968,262.7811325879265,160.34704531209314,-0.01238728,3.043972969055176,-0.0052126953,121,0.2681584358215332,142.51717996970876,4.74984335899353,1220000,125.849142868943
8.276295021016951,8.470536947250366,8.137956380844116,100,0.05493736267089844,1178.2594439983368,258.0345794343251,160.75969291156176,-0.029994324,3.073028802871704,-0.008081885,122,0.27735424041748047,140.62044527039535,4.819542646408081,1230000,122.43359265245466
8.966689822858681,8.364738941192627,8.059229612350464,100,0.03939676284790039,1186.6424589157104,263.45998753750644,164.41319512878448,-0.06258071,3.0142505168914795,-0.017716894,123,0.26583385467529297,142.90763711370656,4.809074640274048,1240000,129.09730077830014
7.139087494270265,8.451956033706665,8.153351068496704,100,0.03842473030090332,1195.111218214035,260.5383514220576,160.66164400744697,-0.026887525,3.07072114944458,-0.0044253906,124,0.25992798805236816,141.65555513308718,4.8460071086883545,1250000,127.99080171258771
6.495213370869278,8.33796501159668,8.043479442596436,100,0.037374258041381836,1203.465327501297,264.599101165064,158.512096942427,-0.0026111573,3.0367345809936523,0.014494394,125,0.2568695545196533,143.3040736404626,4.774264097213745,1260000,122.32354272560818
5.390783348539757,8.667924880981445,8.360206127166748,100,0.042421817779541016,1212.1501779556274,265.1591129070531,161.9832545257712,-0.03222669,3.120420217514038,-0.015747853,126,0.26508355140686035,143.60605293729907,5.001469850540161,1270000,126.33584758543536
5.763489834400803,8.42782974243164,8.096737146377563,100,0.07130956649780273,1220.5937502384186,267.59563706669144,163.6200127273317,0.019680096,3.0619373321533203,0.020731896,127,0.25954127311706543,144.68327783971927,4.798054218292236,1280000,132.78899967881958
5.6774880116950115,8.36299443244934,8.03764796257019,100,0.04415750503540039,1228.9732127189636,263.96476198170006,159.8984572103617,-0.014625674,3.0553011894226074,-0.008858307,128,0.2809257507324219,143.12378406899802,4.740611553192139,1290000,127.86356953313664
5.4406362371688655,8.406378030776978,8.075027704238892,100,0.04465079307556152,1237.3954010009766,263.16983862781143,159.33076278194147,0.0032804688,3.1056976318359375,0.011933802,129,0.28644680976867676,142.77750350707365,4.727929353713989,1300000,130.47136773568883
6.028318312514876,8.298673868179321,7.99150013923645,100,0.035300254821777344,1245.7094690799713,267.2932389311828,159.53450845428443,0.006668286,3.0288212299346924,0.009906872,130,0.27154040336608887,144.69361934210843,4.729962348937988,1310000,134.5237111646615
6.254130375320888,8.263187646865845,7.954962253570557,100,0.04530525207519531,1253.9896354675293,266.0516351950891,162.78672916127343,0.0007791138,3.0554256439208984,0.005422363,131,0.26270461082458496,144.31066633649255,4.664672374725342,1320000,129.78795240688973
6.304787075754546,8.367814302444458,8.050637483596802,100,0.03899073600769043,1262.3758132457733,265.23310092832753,161.37827640904223,0.020043682,3.07377552986145,0.035242986,132,0.2779350280761719,143.6231224777203,4.734093189239502,1330000,125.46053315793597
6.807911600369337,8.19933819770813,7.875425100326538,100,0.04195857048034668,1270.5926291942596,265.4236350096114,158.7516630613645,-0.015090677,2.995231866836548,-0.012679571,133,0.28156352043151855,143.65100071712865,4.648476600646973,1340000,124.2781475755205
7.3673744391650935,8.310969591140747,7.993553161621094,100,0.04027867317199707,1278.9216935634613,267.8338254337888,161.3358235376725,-0.03731474,3.027791738510132,-0.024970828,134,0.27672362327575684,144.41908405476929,4.723349094390869,1350000,128.8692418407756
7.6677708812149135,8.29351019859314,7.991077661514282,100,0.041306257247924805,1287.2319326400757,267.80119976439147,161.13041165245707,-0.0016134033,2.9882407188415527,0.0041209715,135,0.25926756858825684,144.47001832018245,4.772319078445435,1360000,124.28844706579693
7.548648651037429,8.536040306091309,8.19963550567627,100,0.06613922119140625,1295.8541264533997,268.6072692241334,162.07883282075858,0.018982923,3.0432119369506836,0.023396723,136,0.2634007930755615,144.64958137889238,4.913607597351074,1370000,127.80831088447152
8.517239682226775,8.169548273086548,7.877920866012573,100,0.03550291061401367,1304.0401077270508,268.4109416487053,163.31938049425727,-0.00955841,3.027068614959717,-0.0018071167,137,0.2559092044830322,144.58811699445647,4.617611646652222,1380000,127.33823035171446
7.629028574186763,8.228677988052368,7.932245254516602,100,0.03271627426147461,1312.282322883606,270.73648148264573,161.62199510803737,-0.007813373,2.9907066822052,0.00012230224,138,0.2635180950164795,145.47938675309382,4.694345474243164,1390000,130.87871395977925
7.5715924756374555,8.310614585876465,8.001868724822998,100,0.03580069541931152,1320.6102690696716,270.6933148432376,163.01914836373595,-0.017651891,3.071483850479126,-0.009191186,139,0.27269935607910156,145.37427262283097,4.692406177520752,1400000,132.00612500679932
8.112040180872459,8.362685918807983,8.0352144241333,100,0.06774020195007324,1328.9900698661804,271.92585601027855,164.79065489998067,-0.0052733156,3.0382370948791504,0.0008229004,140,0.2594890594482422,145.83617915328261,4.764703035354614,1410000,131.06899545956796
7.647874697631702,8.320355653762817,7.983250617980957,100,0.03800511360168457,1337.327576637268,273.31652951806655,165.2677700102189,-0.010713424,3.0353188514709473,-0.0072046663,141,0.2988407611846924,146.32713420096294,4.714129447937012,1420000,132.45963825647382
8.46461408407645,8.199076175689697,7.89661431312561,100,0.04648089408874512,1345.5430455207825,273.3108557336654,162.2100618381132,-0.0020345214,3.0540366172790527,0.0065836916,142,0.25545334815979004,146.15014489157554,4.611979722976685,1430000,127.18779148531432
8.467034958412265,8.421151876449585,8.111502885818481,100,0.03710484504699707,1353.9817514419556,275.04837928800987,166.64025295361753,-0.02540083,3.079714059829712,-0.0073434813,143,0.27213525772094727,146.82209280358154,4.795618057250977,1440000,129.41587801659216
7.90030992513641,8.33883285522461,8.031142234802246,100,0.037760257720947266,1362.3367030620575,273.7393581401717,161.04892892003085,-0.024475977,3.031745672225952,-0.010326831,144,0.269594669342041,146.20890862182063,4.764828205108643,1450000,128.79767351030566
7.113337290969026,8.368492126464844,8.008603572845459,100,0.10500574111938477,1370.7220170497894,274.34661406888586,160.7148633322079,-0.017508801,3.0498175621032715,-0.0058464357,145,0.2546401023864746,146.39671125876123,4.725030183792114,1460000,131.46862358242566
7.251675377244363,8.726261138916016,8.302045345306396,100,0.09862256050109863,1379.4668471813202,274.1980122088224,162.44234743068057,-0.052002367,3.13840913772583,-0.019188793,146,0.3252859115600586,146.23296279276937,4.901248931884766,1470000,127.24224813940504
7.213850737259996,8.36304759979248,8.048435926437378,100,0.03838610649108887,1387.8470804691315,273.5264980245835,159.6736569399593,-0.020443067,3.0366592407226562,-0.00032859496,147,0.2759132385253906,145.81390216449884,4.766193151473999,1480000,127.85808294629364
6.546656816755751,8.421930074691772,8.112346410751343,100,0.060219764709472656,1396.2875995635986,277.55005323847064,160.38211370530888,-0.038248833,3.0428342819213867,-0.024519438,148,0.24912548065185547,147.13421676402544,4.830383777618408,1490000,125.66107427434684
6.781434181483648,8.262717962265015,7.942262649536133,100,0.03883028030395508,1404.5640597343445,275.78322479643015,164.94687320850778,-0.036208015,3.0677714347839355,-0.011342132,149,0.28137874603271484,146.26917005333658,4.6390838623046875,1500000,120.38690824526095
6.324101841136973,8.228344678878784,7.883948087692261,100,0.09423422813415527,1412.8082206249237,278.89076665378747,159.65552587994645,-0.032239556,2.9965813159942627,-0.013614635,150,0.24991941452026367,147.58011056421856,4.659339427947998,1510000,127.1041598212223
5.317800240937974,8.343217849731445,8.00417947769165,100,0.0791482925415039,1421.168068408966,281.1356886749123,158.55087429695982,-0.014226111,3.0505971908569336,-0.0030725708,151,0.2596292495727539,148.36122141125534,4.716641664505005,1520000,130.04037784450693
6.362551430022021,8.453350305557251,8.104002952575684,100,0.06318950653076172,1429.6380987167358,278.37313089684363,159.52126535338834,-0.028555896,3.0983211994171143,-0.013625659,152,0.2858304977416992,147.30220230562597,4.773277997970581,1530000,124.85354653635088
6.303621216005361,8.303007125854492,7.993983745574951,100,0.04103493690490723,1437.9573090076447,280.7899141557594,163.51362236987444,-0.021312304,3.0428707599639893,-0.009204516,153,0.2677299976348877,148.122688542146,4.709527969360352,1540000,121.02200332865465
7.152337185987189,8.392063856124878,8.03259801864624,100,0.10561203956604004,1446.366991519928,282.8757900380082,163.01554918476072,0.006422827,3.059924840927124,0.013531396,154,0.2536170482635498,148.9168742021444,4.734992980957031,1550000,120.94233555314526
6.353800283040079,8.409180164337158,8.071296691894531,100,0.09821772575378418,1454.794589996338,282.241594302111,160.63084299200077,-0.019744325,3.0142548084259033,-0.014174944,155,0.23942184448242188,148.6339140698996,4.8213276863098145,1560000,126.64091689303602
6.825255139242039,8.503223896026611,8.177192211151123,100,0.08917760848999023,1463.3141260147095,280.58610030619735,163.50235684697103,-0.015355847,3.0513253211975098,-0.004912439,156,0.2366166114807129,147.90532177238123,4.888253688812256,1570000,125.13924091155053
6.981625515731662,8.504340887069702,8.166889905929565,100,0.09218955039978027,1471.833039522171,284.2652929544927,164.62963229309426,0.00089780276,3.061350107192993,0.008373425,157,0.24228572845458984,149.40338129931501,4.87090277671814,1580000,123.55730799266435
7.107095171237313,8.337307214736938,7.992694854736328,100,0.08534955978393555,1480.1875822544098,282.7006819025781,163.7895274725815,-0.004135187,3.0117459297180176,0.01069198,158,0.25903797149658203,148.7963778013499,4.7455620765686035,1590000,131.14860329774186
7.220717718463884,8.35858678817749,8.034863233566284,100,0.027387380599975586,1488.5640707015991,285.5019919000174,162.79556117000567,-0.015980408,3.0476770401000977,-0.01126228,159,0.29610395431518555,150.13475639874525,4.735482931137085,1600000,123.36218029608814
7.394503071202019,8.550066709518433,8.206814527511597,100,0.07465887069702148,1497.1310205459595,285.7902362240309,169.57768469305782,-0.015531755,3.031085729598999,0.0023705743,160,0.2683687210083008,150.1885041252283,4.939556837081909,1610000,126.32394783756968
6.503082362673919,8.419387817382812,8.094543695449829,100,0.058411598205566406,1505.566577911377,288.6983400016879,167.18903770364855,-0.006348999,3.0591769218444824,0.0030981689,161,0.266176700592041,151.31595283049992,4.798058032989502,1620000,131.25247473817367
5.722763038888566,8.350857973098755,8.016928672790527,100,0.0671682357788086,1513.9342210292816,289.16295364941567,162.94258564813023,-0.00063876953,3.0679919719696045,0.00270094,162,0.2665293216705322,151.63459209470267,4.713886499404907,1630000,137.39674696575415
6.305963418103979,8.34523630142212,8.00699257850647,100,0.07107329368591309,1522.2956581115723,285.0592144193838,163.0499309469584,-0.016576197,3.0217316150665283,-0.0016708862,163,0.2668116092681885,149.8690662863523,4.753067255020142,1640000,134.4610062077881
6.32094272293448,8.444563388824463,8.129599332809448,100,0.038514137268066406,1530.7579617500305,286.83738001187476,162.06375796113812,-0.029529518,3.0780739784240723,-0.0063801515,164,0.27619171142578125,150.70711974328793,4.8006181716918945,1650000,125.6483817234156
6.729445291558811,8.509247541427612,8.055177450180054,100,0.038083553314208984,1539.2849097251892,290.3215360688292,167.98458743484488,-0.020972034,3.0348830223083496,-0.0074112304,165,0.4157378673553467,152.22929132357254,4.786972999572754,1660000,139.7768056529531
6.550819807865747,8.317878007888794,8.00411581993103,100,0.07465267181396484,1547.6259243488312,290.2114815246852,168.0770771916934,-0.023139562,3.0226094722747803,-0.014234803,166,0.23884344100952148,152.41882273828216,4.745946645736694,1670000,132.1356292156388
6.329480791259754,8.350361585617065,8.049759864807129,100,0.06247568130493164,1555.9913036823273,290.86860689861953,171.49140314901538,-0.013189923,2.987236976623535,0.009411316,167,0.23586726188659668,152.72181998577088,4.830835819244385,1680000,136.74872690947453
6.933945242494837,8.243870973587036,7.7769246101379395,100,0.05238819122314453,1564.2504305839539,288.54255529377974,166.4906884526795,-0.025302686,2.9944489002227783,-0.014025513,168,0.4142873287200928,151.96871298038707,4.552813529968262,1690000,129.50261488418658
6.61515170408361,8.294761896133423,7.895141839981079,100,0.07362818717956543,1572.5691330432892,288.8492911962253,167.9643493466786,-0.019262817,2.9868128299713135,-0.0028484375,169,0.3257012367248535,152.11767739031228,4.672956466674805,1700000,133.5018200012222
7.458972084791436,8.219107151031494,7.929039001464844,100,0.03832674026489258,1580.8066387176514,289.16191880625075,169.42676408655726,-0.011465515,2.9883038997650146,-0.005315625,170,0.25144004821777344,152.43930671719957,4.7069993019104,1710000,131.44781737007986
7.665204962214526,8.411237239837646,8.007201671600342,100,0.03969693183898926,1589.2346613407135,286.82362861774965,168.79463294928658,-0.030196827,3.048419713973999,-0.019900292,171,0.3639254570007324,151.36773775323294,4.726194143295288,1720000,124.57228361897944
7.9007463868148475,8.290661096572876,7.922503232955933,100,0.1012411117553711,1597.5428459644318,286.0080786390756,166.14324152713607,-0.0076505477,3.052508592605591,-0.00357175,172,0.2666640281677246,151.05825889212178,4.6381213665008545,1730000,123.17619383330377
8.134313957831049,8.404952764511108,8.076906442642212,100,0.05536460876464844,1605.964459657669,289.4907789175138,171.6479000211465,-0.02514702,3.042930841445923,-0.010002344,173,0.27247047424316406,152.31968526638573,4.798365354537964,1740000,127.19639416320224
7.958421815156295,8.345130920410156,7.92652153968811,100,0.059549570083618164,1614.3276472091675,286.0635917602453,169.5751893731921,0.006904303,3.0102076530456543,0.015278321,174,0.35868215560913086,151.00265846673963,4.6737446784973145,1750000,128.86961669065283
7.815795607859067,8.506610631942749,7.91074800491333,100,0.07837939262390137,1622.8509027957916,287.1598679470093,165.22948301622012,-0.033146728,3.017970085144043,-0.02335642,175,0.5172393321990967,151.5120856793882,4.657793283462524,1760000,130.61155866514045
7.376130399313336,8.189577579498291,7.790734529495239,100,0.0983724594116211,1631.0585360527039,288.89085129192773,173.46772851406195,-0.015999816,2.956921100616455,-0.011892993,176,0.3000330924987793,151.92664094646136,4.604668617248535,1770000,126.19513914561159
6.98152194913725,8.36264944076538,7.994234800338745,100,0.06588411331176758,1639.4420335292816,289.21681034535607,169.01235557968818,0.0079920655,2.9683640003204346,0.017403174,177,0.3022000789642334,152.04418528114547,4.792437791824341,1780000,124.00262858160792
6.542648702055553,8.145387887954712,7.8367533683776855,100,0.03966474533081055,1647.6114354133606,288.7888853989659,165.81347999424153,-0.012451953,2.98508882522583,0.0011091797,178,0.2687222957611084,152.02277180909758,4.62009072303772,1790000,135.39652223469764
6.288808851420682,8.366167306900024,8.024575471878052,100,0.06490230560302734,1655.996212720871,292.51850959734264,172.4077514023072,-0.018560668,3.01387619972229,-0.005725647,179,0.269045352935791,153.44137608134105,4.772149324417114,1800000,140.3334288549509
6.586585955795864,8.3157799243927,7.992124319076538,100,0.06889176368713379,1664.3392944335938,289.6104222287293,166.94963563291145,-0.0021925294,3.0013012886047363,0.004279959,180,0.25386548042297363,152.2266746633305,4.75930118560791,1810000,137.1798382402416
6.236724404398679,8.397427558898926,8.056771516799927,100,0.06408071517944336,1672.7554197311401,290.59732426753357,167.55030929618053,-0.0029962594,3.0454699993133545,0.0026509163,181,0.27629685401916504,152.5280794005104,4.7741734981536865,1820000,140.06836446435722
6.826035126364704,8.31594705581665,7.987939834594727,100,0.06483888626098633,1681.0876004695892,291.9521530813694,168.1484837889728,-0.010455945,3.0189454555511475,0.0019817261,182,0.2629218101501465,153.0545869729359,4.732833623886108,1830000,137.64884935652
7.266144728466751,8.482950687408447,8.133294105529785,100,0.09780502319335938,1689.5878670215607,289.6283930081289,168.1366475794595,0.00088063965,3.025118350982666,0.017208472,183,0.2516295909881592,152.24911373974135,4.873330354690552,1840000,132.47959301855195
6.471580548901306,8.308656930923462,7.958868980407715,100,0.09989380836486816,1697.914375782013,292.7282781275954,168.28374963718832,-0.033439267,3.018733263015747,0.0027343933,184,0.24963617324829102,153.51946506452688,4.702891826629639,1850000,141.4758779929099
7.998537982975428,8.475196361541748,8.03334093093872,100,0.03768134117126465,1706.4052138328552,289.07282310496925,167.98018696329922,-0.07988528,3.0398247241973877,-0.0029442932,185,0.40391016006469727,152.2504516117844,4.7527618408203125,1860000,127.21725095181283
8.545734310168973,8.286986351013184,7.991755723953247,100,0.03415679931640625,1714.714552640915,288.0841941076278,166.22960765715968,-0.06292931,3.0463852882385254,0.00560466,186,0.2606954574584961,152.35815811734093,4.7110817432403564,1870000,131.0904639458097
8.396881598420777,8.252594232559204,7.94472861289978,100,0.03821969032287598,1722.9837005138397,289.66161323020725,168.66347773374224,-0.083183914,2.992978811264038,0.0073059876,187,0.2693901062011719,152.9784827217558,4.719127416610718,1880000,128.48257604661134
8.949435067882627,8.510096311569214,8.182580947875977,100,0.06760978698730469,1731.5235106945038,289.53872538095334,172.20459822458682,-0.024012597,3.090832471847534,-0.006467468,188,0.25925707817077637,153.01155805016933,4.847463846206665,1890000,127.80558341905994
6.444063831773259,8.292381525039673,7.978172779083252,100,0.03466963768005371,1739.834444284439,294.4866390153352,167.0563246748081,-0.019538837,2.990617513656616,-0.00423291,189,0.27923059463500977,154.92486220553155,4.749299764633179,1900000,132.42736536905224
7.882432948103712,8.303137063980103,7.967519760131836,100,0.06940007209777832,1748.1562707424164,293.8936289572174,172.15377786890184,-0.09528617,3.0150678157806396,-0.010832751,190,0.2556910514831543,155.0397370436703,4.715618848800659,1910000,128.5396849062409
6.7322019879352,8.277397155761719,7.964015960693359,100,0.03936266899108887,1756.4486367702484,294.39773618038913,172.2547277518414,-0.094542295,3.006298303604126,-0.021637777,191,0.27367734909057617,155.49421132115032,4.723085403442383,1920000,137.98398273070984
6.2703891576982835,8.369268655776978,8.047779560089111,100,0.055222511291503906,1764.8342592716217,298.30630424479153,171.37811994399328,-0.06846009,3.0423433780670166,-0.017481426,192,0.26600003242492676,157.3171824701647,4.768397092819214,1930000,136.27859437009784
6.667799815482898,8.314896821975708,7.998778581619263,100,0.0625002384185791,1773.165249824524,300.9496221023048,174.9328984495547,-0.11182854,3.0032858848571777,-0.0025492492,193,0.24813008308410645,158.53793142890828,4.761966943740845,1940000,137.16089225536993
9.076517998200357,8.275122165679932,7.95699667930603,100,0.06659317016601562,1781.4574127197266,294.72054890995076,175.67472820074286,-0.097512305,2.9888417720794678,0.0037381104,194,0.25133728981018066,156.3244819695758,4.735006332397461,1950000,130.95060539493855
7.937435059148576,8.131476163864136,7.796006202697754,100,0.0742940902709961,1789.6062393188477,295.43066655245013,175.142748246608,-0.09390442,2.9633781909942627,-0.0048393966,195,0.26090335845947266,157.04964360559518,4.591439247131348,1960000,136.20788944898098
7.51217871000121,8.531953573226929,8.127773523330688,100,0.05832505226135254,1798.1557080745697,295.9497630616784,174.8916329826462,-0.1559015,3.03898549079895,-0.005808136,196,0.34547901153564453,157.3712413921194,4.854462623596191,1970000,138.49496814102335
7.133116928885483,8.285503149032593,7.96836256980896,100,0.04024076461791992,1806.4588701725006,298.94143680480573,174.67238518611816,-0.21883084,3.0139076709747314,-0.016240515,197,0.27664899826049805,159.21339798941722,4.721215486526489,1980000,142.17789958398527
8.081850479197323,8.494057178497314,8.174023628234863,100,0.04870438575744629,1814.9696793556213,295.2773035178053,176.6026947702526,-0.30305362,3.0909552574157715,-0.008208789,198,0.27105259895324707,158.0089962090778,4.848410129547119,1990000,142.75550031598252
8.840985456941532,8.30994439125061,7.984554767608643,100,0.07744026184082031,1823.2965323925018,296.9930209979924,177.48411867109922,-0.14640824,2.992265224456787,-0.0025194825,199,0.24764466285705566,159.02354500331913,4.763128280639648,2000000,142.3887221743621
10.307813152218952,8.392508268356323,8.071970701217651,100,0.04031944274902344,1831.7053773403168,298.7719176336708,181.06283017541213,-0.04946951,3.033771276473999,0.0006793442,200,0.279857873916626,160.64269372552192,4.799380779266357,2010000,138.41287155256325
12.39001619306241,8.328062057495117,7.9933671951293945,100,0.07088994979858398,1840.0499227046967,288.4937498668835,179.7581157491101,-0.03423548,3.0326571464538574,0.016037017,201,0.2635617256164551,156.95737636110252,4.705899238586426,2020000,136.1208098814375
8.36355549683564,8.366821050643921,8.06017780303955,100,0.04003024101257324,1848.4336733818054,302.27629234346176,178.2193950282257,-0.03628369,3.0316569805145264,0.0031188477,202,0.26624417304992676,161.8527151904582,4.785751581192017,2030000,139.38361911244698
6.280657947987381,8.324811458587646,8.008360385894775,100,0.040315866470336914,1856.7736814022064,303.9610277891327,176.01707846103915,-0.0045671263,3.0146749019622803,0.009242969,203,0.2759089469909668,161.69943996846084,4.758340835571289,2040000,142.67651028251055
5.4521711553621,8.354895830154419,8.040822982788086,100,0.04459834098815918,1865.1435265541077,302.03907305627826,171.98798792543508,-0.028573675,3.0218849182128906,-0.006464258,204,0.26738405227661133,160.90903831117654,4.784829139709473,2050000,146.3342529033062
5.666731464936282,8.431949853897095,8.102292537689209,100,0.03223848342895508,1873.5927550792694,302.1148019424162,174.20269709689893,-0.018547168,3.0657291412353516,0.021908447,205,0.2971842288970947,160.75231340718088,4.800452709197998,2060000,147.88606074764635
5.809290298523206,8.426506042480469,8.033103227615356,100,0.03792548179626465,1882.0362658500671,303.26359718671534,173.97564177122487,-0.054670777,3.0428593158721924,-0.0064000855,206,0.3550851345062256,161.39477901179035,4.757372140884399,2070000,148.35293731854105
5.299943060702735,8.381985902786255,8.077639818191528,100,0.036681175231933594,1890.435094833374,302.7322891207378,173.09767466770964,-0.054198302,3.050309419631958,0.0005772217,207,0.26730871200561523,161.05669302134055,4.7954912185668945,2080000,147.5871062851913
5.775652956170088,8.649203300476074,8.09017539024353,100,0.10560727119445801,1899.1018652915955,302.15713731699407,172.53152677858682,-0.102613464,3.072721481323242,-0.011953272,208,0.4531712532043457,160.85843722156545,4.771362543106079,2090000,141.74248046758473
5.645031126216032,8.256935834884644,7.8989646434783936,100,0.11043095588684082,1907.3742563724518,301.99549010619273,172.7628936823465,-0.087673984,3.020690441131592,6.565552e-05,209,0.24719023704528809,161.00250607962255,4.647689580917358,2100000,141.46288590838833
5.944942757154418,8.377598762512207,7.952016353607178,100,0.03990507125854492,1915.7682070732117,302.11391637085893,173.89741278951587,-0.14155912,3.025494337081909,-0.0019377563,210,0.38544368743896484,161.21405333587623,4.69473934173584,2110000,140.8678453168118
5.76442947013498,8.244620323181152,7.937378883361816,100,0.038347721099853516,1924.037178993225,302.03640014205524,172.55037701525495,-0.3312926,3.0540034770965576,0.0065809144,211,0.26852917671203613,161.1766831743627,4.648958921432495,2120000,144.57851310944844
5.65768093022098,8.355793476104736,8.023087501525879,100,0.09172964096069336,1932.4111127853394,303.56616262783814,173.587066478254,-0.9581543,3.055054187774658,0.00030531007,212,0.24060535430908203,161.9938730800831,4.725973844528198,2130000,143.76625445467857
12.481175274478455,8.408016443252563,8.094538450241089,100,0.03840160369873047,1940.8373324871063,298.57362351065217,176.47325934955933,-0.816783,3.1205661296844482,0.010710059,213,0.2747218608856201,157.5737966464551,4.738210439682007,2140000,90.07792113286479
8.178540791320732,8.341157674789429,8.019625186920166,100,0.03748488426208496,1949.1967005729675,297.8638208970829,187.588500955725,-0.9309285,3.0747931003570557,0.011738025,214,0.28380823135375977,165.536341646573,4.710676431655884,2150000,152.04605445387543
4.090610542935065,8.45887565612793,8.133456707000732,100,0.07022857666015625,1957.672135591507,275.7286182921918,169.19457213918832,-4.653048,3.1535401344299316,0.004649939,215,0.2549586296081543,159.76004672586134,4.7389020919799805,2160000,149.43175242020249
2.962572578379231,8.702099323272705,8.35879898071289,100,0.05600380897521973,1966.3905305862427,266.50644155686007,161.67158166963168,-49.496216,3.237868070602417,0.0039646956,216,0.286940336227417,154.88489670950585,4.882915019989014,2170000,149.16626437266555
1.8644980236147723,8.63086462020874,8.19840383529663,100,0.09465956687927246,1975.0391101837158,258.2717814003033,156.7599811083194,-77.33153,3.230407238006592,-0.013187628,217,0.33748769760131836,150.55401092383659,4.731928586959839,2180000,147.59428446025402
1.9600884608817353,8.47850751876831,8.181286096572876,100,0.04094982147216797,1983.5359086990356,258.1056925351834,155.32388274086156,-78.899086,3.217005491256714,-0.007050557,218,0.2557687759399414,149.56870389995777,4.729158639907837,2190000,145.16969581159333
2.600359409266792,8.652316570281982,8.315807580947876,100,0.06844663619995117,1992.2057642936707,250.4294865714796,147.37599569776444,-70.7758,3.2122321128845215,0.0147199705,219,0.25815296173095703,142.9881398338778,4.869277000427246,2200000,133.15109248502912
9.911043160201165,8.536417007446289,8.190075635910034,100,0.0870809555053711,2000.7613897323608,223.65968636223778,145.0734389221197,-22.193062,3.2113521099090576,0.003768186,220,0.25899815559387207,127.85790489480024,4.7410783767700195,2210000,104.63977619989964
8.580763583807748,8.558788299560547,8.23128890991211,100,0.07561635971069336,2009.3366811275482,117.10287588994105,104.70787911753396,-3.9841812,3.222040891647339,-0.0007933105,221,0.25164103507995605,69.24522240131813,4.773845195770264,2220000,52.63479023212759
6.316931385689041,8.55310320854187,8.246773481369019,100,0.02953028678894043,2017.907130241394,51.78374238810394,49.54308398157237,-3.8563628,3.242691993713379,-0.0014293732,222,0.27639007568359375,34.70320153920337,4.764616012573242,2230000,10.04388044255396
10.787134921860064,8.460394382476807,8.157865285873413,100,0.03399920463562012,2026.385740995407,-115.94789177556187,-34.79494218500139,-3.3005965,3.2080163955688477,0.006944043,223,0.26830148696899414,-60.32862045742102,4.714756965637207,2240000,-93.03481533249813
30.720770237501902,8.747292757034302,8.396231174468994,100,0.0387423038482666,2035.1511821746826,9.038356226068409,48.085660531462295,-3.926696,3.3066375255584717,0.011724573,224,0.31185293197631836,8.145290275842868,4.85194206237793,2250000,-63.60213900190643
5.760116638622268,8.782344818115234,8.470593452453613,100,0.036838531494140625,2043.9496614933014,78.26468486008201,52.84705040221012,-2.4582286,3.3219213485717773,0.0102721555,225,0.2745521068572998,43.405499262548794,4.901301145553589,2260000,21.20383342447285
6.106863975153113,8.509879350662231,8.162503719329834,100,0.07625675201416016,2052.4773082733154,57.205753454589164,41.81962714577891,-3.482203,3.2498936653137207,-0.01437301,226,0.27085280418395996,26.901354031144837,4.677738428115845,2270000,9.845662470973291
17.513388974298376,8.51941728591919,8.204387426376343,100,0.04225587844848633,2061.0145564079285,-92.36471819053399,4.073647836926826,-14.065886,3.2229163646698,-0.0044724853,227,0.27229738235473633,-47.6346645360769,4.741830348968506,2280000,-85.40280772522357
33.20689976024481,8.637884855270386,8.302815914154053,100,0.04632067680358887,2069.6685128211975,-283.4483305468,-83.48893018662321,-4.6838813,3.1645095348358154,0.007337036,228,0.2883944511413574,-142.0107103419851,4.890540361404419,2290000,-281.2555855640755
39.709716729179085,8.42408561706543,8.109223127365112,100,0.0526432991027832,2078.1098232269287,-366.0322212626463,-62.79161494218219,-5.7809644,3.133002996444702,0.021383485,229,0.26187610626220703,-181.4806905760828,4.741812229156494,2300000,-230.116140307566
8.43037215229246,8.51174807548523,8.168532133102417,100,0.06634998321533203,2086.6395320892334,-314.07580329510677,-109.91717566135165,-3.7129107,3.1317121982574463,-0.004470978,230,0.27008628845214844,-157.27292777384258,4.800851583480835,2310000,-176.3208916180197
17.732263832498628,8.427258729934692,8.087564706802368,100,0.053998708724975586,2095.0826818943024,-274.6189924380606,-88.31998083815286,-17.258163,3.121513843536377,-0.014242395,231,0.28546833992004395,-142.23273840318743,4.732146501541138,2320000,-177.3905645338959
22.06782372302543,8.331296682357788,8.027172803878784,100,0.03451275825500488,2103.431037902832,-223.97194603875855,-77.80397975829995,-0.10973515,3.1280276775360107,-0.005842224,232,0.2693672180175781,-111.60789909296578,4.6697611808776855,2330000,-178.48807809759322
27.285859288882907,8.326674222946167,7.988187074661255,100,0.03699493408203125,2111.7753760814667,-101.1413859265731,-19.538640384692723,-0.41630948,3.0585227012634277,0.005625635,233,0.30112457275390625,-54.751559149237366,4.69687032699585,2340000,-148.45527588357612
15.541352205327053,8.647303581237793,8.332393884658813,100,0.0690011978149414,2120.44305229187,-58.06937477139358,-8.706223628505546,-0.009724682,3.1347179412841797,0.0003418579,234,0.24103808403015137,-34.786856195854824,4.960327386856079,2350000,-108.54180050673575
13.29972424733038,8.399940490722656,8.075881004333496,100,0.06356430053710938,2128.8591198921204,-64.16414428381825,-5.529673013229024,-0.109498106,3.093672275543213,0.0033691528,235,0.2602570056915283,-35.23640951508318,4.749204874038696,2360000,-66.13744253631009
12.396394504837458,8.520055770874023,8.194068908691406,100,0.06534457206726074,2137.3957307338715,-56.33177026815627,-2.953947376481531,-0.25585297,3.142864227294922,-0.00019809876,236,0.2527186870574951,-31.260981640804633,4.814224481582642,2370000,-58.44000087774897
11.758195650333047,8.39841103553772,8.09020209312439,100,0.03997397422790527,2145.8113791942596,-36.12757446806697,8.234595068829556,-0.10932063,3.1211678981781006,0.016886078,237,0.26786136627197266,-22.5342669489542,4.732329368591309,2380000,-51.39407724969508
12.134641807178763,8.411665678024292,8.074602365493774,100,0.07979893684387207,2154.240611076355,-18.507981421035645,14.47110828530222,-0.14190225,3.089787006378174,0.017254675,238,0.2566251754760742,-15.026053031221037,4.749826192855835,2390000,-41.554633362062184
10.720341059286126,8.517968654632568,8.196916818618774,100,0.06994915008544922,2162.7762773036957,11.602547844616856,24.79429333357416,-0.41000804,3.116957187652588,0.01305589,239,0.2500736713409424,-1.7641614944227542,4.831511735916138,2400000,-39.178846479673346
10.961309776762564,8.432708978652954,8.125360250473022,100,0.038604736328125,2171.226556301117,36.480239319219216,33.00231617597068,-0.7655294,3.115652084350586,0.0014048707,240,0.2683594226837158,8.015087443620388,4.769665956497192,2410000,-20.514969251394128
12.115970631603247,8.355032205581665,8.02248501777649,100,0.07422661781311035,2179.6002719402313,64.35630725922277,45.40571218992497,-1.1506038,3.091984272003174,0.024085999,241,0.2580537796020508,20.239395953899848,4.697748184204102,2420000,-14.261514807079045
10.706985928129484,8.418564319610596,8.090341567993164,100,0.07229208946228027,2188.035905122757,94.26023979195112,56.90707902699725,-0.6761804,3.118420362472534,0.008303519,242,0.2556321620941162,32.97922135421314,4.738708734512329,2430000,3.9390205783457723
11.291614904272052,8.417237281799316,8.068358182907104,100,0.06741619110107422,2196.468910932541,141.1690227165165,70.01349788001741,-0.14331165,3.124321222305298,0.013413606,243,0.28120994567871094,51.8118165823697,4.708559036254883,2440000,10.88935675317129
19.319994328211163,8.569047689437866,8.26057744026184,100,0.035131216049194336,2205.065428495407,182.573079453496,85.20211440213193,-0.010577032,3.131699800491333,-0.008774701,244,0.27309703826904297,67.30295512613364,4.8942413330078125,2450000,-79.28082113249644
38.026929101324974,8.466737747192383,8.148984670639038,100,0.07110047340393066,2213.5475220680237,165.5576774297185,87.42628957430618,-0.015549878,3.137925624847412,-0.009581506,245,0.24641728401184082,58.80126599969562,4.770889759063721,2460000,-89.21923635516471
56.69825117293617,8.474797248840332,8.176417350769043,100,0.04826855659484863,2222.0387675762177,115.72757691766533,89.93262815004053,-0.020420022,3.128265380859375,-0.005112433,246,0.24990200996398926,37.12063263258088,4.803583860397339,2470000,-95.86712968377408
60.92495319359455,8.377620935440063,8.07237982749939,100,0.04349946975708008,2230.432046890259,99.54885155931792,89.99616130242823,-0.018609498,3.1437106132507324,0.0210755,247,0.2615039348602295,29.699679538862306,4.696679592132568,2480000,-105.14524026735617
37.83033843990141,8.649834632873535,8.162211894989014,100,0.07413291931152344,2239.0982582569122,168.50152433398966,88.23469955816701,-0.04165049,3.1255815029144287,-0.0067517213,248,0.40944480895996094,60.66801200045852,4.800856590270996,2490000,-67.61685265562377
11.325239774080478,8.56236481666565,8.117039918899536,100,0.11452722549438477,2247.676132440567,184.2197333052528,83.52028771161939,-0.020843774,3.129718542098999,-0.012344263,249,0.33055710792541504,69.53269156155305,4.75300931930542,2500000,-14.963756809258118
14.758029980264363,8.380448579788208,8.079262971878052,100,0.03707695007324219,2256.072988510132,156.80006549821698,83.55500687629589,-0.069788836,3.1649904251098633,0.013296777,250,0.263852596282959,60.41398909567738,4.6781909465789795,2510000,16.872346218840065
13.116658629957897,8.37550950050354,8.05781602859497,100,0.048590898513793945,2264.4680960178375,158.50755090835253,80.45726870354159,-0.40626007,3.1374752521514893,-0.0078849,251,0.2688593864440918,60.54378677009601,4.685293197631836,2520000,-6.020393512644519
19.30583776455227,8.463912963867188,8.136067152023315,100,0.06649398803710938,2272.947529554367,171.29253850670128,78.92876514268501,0.024113376,3.1033387184143066,0.0013398064,252,0.261094331741333,62.30914763381836,4.749681234359741,2530000,-77.96122022005797
48.58687087925188,8.639379024505615,8.323878526687622,100,0.03847813606262207,2281.604912042618,107.48890866773193,77.9482662378236,-0.008213526,3.1749377250671387,-0.006908374,253,0.2767963409423828,32.56975283695839,4.9149322509765625,2540000,-101.0971801169153
54.79846969056594,8.452869892120361,8.122181177139282,100,0.06851530075073242,2290.074590444565,44.879580159578836,70.20180497735059,0.0013704102,3.1481950283050537,0.015003857,254,0.2619359493255615,5.660618771524817,4.741575002670288,2550000,-92.72101556943086
40.149395453596,8.399486541748047,8.095328092575073,100,0.047702789306640625,2298.4898262023926,127.71926877262305,71.58025114366494,-0.010736346,3.120776414871216,0.0014555908,255,0.2562241554260254,41.63426319786097,4.738977432250977,2560000,-84.6048266377737
13.576632204467558,8.409419775009155,8.098800659179688,100,0.04696321487426758,2306.9177145957947,164.41551137690388,71.06970496485081,-0.022252955,3.122191905975342,-0.006975696,256,0.263399600982666,58.96646266546599,4.73465633392334,2570000,-26.98162886228675
17.657531122377883,8.520533323287964,8.18790340423584,100,0.0736699104309082,2315.4553911685944,156.3948538876921,72.69216068646752,0.028817508,3.137319326400757,0.032557435,257,0.25871849060058594,56.3161998488261,4.803150653839111,2580000,-63.902579528611355
8.976543705156805,8.454171180725098,8.099775791168213,100,0.0975029468536377,2323.9246141910553,153.18602656317356,70.00721824294679,-0.010787964,3.119309186935425,0.0040049804,258,0.25667905807495117,56.23346373853987,4.731302499771118,2590000,29.984876531834068
9.138993818068865,8.432562589645386,8.08868670463562,100,0.08934187889099121,2332.3738820552826,160.03208523950207,70.27419094417542,0.007079515,3.111825466156006,0.027845312,259,0.25426626205444336,58.5320660983564,4.742029905319214,2600000,26.237672092461203
11.118375167274264,8.5302574634552,8.204162359237671,100,0.06721305847167969,2340.9267320632935,166.84937913735814,70.87293801682587,-0.0026827026,3.1530096530914307,0.00397738,260,0.2586050033569336,59.356824373157835,4.816009283065796,2610000,-20.330505694990052
32.27453678424399,8.506356954574585,8.172486782073975,100,0.06968879699707031,2349.450202703476,140.90549107208656,71.14531180222421,-0.04368225,3.1492292881011963,-0.022879858,261,0.26392149925231934,47.528995724447505,4.786823272705078,2620000,-77.27724024435493
27.090015427789787,8.726403713226318,8.382838010787964,100,0.0916585922241211,2358.191846847534,141.96064307607452,71.93291832409616,-0.019980561,3.1902964115142822,-0.0023470703,262,0.25165510177612305,47.93824889721775,4.955211639404297,2630000,-74.55348898066636
9.799236145294296,8.325755596160889,8.02166199684143,100,0.03391766548156738,2366.5331678390503,163.96760351017508,70.89166151947236,-0.032304406,3.126619338989258,-0.01654563,263,0.26995348930358887,58.98105439270775,4.658123016357422,2640000,-6.28129586362653
7.6950581204127495,8.363559007644653,8.055744647979736,100,0.036849260330200195,2374.9123573303223,155.1507085351148,69.09198700231603,-0.06401341,3.0937488079071045,0.010320007,264,0.2707333564758301,57.02048922936511,4.727822780609131,2650000,38.99607814028679
11.145869121152673,8.279439210891724,7.977919816970825,100,0.04836153984069824,2383.208956003189,143.15962049472074,69.36863720440834,-0.70202976,3.0904242992401123,-0.0053417115,265,0.252910852432251,52.88360117390497,4.654250860214233,2660000,20.363738089678172
10.504294555411134,8.1969633102417,7.9219887256622314,100,0.042463064193725586,2391.4236567020416,165.26539114587223,78.39553451329469,-3.2874281,3.128631353378296,-0.0043344176,266,0.23226261138916016,62.51766232058997,4.5578014850616455,2670000,19.295273914860562
14.05114294947632,8.314257144927979,8.044869899749756,100,0.07485842704772949,2399.7536697387695,165.95308163267975,88.60787635644697,-2.8475993,3.1869874000549316,0.010800104,267,0.1942582130432129,66.14467352153859,4.619253635406494,2680000,11.802271603225186
31.816304582799017,8.551551580429077,8.293948888778687,100,0.042572021484375,2408.3200414180756,-17.28776900301957,63.91287882548721,-1.6526574,3.287088632583618,0.019060552,268,0.21478629112243652,-3.262216653697347,4.756548643112183,2690000,-62.12215890978984
14.008172217175845,8.51473069190979,8.259301662445068,100,0.04825425148010254,2416.8482534885406,-213.1858152770207,-25.490728606330563,-0.45952392,3.2333295345306396,0.0007193359,269,0.19670915603637695,-80.973694429275,4.7752087116241455,2700000,-108.26998615830428
24.667881962264108,8.508339881896973,8.261244535446167,100,0.041684865951538086,2425.3704476356506,-224.47243867313654,-11.989443129272948,-0.7779076,3.2174901962280273,-0.00494706,270,0.20516419410705566,-84.1438637162279,4.792490720748901,2710000,-116.88465095392776
43.57212950469586,8.592055320739746,8.340107440948486,100,0.04203176498413086,2433.975615978241,-265.57501629584283,62.452938699858514,-0.36737433,3.298616886138916,0.00043353272,271,0.20969080924987793,-100.19362443923188,4.789254188537598,2720000,-164.09763116677377
32.97732849897783,8.730547428131104,8.459655046463013,100,0.07660603523254395,2442.719212293625,-211.73008930065598,66.61743200907868,-0.1657092,3.4086225032806396,-0.010978515,272,0.19405603408813477,-74.72079014226706,4.797849655151367,2730000,-157.6139377561923
31.511117049698044,8.723871946334839,8.456952810287476,100,0.040053606033325195,2451.4561393260956,-210.98449173495,58.850373229279214,-0.12845142,3.40578031539917,0.013906983,273,0.22663307189941406,-75.64897050876392,4.800992012023926,2740000,-127.04654760708577
29.405779866169308,8.774456977844238,8.512469291687012,100,0.042969465255737305,2460.2451508045197,-209.83936667565294,34.78211736333526,-0.1599037,3.4322094917297363,-0.0017721092,274,0.21880054473876953,-75.1853145820774,4.830199241638184,2750000,-119.0528320588243
38.03543213861761,8.731628656387329,8.472922563552856,100,0.050850868225097656,2468.9898591041565,-180.78822109662607,53.11124144838044,-0.2967942,3.4219329357147217,-0.0030263183,275,0.20734286308288574,-63.58841970542124,4.799509525299072,2760000,-112.298161784509
31.620844583332932,8.665167570114136,8.404008865356445,100,0.04371213912963867,2477.667893886566,-62.35298820338974,73.81041507017946,-0.4259664,3.3737540245056152,0.012254614,276,0.21711301803588867,-15.84939508728743,4.780492305755615,2770000,-102.88756085141979
20.79718545962157,8.756758213043213,8.500777244567871,100,0.04267621040344238,2486.4378097057343,-19.743044389148267,80.35944826324432,-0.8384546,3.4222052097320557,0.0068416335,277,0.21293878555297852,-0.3016295281802052,4.829801797866821,2780000,-52.72596799980193
16.143108550185808,8.697969198226929,8.448696851730347,100,0.03749799728393555,2495.153737306595,-86.96718205325443,40.661854351360816,-1.15326,3.4091577529907227,-0.0074798707,278,0.21156764030456543,-30.67925776020485,4.790338754653931,2790000,-68.82535898072092
28.76429927022492,8.61178469657898,8.36524748802185,100,0.04305219650268555,2503.7783286571503,-20.30471745767083,22.51180484715793,-0.20990576,3.3612890243530273,0.011550745,279,0.2032463550567627,-11.361981341846342,4.7445290088653564,2800000,-81.32941187516576
20.6882327407757,8.65569543838501,8.384657382965088,100,0.04224205017089844,2512.4469261169434,49.066430659917394,34.69727884167845,-0.048217364,3.330340623855591,0.005689952,280,0.22853755950927734,3.3551440723358543,4.799731731414795,2810000,-76.67384330455585
21.3476553571322,8.557233333587646,8.301082134246826,100,0.042028188705444336,2521.0168781280518,62.49686761402037,21.45839947776392,-0.12656505,3.267728805541992,-0.0022938293,281,0.2138981819152832,4.022654041354662,4.781331300735474,2820000,-70.86067753612618
18.175932013820216,8.546761989593506,8.280332088470459,100,0.04562020301818848,2529.5769834518433,72.641035054044,18.42071774177669,-0.06967462,3.2483904361724854,-0.006213733,282,0.2205960750579834,7.521882846899071,4.780856132507324,2830000,-87.02869813202858
6.482097471163824,8.53292965888977,8.262428283691406,100,0.043288469314575195,2538.123875141144,87.67260985987474,22.238585359712403,-0.119073085,3.252272129058838,-0.016966015,283,0.22698140144348145,13.758493087621462,4.756528854370117,2840000,-33.110722252577716
7.1169395552556365,8.563945770263672,8.305551052093506,100,0.04216957092285156,2546.7006986141205,89.83409472309475,23.927780214176703,-0.3837258,3.253814220428467,-0.0158125,284,0.21599698066711426,14.50152147062817,4.7994325160980225,2850000,-41.89429817821989
8.213809941514752,8.629794836044312,8.365674495697021,100,0.03994488716125488,2555.3438634872437,85.65506025692788,24.878356610551933,-0.3499802,3.269796133041382,-0.025615979,285,0.22396373748779297,13.516415702289049,4.8367297649383545,2860000,-25.058644649738866
7.019111907553513,8.548229455947876,8.271527528762817,100,0.050013065338134766,2563.9069361686707,93.40717021177106,28.79154958927348,-0.20989355,3.2249999046325684,-0.011009315,286,0.2264702320098877,15.3721713770624,4.790253162384033,2870000,-41.26387709121904
3.923184383574755,8.515756130218506,8.242759227752686,100,0.07581305503845215,2572.435611963272,91.93757490403812,23.545779425510023,-0.13472052,3.208221435546875,-0.0058063692,287,0.19322824478149414,14.562868936072933,4.786233901977539,2880000,2.562072587774912
3.432004240111993,8.657004117965698,8.257765293121338,100,0.09458208084106445,2581.106110572815,91.24364974982237,20.939932592684393,-0.11748583,3.2439892292022705,0.0028893554,288,0.30428028106689453,14.275846552943117,4.763002634048462,2890000,1.6666853765593874
3.316340957745465,8.411600589752197,8.164617538452148,100,0.03874063491821289,2589.5308890342712,91.41994921993397,21.948977306439744,-0.13243057,3.210801124572754,0.0002616638,289,0.2080247402191162,14.22030658769856,4.704846620559692,2900000,5.044439474957913
2.8720971372067727,8.49626350402832,8.23630976676941,100,0.06186318397521973,2598.040301322937,91.6483651412539,20.72028023836355,-0.1662467,3.2370738983154297,-0.02053606,290,0.1978917121887207,14.323407095217345,4.750348091125488,2910000,7.49183328014938
2.4083672246918106,8.540530681610107,8.273555040359497,100,0.03877711296081543,2606.593590736389,92.34920726408622,18.66072972560025,-0.22795427,3.228102207183838,0.02635788,291,0.2279505729675293,14.588847079801658,4.7942986488342285,2920000,6.6487358044723575
2.9189507884134387,8.43682074546814,8.182624578475952,100,0.04180479049682617,2615.044110059738,92.77768591420543,21.970627280496107,-0.4360578,3.1959128379821777,0.014234051,292,0.21216464042663574,14.698746693962722,4.7401556968688965,2930000,5.8711954969281654
1.9842683201419058,8.49601125717163,8.232511043548584,100,0.0407867431640625,2623.5528161525726,94.78972810546273,19.75678963190983,-1.3416715,3.2163281440734863,-0.003661963,293,0.2225019931793213,15.555413434634682,4.770220756530762,2940000,9.415056806026588
2.7544803679682306,8.577950954437256,8.320093870162964,100,0.045560359954833984,2632.145927429199,96.84077795463156,28.035020276986305,-0.32067403,3.2602436542510986,0.0056740968,294,0.21204805374145508,16.46033360349883,4.808799743652344,2950000,8.671103811758094
2.2485964309769484,8.593750476837158,8.303535223007202,100,0.08907485008239746,2640.7524058818817,94.23064022795988,20.232194897126586,-0.075123146,3.2542476654052734,0.00295354,295,0.19975590705871582,15.66226425168591,4.8019022941589355,2960000,8.928906876230688
2.0812820726798904,8.552578210830688,8.3103928565979,100,0.03891396522521973,2649.3194720745087,94.93953314707092,20.571769741795723,-0.043988258,3.2832069396972656,-0.007109967,296,0.20306682586669922,16.11818529757525,4.778424263000488,2970000,5.343155435431471
1.9376378609457374,8.579065561294556,8.304947137832642,100,0.07201623916625977,2657.9115073680878,95.79759215082353,20.63495238924,-0.027781127,3.2461607456207275,0.0070162597,297,0.2018449306488037,16.19575259417004,4.808539152145386,2980000,8.427212469655595
2.213487505185785,8.578243970870972,8.303557634353638,100,0.07634401321411133,2666.502885580063,95.14913475972833,21.331125577527562,-0.030778956,3.263171434402466,-0.007994238,298,0.19810986518859863,15.947807561421344,4.788970470428467,2990000,9.898590901049188
2.124097080629807,9.209806442260742,8.94649600982666,100,0.0510563850402832,2675.7260015010834,95.92890170053886,20.737911314627915,-0.03050332,3.4745235443115234,-0.0064991945,299,0.21201229095458984,16.1494522384239,5.204363584518433,3000000,10.138924513165756
