n_timesteps,Itr,ItrTime,train-PolicyExecTime,train-AverageDiscountedReturn,LossAfter,train-StdReturn,train-MinReturn,train-NumTrajs,train-MaxReturn,Time-Optimization,train-AverageReturn,Time,LossBefore,Time-Sampling,Time-SampleProc,train-EnvExecTime
10000,0,157.31730675697327,137.6631305217743,-1.79418546583481,-2.1908054,3.3133135022095246,-10.017496088518927,100,6.842124122935877,13.865986108779907,-1.2395859928573065,157.3173131942749,0.0036670654,143.41468977928162,0.02864980697631836,4.721104145050049
20000,1,139.72645211219788,127.36151695251465,-3.246850741523108,-1.7501123,2.7021119317599345,-9.173004485390521,100,3.7124539262293386,7.303530931472778,-2.965919683701094,297.20580887794495,-0.0025310547,132.3823471069336,0.03934001922607422,4.490061521530151
30000,2,135.20584297180176,126.84491848945618,-3.8753456594376714,-1.8277304,2.1733422669769125,-7.748780741416891,100,1.8176633986044188,3.9771792888641357,-3.0970751303918314,432.4446978569031,0.012269324,131.20542788505554,0.021591901779174805,3.9094479084014893
40000,3,137.17368984222412,129.62324118614197,-1.7717717587726898,-1.0977682,2.2619219230601924,-8.201077929432545,100,3.402594169716889,3.2112772464752197,-1.972499086836719,569.6397478580475,0.00026421508,133.9414141178131,0.0195770263671875,3.8676576614379883
50000,4,133.91614818572998,126.66896605491638,3.329782210282103,0.0073677977,2.3997476578113917,-4.9004862131584925,100,11.79712418511516,3.1435747146606445,1.7822221252855066,703.577409029007,0.003160852,130.74441695213318,0.02638077735900879,3.630183696746826
60000,5,128.3541717529297,120.44358825683594,19.12878434350354,-0.2591696,5.120264294126004,0.5485329044201614,100,23.243956770384695,3.928309679031372,10.357354090107194,831.9515850543976,0.014730876,124.40546464920044,0.01997065544128418,3.526571273803711
70000,6,128.2981128692627,120.09917688369751,22.542454833066003,-0.46453622,4.943798737621248,-2.6894727360704143,100,22.24181199719122,4.225190877914429,12.61096969780999,960.2704441547394,-0.011094727,124.05330514907837,0.0183260440826416,3.543581962585449
80000,7,132.1792860031128,123.96951293945312,26.85440910417373,-0.9225641,5.029475768817344,2.016739675807529,100,24.921358786076123,4.0350940227508545,14.714516417335615,1092.4895889759064,-0.010072644,128.1161379814148,0.021580219268798828,3.719379425048828
90000,8,132.50515460968018,125.56437253952026,31.34292728827644,-2.331361,2.9403418317645524,7.433944029576734,100,23.17018342691211,2.7520036697387695,16.757447675565686,1225.0354788303375,0.0049911803,129.72356820106506,0.028175830841064453,3.719240665435791
100000,9,129.179096698761,122.37805819511414,25.672998397491465,-6.237624,1.902440358208104,10.306676377604564,100,19.68820180659719,2.820781946182251,14.87262200102648,1354.2373778820038,0.012487207,126.33705496788025,0.020596027374267578,3.540410280227661
110000,10,126.3298270702362,119.65644025802612,29.240755237754016,-10.876703,2.154080013475998,11.675507779275925,100,23.02866965763548,2.709627866744995,15.780084571922188,1480.5830800533295,-0.00012533569,123.60005021095276,0.019594907760620117,3.534959554672241
120000,11,128.45200490951538,121.778963804245,39.56120621113021,-23.918766,2.8470323624371083,9.054037666642673,100,23.390595398809232,2.723219871520996,19.321709549965593,1609.0566620826721,-0.0022230102,125.6922812461853,0.03075695037841797,3.5060248374938965
130000,12,113.85613584518433,107.67166233062744,22.914949121452047,-35.52748,3.668904331475162,3.7781111738204682,100,17.553929738384372,2.081174850463867,10.70402122744855,1722.9333720207214,0.0024591186,111.75227403640747,0.020316123962402344,3.650766611099243
140000,13,94.83849692344666,88.39860844612122,-5.5698510110061035,-16.735043,2.3163309256429936,-10.086525922867995,100,1.7689460283289247,2.3553402423858643,-4.621127173255088,1817.793704032898,0.009298279,92.46339297294617,0.018233060836791992,3.631527900695801
150000,14,93.80657386779785,87.13472366333008,3.3043357763354297,0.8303496,5.300533319056619,-8.178064164889179,100,13.796797648414076,2.6470279693603516,1.839544375755718,1911.6211960315704,-0.00863761,91.13636779785156,0.020678997039794922,3.580781936645508
160000,15,92.65089201927185,86.42672777175903,3.969230459813786,0.083495766,5.730218858315333,-7.0440470345421735,100,15.975920628298478,2.151073694229126,2.119088312875902,2004.2927119731903,-0.001325711,90.4801778793335,0.018166780471801758,3.6267971992492676
170000,16,96.82289218902588,90.59706807136536,5.297008181718311,-0.03299375,5.680981844637779,-7.805343634631169,100,15.977767879252687,2.1631457805633545,3.0813422588860453,2101.1375918388367,0.004110107,94.63961696624756,0.01878499984741211,3.6214542388916016
180000,17,93.02477693557739,86.68795490264893,5.439781989365588,-0.11418194,5.524949108315152,-8.92391486765389,100,16.60575036631021,2.346005916595459,3.1365519554471604,2194.182755947113,-0.0006293762,90.65587615966797,0.019833087921142578,3.541731595993042
190000,18,97.20800614356995,90.91214942932129,7.649324969061791,-0.24992493,5.969437730810216,-6.719548914036797,100,17.619566136537152,2.238992214202881,4.029703403726822,2291.4121491909027,-0.002969568,94.9492928981781,0.01832103729248047,3.6161322593688965
200000,19,93.61546492576599,87.10037565231323,9.789915542191855,-0.3858731,5.778374346311899,-5.063717066253713,100,17.619044683861336,2.5099923610687256,5.1987455883639715,2385.054046154022,-0.011796253,91.0832691192627,0.020800113677978516,3.5608227252960205
210000,20,93.13238191604614,86.84934401512146,14.880877286913915,-0.33259764,5.227391338422961,-6.858977937706753,100,19.531149310172175,2.26996111869812,8.10559486875332,2478.2079100608826,0.008716641,90.84251284599304,0.018545866012573242,3.5609569549560547
220000,21,94.25069499015808,88.13526034355164,17.49270887759041,-0.3197931,5.361290993745583,-0.3742063430482735,100,21.65072555234614,2.0477139949798584,9.565616670947064,2572.4804079532623,0.002474066,92.18098878860474,0.020598173141479492,3.6158218383789062
230000,22,92.26374387741089,85.96368980407715,19.389522719437725,-0.38104498,5.478777296881015,-12.804041839220899,100,21.08783674173104,2.345694065093994,10.773034264527611,2664.7653048038483,0.0038669433,89.8978328704834,0.019751787185668945,3.514937162399292
240000,23,93.67590379714966,87.37687253952026,20.36581022217814,-0.3070262,5.595537298469524,-4.291813165570828,100,20.686382951474844,2.078721046447754,11.18290303104999,2758.462700843811,-0.0084428955,91.4006621837616,0.19614100456237793,3.5954976081848145
250000,24,95.25698614120483,88.9898362159729,19.321146128261017,-0.67999923,6.976480930749624,-8.136144529000273,100,26.75490105311559,2.2258388996124268,10.96698724923508,2853.7445828914642,0.0020347228,93.00847887992859,0.021233797073364258,3.5935134887695312
260000,25,93.7500307559967,87.55991768836975,20.948636067353412,-1.5138906,7.076139758231415,-18.589146751055853,100,26.243549474834087,2.1302127838134766,11.892760135755056,2947.517398118973,-0.005634497,91.59984302520752,0.019565105438232422,3.6062967777252197
270000,26,95.42572212219238,88.93308091163635,14.6751153632636,-8.763847,9.124242297264756,-16.379377828546602,100,25.034311226329862,2.3578991889953613,8.605059471681564,3042.9632630348206,0.0074057737,93.04782795906067,0.018319129943847656,3.6923272609710693
280000,27,96.43431282043457,89.82888579368591,14.634055891311466,-25.144444,5.509909788579854,-1.0815390715580309,100,26.123166339121624,2.4419538974761963,10.61882441371954,3139.418070077896,-0.0064188354,93.97056221961975,0.019091129302978516,3.663846731185913
290000,28,102.6823627948761,96.09718990325928,8.072996062680357,-76.58085,5.816683627631668,-2.4133548781925853,100,34.042125493218585,2.211246967315674,10.652505729149427,3242.121376991272,0.0038666565,100.44836115837097,0.021361112594604492,3.91788387298584
300000,29,94.9261429309845,88.1334547996521,18.129807542018316,-12.953957,3.182744569438386,8.517082328023303,100,25.158841807417726,2.370689868927002,15.319365074259835,3337.0771920681,0.01387691,92.53228807449341,0.02043008804321289,3.968109369277954
310000,30,97.2220389842987,90.55093932151794,16.655541712499975,-1.157154,2.7372869878177335,6.828405731599503,100,20.669256556012353,2.2466049194335938,14.370858150338083,3434.3212339878082,0.0115259765,94.94383788108826,0.01901412010192871,3.9646143913269043
320000,31,93.08965516090393,86.60658192634583,16.869786316688984,-0.44968486,3.27353262842235,7.250327051149682,100,21.004678053536026,2.1073648929595947,14.402476064380783,3527.432489156723,-0.005364221,90.9611451625824,0.019479036331176758,3.935986280441284
330000,32,95.63581395149231,88.53669333457947,17.112203463819124,-0.24820581,3.041373415764192,7.507996304970859,100,22.634255459031785,2.6714670658111572,14.66090383716658,3623.0889580249786,0.010485209,92.94351387023926,0.019197940826416016,3.9709744453430176
340000,33,95.202152967453,87.73743534088135,18.12256274337171,-0.17610198,2.859928931586515,8.438354819463283,100,21.848033163686146,3.043950080871582,15.306596313643078,3718.310380220413,0.012238281,92.1374020576477,0.02037787437438965,3.970046281814575
350000,34,98.02842473983765,90.72693634033203,17.07166913858606,-0.123176515,2.9583109983784746,6.869436196634268,100,20.733857599400555,2.864598035812378,14.548159738626056,3816.356824874878,0.0011322617,95.1370496749878,0.025408029556274414,3.9870803356170654
360000,35,96.94662976264954,89.63796615600586,17.792505182639164,-0.07516226,3.2353069222907767,7.6249037861958975,100,27.84017559034046,2.733293056488037,15.006587842581359,3913.325721025467,0.00816037,94.18520903587341,0.0199739933013916,4.12217116355896
370000,36,99.50440692901611,91.89765739440918,17.175134117026047,-0.047631785,3.4607967685452485,5.741500559682849,100,23.432274463308573,2.9030940532684326,14.583830548312099,4012.8536360263824,0.01003403,96.57560229301453,0.025261878967285156,4.23725152015686
380000,37,97.19103479385376,90.5077497959137,17.08568207039713,-0.05348279,3.384299376550993,6.444812849767619,100,24.981090629012975,2.2749857902526855,14.587652011211153,4110.070626974106,-0.0065607284,94.894366979599,0.020546913146972656,3.964432954788208
390000,38,125.97724318504333,119.20225119590759,17.751320376133968,-0.033704214,3.4781950058933027,5.450499231513638,100,25.324962921245394,2.3578941822052,14.999006599373248,4236.069436073303,0.0006363983,123.59861421585083,0.019913911819458008,3.964938163757324
400000,39,94.6901183128357,88.03684711456299,17.14049885926732,-0.029217722,3.1872434232298166,7.550733413383597,100,21.35085912116317,2.2364957332611084,14.674409247603618,4330.788167953491,-0.0012084015,92.43197011947632,0.021209001541137695,3.9738998413085938
410000,40,94.84212303161621,88.2828369140625,17.01642577749547,-0.01195094,3.131094171448036,8.286785942409022,100,25.913977893073366,2.1051669120788574,14.577081062926196,4425.651471853256,0.00092006836,92.71669602394104,0.01993703842163086,4.0044333934783936
420000,41,96.89172506332397,90.27541160583496,17.27476408101008,-0.009415724,3.229669525002367,7.042790742532391,100,20.913799226943492,2.145292043685913,14.764592371590872,4522.566596031189,0.0033956696,94.7189838886261,0.026888132095336914,4.017600774765015
430000,42,95.52223181724548,89.05216884613037,17.05825047791455,0.0022849853,3.3284459805914235,7.845634153347736,100,22.377441393250063,2.0793616771698,14.560493916179942,4618.1102731227875,0.0094912965,93.42090129852295,0.021497011184692383,3.9414517879486084
440000,43,94.91325402259827,88.32590198516846,16.821108485596895,-0.013657276,3.082632320298067,8.50718577946989,100,20.769413483139203,2.1497750282287598,14.269191814826748,4713.04373216629,-0.0042586974,92.7441999912262,0.01885223388671875,3.991776466369629
450000,44,93.80949115753174,87.2269492149353,17.20523968048544,0.001293431,3.0525821966444893,6.905743436722582,100,20.946047846331094,2.2386229038238525,14.643335299769749,4806.873644828796,0.0065245284,91.55121684074402,0.019176006317138672,3.8964779376983643
460000,45,95.22500777244568,88.5047607421875,17.220666573814093,-0.0063000703,3.4741163424314565,6.586852030118403,100,25.7758030673575,2.3127667903900146,14.651952103032546,4902.1224999427795,0.002870703,92.89216709136963,0.01873612403869629,3.9630181789398193
470000,46,97.16854906082153,89.46583795547485,17.395354527114296,-0.0073561827,3.171009121442568,6.516956997992268,100,21.070575197997023,3.2761383056640625,14.809879555224295,4999.310534954071,-0.00010090332,93.83513593673706,0.056066036224365234,3.947319984436035
480000,47,95.14409017562866,88.43640661239624,17.228627483551296,-0.0022526428,3.0520894152745472,9.473476606464802,100,27.32119663458271,2.3726911544799805,14.77912331703765,5094.47588300705,0.0049381624,92.75098276138306,0.019054174423217773,3.8926217555999756
490000,48,95.94236493110657,89.45609378814697,16.7281531370633,0.007667009,3.055652846438534,6.915065278032906,100,22.09996470487396,2.1051437854766846,14.37612503502754,5190.438235044479,0.017623534,93.81648993492126,0.020290136337280273,3.9348719120025635
500000,49,95.61959481239319,88.9076795578003,17.658366428075063,0.00844278,2.801484626524984,8.569070380409581,100,22.03274468143659,2.3231401443481445,14.915827167240924,5286.0782680511475,0.015429322,93.27265310287476,0.02235102653503418,3.9376635551452637
510000,50,93.03862810134888,86.32982683181763,17.193523091662247,-0.003217099,3.299638272582175,8.213384058391336,100,27.614101983018877,2.3672850131988525,14.705975624076856,5379.14244890213,0.0017648346,90.64806127548218,0.021848201751708984,3.9000320434570312
520000,51,96.43425393104553,89.08047080039978,18.06747378721936,-0.023980508,3.204427387582301,8.244969249988978,100,21.64962709106174,2.9552221298217773,15.32245100699654,5475.5963139534,-0.016713465,93.45887398719788,0.018934965133666992,3.9585790634155273
530000,52,94.51831007003784,88.09314632415771,17.838430577432003,-0.0028951783,3.281135837731686,9.321859801642889,100,25.66821459788898,2.06911301612854,15.171838622428572,5570.135094165802,0.0052814637,92.42871594429016,0.018841028213500977,3.9152672290802
540000,53,97.2223289012909,90.2999496459961,16.303698313581553,-0.0007015747,2.8423334789842203,7.403482685970707,100,21.976559799677656,2.346187114715576,14.10103818737672,5667.3784120082855,0.00702462,94.85530018806458,0.019374847412109375,4.130050897598267
550000,54,95.79392099380493,89.18796825408936,18.76809322935756,-0.004915253,3.4565565786264054,7.292495238304585,100,32.40307624290063,2.1894829273223877,15.591371409651655,5763.192107200623,0.0035236694,93.58377599716187,0.01927924156188965,3.964674234390259
560000,55,95.38078999519348,88.75733828544617,17.342682486772144,-0.020884046,3.2616924268892182,7.756437952793308,100,22.97811724782513,2.205435037612915,14.776962421783887,5858.59469294548,-0.014741687,93.04633712768555,0.12699198722839355,3.870417594909668
570000,56,95.16994094848633,88.42424821853638,16.966027491144377,-0.006959265,2.804245840727271,7.004618671657891,100,22.35376555751337,2.2588939666748047,14.540098376666881,5953.7856640815735,0.00041026002,92.77187991142273,0.1352698802947998,3.91707181930542
580000,57,95.15535831451416,88.4086685180664,17.527086862318203,-0.0050807344,3.0759315007715284,5.902944566306494,100,21.391233745338692,2.382807970046997,14.8785795006121,6048.963413000107,-0.0011276413,92.74523377418518,0.020624160766601562,3.9103004932403564
590000,58,94.99224090576172,88.42648482322693,17.300049331897366,-0.014466922,3.280964268185855,7.381658191710407,100,22.809835402581804,2.137984037399292,14.838004734863942,6143.990741014481,-0.009552368,92.83343577384949,0.020108938217163086,3.9852468967437744
600000,59,97.05151295661926,90.37648320198059,17.42051872482985,-0.023794794,2.9129312511920564,8.107661702258875,100,21.037539780862645,2.2081241607666016,14.847410708976662,6241.062813043594,-0.018980375,94.82334494590759,0.01856374740600586,4.01066517829895
610000,60,94.67869997024536,88.12589597702026,18.496553621695497,-0.010142804,3.467727308434284,8.222311919549885,100,27.145087759708424,2.1579477787017822,15.450374348270522,6335.763401031494,-0.006046881,92.499351978302,0.019464969635009766,3.9418814182281494
620000,61,96.61968302726746,90.17768836021423,17.525774780218875,-0.00210315,3.510906190875271,5.799531266471585,100,28.186200609228845,2.0756278038024902,14.817633624934844,6432.405385971069,0.0029425751,94.52382278442383,0.01821112632751465,3.917293071746826
630000,62,93.45753598213196,86.80664277076721,17.471128041247137,0.0013296661,3.072034599110462,7.21918931701335,100,22.975696858519903,2.314438819885254,14.795635920883754,6525.883614063263,0.0076104095,91.12402391433716,0.0186769962310791,3.892037868499756
640000,63,95.70587611198425,89.04895639419556,17.778293087976362,0.012743457,3.3285693429824517,7.628831185092886,100,28.763203560850556,2.318082094192505,14.980575785189592,6621.609874010086,0.017357172,93.36828899383545,0.019095897674560547,3.8960957527160645
650000,64,96.9559850692749,90.30822229385376,18.492007709451883,-0.0012811219,3.1654693755615577,8.915018735363965,100,23.40697330550299,2.2235219478607178,15.490418860438192,6718.584462881088,0.005266562,94.71176815032959,0.019344091415405273,3.969351053237915
660000,65,99.03147506713867,92.41812682151794,17.65574480434326,-0.0121666,3.7983708463572086,8.16057511338372,100,30.68945908692898,2.1684951782226562,14.970173875034835,6817.639028072357,-0.004004924,96.83962178230286,0.02098989486694336,3.9746556282043457
670000,66,94.69513988494873,88.24170732498169,16.918028912837393,0.009891803,3.458501635048925,6.0095179091602855,100,22.836505133928195,2.070686101913452,14.38650672423641,6912.356442928314,0.0155545045,92.60037136077881,0.021341800689697266,3.937939167022705
680000,67,96.4803581237793,89.69392204284668,18.18074605381613,-0.014176062,3.7308994237336623,7.964176711173695,100,28.778325993076106,2.378931999206543,15.356328604694664,7008.858292102814,-0.008500775,94.08141303062439,0.018631935119628906,3.9636318683624268
690000,68,96.46483397483826,89.68785691261292,17.10964146318616,0.0075975754,3.2804628066746,7.239392115907536,100,21.473277988275537,2.402787923812866,14.597824776090219,7105.345145940781,0.010591876,94.04137897491455,0.01925802230834961,3.9310569763183594
700000,69,96.05324006080627,89.48766469955444,17.35651407156196,0.0016662476,3.8992610031153885,6.356734295346613,100,29.37688882385426,2.184335231781006,14.812946298097748,7201.419652938843,0.0083593875,93.84967803955078,0.018498659133911133,3.937465190887451
710000,70,103.60576319694519,96.60080409049988,17.923209407504423,-0.018280346,3.30479935670979,8.843969468426163,100,28.048632637899143,2.5160388946533203,15.105343357449685,7305.047108888626,-0.0064851134,101.06953883171082,0.018639087677001953,4.0346434116363525
720000,71,99.11806678771973,92.53260016441345,17.273239125619174,-0.016072953,3.2030036817168828,6.775907960850565,100,23.82080962894607,2.1543102264404297,14.704460190544872,7404.186012983322,-0.005553382,96.94325566291809,0.018960237503051758,3.9850919246673584
730000,72,96.59475779533386,89.64410996437073,18.151356171884437,-0.0066451845,3.468976107405068,8.056743462349155,100,29.894398777474894,2.58160400390625,15.333953916021876,7500.801774978638,0.01020896,93.99306511878967,0.019663095474243164,3.9290294647216797
740000,73,96.47828388214111,89.69721293449402,18.070567475097203,-0.014845023,3.891150202930695,7.064545123842614,100,29.38064755896517,2.3868939876556396,15.213825262627541,7597.299288988113,0.0034421172,94.06949806213379,0.019439220428466797,3.9353504180908203
750000,74,95.22999691963196,88.60688877105713,17.146133624188863,-0.023703856,3.0325416486851573,8.359625454425519,100,20.906988592338003,2.124011993408203,14.687097812738847,7692.548346042633,-0.007854059,93.08283400535583,0.018958091735839844,4.054828643798828
760000,75,93.84491395950317,87.19407916069031,16.925105309746446,-0.023934769,3.193536111087443,7.816128904696189,100,20.70874771469835,2.219712972640991,14.47564047505366,7786.416848897934,0.00042012634,91.60486602783203,0.019910812377929688,3.954266309738159
770000,76,94.73251509666443,88.14561986923218,17.344804800960674,-0.03077218,3.4810578432932826,6.762375731713025,100,27.11552526488138,2.1948399543762207,14.682263749474098,7881.169439077377,-0.00059914397,92.51724076271057,0.018984079360961914,3.9395902156829834
780000,77,95.35125780105591,88.8387143611908,18.087573432113103,-0.0406496,3.811941415848079,7.412915909952401,100,29.104176632165956,2.124572992324829,15.226609270694539,7976.542906045914,-0.014435077,93.20599317550659,0.018638134002685547,3.9426746368408203
790000,78,95.36933779716492,88.69568538665771,17.68847156296199,-0.033311736,3.185507516850948,8.89136371578393,100,27.859240028813513,2.3225600719451904,15.036981671487153,8071.933196783066,-0.00123349,93.0269341468811,0.019176006317138672,3.9112560749053955
800000,79,96.96905326843262,90.16165828704834,17.26993053700945,-0.033512536,3.270152473406682,7.308254327893477,100,21.088436666718213,2.3849899768829346,14.723004710920584,8168.9240210056305,0.0059182825,94.56067991256714,0.021726131439208984,3.9776792526245117
810000,80,96.2184488773346,89.72668528556824,18.04146655094191,-0.054666072,3.7660988264872732,6.0824476474560525,100,27.83325205279213,2.1096038818359375,15.193642951534068,8265.164109945297,0.0034332061,94.08514976501465,0.02305006980895996,3.9388206005096436
820000,81,94.73470497131348,88.07657766342163,18.220798878161887,-0.06411371,3.5955163387985043,6.475354823658609,100,29.73184788909293,2.2304279804229736,15.357545306957716,8359.919195890427,0.0029697968,92.48457217216492,0.01831793785095215,3.9818172454833984
830000,82,95.6875741481781,89.0391731262207,17.820974657220116,-0.099904895,3.4883004329892247,8.396853322500604,100,25.35707134574214,2.2060298919677734,14.912031440762297,8455.628746032715,0.008241723,93.4606511592865,0.01943802833557129,3.998136520385742
840000,83,99.34319186210632,91.89760136604309,17.364785054426513,-0.15753166,2.8528871675894205,9.279055266507747,100,21.550964897859423,3.0285181999206543,14.871506154067381,8554.994573831558,-0.0080562625,96.29389572143555,0.019294261932373047,3.9696593284606934
850000,84,94.95192289352417,88.2574245929718,17.24163135450121,-0.16875765,3.886359613997279,5.7623865655990425,100,26.392854641356212,2.2150228023529053,14.554051999857377,8649.964453935623,0.00432229,92.71634006500244,0.020169973373413086,4.037197589874268
860000,85,95.40514469146729,88.52970385551453,18.449029081413677,-0.22203076,3.3493260031219876,6.876373312954008,100,28.852081407705633,2.3625338077545166,15.487958679889685,8745.390263080597,-4.7036745e-05,93.02269077301025,0.018520832061767578,4.067197322845459
870000,86,96.0214409828186,88.72356986999512,16.936425494917778,-0.24273077,3.9326660733524874,5.700777744910259,100,30.634316454185967,2.818718194961548,14.399962600022556,8841.434257030487,0.017459381,93.17814230918884,0.023113012313842773,4.031806230545044
880000,87,94.83602404594421,88.24610614776611,17.39430349329053,-0.29876915,3.4226299196127865,7.672481966017041,100,27.117964594110276,2.201169967651367,14.736868002043964,8936.290190935135,0.00052780454,92.6132321357727,0.020998001098632812,3.9265053272247314
890000,88,94.5776879787445,87.75529909133911,19.06495957032181,-0.38824877,3.4816250068481596,8.698311230910022,100,26.53345376180429,2.1928160190582275,15.828049594467288,9030.888168096542,0.008991717,92.36404299736023,0.019150257110595703,3.9976449012756348
900000,89,95.46724700927734,88.8557391166687,17.21645432823918,-0.5202075,3.5135731965088004,5.735167906419881,100,22.01188635660223,2.1004011631011963,14.641364370840675,9126.37728381157,-0.0069301254,93.22402691841125,0.14111900329589844,3.9389655590057373
910000,90,93.31651997566223,86.73608350753784,18.01745921577415,-0.56714165,3.9568626155991646,5.984326835081647,100,29.594284311970636,2.228781223297119,15.275069174296597,9219.715813875198,0.0075330185,91.06781601905823,0.019269943237304688,3.9119021892547607
920000,91,96.68430805206299,90.0711898803711,17.449203525252848,-0.6740873,3.5245223712549323,3.545252151832956,100,30.23977982912634,2.207054853439331,14.808102742561879,9316.42087507248,0.010075043,94.45556902885437,0.0201261043548584,3.9554219245910645
930000,92,93.80487489700317,87.32297539710999,17.203769065581604,-0.7359869,4.027659006041887,7.515045704328126,100,31.28509857508708,2.0423691272735596,14.461679353284985,9410.248144865036,-0.007824588,91.74288392066956,0.01915907859802246,3.988496780395508
940000,93,97.69675421714783,90.91040587425232,19.851534176245018,-0.8153802,4.467295979492382,8.13907891258252,100,29.06927597385045,2.1908321380615234,16.04854051422099,9507.966217041016,-0.003570192,95.4850242137909,0.01955103874206543,4.1383397579193115
950000,94,119.96044588088989,111.88027334213257,19.909880869297623,-0.8643086,5.015946959008239,7.825595014574198,100,30.439828274974467,2.9228968620300293,16.08681383655817,9627.948210954666,0.0101667605,117.00476574897766,0.031514883041381836,4.665820121765137
960000,95,185.67177391052246,177.00426769256592,19.354541748735794,-0.8676463,5.072679381251456,5.790266472292106,100,31.285263837985422,3.1699719429016113,15.888602503727506,9813.650667190552,-0.008339593,182.46861600875854,0.030985116958618164,4.940295934677124
970000,96,116.51920890808105,108.87273955345154,18.556347029247874,-0.9787879,4.0193755951740044,7.654567406633447,100,29.230346339712703,2.8671302795410156,15.430367593751734,9930.207520008087,-0.011039954,113.62334895133972,0.027060985565185547,4.283433675765991
980000,97,108.97537207603455,101.82608938217163,19.20293387818056,-0.9918333,4.498537551921153,8.31036702678127,100,34.183779714943654,2.484571933746338,15.67038793751428,10039.212260007858,-0.018188845,106.46783304214478,0.021618127822875977,4.174118518829346
990000,98,100.00325989723206,93.03565764427185,20.152388582838952,-0.9948048,4.844491178217105,5.4393541930081515,100,30.602371796725315,2.3068740367889404,16.34242823863341,10139.237093925476,0.010046844,97.6722161769867,0.02228713035583496,4.182649850845337
1000000,99,97.03305792808533,90.2283022403717,21.04752015414155,-1.0416878,5.060777767509368,3.963192681059157,100,28.983765131722986,2.2013909816741943,16.7516311016367,10236.290945768356,-0.004382489,94.81075501441956,0.01952195167541504,4.132504224777222
1010000,100,99.77338981628418,92.85498356819153,20.204318679764572,-0.9785549,5.336939675865864,7.6952376093984,100,32.24937023525976,2.28115177154541,16.326068739466486,10336.08554816246,0.0061580325,97.4641661643982,0.02618885040283203,4.150268793106079
1020000,101,100.6410608291626,93.79266548156738,19.019928966444574,-0.96388143,4.607422549423434,6.845487086691823,100,30.27506968630617,2.274393081665039,15.545917292867417,10436.747756004333,-0.014979419,98.34299397468567,0.021184921264648438,4.100863218307495
1030000,102,132.44761300086975,123.41190028190613,19.984993592665532,-0.9169518,4.9029729549022365,8.083847604469035,100,30.371086835265306,3.7826709747314453,16.30721575230206,10569.217656850815,-0.0055737915,128.63427090644836,0.0292050838470459,4.707598447799683
1040000,103,133.4028000831604,125.00614309310913,21.55901427022863,-0.84825695,5.456200529418151,8.06937497554125,100,33.10528561475157,3.0437068939208984,17.030032773841246,10702.642194986343,-0.0005528198,130.32408928871155,0.03324007987976074,4.81915020942688
1050000,104,100.65185165405273,92.27111077308655,19.24998281496416,-0.7879373,4.964172596127229,6.790875628229304,100,31.74395001554341,2.658658027648926,15.759234598317512,10803.368086099625,0.019578284,97.96335577964783,0.02871561050415039,5.033121824264526
1060000,105,87.65293216705322,80.40967392921448,22.121673112425935,-0.79542804,5.472209851574233,8.66223987675812,100,32.43304990665315,2.259807825088501,17.432489875585105,10891.049834012985,0.011698993,85.36409616470337,0.027181148529052734,4.485517978668213
1070000,106,102.85405731201172,95.73501968383789,22.23297556655355,-0.77432275,5.492989941310996,2.103037018592615,100,31.155133356895103,2.257071018218994,17.64064584759422,10993.926442146301,-0.0037005981,100.57254385948181,0.019884824752807617,4.37862491607666
1080000,107,113.0599958896637,105.64611482620239,21.04179890045735,-0.6782861,5.830032191717375,7.101622968562047,100,33.0634352493418,2.323796272277832,16.731717184051405,11107.008003950119,-0.0014401245,110.70565032958984,0.02956414222717285,4.506261110305786
1090000,108,100.02284693717957,92.98017954826355,23.368047573936032,-0.6886813,6.18233105745428,6.742105820449747,100,32.135698236787576,2.274718999862671,18.015503885278505,11207.059823989868,-0.008634949,97.71950888633728,0.02697277069091797,4.278360366821289
1100000,109,98.26585602760315,91.01609253883362,22.436715578623318,-0.6131015,6.812795277040678,3.7822102009256566,100,30.08495048582779,2.5047409534454346,17.442633082008218,11305.352714061737,0.0020865356,95.74089503288269,0.019819021224975586,4.2682719230651855
1110000,110,98.4767439365387,91.29744815826416,22.445854841405236,-0.6018619,5.739951456331942,6.651793946484804,100,32.86633347166295,2.2104039192199707,17.566214480518504,11403.850426912308,0.00013120117,96.23482394218445,0.029702186584472656,4.476593732833862
1120000,111,96.67860317230225,89.67407202720642,21.90707089420973,-0.5136625,5.913262762478255,8.212087523061005,100,32.90938575210798,2.2481911182403564,17.260461330347358,11500.553180932999,0.019397248,94.40944910049438,0.019542932510375977,4.271232604980469
1130000,112,94.49465084075928,87.56485605239868,22.505973770599248,-0.5018318,6.08550407605221,7.827046322925449,100,32.5257552752156,2.158337116241455,17.626257065320612,11595.08318400383,-0.0146237975,92.30669689178467,0.02751898765563965,4.250607967376709
1140000,113,90.82918190956116,83.93496894836426,23.17422129583538,-0.48726904,6.844650103820677,7.322183821383152,100,34.68317140642144,2.0834150314331055,17.862508873175205,11685.935792922974,-0.0138864685,88.72021770477295,0.023237228393554688,4.334156513214111
1150000,114,94.04001688957214,86.37443351745605,22.634977754967476,-0.4395846,6.566250951843416,7.456219912289958,100,32.04963318466568,2.888584852218628,17.592309586215055,11779.997047185898,0.0031761506,91.11919212341309,0.029712915420532227,4.273027658462524
1160000,115,92.0992910861969,85.08078145980835,23.447051977967124,-0.4180831,6.357309958652721,8.02311707972211,100,32.565005626549905,2.2407867908477783,18.247552009682067,11872.121749162674,-0.0030177857,89.83337497711182,0.023547887802124023,4.287858963012695
1170000,116,88.72381496429443,81.89383006095886,23.501090242779913,-0.42110938,6.41168465080275,6.592202834988718,100,32.86200810649804,2.084780216217041,18.181860936880856,11960.867536067963,-0.01140686,86.61334085464478,0.024190902709960938,4.263072490692139
1180000,117,87.43838596343994,80.56368327140808,21.768813347451452,-0.37232322,5.16058742744999,8.241173341614909,100,30.148054649025205,2.041206121444702,17.26873529994497,12048.326550006866,0.005792195,85.37497091293335,0.020296096801757812,4.342669248580933
1190000,118,85.77154922485352,78.90817403793335,23.057840691211226,-0.36326635,6.082031376298958,3.393095006775806,100,30.778765453311063,2.027822971343994,17.922771929030436,12134.119473934174,-0.0017553192,83.71447706222534,0.02772808074951172,4.342942953109741
1200000,119,89.2686619758606,82.21640920639038,21.538463777045123,-0.29956353,6.374469019368894,4.885014316841684,100,34.8439727709803,2.254633903503418,16.88633904587437,12223.409233093262,0.0062936586,86.98390007019043,0.024157047271728516,4.30641770362854
1210000,120,88.49539995193481,81.56311225891113,22.344181583145055,-0.26788658,6.11550984952888,7.706081706541299,100,30.729113666844274,2.1064951419830322,17.70992675691797,12311.930286884308,0.009246546,86.36742806434631,0.02105116844177246,4.325848340988159
1220000,121,89.04047703742981,82.14099907875061,22.351931790172067,-0.28581744,5.852274056681472,7.405164070964171,100,32.18771990303872,2.119018077850342,17.559553590717915,12400.991896867752,-0.0046089236,86.90047693252563,0.019130229949951172,4.300581455230713
1230000,122,95.79517412185669,88.75166153907776,24.813771374031827,-0.30455598,6.536489717259744,8.40947955867312,100,32.50979180452686,2.226102590560913,19.111177147780428,12496.812604904175,-0.012135181,93.53716087341309,0.02969193458557129,4.319263935089111
1240000,123,100.44889903068542,93.325270652771,23.02167263353439,-0.2924238,5.8766818571184,7.838982962150865,100,30.706089718316562,2.169260025024414,18.037167429351985,12597.282171010971,-0.0042272704,98.255619764328,0.022311925888061523,4.447799444198608
1250000,124,101.13189315795898,93.89446187019348,24.60029351887129,-0.28667608,6.345190006970367,9.106357083647795,100,31.874471090707946,2.191192150115967,18.735073678802372,12698.435510158539,-0.015817368,98.91497707366943,0.024980783462524414,4.550370454788208
1260000,125,105.65627193450928,98.50663185119629,23.495746935288157,-0.28978154,6.479254499976386,7.0751811866211485,100,32.95830658084475,2.2756128311157227,18.202137374584986,12804.13319683075,-0.0151380375,103.35933494567871,0.02052474021911621,4.37078332901001
1270000,126,122.05465698242188,114.47221183776855,22.35946298195763,-0.26517433,6.569590045317183,3.9066186515588406,100,31.45634261608634,2.557551860809326,17.520744150002244,12926.208821058273,-0.0025977904,119.47122287750244,0.02409219741821289,4.515430927276611
1280000,127,120.37865710258484,112.68006706237793,24.48802339242539,-0.25045177,5.904700025882132,9.513290733298925,100,31.39739438237859,2.7006289958953857,18.769868600716578,13046.610103845596,0.008057647,117.652334690094,0.024768829345703125,4.487063407897949
1290000,128,114.06083464622498,106.09189224243164,24.854387304337596,-0.22794953,6.26253592170169,7.554191266814406,100,31.98855794257458,3.0598862171173096,18.922514716958364,13160.691244125366,0.011557637,110.97913098335266,0.020014047622680664,4.405179500579834
1300000,129,111.67468810081482,103.54280281066895,22.718645905244806,-0.27434573,6.3421881338421855,6.3333135883893,100,32.686216105707125,3.409849166870117,17.644210814203742,13272.387442111969,-0.0074449526,108.24114799499512,0.022949934005737305,4.259848594665527
1310000,130,101.98017191886902,94.50395178794861,25.45519991361174,-0.2544031,7.010911715609697,5.998536414905689,100,31.712104660814568,2.942507028579712,19.222505304092643,13374.414510965347,-0.014155481,99.00012588500977,0.03643488883972168,4.038742780685425
1320000,131,104.36496877670288,96.50591540336609,25.64389591847362,-0.28434524,6.163193746091627,7.6539445725588475,100,33.584909240287885,3.276949882507324,19.34184241711809,13478.80070900917,-0.005873181,101.06142592430115,0.024911880493164062,4.118661403656006
1330000,132,107.93468999862671,99.64858365058899,25.609631094372148,-0.2763354,6.522691112936963,8.90588890301569,100,35.587734392073926,3.6150782108306885,19.229234097276436,13586.754260063171,0.0056897094,104.29629707336426,0.02110004425048828,4.193220853805542
1340000,133,104.89292073249817,96.32941341400146,24.61110865490194,-0.27392447,6.511371503033807,7.885613154105743,100,31.89469201170663,3.9103610515594482,18.862767279409447,13691.66899394989,-0.00951626,100.91016912460327,0.07185196876525879,4.144076347351074
1350000,134,105.64199090003967,97.90122675895691,23.739192429198653,-0.24400522,6.00652734247342,8.009597803144674,100,32.524792087373015,3.172513008117676,18.381773353797968,13797.333839893341,0.021330401,102.4463951587677,0.021671056747436523,4.113987445831299
1360000,135,105.90856599807739,97.62874841690063,25.873822877420416,-0.2539868,6.453123455819088,6.4263642075845,100,31.762323635204243,3.5456788539886475,19.55671139599242,13903.263365030289,-0.0034268158,102.32314920425415,0.038381099700927734,4.263209819793701
1370000,136,116.06864190101624,107.76284599304199,23.13423332763241,-0.24795522,6.117332776021658,7.311614418764001,100,31.45488357594758,3.6262271404266357,17.88583511129557,14019.350946903229,0.0033842605,112.41960716247559,0.02138996124267578,4.215651035308838
1380000,137,114.40713286399841,107.184166431427,24.217142323525977,-0.23915544,6.452979408108857,8.174149680608464,100,31.386770615062726,2.5536651611328125,18.561535821840792,14133.777946949005,0.0021573913,111.83352208137512,0.019551992416381836,4.1607749462127686
1390000,138,111.505784034729,104.3105959892273,24.7132544587429,-0.2504579,6.246086152993048,7.576482989010332,100,30.455053424629543,2.582096815109253,18.772399470146528,14245.304233074188,0.014136878,108.89874196052551,0.021770954132080078,4.1459057331085205
1400000,139,108.58385992050171,101.68440461158752,24.576965213586362,-0.26778552,6.499611384370734,8.673981423615457,100,32.09916820920689,2.272608757019043,18.683706639803752,14353.9100420475,-0.00010966797,106.29084897041321,0.019937753677368164,4.1706061363220215
1410000,140,107.37862491607666,100.31598353385925,24.870947905186444,-0.27897486,6.543202371918826,7.398670032836,100,33.029390804046315,2.5567171573638916,19.024926310940938,14461.309472084045,0.013321655,104.8003261089325,0.020933866500854492,4.042265892028809
1420000,141,108.31442189216614,101.34063076972961,23.69858373165227,-0.30095923,6.153621907000033,8.223500388693955,100,34.3177366833412,2.4511818885803223,18.272196766662734,14569.644300937653,0.0008322998,105.84136581420898,0.0205080509185791,4.0368475914001465
1430000,142,182.1591968536377,172.8933868408203,24.73244171079957,-0.3075733,6.566935274042452,8.586118099371344,100,32.7902050991624,3.6308348178863525,18.720063269979885,14751.82598900795,0.0056566373,178.43479585647583,0.09215998649597168,5.0203564167022705
1440000,143,169.05172681808472,159.54500150680542,23.790604161343325,-0.30742037,6.399060037803178,7.841471250996504,100,31.126345885628318,3.8755571842193604,18.289068853089354,14920.901268959045,-0.011762127,165.1281979084015,0.04713606834411621,5.019316673278809
1450000,144,130.21481823921204,122.10662508010864,26.208070470651652,-0.3406752,6.737512005965511,8.838236013740135,100,32.976626627609136,2.974984884262085,19.69650289171242,15051.14930486679,-0.0020780242,127.21086072921753,0.028489112854003906,4.617832660675049
1460000,145,124.4835479259491,116.87327122688293,23.706276790759084,-0.3470401,7.251532162630852,6.990168832555885,100,33.53545092171836,2.792271137237549,18.364512500876447,15175.655062198639,0.0009479309,121.66683006286621,0.02363109588623047,4.326336145401001
1470000,146,122.4228048324585,114.34174966812134,23.27489269639561,-0.31124723,6.889313238893784,5.505840767666411,100,34.42425869046172,3.273236036300659,18.038121965610614,15298.09876203537,0.02479568,119.12811422348022,0.021044254302978516,4.317776441574097
1480000,147,121.23632216453552,112.77369618415833,25.645207814617343,-0.35666785,6.464531462051483,9.155272578205606,100,32.508918786550375,3.6814799308776855,19.414622645856863,15419.353811979294,0.017306373,117.49385190010071,0.05956101417541504,4.250107288360596
1490000,148,113.76123690605164,106.18461298942566,25.961723859184097,-0.3893516,6.597717838367323,8.086877280978952,100,32.07538919739717,2.940563201904297,19.599468095602198,15533.136682987213,-0.0029036743,110.79934000968933,0.019819974899291992,4.170486688613892
1500000,149,110.85137915611267,102.614741563797,24.812412544946213,-0.4088126,6.458516389099586,8.516084270267092,100,33.9980386574524,3.7763729095458984,18.931395712559432,15644.010653972626,-0.0016650344,107.05405521392822,0.020346879959106445,4.004385709762573
1510000,150,111.18948078155518,104.40622472763062,25.58738155036571,-0.41601962,6.572607650167119,7.6084594095342135,100,32.51977571879179,2.2925100326538086,19.387751784811773,15755.220672130585,0.004335571,108.87682938575745,0.018656015396118164,4.035659313201904
1520000,151,111.85318684577942,104.83590173721313,24.62350099815045,-0.39930248,6.827923297039652,6.289714736603076,100,30.85037664237619,2.5200021266937256,18.64938214486885,15867.095675945282,0.016950091,109.27802228927612,0.05476689338684082,4.009479761123657
1530000,152,111.69611096382141,103.5402672290802,25.987881991004382,-0.35025007,6.876282536679989,7.617969128354497,100,31.858572421836644,3.7110977172851562,19.568995665825113,15978.812175035477,0.0073012575,107.96441102027893,0.019112825393676758,3.992861747741699
1540000,153,112.78334212303162,105.12519431114197,23.963908983341017,-0.4420372,6.377289988955229,6.973961082340572,100,32.31476928642771,3.121476888656616,18.559528334008764,16091.622146844864,0.014355664,109.64256310462952,0.017824888229370117,4.0876524448394775
1550000,154,108.32370185852051,101.27033686637878,25.064126083192686,-0.48048192,6.669184979945135,9.157281668776172,100,33.83061898784244,2.574326992034912,19.075250026762347,16199.967340946198,0.0008331787,105.72044491767883,0.02786707878112793,4.021809816360474
1560000,155,106.74127912521362,99.9023048877716,24.53560156770521,-0.5521924,6.45574561348626,8.388904721904563,100,33.97684785878027,2.340190887451172,18.728142711418545,16306.72675204277,-0.02006779,104.3783769607544,0.022268295288085938,4.041634559631348
1570000,156,108.63619303703308,101.82442855834961,26.070591640189118,-0.5551883,6.698942623216036,8.493643512276197,100,31.34770895989366,2.2627410888671875,19.384718790728087,16415.382344961166,-0.002829303,106.35348892211914,0.018646955490112305,4.086436748504639
1580000,157,106.19003009796143,99.45742726325989,25.11671009113908,-0.58378965,6.1271422531607636,7.524998014307249,100,31.674379677888748,2.241610050201416,19.185186357468506,16521.594769001007,0.008313134,103.92754006385803,0.020256996154785156,4.037475109100342
1590000,158,103.02245807647705,96.13019299507141,26.06464421621947,-0.62229526,6.204877311414287,9.411666328647833,100,31.371402116152385,2.4027373790740967,19.65210666911522,16624.643435001373,-0.002702063,100.59487271308899,0.02444911003112793,4.027344703674316
1600000,159,103.37801313400269,96.508873462677,24.035024113651456,-0.656038,6.934630744744367,6.463645333585536,100,35.80336616862543,2.379878282546997,18.37884712064512,16728.04331612587,-0.011767664,100.97555494308472,0.02105998992919922,4.0299904346466064
1610000,160,100.75096607208252,94.00135898590088,25.919514191915606,-0.7273185,7.0086724048714135,7.8119226182955215,100,33.584673858468285,2.211074113845825,19.317779604446073,16828.817079782486,0.007119708,98.45148801803589,0.08534884452819824,4.022129535675049
1620000,161,102.312579870224,95.54133605957031,26.74019492152656,-0.76699615,6.626576164528008,7.256446618615942,100,31.78571758755864,2.2503960132598877,19.962558751647645,16931.15769982338,0.015218543,100.04072999954224,0.019041061401367188,4.057870864868164
1630000,162,98.60203886032104,91.88511633872986,26.179030998314364,-0.81724054,6.994833502950358,7.2574918397710615,100,32.69869237490942,2.2338290214538574,19.43531004807396,17029.785847187042,0.0019045044,96.35210680961609,0.015720129013061523,4.037944793701172
1640000,163,98.7786591053009,91.99546384811401,26.580377854000616,-0.85395783,6.5520829355499,4.4287221628923445,100,32.247190894124195,2.2020509243011475,19.908993116330052,17128.585531949997,0.006210693,96.555428981781,0.020786762237548828,4.1247148513793945
1650000,164,101.70104885101318,94.6437873840332,24.828496054859933,-0.85079443,6.312939852401915,7.412967883219393,100,32.237326772283836,2.559849977493286,18.680647528611015,17230.307808160782,0.0016663086,99.12082719802856,0.018037080764770508,4.017179489135742
1660000,165,104.06867480278015,97.3567624092102,26.419413180440337,-0.97007287,6.00364359086956,7.225908186646843,100,31.39879831127024,2.240612268447876,19.77079445226309,17334.3975481987,-0.0028253144,101.80651807785034,0.01997685432434082,4.006314516067505
1670000,166,107.28163409233093,100.36554765701294,25.39693272881977,-0.9845501,6.518338916017067,7.269950654834833,100,31.152850409235295,2.404932975769043,19.23130933931059,17441.70135498047,-0.0038676178,104.85632729530334,0.01999807357788086,4.049490928649902
1680000,167,106.50483822822571,99.57617735862732,24.468511404199933,-0.97956365,6.320997523755976,7.111046056963823,100,31.172554721766506,2.2405219078063965,18.522810772881474,17548.28674697876,0.015409131,104.24208998680115,0.02085113525390625,4.041056871414185
1690000,168,146.03431797027588,136.843829870224,24.411492284782682,-0.9734866,6.037682260760047,7.475054469333725,100,35.37071573639139,4.153226852416992,18.526639810117025,17694.340487003326,0.00023879395,141.85058903694153,0.0293581485748291,4.511436700820923
1700000,169,157.12691569328308,148.1252782344818,26.418276057862858,-1.0178226,6.523424159477421,6.865465513418865,100,32.60733817846462,2.9331037998199463,19.772284916451387,17851.569923877716,0.004962387,154.16930103302002,0.0237581729888916,5.475468873977661
1710000,170,154.79964590072632,146.0812222957611,25.467016739144004,-1.0476303,6.381590479636588,10.054344982934989,100,32.65225792221197,2.931673765182495,19.33719526935791,18006.390726089478,-0.0059059327,151.83802700042725,0.028290748596191406,5.221600770950317
1720000,171,126.46435499191284,117.90220856666565,27.049144170936273,-1.0756353,6.605340592844989,8.762601693022766,100,32.52801963423688,3.403162956237793,20.14311221789627,18132.884075164795,0.009055164,123.02625894546509,0.032379150390625,4.611405611038208
1730000,172,148.43136715888977,139.9676206111908,26.566483042349418,-1.1414237,6.376526246593603,9.343729139607156,100,35.21614814383197,3.137083053588867,19.85814734284112,18281.346438884735,0.004373004,145.2123351097107,0.08025598526000977,4.682060241699219
1740000,173,118.34771990776062,110.37943029403687,27.51750473355814,-1.226656,6.486493242988704,7.058711150054442,100,31.300604949201393,3.0034968852996826,20.335497359345144,18399.726148843765,-0.005458905,115.3236780166626,0.01912093162536621,4.469117641448975
1750000,174,112.21215605735779,104.2156150341034,28.826337439187103,-1.3182256,6.610410632076895,10.203562650039556,100,34.34034812792129,3.1539032459259033,21.105289896973787,18511.962279081345,-0.01871944,109.03667092323303,0.01952219009399414,4.365939617156982
1760000,175,108.94900703430176,101.09900665283203,27.52372112443538,-1.3963286,7.043894263600526,8.768161836549803,100,34.852623484762,3.128824234008789,20.22762890192932,18620.93218111992,-0.0029769775,105.7970199584961,0.021792888641357422,4.246550559997559
1770000,176,109.93602299690247,102.72935152053833,26.470145445924707,-1.3619235,6.724076457591919,8.112573601360818,100,33.073303685753544,2.498250961303711,19.804240799775936,18730.89020395279,-0.0100953495,107.41742014884949,0.01972818374633789,4.237061262130737
1780000,177,105.90951108932495,98.67124438285828,26.20804615275067,-1.3953613,6.327718848956788,9.104257809085725,100,32.0670883538814,2.45210599899292,19.494304163308996,18836.821917057037,0.015835276,103.43639492988586,0.019509077072143555,4.323780059814453
1790000,178,153.2758572101593,144.78077340126038,26.74784185584942,-1.4388328,6.939673104799313,5.210505820751194,100,34.33687820712043,3.2970409393310547,19.75534499684577,18990.1186439991,0.0019362732,149.9496922492981,0.026706218719482422,4.644038438796997
1800000,179,173.3815200328827,164.59322142601013,25.754201270818253,-1.4391127,5.941279865880304,8.277677014627496,100,31.866437788919825,3.660101890563965,19.392618040459343,19163.617186784744,0.0036803773,169.69672775268555,0.023163795471191406,4.628112554550171
1810000,180,166.62132215499878,158.72923874855042,25.680397456286663,-1.5069387,5.3517441685389135,8.73957761187689,100,31.608204357250315,3.002387046813965,19.368751306217813,19330.261890888214,-0.0014301636,163.45027685165405,0.16724205017089844,4.263253211975098
1820000,181,163.73997521400452,156.19831204414368,27.272813464724727,-1.4774545,6.472172856261048,6.7567982404420395,100,32.13461805273395,2.890087842941284,20.121135091624243,19494.0220580101,0.0033891175,160.82421278953552,0.02423095703125,4.1721131801605225
1830000,182,166.6574878692627,158.1685769557953,26.31174419931608,-1.4424824,6.545352237925504,9.968819529373782,100,32.820573704827595,3.796311140060425,19.701710940625237,19660.701080799103,-0.028593427,162.83832597732544,0.020895004272460938,4.2289814949035645
1840000,183,166.6355378627777,157.9706907272339,27.061585994695793,-1.3068438,7.068939967565411,6.756164489372125,100,34.05970018427549,4.058395862579346,19.884747756077957,19827.36136698723,0.012481245,162.55131196975708,0.024168968200683594,4.13961124420166
1850000,184,167.91276383399963,158.80375933647156,25.420493256153403,-1.3311857,6.198426067825384,7.6028111667049085,100,32.64745242897938,4.473398923873901,18.999981651568007,19995.295078992844,0.013585351,163.41835713386536,0.020385026931762695,4.1581199169158936
1860000,185,164.67576003074646,155.99819087982178,25.967650169199164,-1.3169327,6.7076470653241085,5.05651113425202,100,33.26979324047628,4.083784103393555,19.438593225573836,20159.991541147232,0.0047576143,160.57023406028748,0.021342992782592773,4.132006406784058
1870000,186,182.75266194343567,173.15815711021423,26.432236555268936,-1.3061382,6.526112343200652,10.651061348312185,100,31.77533477520627,4.691056251525879,19.767133135700476,20342.773173093796,0.016995495,178.0411069393158,0.018780946731567383,4.411621332168579
1880000,187,167.48157787322998,158.99718475341797,25.66738848525076,-1.2772738,6.5892661705759865,6.687093122480167,100,31.62586779321043,3.449312686920166,19.217224255444197,20510.27683210373,0.002179004,163.9553952217102,0.07544898986816406,4.4914162158966064
1890000,188,153.27602100372314,145.7583522796631,26.733902298351776,-1.2490557,6.663711228526783,7.800824840327959,100,31.400141199682622,2.988568067550659,19.819284269578777,20663.57536292076,-0.0065151793,150.26775097846985,0.017755985260009766,4.053401708602905
1900000,189,154.2521390914917,146.17791533470154,26.897320104821553,-1.257551,6.281484859826392,6.933658146119637,100,31.724929026406173,3.514720916748047,19.859257643483105,20817.924029111862,0.015427967,150.71681880950928,0.019166946411132812,4.103771686553955
1910000,190,158.37304186820984,150.46203351020813,26.92714910668724,-1.3050739,6.196580057150854,8.855642899080324,100,30.798171666475028,3.1672439575195312,19.91984624000871,20976.319261074066,-0.0059019304,155.1840479373932,0.02109694480895996,4.286149024963379
1920000,191,164.25459718704224,156.61675214767456,24.839585286502867,-1.1712056,6.648800448908268,2.447209430259415,100,33.170128307649065,2.940751791000366,18.65790168561448,21140.596446990967,0.004690283,161.18214988708496,0.1301891803741455,4.128343820571899
1930000,192,175.1903591156006,167.30612564086914,27.39277735426965,-1.1458032,6.504967979086639,8.181076017351016,100,34.238135806085445,3.150372266769409,20.1680353533653,21315.808016061783,0.012520496,172.01783394813538,0.0206601619720459,4.260318994522095
1940000,193,269.5868399143219,259.83023953437805,26.847270291486193,-1.1088629,7.099764164160649,8.870891759167687,100,34.89563978178869,4.355528116226196,19.884355998129998,21585.41536808014,0.0040929993,265.1262719631195,0.10405611991882324,4.751726865768433
1950000,194,496.3561489582062,483.1233904361725,28.51025980632833,-1.1899341,6.696325050229374,4.287685255629881,100,33.9298728169212,6.826764106750488,20.700159666440392,22081.79874396324,0.0069531496,489.478631734848,0.04974484443664551,5.629258155822754
1960000,195,342.52594804763794,332.1602201461792,25.674597204885526,-1.1069236,6.382131605723695,8.204303046770104,100,32.53123387438876,4.835975170135498,19.15315899407034,22424.362272024155,0.01583283,337.6151759624481,0.07388520240783691,4.8660571575164795
1970000,196,213.33913612365723,204.61381483078003,26.59251870455306,-1.0796515,6.594752753065764,3.0023496701241106,100,31.605252547484593,4.293675899505615,19.439248292237405,22637.741386175156,-0.0058687623,209.02147507667542,0.022353172302246094,3.958270788192749
1980000,197,195.94739603996277,188.19538521766663,26.299401647691656,-1.0642709,6.751119150729572,8.214099993016204,100,35.37933950355546,3.415771245956421,19.44437569780297,22833.76947903633,-0.0041111633,192.5032720565796,0.026818037033081055,3.8730623722076416
1990000,198,187.24396395683289,178.7815752029419,28.11693813254954,-1.0261557,7.317459520323425,-0.18523275650726956,100,33.07570413782969,4.231492280960083,20.666422441120694,23021.032399892807,0.0043558837,182.989666223526,0.021152019500732422,3.7977559566497803
2000000,199,181.6657030582428,173.87765383720398,26.78823098579721,-0.99546397,6.56165956911292,6.250251119041457,100,30.85020914104289,3.5652318000793457,19.683463112322702,23202.718409061432,0.0022997498,178.08028292655945,0.018809795379638672,3.7887978553771973
2010000,200,174.91976618766785,167.3066668510437,25.455813102431538,-0.9074779,6.917540096787871,5.956511802143441,100,33.99876128345989,3.269819974899292,18.902857154483346,23377.65932393074,0.010766815,171.61806893348694,0.0304110050201416,3.895606279373169
2020000,201,174.7848539352417,166.05968642234802,28.859023403096504,-0.9541797,6.793311520914115,8.560706882976003,100,33.15727604130793,4.4849889278411865,20.80188461590534,23552.463308811188,-0.0097739315,170.27418994903564,0.024462223052978516,3.802722215652466
2030000,202,192.65953302383423,184.66705417633057,27.3040856860001,-0.91737765,6.341408486430017,6.124921783196074,100,32.220818240960135,3.3145668506622314,20.13639698490161,23745.15595293045,-0.010716223,189.30953288078308,0.03321099281311035,4.138556718826294
2040000,203,179.26014685630798,172.2667942047119,27.59135165582222,-0.89803886,6.546203905789776,9.385085840830765,100,37.91512073073277,2.756817102432251,20.25478956035459,23924.444780111313,-0.0019800782,176.4722831249237,0.030147075653076172,3.7907798290252686
2050000,204,186.613933801651,179.4399058818817,28.648698476668596,-0.8432824,6.803105667390857,8.850090132821002,100,32.45334445829293,2.8808348178863525,21.009082531331593,24111.079745054245,0.0037980224,183.69704604148865,0.03484082221984863,3.8485586643218994
2060000,205,194.11777997016907,186.72450399398804,27.654291959859073,-0.6799913,7.105525409142716,4.371924144879432,100,33.40674234952323,3.19518780708313,20.272060162105888,24305.218526124954,1.64917e-05,190.89986109733582,0.02125382423400879,3.768775701522827
2070000,206,204.70152401924133,197.54508757591248,29.28168374908908,-0.7646955,6.173268210441092,4.6802523489586125,100,34.22480593315215,2.9377877712249756,21.179884772395585,24509.941735982895,0.009313485,201.7430100440979,0.019216060638427734,3.7934603691101074
2080000,207,213.9013328552246,205.5577232837677,27.766326829765372,-0.76364696,6.689248189565579,8.687946343206507,100,31.03391285370931,4.095874071121216,20.32904411500417,24723.86388206482,-0.002806067,209.7841522693634,0.01970672607421875,3.818335771560669
2090000,208,218.31978797912598,210.4133050441742,28.835993973524932,-0.6814659,6.439781899979247,6.945076180613828,100,31.688898828344463,3.6948611736297607,20.94974875930784,24942.204223155975,-0.004840649,214.6007170677185,0.022741079330444336,3.7788970470428467
2100000,209,221.27086210250854,213.87028121948242,28.250109259728497,-0.5849565,6.5308116460479795,9.905449405675107,100,38.811729850241875,3.197870969772339,20.445579898717003,25163.49712896347,-0.0057403594,218.0488429069519,0.022406339645385742,3.7719173431396484
2110000,210,233.1509370803833,224.56206154823303,27.54459625421493,-0.5395786,6.465039998011866,4.989659590813685,100,33.59573593688669,4.029751777648926,20.322510932845795,25396.66677212715,0.0051345215,229.0834538936615,0.03686189651489258,4.036977052688599
2120000,211,221.28211784362793,211.93909430503845,26.863157488555387,-0.68245554,6.999380459717221,7.715524272902973,100,36.830924264741675,5.0643908977508545,19.830185893782538,25617.97476887703,-0.0028834534,216.1689510345459,0.04835772514343262,3.813190460205078
2130000,212,213.5560188293457,204.5011692047119,26.704018656428776,-0.5669143,6.230247531025097,6.414106314001144,100,33.212938109794244,4.8195412158966064,19.646193927787362,25831.551415920258,0.009306442,208.7159788608551,0.02014780044555664,3.7819325923919678
2140000,213,241.6964831352234,232.95607209205627,26.61206943531584,-0.57600915,6.643275642758136,5.068420693741601,100,30.325920005828163,4.3969128131866455,19.757601469800377,26073.268723011017,0.012185988,237.28075170516968,0.018218994140625,3.892005443572998
2150000,214,227.82072186470032,218.68001413345337,27.526157405190887,-0.640121,6.093434080623403,8.472444230339757,100,31.634666650074706,4.715022802352905,20.149622129005955,26301.111382961273,-0.017497327,222.91985297203064,0.1594691276550293,3.827423572540283
2160000,215,217.07191228866577,207.7723832130432,27.713307428775455,-0.5840485,6.30705512674573,9.06003942300147,100,31.927376154940415,5.090110778808594,20.420946689566907,26518.20156598091,0.008317725,211.9619631767273,0.018484115600585938,3.778960943222046
2170000,216,211.79992294311523,202.67817950248718,27.78377628074034,-0.5968042,6.35695122763851,1.469003889601794,100,32.606194242759976,4.906275987625122,20.338765217137876,26730.02088689804,0.0031281433,206.84901666641235,0.04405808448791504,3.758629083633423
2180000,217,217.41598510742188,208.367689371109,29.483287045502717,-0.5811345,6.367142790761274,8.23585834958157,100,35.92829418966676,4.829286336898804,21.153108775838458,26947.46431183815,0.008611462,212.56256580352783,0.02191901206970215,3.7681970596313477
2190000,218,224.7609417438507,217.05813431739807,30.790923092203293,-0.5889128,6.320272335252363,10.31633384235353,100,35.22509673896624,3.174325942993164,22.15293292820638,27172.24425792694,0.005432295,221.5438232421875,0.04001784324645996,4.021319389343262
2200000,219,230.7033188343048,222.4421648979187,28.224833353550935,-0.5830076,6.6259167489595585,6.179612301719702,100,33.81453686848843,4.031888008117676,20.630056000754834,27402.972182750702,0.0037594344,226.64917707443237,0.021837234497070312,3.7949841022491455
2210000,220,234.90305495262146,226.61849737167358,28.270918942949937,-0.53821516,7.396817331825342,7.903927570986957,100,35.15061406370257,4.071706771850586,20.66731638843899,27637.894021987915,0.005852063,230.80585384368896,0.02514505386352539,3.76949143409729
2220000,221,230.173513174057,220.80893087387085,28.403669387521877,-0.558521,6.593763587309119,-0.10496689315377564,100,31.761026083873066,5.140760183334351,20.929046164257485,27868.0865380764,-0.0017079834,225.0028281211853,0.029562711715698242,3.7840523719787598
2230000,222,224.77895498275757,216.138916015625,26.939009836490797,-0.5567595,6.073825727508447,9.76764285120919,100,32.064734574109515,4.442827939987183,19.75026966691743,28092.888332128525,-0.010082087,220.31422114372253,0.021528959274291992,3.759551763534546
2240000,223,231.94461107254028,222.627667427063,26.779461324438707,-0.53644526,7.536210315691749,1.5491469397785127,100,36.69546365743823,5.017047643661499,19.85057154513908,28324.853327035904,-0.0026277665,226.8290979862213,0.09662699699401855,3.7763240337371826
2250000,224,217.98934292793274,209.16152453422546,25.06089058874932,-0.49907804,6.416103107595966,0.44539354671846737,100,32.056448318028785,4.589327096939087,18.985903288052125,28542.861482143402,-0.01166788,213.37451910972595,0.024902820587158203,3.8005611896514893
2260000,225,205.0172939300537,196.4623465538025,26.56922237014849,-0.4740989,6.474298279512965,5.468031788957777,100,33.03328098102395,4.319571018218994,19.78245936204084,28747.899794101715,0.020860495,200.67625999450684,0.02014899253845215,3.796854257583618
2270000,226,204.73897504806519,194.89660263061523,27.26615256354202,-0.48539278,6.350631822056125,5.978538199397496,100,31.252311549100753,5.502691030502319,20.1324429318239,28952.657795906067,0.006240289,199.21244382858276,0.021808147430419922,3.883739471435547
2280000,227,192.76925611495972,184.27166771888733,26.944677715424486,-0.44582474,6.493210866241232,9.333596205834812,100,34.80841563101733,4.24268913269043,19.921737489311816,29145.451865911484,-0.0015546066,188.49126410484314,0.0349118709564209,3.805389881134033
2290000,228,194.19913792610168,185.10660028457642,26.602218039531973,-0.4458332,7.098919116971838,0.9534396045488716,100,32.29012032371238,4.843554735183716,19.722933904255186,29339.672066926956,0.0044050566,189.33431005477905,0.020555973052978516,3.8075623512268066
2300000,229,204.3499939441681,196.34946990013123,28.321521986782145,-0.4596205,6.492972493248968,5.287058833980336,100,32.045463121817264,3.7302210330963135,20.72788267701326,29544.039927244186,-0.004635898,200.5819182395935,0.036649227142333984,3.818728446960449
2310000,230,213.8737850189209,205.80323362350464,28.899614868628664,-0.47289735,7.2626199513253304,-0.20550767388768526,100,35.75295812888152,3.7899680137634277,20.8642349228187,29757.935487031937,-0.0031608674,210.0643389225006,0.018773794174194336,3.834094524383545
2320000,231,221.68239903450012,214.0313470363617,26.95630688591757,-0.43327847,6.8409488593951835,1.6818134611259559,100,32.115988552673535,3.4502151012420654,19.794420673764293,29979.63924908638,-0.009171826,218.21071004867554,0.020065784454345703,3.760348320007324
2330000,232,231.08512115478516,223.28064274787903,27.041243347215687,-0.42988798,6.430379128634766,4.878813047742858,100,32.826519648537065,3.5997540950775146,19.82842000896906,30210.746927022934,-0.010764331,227.465017080307,0.01882195472717285,3.7732093334198
2340000,233,230.60369300842285,222.7363862991333,27.132860946857054,-0.3866365,6.703349984206602,8.11189988818281,100,33.12311777217736,3.533703088760376,20.027601680017835,30441.373626947403,0.011439395,226.990385055542,0.07787704467773438,3.8390772342681885
2350000,234,237.90322494506836,229.97633123397827,26.51860797427984,-0.37507993,6.2472317108257025,0.7800230818405652,100,34.58125535458517,3.640690803527832,19.48876389567052,30679.297623872757,0.007321396,234.21455883979797,0.04758787155151367,3.808478355407715
2360000,235,253.53869915008545,244.84038996696472,25.904226731040787,-0.3933246,6.6255811220733625,6.011132961714805,100,34.632741399771575,4.069159030914307,19.19200836822651,30932.857863903046,-0.0032020507,249.43073987960815,0.03703784942626953,4.065812826156616
2370000,236,242.30351305007935,234.78363299369812,28.83516330021469,-0.38402852,6.581275914230258,6.131487515719854,100,33.87887297733415,3.2808570861816406,20.914016249074766,31175.233174800873,0.0019575807,238.99814414978027,0.022922039031982422,3.7952492237091064
2380000,237,231.1624150276184,221.93787622451782,26.334503644955085,-0.36901748,6.908026091245421,6.447910954060494,100,33.268540178401715,4.971550941467285,19.42583088807725,31406.4136531353,0.0025367553,226.16767001152039,0.022903919219970703,3.8104124069213867
2390000,238,220.29477500915527,211.59318447113037,26.207851463535288,-0.35062182,6.35467704937416,6.2131454422091235,100,33.72731490259069,4.438107967376709,19.45267674546689,31626.728219032288,-0.008737744,215.83585476875305,0.020465850830078125,3.8167784214019775
2400000,239,216.35571217536926,207.58863973617554,25.267553219385533,-0.38349947,6.063624548859328,9.763380953892437,100,31.18252488085418,4.514782905578613,19.086646523468524,31843.10271000862,-0.0012432678,211.81930685043335,0.02033376693725586,3.8153114318847656
2410000,240,211.85695695877075,202.12305426597595,27.626649273228107,-0.3652457,6.462824036669461,5.412949888330644,100,32.534162884595496,5.393386125564575,20.1917131948931,32054.97809290886,0.0034419557,206.44327116012573,0.019064903259277344,3.8967697620391846
2420000,241,196.7349729537964,187.7217366695404,26.86065691141927,-0.3126729,6.415484131659172,7.071623074263532,100,31.91011072558232,4.672324895858765,19.93416523325272,32251.735469818115,0.013980146,191.9981861114502,0.061533212661743164,3.859680652618408
2430000,242,194.59751915931702,185.5366406440735,28.353157197378533,-0.38623512,6.579862036367485,9.870872560423297,100,33.31576452240156,4.504380226135254,20.604795518247748,32446.353765010834,-0.018643295,190.03233695030212,0.059313297271728516,4.0789148807525635
2440000,243,194.2041552066803,184.3069944381714,25.911364777275875,-0.3802761,6.412662686823007,7.761105423746131,100,31.16987364835971,5.53023886680603,19.26609483502775,32640.579517126083,-0.011087958,188.59244585037231,0.07931184768676758,3.8688089847564697
2450000,244,193.5180332660675,185.1894063949585,25.473213932041467,-0.35427326,7.336622109143914,7.330100566804447,100,36.332163992100234,4.083498954772949,18.978409657674405,32834.11831998825,-0.0054725264,189.41240906715393,0.021602869033813477,3.8008735179901123
2460000,245,205.06418776512146,196.818208694458,27.277126428323054,-0.38029784,6.514105795865097,8.657446424680787,100,34.71409174666627,4.022395849227905,19.862375590170974,33039.20209288597,0.0029784974,201.01499795913696,0.02537393569946289,3.789912462234497
2470000,246,212.59706687927246,203.38134765625,26.801514680215323,-0.40198752,5.758609508345922,8.182443200284578,100,36.63076767443275,5.000433921813965,19.716250037732603,33251.81931400299,0.011597741,207.5774121284485,0.017913103103637695,3.785015821456909
2480000,247,217.29484009742737,208.86583971977234,24.251083976119574,-0.3587324,6.557052594203841,2.034013366947479,100,32.91681115874845,4.221781015396118,18.482769334484647,33469.13687515259,-0.00020249024,213.05457401275635,0.017110109329223633,3.779555082321167
2490000,248,229.58972120285034,221.42447805404663,26.983837920410433,-0.36450824,6.837442373265839,9.47843044597443,100,32.83268670276118,3.9410898685455322,20.004133555069032,33698.7473218441,-0.0011223023,225.61693787574768,0.03134894371032715,3.7835936546325684
2500000,249,232.97605514526367,225.51999354362488,27.264318426757704,-0.34908354,6.738801899110231,3.8502204332406897,100,31.819645166654514,3.181014060974121,20.25236222071881,33931.74468803406,0.0050128144,229.77382493019104,0.019313335418701172,3.8431708812713623
2510000,250,227.0891740322113,217.63118648529053,25.126127558382674,-0.332221,6.693869683486406,5.5598761037028925,100,30.164310095767533,5.2394819259643555,18.851168598377797,34158.858260154724,0.010570947,221.83102893829346,0.01766514778137207,3.791334629058838
2520000,251,227.62577199935913,218.9867706298828,26.374087907507406,-0.34523878,6.324367207182572,5.833034156615673,100,30.83140812974763,4.377084255218506,19.39181594041267,34386.58283185959,0.008568006,223.22771692276,0.01903700828552246,3.830620288848877
2530000,252,215.11492776870728,207.26799893379211,25.456776553605206,-0.33045265,6.742160905256075,5.242738389792011,100,34.57476236825337,3.572685956954956,19.11991074412707,34601.719448804855,-0.00015445861,211.52190899848938,0.019572973251342773,3.8439512252807617
2540000,253,212.16757369041443,204.386132478714,25.13734597973457,-0.34607536,5.892298929496158,7.1272012205986846,100,35.90966799214367,3.5495951175689697,18.939774869424966,34813.90716910362,0.0010814575,208.59552192687988,0.021152973175048828,3.7913432121276855
2550000,254,209.48535299301147,201.8388214111328,24.508008308523948,-0.3302494,6.604205410877087,2.3509746869993635,100,31.037573286268294,3.418910026550293,18.58378428481418,35023.41087388992,-0.00137547,206.04749822616577,0.017578840255737305,3.799678325653076
2560000,255,218.96176505088806,211.8234839439392,26.163483665945442,-0.34053317,6.626335037306696,7.40532068728502,100,32.339842841696715,2.8998208045959473,19.523845048652127,35242.39367604256,-0.005078882,216.03916811943054,0.022172927856445312,3.806220769882202
2570000,256,219.17563104629517,211.29072165489197,24.926659201648636,-0.332502,7.017454986739027,7.004024724533901,100,37.532957358103815,3.6877429485321045,18.526555791020765,35461.70249199867,-0.0022366028,215.46380805969238,0.022790908813476562,3.762761354446411
2580000,257,223.59828186035156,215.5347867012024,26.490401789901902,-0.32705933,6.743160553247524,7.392556157901571,100,30.75547669067958,3.8561227321624756,19.587087138659783,35685.3194630146,0.005500879,219.71664190292358,0.02263617515563965,3.7597827911376953
2590000,258,224.43666195869446,216.10512280464172,26.17632589012765,-0.32612622,7.273574760294944,-3.553226833196495,100,32.09683601830301,4.079373121261597,19.440850959740025,35909.77668404579,0.00022252808,220.33304023742676,0.02098989486694336,3.820145845413208
2600000,259,218.43424487113953,210.85177063941956,25.09263013365976,-0.31083652,6.682609810198715,6.794882375880403,100,38.8143978429564,3.3754289150238037,18.768288551741616,36128.230435848236,0.010074942,215.0309329032898,0.025957107543945312,3.7640156745910645
2610000,260,219.91376209259033,212.6719195842743,26.831002341269954,-0.34041056,5.994122484510172,5.890994154523011,100,31.07460470716618,2.95173716545105,19.876157923003554,36348.163408994675,-0.0020777467,216.94137692451477,0.019337892532348633,3.858499526977539
2620000,261,209.09153413772583,201.41594004631042,25.274462671101087,-0.32880908,6.127815954467052,9.87300730457719,100,32.756520681127164,3.3888330459594727,19.04965051699953,36557.27619791031,-0.0050567626,205.67888617515564,0.022315025329589844,3.8524105548858643
2630000,262,220.65010118484497,213.2753713130951,26.77535361575797,-0.35730806,6.645922242851507,3.85326221451316,100,32.36894623730765,3.152240037918091,19.56973491985163,36777.94822502136,-0.019802326,217.47469520568848,0.02084183692932129,3.772855758666992
2640000,263,220.30319094657898,211.77760434150696,26.36397212692722,-0.32828155,6.637959964319124,6.183601036882271,100,35.39192218053873,4.250169038772583,19.522581972309954,36998.27534079552,-0.0058928495,216.03391003608704,0.017840862274169922,3.8498477935791016
2650000,264,218.31132006645203,210.2558617591858,26.256697260851254,-0.31011915,6.600757286799643,6.060383534500795,100,34.77148133711305,3.853992223739624,19.447091349028483,37216.607978105545,0.0061037843,214.43571496009827,0.020260095596313477,3.7701032161712646
2660000,265,218.2633900642395,211.01721787452698,24.355810625591406,-0.28948057,6.901548661755806,6.452963584675161,100,34.418797775076825,3.0190110206604004,18.47160546560887,37434.88998007774,0.004561356,215.2219362258911,0.022084951400756836,3.795393466949463
2670000,266,207.9865002632141,200.52107787132263,27.995180503138396,-0.25379717,6.595538296986073,8.747763531233234,100,32.7875766906848,3.2403388023376465,20.441171422260776,37642.9053709507,0.02777323,204.72513699531555,0.019097089767456055,3.7969777584075928
2680000,267,211.01649403572083,204.10470128059387,26.593549511409762,-0.1908564,6.405410672790158,5.993968775195585,100,31.87016924029136,2.6822898387908936,19.531495509346076,37853.943818092346,0.0009837952,208.29206109046936,0.03977608680725098,3.777451992034912
2690000,268,229.90189290046692,222.27013731002808,26.676584824670243,-0.28207496,7.1706248113403905,6.447599858084678,100,35.220523686901444,3.279944896697998,19.5860160370811,38083.86715507507,-0.014218254,226.56636118888855,0.05034589767456055,3.88158917427063
2700000,269,220.90602278709412,213.3413336277008,25.836492491951653,-0.30607915,6.6541753915108774,2.5133942888456686,100,34.39602466638169,3.339560031890869,19.33946464953779,38304.79396414757,-0.021416506,217.5427508354187,0.022182941436767578,3.783395767211914
2710000,270,218.6471517086029,210.3914737701416,24.405372151837593,-0.3172329,6.210744553823708,7.123652577166784,100,31.249768557483737,4.039515972137451,18.572855030944062,38523.46264886856,-0.006104675,214.58461213111877,0.022412776947021484,3.7853784561157227
2720000,271,234.80047607421875,226.1867425441742,27.173428306059762,-0.2940735,6.794122789716998,8.482884687062642,100,34.3189730558311,4.354636192321777,20.12165563845571,38758.28153514862,0.007874011,230.42454504966736,0.01938605308532715,3.820373773574829
2730000,272,213.85813689231873,205.34696316719055,26.089150135550632,-0.36256763,6.995983078330664,5.991378472237217,100,36.05011020442868,4.233250141143799,19.63068592425096,38972.15945792198,-0.0033825622,209.6019639968872,0.021574735641479492,3.818434715270996
2740000,273,200.55628514289856,192.7810399532318,25.012896675285948,-0.36188325,6.830747398203266,6.012884468647412,100,34.28986286305383,3.5014290809631348,18.900361610471688,39172.73659706116,-0.006802507,197.03401708602905,0.019443988800048828,3.8419411182403564
2750000,274,200.5760669708252,190.85186958312988,26.979391128159985,-0.34556612,6.813373871028464,8.25383771164203,100,33.71860826981728,5.528094053268433,20.239332329202348,39373.393335819244,0.01890467,195.02987003326416,0.016676902770996094,3.768930435180664
2760000,275,199.9460587501526,191.62110781669617,26.491392174291235,-0.37325177,6.800118445851634,4.262170709642523,100,32.313105012187904,4.117121934890747,19.882252222163675,39573.361814022064,-0.009758459,195.80791211128235,0.01962876319885254,3.776116132736206
2770000,276,211.4549789428711,201.02891945838928,25.17145447452143,-0.37292665,7.001368521438246,9.226018518027482,100,34.84157846294611,6.0646820068359375,19.190710393871285,39784.83740401268,-0.014924967,205.36606693267822,0.02242112159729004,3.908390998840332
2780000,277,213.27801489830017,203.91545939445496,24.810167860401144,-0.3719907,6.759810557649059,6.348612318177514,100,35.147434792831845,5.07336688041687,18.966300175344514,39998.133893966675,-0.007362201,208.18356895446777,0.020636796951293945,3.861935615539551
2790000,278,213.2376480102539,206.40836358070374,26.646865207770325,-0.3618983,6.715094410867584,7.871829879129131,100,36.37194217148015,2.595844030380249,19.877815713077027,40211.395511865616,0.0018858856,210.6177990436554,0.02360391616821289,3.7577195167541504
2800000,279,212.70462107658386,205.14985370635986,24.320021683465267,-0.35458106,6.659177947949692,5.664128052734576,100,31.800128405899947,3.3088831901550293,18.698676254005363,40424.12227892876,0.0028258439,209.3743109703064,0.0210878849029541,3.811965227127075
2810000,280,207.7235143184662,200.29893708229065,24.398844237810344,-0.3566343,6.95328845600819,7.878803122476079,100,31.738973042899097,3.1528608798980713,18.73928275063657,40631.86605501175,0.008001123,204.54010128974915,0.023591041564941406,3.8368918895721436
2820000,281,205.71748685836792,197.76509881019592,24.55366162580555,-0.36304384,6.4673455256401935,7.662112989276078,100,30.89478085410174,3.6930108070373535,18.912149753382977,40837.606394052505,-0.010360395,202.00289583206177,0.019327878952026367,3.8291759490966797
2830000,282,204.08871340751648,196.54572081565857,25.867342326845975,-0.3352963,6.7103914704933745,8.19166991835883,100,33.60491754281576,3.2475969791412354,19.395609519100585,41041.71557402611,0.004819928,200.81705403327942,0.021454811096191406,3.8394346237182617
2840000,283,202.63407588005066,195.4407410621643,27.265890225458985,-0.37833813,6.706734096008462,9.040248861910758,100,34.5568982653812,2.8814971446990967,20.33290797654057,41244.371932029724,-0.006864493,199.72312188148499,0.028156042098999023,3.8723056316375732
2850000,284,198.32261395454407,190.98664712905884,27.362583415478902,-0.39376953,6.582083372316481,6.268936788411633,100,34.76562696265887,3.0725250244140625,20.3965112347254,41442.71726298332,0.003933406,195.2243950366974,0.023617029190063477,3.830570697784424
2860000,285,196.01244497299194,187.4958221912384,25.180842142473953,-0.4070361,6.431230603575045,7.471739597114846,100,31.11459209288937,4.284214973449707,19.07362043821621,41638.7506070137,0.0036251587,191.70741295814514,0.01889491081237793,3.802095413208008
2870000,286,196.19585394859314,189.2073633670807,27.453375590935817,-0.42898965,6.808888410667607,9.377965828409824,100,30.92034973490109,2.750840187072754,20.518011709791278,41834.96685385704,-0.0005312622,193.42083406448364,0.01990795135498047,3.801624059677124
2880000,287,192.90330529212952,185.1804096698761,24.82651947053552,-0.43082592,6.872647339950787,8.0200090525985,100,30.917423250417897,3.42455792427063,18.916319114575867,42027.89082598686,0.007314209,189.45653200149536,0.020631790161132812,3.842576026916504
2890000,288,192.89213681221008,183.85046195983887,23.328852762350298,-0.4390457,6.31166954862461,7.916344466127214,100,31.726160441485575,4.782362699508667,18.042841833747357,42220.80420589447,-0.0042273803,188.0889711380005,0.02017521858215332,3.8317904472351074
2900000,289,226.15786695480347,218.22797060012817,22.982531735997764,-0.42802227,6.229548762458567,6.719494580506581,100,34.518546498890785,3.3718810081481934,17.66117443638567,42446.98280787468,0.0077935304,222.76470804214478,0.020181894302368164,4.098477840423584
2910000,290,214.78751015663147,207.70814681053162,23.446015886515042,-0.42282948,6.909614720805649,2.268388680158446,100,33.36330364746191,2.4504199028015137,18.05750388717804,42661.79000091553,-0.00031619874,212.31486701965332,0.020388126373291016,4.167391538619995
2920000,291,186.8892526626587,179.29076051712036,23.671070274531107,-0.4223307,6.774212306200626,4.044392863609237,100,34.017380208435775,3.360211133956909,18.31461000199276,42848.69984292984,-0.022135895,183.5030379295349,0.02473902702331543,3.800747871398926
2930000,292,183.49630212783813,176.15664553642273,27.04626460757929,-0.45496094,6.66660459255007,7.773056621850154,100,35.60201721483298,3.075401782989502,20.134376822991207,43032.21373605728,-0.019602424,180.39993977546692,0.02028512954711914,3.836327075958252
2940000,293,181.83533000946045,175.07472491264343,26.421035574274068,-0.45400044,7.571372283303071,7.2876843981419785,100,36.19163418381827,2.527885913848877,19.829613145370157,43214.074624061584,-0.003538553,179.28396916389465,0.020145177841186523,3.8012242317199707
2950000,294,177.2334258556366,170.57000064849854,24.84246443339654,-0.44910675,6.5900805733081285,2.5997289806858976,100,35.93812961467883,2.4250621795654297,18.840111405052717,43391.329349040985,0.005591806,174.78626489639282,0.01987481117248535,3.8078954219818115
2960000,295,175.36908316612244,168.72463011741638,26.93723516997276,-0.49373525,6.337465864540535,8.085527200547169,100,32.33604509036406,2.4098029136657715,20.15555835896859,43566.719322919846,-0.004965268,172.93629693984985,0.020910978317260742,3.8050777912139893
2970000,296,168.91437911987305,162.14556312561035,23.41795755573337,-0.4339361,6.8973764580075985,7.98358645925666,100,33.089223760001104,2.447808027267456,18.004928671889825,43735.67294001579,0.0176029,166.44171810150146,0.023450851440429688,3.886072874069214
2980000,297,156.51279211044312,149.92107486724854,24.36347046531539,-0.44153497,6.636264928559913,6.98286133017867,100,36.80594133809282,2.382401704788208,18.681295502656898,43892.20718693733,0.013608691,154.10961294174194,0.020358800888061523,3.7777693271636963
2990000,298,152.7492380142212,146.046612739563,23.770464994745012,-0.44176632,6.696252007668842,5.487007332241325,100,34.42746856141257,2.3960540294647217,18.32429265799562,44044.97702884674,-0.0021348388,150.32994627952576,0.02149510383605957,3.8597378730773926
3000000,299,135.73981833457947,128.49973058700562,27.551504430998662,-0.4603209,6.455072981726801,9.281201309215213,100,33.82065787936795,3.0118191242218018,20.624294475487492,44180.739135980606,0.00097004394,132.70840191841125,0.018270015716552734,3.7983293533325195
