LossBefore,Time-Sampling,train-MaxReturn,train-MinReturn,train-PolicyExecTime,train-AverageReturn,Itr,Time-SampleProc,Time,n_timesteps,train-EnvExecTime,ItrTime,train-AverageDiscountedReturn,train-StdReturn,Time-Optimization,train-NumTrajs,LossAfter
-0.0024648926,101.58736610412598,7.928037713322119,-9.399347263355692,97.14727854728699,-2.087535702009342,0,0.019546985626220703,106.58336901664734,10000,3.920731782913208,106.58336305618286,-2.413208566620563,3.6394712446322965,4.974921941757202,100,-0.9691277
0.0054359925,101.24532198905945,4.337545275856675,-7.142345947301058,96.71938681602478,-0.7534408356366228,1,0.024369001388549805,210.82181406021118,20000,4.032997131347656,104.15061211585999,-0.3712286320047301,2.093927412046873,2.8790178298950195,100,-1.9048904
-0.020746777,106.43716716766357,6.074921408389626,-9.414202149930222,101.66452717781067,-1.30979338298963,2,0.0328981876373291,319.776389837265,30000,4.185381889343262,108.82937908172607,-1.1562504409774321,2.9688543629289392,2.3581149578094482,100,-0.77449954
0.011717426,96.84395503997803,9.304605693070457,-15.634959561702106,92.20275974273682,-4.833565605378734,3,0.024653911590576172,419.1775679588318,40000,4.152663946151733,99.37482476234436,-6.3436423747599475,5.692370487713839,2.505711317062378,100,-0.3429614
-0.010323486,96.69942593574524,10.990382021877988,-15.582061284901377,91.96086859703064,-7.372522802323058,4,0.021509885787963867,518.1228978633881,50000,4.253167152404785,98.92158317565918,-10.680813714080223,5.678363989182228,2.1991939544677734,100,-0.21235225
0.0027650178,93.07394814491272,8.921856074145223,-17.257822851881848,88.37841701507568,-7.670380356551471,5,0.019870996475219727,613.4288058280945,60000,4.217141389846802,95.28429579734802,-12.120050040643424,5.504679503655007,2.1887800693511963,100,-0.1170073
-0.010618781,92.51098322868347,9.569350296827855,-15.698432565075981,87.81558752059937,-6.4183166177902695,6,0.06093311309814453,708.2067959308624,70000,4.219268560409546,94.67586207389832,-10.08716370871253,5.789707274606614,2.102400064468384,100,-0.061318025
0.007848291,90.43107008934021,4.258831033988282,-16.133103241303935,85.83675050735474,-4.007708416291469,7,0.019805192947387695,801.0971138477325,80000,4.101299285888672,92.79877781867981,-5.6914857803899475,5.818167959678492,2.3465800285339355,100,-0.034985438
0.019041711,89.08269214630127,3.977044927005542,-15.856312660847736,84.48234272003174,-5.415612699014963,8,0.019782066345214844,892.4333050251007,90000,4.08568263053894,91.30965685844421,-8.423015292188587,5.857422632049294,2.2044496536254883,100,-0.009566455
0.0002114746,90.51915717124939,5.168751435302112,-15.14393292334643,85.89633989334106,-4.61323171198981,9,0.02483987808227539,985.1170129776001,100000,4.122807502746582,92.66315603256226,-6.807397913468815,6.2603604978128295,2.117649793624878,100,-0.12431678
0.01164466,86.58601593971252,4.703597468091944,-13.069136044928602,82.14730548858643,1.6505041361377573,10,0.020990848541259766,1073.8241469860077,110000,3.964033603668213,88.6780321598053,5.818335487321848,2.172742262700115,2.070648193359375,100,-0.121328294
-0.012585019,85.23342514038086,4.760217574507199,-1.7439218740696703,80.59134149551392,1.8318170268109608,11,0.020639896392822266,1161.1816928386688,120000,3.986912727355957,87.33584499359131,6.284046737859818,1.3356171292418617,2.079707145690918,100,-0.05192302
-0.0036188539,84.18258309364319,5.515378265707778,-0.6944994295332643,79.75938296318054,1.8318794220385215,12,0.020509004592895508,1247.451103925705,130000,3.954514503479004,86.24650001525879,6.234582357496495,1.204193496739799,2.0426077842712402,100,-0.15430522
-0.0059160218,82.71084213256836,5.176418768608361,-0.8286408137662364,78.26847195625305,1.862775512884221,13,0.021611928939819336,1332.319923877716,140000,3.972954750061035,84.84733510017395,6.114007436403114,1.341515420433416,2.110837936401367,100,-0.31905013
0.006346265,88.45538806915283,6.935863174135746,-2.125178223228038,83.88615798950195,1.644671839812526,14,0.024980783462524414,1422.9169659614563,150000,4.077340841293335,90.5762369632721,5.299672860307278,1.5666234718544259,2.0940463542938232,100,-0.26897633
0.00020871582,86.30128502845764,5.064997774326722,-3.2460628391982485,81.81307911872864,1.34754583098169,15,0.022934913635253906,1511.4214568138123,160000,4.004828929901123,88.48309302330017,4.109993534586633,1.808387054879986,2.157180070877075,100,-0.287663
-0.011001007,90.75972604751587,4.624445152447519,-4.380379955401741,86.25627994537354,1.3831674799795863,16,0.020797014236450195,1604.3715777397156,170000,4.024676084518433,92.92723989486694,4.050504818242092,1.9046157037613465,2.1450250148773193,100,-0.34526816
-0.007992151,93.46566104888916,5.072816945500188,-5.186793623349599,88.95767307281494,0.47415801478874864,17,0.02510809898376465,1700.0394659042358,180000,4.03285551071167,95.64515805244446,1.667557279172707,2.2631865760638954,2.151956796646118,100,-0.323078
0.0034194763,99.61769127845764,4.608733234804343,-5.221173501035509,95.07915306091309,0.21806708612844342,18,0.019073009490966797,1801.9829609394073,190000,4.063736200332642,101.92160487174988,0.6407654065681744,2.05496859983335,2.2830352783203125,100,-0.39979687
0.0015090576,100.75039005279541,5.550487629207009,-6.004543005780434,95.94734239578247,-0.6319005376987348,19,0.020005226135253906,1904.9770150184631,200000,4.304942846298218,102.97288608551025,-1.365438698431223,2.431393206519618,2.20176362991333,100,-0.4959267
0.012197387,112.00010991096497,7.702241803978582,-5.806507543977855,107.32611155509949,-0.5625098811333817,20,0.025766849517822266,2019.619045972824,210000,4.162319183349609,114.6175229549408,-1.1708395359766697,2.496517623699346,2.5903658866882324,100,-0.48991704
-0.025894653,117.18024110794067,6.791012116493207,-7.2551337578286486,112.42038869857788,-0.611529160418681,21,0.021231889724731445,2139.7841329574585,220000,4.243159294128418,120.14319586753845,-1.357394377910619,2.2947063469914184,2.9403209686279297,100,-0.6333949
0.011010535,114.33586120605469,8.4289482822079,-5.7754271435027915,109.24703288078308,0.03611704506963692,22,0.021617889404296875,2257.2286310195923,230000,4.563309907913208,117.42199897766113,0.5678179931811244,2.9183450905925534,3.063748836517334,100,-0.46359888
-0.0100636445,109.20198011398315,7.291143715264254,-9.05838705373154,104.7401032447815,-0.6559972397103089,23,0.016434192657470703,2369.05042886734,240000,3.9942705631256104,111.79299783706665,-1.1317579578345474,2.774080807424711,2.5728750228881836,100,-0.4387667
0.0040845275,104.14465880393982,5.772721771643584,-6.044023080753966,99.86364984512329,0.6530176756729262,24,0.019699811935424805,2475.444944858551,250000,3.819852590560913,106.37141180038452,2.80696576653172,2.186228305858212,2.205566883087158,100,-0.3167123
0.0020187898,99.87043404579163,6.196965902087236,-4.499336892272949,95.62846732139587,0.474513445499117,25,0.018882036209106445,2577.7752199172974,260000,3.8005967140197754,102.30747294425964,2.4776844018873985,2.3121854010227176,2.416780948638916,100,-0.3132504
-0.017665809,101.0621440410614,5.199667686981101,-5.693997887868051,96.71301317214966,0.22884467062470087,26,0.01967787742614746,2681.1562719345093,270000,3.8883211612701416,103.35930180549622,2.189770043604934,2.021853434978428,2.275300979614258,100,-0.31381842
-0.013355432,104.56004810333252,4.849456622647617,-2.7186801539631427,100.21991610527039,1.2222141029771394,27,0.020090103149414062,2789.1674869060516,280000,3.880082130432129,107.98986506462097,4.905844647060747,1.6158805738059954,3.408116102218628,100,-0.37746218
-0.012594421,104.35545182228088,5.906010778566122,-3.661212076031321,100.11515259742737,1.3770709258657223,28,0.0189971923828125,2895.8271989822388,290000,3.79327654838562,106.63275504112244,5.014014966047819,1.6667332986179668,2.2576613426208496,100,-0.30900028
0.005211694,102.71014404296875,4.3871589905385475,-3.121139500025772,98.50902962684631,1.2429132897051323,29,0.03482794761657715,3000.8672149181366,300000,3.7478911876678467,105.01958394050598,4.67620798787219,1.5477093632845542,2.2727248668670654,100,-0.3055106
-0.0011449326,104.61279273033142,5.66168701138487,-6.439075418824684,100.30223321914673,0.9525431846757847,30,0.02078413963317871,3107.790521144867,310000,3.845949411392212,106.90040493011475,3.939688150345159,1.7087865145132077,2.2651660442352295,100,-0.25755697
-0.0008852539,112.72308731079102,5.171132967672955,-3.297693575953298,108.41872525215149,1.3692533089313403,31,0.018119096755981445,3223.0580348968506,320000,3.8475117683410645,115.24585008621216,5.427113454427948,1.5709991353747421,2.5032339096069336,100,-0.28445342
-0.008972364,105.94331073760986,4.487544986929118,-7.52057836206355,101.70237326622009,1.1778870967589925,32,0.019303083419799805,3331.5641219615936,330000,3.795400381088257,108.48344492912292,4.673240355639613,1.481517706917772,2.5189309120178223,100,-0.24477392
0.0076107546,107.52628207206726,4.582100626134131,-4.446734701649202,103.21860551834106,1.1393775681689553,33,0.02519989013671875,3441.7392148971558,340000,3.8574373722076416,110.15598678588867,4.790710084198157,1.47170916136289,2.602769136428833,100,-0.24740742
-0.0050357636,105.80261993408203,5.921719467736853,-2.996647854901341,101.51454281806946,0.9280320824186461,34,0.020968914031982422,3549.961094856262,350000,3.837317705154419,108.1997640132904,4.127619110202865,1.6090220739889851,2.375718832015991,100,-0.23489033
0.0094959475,106.94794178009033,3.9562283572561956,-3.0226754626793637,102.69966173171997,1.135583123016643,35,0.018876314163208008,3659.28839802742,360000,3.8016746044158936,109.30602979660034,4.688039414793526,1.3423074676214841,2.3376259803771973,100,-0.21674983
-0.011529248,105.74690508842468,5.211783349171044,-3.792279939247672,101.532879114151,1.3449275413117554,36,0.019890785217285156,3767.82910490036,370000,3.76501202583313,108.46973705291748,5.3607777439066355,1.6827347345150971,2.702359199523926,100,-0.20952134
0.0036495551,191.74942421913147,4.273257465978842,-2.249073605825213,186.1203215122223,1.1116378070475128,37,0.028578996658325195,3962.5193967819214,380000,4.852661371231079,194.66689682006836,4.740062113988703,1.3203592906929975,2.886301040649414,100,-0.26217657
-0.0036731567,164.6137511730194,4.896160927591836,-2.7763388997452103,159.55968713760376,1.2720587454197263,38,0.03285503387451172,4129.815572977066,390000,4.51091742515564,167.26785612106323,4.985295184108558,1.383497816057297,2.6201930046081543,100,-0.25232387
0.0064388793,119.02293014526367,5.157662923231343,-9.83686673934926,114.56574964523315,0.955286384062638,39,0.02231287956237793,4252.775329113007,400000,3.979865074157715,122.93093395233154,4.206122430197159,1.9032678982661364,3.8837497234344482,100,-0.21184541
-0.007858338,121.38250708580017,5.900277394909778,-14.827679003335033,116.84077835083008,0.8521805798279921,40,0.021458864212036133,4376.98232293129,410000,4.002904653549194,124.18021988868713,3.841851981504224,2.4903661722276556,2.774930000305176,100,-1.4274926
0.0165398,116.0629141330719,-9.097978244848894,-16.149518639846978,111.24041819572449,-12.690249400623193,41,0.021867036819458008,4495.705271959305,420000,4.336716651916504,118.7010669708252,-18.898057273627707,1.590823878280451,2.6157572269439697,100,-1.455067
0.014093072,115.79966616630554,-4.421449585673083,-16.176194732695453,110.9138867855072,-10.61163569826544,42,0.01994609832763672,4614.223470926285,430000,4.4039928913116455,118.48730969429016,-17.384101660746484,2.6720625628566617,2.666045904159546,100,-8.143523
0.0326147,108.4658591747284,4.132214149390549,-1.3063288102659132,104.31126189231873,1.1517537539448084,43,0.02072620391845703,4725.303266048431,440000,3.711775064468384,111.05906891822815,4.706881804252501,1.2894391677416033,2.5707149505615234,100,0.20899023
0.010061914,110.8907949924469,3.8536575449770267,-10.993786820616926,106.74425268173218,0.8372852458934775,44,0.019098997116088867,4838.591430902481,450000,3.7060420513153076,113.26535987854004,4.190561085409773,2.334193460488069,2.3540449142456055,100,-0.013046265
-0.004693275,108.79644012451172,4.193160136200666,-15.529206709237933,104.54689168930054,0.07393426730052702,45,0.018553972244262695,4949.723349094391,460000,3.799065589904785,111.10990691184998,2.368967109687997,3.8201159453441034,2.2931418418884277,100,-0.3661097
0.00039536745,108.87167692184448,5.20900753375786,-15.97419807045482,104.51829934120178,-5.601575862061754,46,0.020377159118652344,5061.4783408641815,470000,3.898561477661133,111.7323477268219,-9.178251685515658,5.841188390984911,2.8399288654327393,100,-0.8623524
-0.019399162,109.26807904243469,-7.5559434356513435,-16.814906245350787,104.63332462310791,-12.008728447779506,47,0.020675182342529297,5173.454535961151,480000,4.152709722518921,111.9547209739685,-18.658011023505836,2.0876579978304446,2.6639480590820312,100,-0.06431251
0.0039754226,111.21393823623657,-7.45612344241887,-16.11892533163408,106.68350434303284,-11.892909783811318,48,0.02080821990966797,5287.333568096161,490000,4.078019142150879,113.85649108886719,-18.310815893655846,1.9311977788340067,2.6199448108673096,100,-0.67608494
-0.018327555,105.92869901657104,-9.250032732212723,-16.14697563259365,101.4224750995636,-13.090559324061873,49,0.025712966918945312,5395.728090763092,500000,4.061931610107422,108.37206888198853,-19.22646766503331,1.6190239580042276,2.416076898574829,100,-2.2513168
0.016278284,105.53177213668823,-8.740142475377173,-16.708458942775753,100.94265723228455,-13.098624318225097,50,0.08167123794555664,5503.68683385849,510000,4.133155107498169,107.93477320671082,-19.170519580267932,1.7127041790140882,2.319944143295288,100,-4.5541897
0.005523047,106.80628299713135,-9.229808053715377,-17.409707854084168,102.28968739509583,-12.976022880665699,51,0.013410806655883789,5612.779742002487,520000,4.0765650272369385,109.07147789001465,-19.077140973267696,1.674954770398885,2.251422882080078,100,-6.4389253
-0.005631497,101.2712938785553,-8.908522294683307,-16.377266059153623,96.61597514152527,-13.124331079138951,52,0.1541152000427246,5716.485996007919,530000,4.208992958068848,103.6846981048584,-19.24766780776092,1.735868659142248,2.258819103240967,100,-5.844106
-0.018080454,101.99334979057312,-9.875288610238304,-16.06939705721241,97.4341402053833,-12.70171810678611,53,0.01908588409423828,5820.800336837769,540000,4.1139233112335205,104.29341793060303,-18.75091866109062,1.4608770147220707,2.279515027999878,100,-4.813575
-0.016821718,99.72749376296997,-8.819838701509031,-17.593761752884088,95.11898040771484,-12.934399803503247,54,0.015110015869140625,5923.0436890125275,550000,4.165280103683472,102.2209358215332,-19.216847543456865,1.7753524393628783,2.476203680038452,100,-4.2741914
0.0098412875,98.4957869052887,-9.065236937616584,-16.938623426016864,93.9686222076416,-12.867986181101182,55,0.024859905242919922,6023.974077939987,560000,4.0861945152282715,100.89271712303162,-19.016954874960224,1.656146517835846,2.369454860687256,100,-4.8943977
0.021955168,98.0976209640503,-10.138914353443493,-15.96037767672525,93.5558910369873,-12.773276240234207,56,0.020876646041870117,6124.3848559856415,570000,4.080296754837036,100.38962197303772,-18.918577791655796,1.3710977372070547,2.2696430683135986,100,-6.3256435
-0.011066742,98.28786277770996,-8.733337493429245,-17.06934724058404,93.70026397705078,-12.930579330830506,57,0.019220829010009766,6224.891159057617,580000,4.142942428588867,100.48483514785767,-19.058891137690786,1.5863082695327246,2.17734694480896,100,-10.426703
0.006619388,99.08468294143677,-9.444454173870527,-16.25139368899156,94.3839693069458,-12.841762282470297,58,0.019953250885009766,6326.419887781143,590000,4.257887601852417,101.50702118873596,-18.939003110379804,1.727404383761648,2.4019949436187744,100,-655.3938
0.0095075155,102.37344789505005,-8.754094433192453,-16.94773094242001,97.81930303573608,-13.15628778000704,59,0.020573139190673828,6431.204344987869,600000,4.106279134750366,104.7633318901062,-19.72433410464574,1.7928029010000859,2.36753511428833,100,-596.6179
0.01874783,102.09874105453491,5.348967414175539,-13.566553495712299,97.86552476882935,-4.853144556341905,60,0.023260116577148438,6535.591948032379,610000,3.7772467136383057,104.36521315574646,-10.188190061649674,4.060132129642652,2.242811918258667,100,-64.58616
-0.005925726,101.30212473869324,5.605267922119177,-8.001790919820973,97.19394612312317,-0.9708868929398992,61,0.018227100372314453,6639.38948392868,620000,3.6612048149108887,103.77720808982849,-2.084145865725175,3.4102353042795417,2.4563851356506348,100,-3.2106369
-0.010343475,120.42266321182251,6.117584782031321,-8.366293118488045,116.14816045761108,-1.18142657925618,62,0.02798008918762207,6762.759486913681,630000,3.8187382221221924,123.34896302223206,-2.172313446091596,3.8714671046337767,2.896620988845825,100,-1.6934
0.014981103,153.8791160583496,6.697127969086971,-8.115323995003937,148.57036876678467,-1.4017061880893755,63,0.02669501304626465,6920.028981924057,640000,4.728939771652222,157.2386121749878,-2.4993999522700614,3.85745339394867,3.329359769821167,100,-1.0654476
0.017982159,146.69859313964844,6.787738900365573,-9.288958954259032,141.36509108543396,-0.3948230267104764,64,0.025964975357055664,7070.446877002716,650000,4.796286344528198,150.39638304710388,-0.9001695208625814,3.8952702838294573,3.671146869659424,100,-0.12317648
0.0005542267,137.69992303848267,6.561314899129004,-8.608364215948814,132.83342814445496,-1.4989114760015831,65,0.021612167358398438,7211.148311138153,660000,4.337289333343506,140.67827916145325,-2.6526948530471284,3.669913385389784,2.9560608863830566,100,-0.1570935
-0.026319154,143.51698303222656,6.22246288721453,-8.302814889178263,138.6307888031006,-1.1188903696219739,66,0.030987024307250977,7358.176109075546,670000,4.337097406387329,147.00484681129456,-2.020006081739999,3.6714302317825065,3.4543468952178955,100,-0.09690322
0.0008348816,120.80037689208984,5.333495237782622,-8.259970050892097,116.23909020423889,-1.5556732397143873,67,0.0242459774017334,7481.796629905701,680000,4.065200328826904,123.59164524078369,-2.7176113865824165,3.4359251525347854,2.7666380405426025,100,-0.033092067
-0.0065517197,119.49614119529724,6.104622270522842,-9.312446895084106,114.95740413665771,-1.096637125662221,68,0.02955317497253418,7603.8505799770355,690000,4.051558494567871,122.03564596176147,-1.993086088163663,3.756651909278499,2.507533073425293,100,-0.016253999
0.0116412295,104.72581124305725,5.6923364736409905,-8.04008174763764,100.43355941772461,-0.8204564544333725,69,0.022131919860839844,7711.087713003159,700000,3.8387351036071777,107.21091914176941,-1.5644905940310059,3.6263683726090385,2.4606480598449707,100,0.0071164705
-0.00027980347,103.7026059627533,6.456918108786766,-7.621428204596312,99.44656443595886,-1.8774554618921966,70,0.021158218383789062,7817.688472032547,710000,3.7926576137542725,106.57928705215454,-3.233693490326968,3.624562061727723,2.8424952030181885,100,0.00024504395
0.0057457276,103.3127498626709,7.062695171397115,-8.172731118827507,99.05162787437439,-1.1604782095492958,71,0.01930689811706543,7924.428554058075,720000,3.7926127910614014,106.72210907936096,-2.0990698161067427,3.753686087083565,3.3885040283203125,100,0.005869092
0.0031028565,107.86185789108276,7.18216421370464,-6.977006720215967,102.99776101112366,-0.746096721645809,72,0.03743410110473633,8036.478662967682,730000,4.3155553340911865,112.02907395362854,-1.427324689947134,3.748132669354515,4.126744985580444,100,0.003410205
0.0004053833,168.97037410736084,7.48144437796687,-7.766032909141844,164.26239609718323,-0.7067184472021958,73,0.02529120445251465,8208.56523489952,740000,4.168104648590088,172.05817008018494,-1.375420242460503,3.7549069313973398,3.061073064804077,100,-0.0016193115
-0.0016086609,168.33591079711914,6.401186319998003,-8.581028095907545,163.80142879486084,-1.595201288370866,74,0.15007996559143066,8379.720382928848,750000,4.038559675216675,171.13311290740967,-2.7749135106071163,3.9775752136432305,2.6453328132629395,100,-0.0028714112
0.006953113,161.20339679718018,7.208661537765727,-7.418505868878126,156.94855189323425,-0.3939128689983503,75,0.01864790916442871,8544.472046852112,760000,3.8008522987365723,164.72353100776672,-0.8774571198339015,3.6356827921899635,3.5007359981536865,100,0.00732334
-0.016780896,162.02882194519043,7.020386319114544,-8.754958209368937,157.76592755317688,-0.8083351349791243,76,0.022675037384033203,8709.578384876251,770000,3.7990455627441406,165.08607482910156,-1.5569036928706286,3.9649416601412324,3.033578872680664,100,-0.017422784
0.022362066,165.45612382888794,7.565839874010136,-7.857507750769345,161.15804481506348,-1.3370366480735243,77,0.019476890563964844,8877.984097003937,780000,3.843693256378174,168.3823320865631,-2.3755472347174775,3.844606347150506,2.9051456451416016,100,0.02209858
0.01375881,160.9878978729248,5.870668575075729,-7.9025907560574735,156.66207361221313,-0.6579836345760157,78,0.01985907554626465,9041.729843854904,790000,3.768519639968872,163.72289204597473,-1.2898037740930781,3.534665629232221,2.7136809825897217,100,0.013048313
0.017334301,164.343101978302,6.49452090256843,-7.687716681819315,160.12116837501526,-1.2702240307185098,79,0.0224759578704834,9208.794830799103,800000,3.7547802925109863,167.04391503334045,-2.2636502784404895,3.30914012519292,2.676820993423462,100,0.01697199
0.0054975403,170.9194529056549,7.026188890398625,-7.982727166531329,166.5703022480011,-0.9187524282669537,80,0.024796009063720703,9384.041006803513,810000,3.8756420612335205,175.22460913658142,-1.7176567314901643,3.5604795357571484,4.279018878936768,100,0.005268923
-0.018389503,170.2389633655548,5.31360075054852,-8.700209074089175,165.58099150657654,-0.8832083788607328,81,0.0208587646484375,9557.34704375267,820000,4.1660706996917725,173.2736039161682,-1.653248172627745,3.299879865002576,3.0122177600860596,100,-0.018599255
0.00370813,158.3079960346222,5.502020891739176,-7.1980191970588,153.9327836036682,-1.078069072697751,82,0.019748926162719727,9718.746500015259,830000,3.8331503868103027,161.2711479663849,-1.9770588637863817,3.536144115968469,2.941835880279541,100,0.0026524658
-0.0008137573,146.51204800605774,6.593700559153244,-8.686838252316836,142.40007948875427,-1.1271261035227191,83,0.022945880889892578,9868.200367927551,840000,3.664306163787842,149.42957592010498,-2.030121320462969,3.9841124647512802,2.8929238319396973,100,-0.002908264
-0.007775743,152.8005290031433,6.900708671857074,-7.520098934925619,148.64650988578796,-1.0137259295293994,84,0.01982593536376953,10023.796645879745,850000,3.7039742469787598,155.57249879837036,-1.8687155868833591,3.7740279359145656,2.750704765319824,100,-0.00825326
-0.015379837,155.14548802375793,6.412631652447342,-7.707114429435953,151.0294725894928,-0.4230920604861455,85,0.020901918411254883,10181.980844974518,860000,3.6671340465545654,158.16185092926025,-0.928905938848309,3.5183818943803935,2.994053840637207,100,-0.015967874
-0.0021102845,168.06678700447083,5.708222086796236,-8.380816652604981,163.8447027206421,-1.0411409548715078,86,0.02253580093383789,10353.127515792847,870000,3.776759147644043,171.12402319908142,-1.901828794650723,3.488808823600404,3.0332701206207275,100,-0.003661734
-0.018365942,209.54320907592773,6.76741342529888,-8.11113774467245,205.1071813106537,-0.7508714520867703,87,0.07566285133361816,10567.542159795761,880000,3.9514899253845215,214.39037084579468,-1.4322014183591858,3.471004157886972,4.770552158355713,100,-0.018534958
-0.004307782,326.14441871643066,8.212558424066932,-8.197112892180497,320.946093082428,-1.2330560472440704,88,0.08045506477355957,10901.896679878235,890000,4.567764520645142,334.3304398059845,-2.198077686034404,4.018364885962415,8.104201078414917,100,-0.004653367
0.00870105,458.2852621078491,7.574729237909124,-8.943841702366075,452.7345781326294,-1.2573345365709168,89,0.10008811950683594,11366.84419298172,900000,4.9204816818237305,464.9118571281433,-2.2381277796347403,3.889929804409108,6.525196075439453,100,0.008013977
-0.02394745,278.73235392570496,6.599397125712368,-7.92842564770404,274.3013246059418,-0.3588887539546217,90,0.2169477939605713,11649.473012924194,910000,3.9228098392486572,282.59581327438354,-0.8438223911760206,3.7769013318618416,3.645517110824585,100,-0.02486361
-0.00025220946,208.52737402915955,6.224217463556313,-8.027036191726708,204.43154978752136,-1.2708141585980055,91,0.026992082595825195,11861.411973953247,920000,3.615548610687256,211.90834403038025,-2.263198857946085,3.3347876597931756,3.3521180152893066,100,-0.00080394285
0.009203614,186.10189485549927,5.519264126217008,-8.812848002671885,182.17150163650513,-1.8651491218752165,92,0.02772688865661621,12050.880317926407,930000,3.510955572128296,189.44327902793884,-3.2073104297670603,3.7505826227490457,3.3129711151123047,100,0.009191549
-0.0030061402,180.56068015098572,5.510832787985217,-6.9442904499375695,176.70539808273315,-0.6247369748151479,93,0.022291183471679688,12234.283557891846,940000,3.4379310607910156,183.38157176971436,-1.2417659703080528,3.5944147658325423,2.7956831455230713,100,-0.0030963134
-0.017344402,174.89504218101501,6.428033843005709,-9.031448692658408,170.98308753967285,-1.3033927020014744,94,0.02835392951965332,12412.075162887573,950000,3.4915761947631836,177.77046871185303,-2.3225032069954143,3.6943433697029127,2.845794916152954,100,-0.017396832
-0.00023198243,168.49385404586792,8.35891225966848,-8.061125688846662,164.60982131958008,-1.3024295292602142,95,0.03739118576049805,12583.32265496254,960000,3.4550089836120605,171.22646713256836,-2.3188596921976328,3.739730334707507,2.693727970123291,100,-0.0018575562
-0.0030841432,184.83670830726624,6.464919718549727,-8.079969438670515,179.71778082847595,-1.2512705715539267,96,0.0556337833404541,12771.290181875229,970000,3.625094413757324,187.94608116149902,-2.2401199687074262,3.6203511222523654,3.0528810024261475,100,-0.0033473023
-0.005698184,177.88201999664307,7.589542616906315,-7.284648939672005,174.0382993221283,-0.3941542322777656,97,0.027106046676635742,12951.979663848877,980000,3.4212357997894287,180.60973286628723,-0.9071756538463339,3.5735422675336426,2.6987991333007812,100,-0.0061197127
-0.0069103884,179.39627599716187,6.0274202180440275,-7.78704172415278,175.53399848937988,-0.9905827508653414,98,0.020451068878173828,13134.157446861267,990000,3.4328534603118896,182.15729880332947,-1.8220974136846813,3.597658303924371,2.737744092941284,100,-0.007315027
0.00040233156,186.42246079444885,6.1878679708248265,-8.126577765120802,182.59217166900635,-1.5642184607395517,99,0.019768953323364258,13323.447418928146,1000000,3.414093494415283,189.2692859172821,-2.735006047773587,3.740582552900505,2.8175370693206787,100,-0.000120581055
0.015294177,199.1222107410431,5.491580362287672,-7.673321890156928,195.26551365852356,-1.6163869148796177,100,0.021287918090820312,13525.894349098206,1010000,3.4122424125671387,202.42568588256836,-2.8166435896174904,3.2963333614642574,3.278925895690918,100,0.014340439
-0.016174579,198.91240620613098,4.822080326400382,-8.853077579416311,195.09324169158936,-1.6433288389557352,101,0.019243955612182617,13728.155949115753,1020000,3.4044480323791504,202.24135971069336,-2.856607536292115,3.2765260621903236,3.3083510398864746,100,-0.01625029
0.0053132935,207.9952211380005,6.68273667355652,-8.99982817602775,204.08502435684204,-1.1699974919342213,102,0.03246188163757324,13940.632496833801,1030000,3.4391679763793945,212.45509600639343,-2.1227145044318956,3.618101303239586,4.4266650676727295,100,0.004555554
-0.0018290527,215.5114848613739,5.879157259188107,-7.837146802313989,211.59940481185913,-1.481527902248118,103,0.05319499969482422,14159.684566020966,1040000,3.4904744625091553,219.02753734588623,-2.6198506399342416,3.575658123659445,3.4624812602996826,100,-0.0018262451
-0.0011942718,213.53454613685608,7.217317934495583,-8.611675123949503,209.6688733100891,-0.9571812685663694,104,0.020977020263671875,14376.262693881989,1050000,3.4483776092529297,216.54240107536316,-1.7767522029914968,3.7140003153473002,2.985534191131592,100,-0.0014711426
0.0022405884,239.99639916419983,6.1854345252766905,-8.364387798959054,235.92076754570007,-0.8033762661769801,105,0.0327451229095459,14619.427391052246,1060000,3.6169183254241943,243.13065910339355,-1.5209279242759515,3.837673750665749,3.100598096847534,100,0.0021280213
-0.00034056397,209.62185716629028,7.8742639232007,-8.369625639284742,205.73776936531067,-1.344644181306637,106,0.06566500663757324,14832.340379953384,1070000,3.4660816192626953,212.88267993927002,-2.380925137494901,3.634378538842188,3.1947269439697266,100,-0.00088754884
-0.004453168,208.7537660598755,7.634340074714848,-8.274759093788415,204.90674829483032,-1.2228211646498557,107,0.021592140197753906,15045.268176794052,1080000,3.428990364074707,212.90639114379883,-2.2244685363768393,3.9228009026367543,4.130218982696533,100,-0.004944696
0.010471966,250.24415183067322,5.543505323213902,-8.405870450288925,246.36351084709167,-1.142171239608472,108,0.019767045974731445,15299.808500051498,1090000,3.4481706619262695,254.51973390579224,-2.0537978770086993,3.8622440167228262,4.255227088928223,100,0.009992298
0.02471745,208.92768621444702,5.387913442441694,-8.104597677360895,205.08341574668884,-0.890878455163108,109,0.023714065551757812,15511.744221925735,1100000,3.4245569705963135,211.91671586036682,-1.6548251615811582,3.39692712352585,2.964956760406494,100,0.024637926
-0.008933746,209.56499195098877,6.69463937456813,-7.962419576916058,205.67686414718628,-1.266687666149022,110,0.018898963928222656,15724.640347957611,1110000,3.4674038887023926,212.87603402137756,-2.255617570049021,3.6174191991453255,3.2909109592437744,100,-0.010623132
0.0008847046,205.97242712974548,6.04598967697116,-8.770761400532948,202.02722573280334,-0.45150380651057154,111,0.01934194564819336,15933.606041908264,1120000,3.5079550743103027,208.9445457458496,-0.9873176589151348,3.4872199627018388,2.951383113861084,100,0.0002567993
0.011237897,217.67600989341736,7.039376217902835,-8.26175263638382,213.81032156944275,-0.9987139066561806,112,0.026370763778686523,16154.716330051422,1130000,3.4474213123321533,221.08720993995667,-1.8240331651261956,3.965290086094382,3.382465124130249,100,0.009857761
-0.011762524,221.2706139087677,5.804468433688185,-8.25169980772289,217.38847398757935,-1.1608980801807525,113,0.023980140686035156,16379.687654972076,1140000,3.455690383911133,224.94939279556274,-2.082705590711631,3.764465242298517,3.653235912322998,100,-0.012755194
-0.013917651,230.30116319656372,5.56533280519087,-8.24850465196403,226.45751810073853,-1.0813640934076956,114,0.02552509307861328,16613.449224948883,1150000,3.417804479598999,233.73447608947754,-1.9840577861746482,3.3600611486631164,3.4073262214660645,100,-0.01701574
0.021615418,224.98966693878174,7.416190019328919,-8.435012009172912,221.16752457618713,-1.2888687643777124,115,0.019268274307250977,16842.005520820618,1160000,3.4089927673339844,228.5352861881256,-2.3031316984726327,4.152265979609166,3.5259950160980225,100,0.021268994
-0.0098309815,224.17559504508972,6.348849410637528,-6.377142769526423,220.34145998954773,-0.6988619884970076,116,0.0225830078125,17069.763732910156,1170000,3.4042043685913086,227.7375590801239,-1.3580204924523431,3.3508251993926255,3.539005994796753,100,-0.011049099
0.0045240293,233.2613890171051,5.830538380664542,-8.12281974811575,229.38112211227417,-0.8160823930344462,117,0.019557952880859375,17306.53289079666,1180000,3.4581966400146484,236.7478129863739,-1.568438950340809,3.851558073692496,3.4637789726257324,100,0.0044274232
-0.0058487398,215.91695594787598,6.600134461395071,-7.986905685298811,212.05483484268188,-0.9700901889126172,118,0.020665884017944336,17525.7890958786,1190000,3.431148052215576,219.23457670211792,-1.794247673964024,3.773121944137567,3.2945611476898193,100,-0.007851895
0.022844153,208.55804800987244,7.145012117455009,-7.587277673105216,204.7181921005249,-0.7642440373440771,119,0.018735170364379883,17737.479084014893,1200000,3.421518087387085,211.67110300064087,-1.4806789461107188,3.66179721736436,3.092855930328369,100,0.022860534
-0.0004852585,200.72895693778992,5.600495887063923,-8.321574802612233,196.8845570087433,-1.5228548248495568,120,0.020190954208374023,17941.219156980515,1210000,3.404507637023926,203.7193169593811,-2.656926349818448,3.597266020440423,2.9678022861480713,100,-0.0006565506
-0.007818414,203.14673471450806,7.418078845718562,-7.847239221620197,199.17351269721985,-1.1158904130813567,121,0.022443056106567383,18147.207753896713,1220000,3.536240816116333,205.96666312217712,-2.003816512531958,3.9436821221354568,2.796834945678711,100,-0.0083033815
-0.00010364075,187.10126304626465,6.998535222534764,-8.356289934561232,183.20323491096497,-1.3258731992833919,122,0.022313833236694336,18338.054869890213,1230000,3.477555274963379,190.82521224021912,-2.3532976362836293,4.01824654591003,3.701242208480835,100,-0.00036844483
-0.010472888,191.99882292747498,5.307804535119551,-8.264294633903164,188.1741681098938,-1.1552095258219743,123,0.020493030548095703,18533.047955036163,1240000,3.4046387672424316,194.9715530872345,-2.0930646778074675,3.937150404679883,2.9444580078125,100,-0.011235828
0.004101868,202.23491597175598,6.40521722381163,-7.420632963852384,198.39533400535583,-1.439302772767634,124,0.019829273223876953,18738.55072402954,1250000,3.4089527130126953,205.48132300376892,-2.5376455123047266,3.8284347508743846,3.224153757095337,100,0.002661496
-0.0057872375,207.12349796295166,7.276906930529657,-9.77433382278825,203.1911747455597,-0.9686461175805096,125,0.020830154418945312,18948.92856502533,1260000,3.5018770694732666,210.35640287399292,-1.7891029736513784,4.184018107233335,3.210618257522583,100,-0.005802356
-0.013233154,215.34792709350586,6.9936930151866115,-7.059607174854783,211.51738619804382,-0.5772992436451985,126,0.021810054779052734,19167.44093489647,1270000,3.4070589542388916,218.49162912368774,-1.183980901154414,3.4000537041303653,3.119931936264038,100,-0.01322948
0.0031801758,229.925940990448,6.887723165330294,-8.925073340538281,226.01491570472717,-0.5931010999417274,127,0.019504785537719727,19400.679188013077,1280000,3.4889795780181885,233.18600797653198,-1.2082005355907497,3.820899739179212,3.238919973373413,100,0.002362439
-0.006928003,229.06633019447327,6.006388854362742,-8.52032294854004,225.227924823761,-0.832201261595807,128,0.018993139266967773,19633.262512922287,1290000,3.4213063716888428,232.5618450641632,-1.563642912351415,3.9376336165837174,3.4751217365264893,100,-0.006806665
-0.0036403504,233.660795211792,5.690907365881676,-8.17787206032723,229.84274816513062,-0.9758046677514643,129,0.01804208755493164,19871.022656917572,1300000,3.399097442626953,237.73797512054443,-1.7972197833308075,3.6927253944297087,4.05864405632019,100,-0.0045399047
0.010785633,248.2584948539734,5.989294852052727,-6.666232395799797,244.251624584198,-0.41883396588890726,130,0.1707448959350586,20123.315204143524,1310000,3.544736385345459,252.2713086605072,-0.9252914415159484,3.464426780479397,3.836987018585205,100,0.010521997
0.007969019,234.1591989994049,6.628931084288597,-7.870087176413176,230.30445194244385,-1.0823015389530128,131,0.021769285202026367,20361.173393964767,1320000,3.4290308952331543,237.82559394836426,-1.9752407540949244,3.5109303302214627,3.640285015106201,100,0.0074946047
0.01157545,226.94080114364624,6.342203479614736,-8.93904796708877,223.08745670318604,-1.122723815192068,132,0.021821975708007812,20591.444551944733,1330000,3.4297549724578857,230.24770998954773,-2.019614831299829,3.838713034834457,3.284580707550049,100,0.011141849
-0.0026693847,218.41729497909546,5.797917171800062,-7.840920755438224,214.42140293121338,-1.243209973306123,133,0.019220829010009766,20813.088303804398,1340000,3.5718159675598145,221.62348413467407,-2.2292083695730645,3.8333260016929986,3.186471939086914,100,-0.0026315034
0.0101606045,208.99805402755737,6.377428900165844,-8.131134941554981,205.1070110797882,-0.6835657478790246,134,0.02000713348388672,21025.305011987686,1350000,3.4548373222351074,212.1953887939453,-1.3430709173449003,3.5386326694564483,3.1739912033081055,100,0.0100819245
0.016575757,203.5954110622406,5.699773272701637,-8.169567527412804,199.71004390716553,-1.5324804682639053,135,0.019642114639282227,21232.07049703598,1360000,3.456897735595703,206.74481391906738,-2.6799345767543254,3.6059630400473814,3.1284990310668945,100,0.016102405
0.0013353943,192.17753291130066,5.178632004266112,-8.529204892125637,188.29800724983215,-1.1081112321426523,136,0.019855737686157227,21427.483630895615,1370000,3.4535880088806152,195.3894248008728,-2.022047728607896,3.990926567064463,3.1904749870300293,100,0.00087424315
-0.0042380556,189.90245604515076,6.52562013953228,-8.4687771600667,186.00382113456726,-1.4487402616474068,137,0.02022409439086914,21620.612356185913,1380000,3.473952293395996,193.10720086097717,-2.548620115545286,3.696356520341333,3.182785987854004,100,-0.004930017
0.003629512,192.0201930999756,5.7048263660652,-7.973750701369058,188.1246190071106,-0.6498786075203173,138,0.022504329681396484,21815.494146108627,1390000,3.468766927719116,194.86069011688232,-1.2931907004005245,3.5220814650204684,2.8164820671081543,100,0.001477034
0.008608783,194.8497679233551,7.217155058817617,-8.240629055190489,191.03508067131042,-1.1345334004952052,139,0.022625207901000977,22013.461468935013,1400000,3.400219678878784,197.94576907157898,-2.063788504485905,3.7819334941573812,3.0728750228881836,100,0.007813525
-0.0009827088,199.71302103996277,6.163412623099253,-7.357155493832744,195.8572075366974,-0.6805858419190324,140,0.019819974899291992,22216.251403093338,1410000,3.416248083114624,202.76708722114563,-1.3360685357884257,3.435103595267293,3.032633066177368,100,-0.00092171633
-0.003052069,205.9347107410431,6.878063802331762,-8.51780568686307,202.12263464927673,-0.711183979557132,141,0.029938220977783203,22425.995834827423,1420000,3.3951168060302734,209.72405409812927,-1.39387866065101,3.949045210412086,3.7580368518829346,100,-0.004231152
0.002699481,213.2381980419159,4.451090790731304,-8.642255879953424,209.3923749923706,-1.4398684505784294,142,0.0189058780670166,22642.96015906334,1430000,3.42876935005188,216.94389009475708,-2.541229093898327,2.9262980403805003,3.6852478981018066,100,0.002361432
0.0050232667,225.14507508277893,6.086520377130827,-8.404276190114635,221.2996702194214,-1.4872515258085661,143,0.02036595344543457,22871.619245052338,1440000,3.4252421855926514,228.63648915290833,-2.618439953740172,3.583494206679297,3.4692349433898926,100,0.0033251222
0.014033313,228.90159797668457,6.470379981519771,-8.932387968120377,225.02530884742737,-1.2899533425475198,144,0.0245358943939209,23104.237154006958,1450000,3.4574718475341797,232.5960099697113,-2.3009310766652247,3.6897339268607476,3.6668550968170166,100,0.014016015
-0.00873667,225.35125517845154,7.413814987698688,-7.987229944967173,221.521333694458,-1.1203152992239231,145,0.019286155700683594,23334.025449037552,1460000,3.41084361076355,229.76720786094666,-2.0451694077359655,3.7860635344277984,4.394908905029297,100,-0.009487293
-0.00875512,221.79333591461182,6.244165572269541,-8.970512278320623,217.8673918247223,-1.4702245700584444,146,0.02071213722229004,23559.100707769394,1470000,3.5060012340545654,225.05589485168457,-2.587923113914919,3.9484851492055357,3.240381956100464,100,-0.008624884
0.0030404297,210.1631579399109,6.158659849976286,-8.71646206638755,206.34473848342896,-0.7435214314252871,147,0.024801015853881836,23772.687769174576,1480000,3.39247465133667,213.56591606140137,-1.4290999796569934,3.7352513618697545,3.377516031265259,100,0.0025004882
-0.017784521,208.53408002853394,6.573146678391787,-7.872750863372953,204.60883903503418,-0.870592976604887,148,0.01935100555419922,23984.362508058548,1490000,3.508124589920044,211.6538209915161,-1.6479670537422726,3.7197500355051836,3.099090814590454,100,-0.019482147
-2.232361e-05,205.07452011108398,7.8306846220344175,-7.296119401206444,201.22931146621704,-0.8799175874459383,149,0.08603978157043457,24192.616208791733,1500000,3.430255889892578,208.2323760986328,-1.6448855359567227,3.7936772589424685,3.0704121589660645,100,-0.0014399048
0.0067621614,211.0519881248474,6.3900044945853685,-8.679305972189075,207.21206951141357,-1.347410473097747,150,0.02007007598876953,24408.187354803085,1510000,3.420154571533203,215.55233120918274,-2.3915116656742814,3.6373508016906846,4.4788658618927,100,0.0053247726
-0.011698343,218.5139820575714,5.363143197040761,-8.481104969050966,214.6318929195404,-0.646258007927851,151,0.020472049713134766,24630.334084033966,1520000,3.4577250480651855,222.12693572044373,-1.2921692956899153,3.518311903094575,3.591048240661621,100,-0.012601819
-0.001725238,222.97470688819885,6.476508432547796,-8.919541483207402,219.15956830978394,-1.2703967740375193,152,0.04910683631896973,24857.32523703575,1530000,3.402092456817627,226.96995997428894,-2.2558325205402388,3.8697833338322623,3.944828987121582,100,-0.0027380737
0.0009906738,216.59696173667908,6.91714818149723,-8.002004625947462,212.74063348770142,-0.7776817921686934,153,0.025346994400024414,25077.740888118744,1540000,3.4364466667175293,220.3904731273651,-1.5012090874539559,3.813150064025766,3.766713857650757,100,0.00064228516
0.002158557,215.17661595344543,6.593555922681761,-7.629419542728267,211.32833886146545,-0.9296965722889837,154,0.030162811279296875,25296.369577884674,1550000,3.4287219047546387,218.5802412033081,-1.7270805752119716,3.526034380443004,3.3718149662017822,100,0.0018349976
-0.012071277,214.04342913627625,6.358951511629193,-7.6746890626657205,210.16593265533447,-0.629940693359814,155,0.0193331241607666,25514.01794409752,1560000,3.4592602252960205,217.627516746521,-1.2607873018638645,3.6998157792695623,3.563359022140503,100,-0.012045179
-0.017169068,204.19499921798706,7.985653912450213,-7.522687596278694,200.28272485733032,-1.4090890283575535,156,0.023235082626342773,25721.132764816284,1570000,3.4897074699401855,207.05258202552795,-2.484885319360118,3.6460092535944773,2.830770969390869,100,-0.017380603
-0.0019691223,217.3744068145752,6.139783062989962,-7.223917790982809,213.474125623703,-1.085588024525395,157,0.020919084548950195,25941.488440036774,1580000,3.476379632949829,220.33677887916565,-1.9907798992954528,3.354334792943473,2.9396588802337646,100,-0.003303253
-0.004414389,215.04402613639832,6.701715291506459,-8.100096680245075,211.22692680358887,-0.6163233028790288,158,0.019908905029296875,26160.319472789764,1590000,3.3982625007629395,218.81029295921326,-1.240100399330774,3.5539614569049593,3.7449800968170166,100,-0.004840024
0.0066102906,215.17887210845947,7.257822468719669,-9.603790522266374,211.29779314994812,-1.6066890789607098,159,0.12136411666870117,26379.188955783844,1600000,3.4436776638031006,218.84745812416077,-2.786419767262746,3.9707922550291785,3.5457868576049805,100,0.004373157
0.010623896,211.47532391548157,5.454846730811313,-8.489534744234064,207.6232511997223,-1.0953182978746405,160,0.022249937057495117,26594.09340786934,1610000,3.4295408725738525,214.8845250606537,-1.9871174482891463,3.7828555167362508,3.3865878582000732,100,0.008157575
0.011280762,203.85939002037048,6.991059369545238,-8.796262749077608,200.0430450439453,-1.2475666399442358,161,0.0240480899810791,26801.812664031982,1620000,3.399587869644165,207.69898104667664,-2.2222325899497166,4.087267291855934,3.8139750957489014,100,0.011334503
-0.017523829,204.7718677520752,5.94391394289027,-8.32828336945935,200.92973113059998,-1.3677756243240642,162,0.0625147819519043,27011.391807079315,1630000,3.4281487464904785,209.55741691589355,-2.42010946796873,3.6520597979843754,4.722186088562012,100,-0.01771914
0.015146643,223.86265778541565,7.137767092781961,-8.228311184517032,219.95651745796204,-0.5771023967455815,163,0.1376509666442871,27238.65957093239,1640000,3.451042413711548,227.24763703346252,-1.2007017516572822,3.9062221237680252,3.245568037033081,100,0.014321093
-0.0013092911,217.30887818336487,6.0638735010578095,-8.033477237348048,213.45885109901428,-0.7759906883929566,164,0.020617961883544922,27459.58786201477,1650000,3.430950880050659,220.90626215934753,-1.5049969544033797,3.8204285492730152,3.5753579139709473,100,-0.001525
-0.0018096191,212.76422214508057,5.818105641333788,-8.17636772953157,208.92445278167725,-0.9460328435667581,165,0.01815485954284668,27676.43158197403,1660000,3.424179792404175,216.82207679748535,-1.7574158504678932,4.014267837621355,4.0390801429748535,100,-0.002350586
0.00023505249,228.09980988502502,6.045440011132722,-7.565613169895912,224.21665000915527,-1.10621436703862,166,0.018243789672851562,27908.89776110649,1670000,3.4634835720062256,232.44378995895386,-2.010936092180625,3.637232889949783,4.32408595085144,100,-0.00039520263
-0.008557415,204.87335085868835,7.434944580884555,-8.45664092773012,201.01473259925842,-1.3045623339714185,167,0.019403934478759766,28116.886272907257,1680000,3.4428627490997314,207.96652007102966,-2.309077100962691,3.8037174531860063,3.072421073913574,100,-0.009041629
0.014804364,198.52143096923828,7.42221685106372,-7.490967234090214,194.66432690620422,-0.7583432625683605,168,0.017969846725463867,28319.63057899475,1690000,3.4409024715423584,202.72330284118652,-1.473931728136177,3.8287027170949766,4.182474851608276,100,0.012964423
-0.019528754,196.30011796951294,5.809567632419694,-8.726964216961113,192.4673089981079,-1.0470756337969496,169,0.021968841552734375,28522.33706498146,1700000,3.4063339233398438,202.68374013900757,-1.8937821717270373,3.7460559621969636,6.360200881958008,100,-0.0195211
0.003886328,194.65478706359863,6.630580752302311,-7.125148461853199,190.82280850410461,-0.8470348141124918,170,0.018403053283691406,28722.011609077454,1710000,3.4145829677581787,199.6521828174591,-1.6106363652504356,3.749823129080043,4.976885080337524,100,0.0038179748
0.0053664185,208.97969007492065,6.925961023272253,-8.224578889557673,205.02946066856384,-1.3516785273917247,171,0.020570755004882812,28936.220320940018,1720000,3.5169053077697754,214.18973803520203,-2.380808859271779,3.6365448255906063,5.18800687789917,100,0.0042012846
0.0038478393,203.3828489780426,6.166132368682769,-7.477255740467246,199.55292677879333,-0.662191247430545,172,0.0189969539642334,29143.44807100296,1730000,3.3936750888824463,207.209086894989,-1.3107080956802526,3.7050616717969747,3.8068699836730957,100,0.00287829
0.0028076111,209.98099517822266,6.889261538940609,-8.741730883563664,206.13405752182007,-1.6932580058699744,173,0.025377988815307617,29357.124562978745,1740000,3.4343314170837402,213.65671706199646,-2.957968517873844,3.7651238308162833,3.6499059200286865,100,0.0028668884
-0.0070315367,208.22944593429565,7.82088678708871,-8.52533882760407,204.4028389453888,-0.1927204911873098,174,0.019854068756103516,29569.094680070877,1750000,3.4003331661224365,211.94086456298828,-0.5810298742283635,3.9417671883399823,3.691164970397949,100,-0.008124493
-0.0012910644,203.33016395568848,6.683789148323398,-7.5476075726405805,199.47054624557495,-1.1439338908424943,175,0.019241809844970703,29776.843630075455,1760000,3.4444661140441895,207.72859287261963,-2.0767388632948713,3.668670618129301,4.377776861190796,100,-0.00249812
0.006344452,201.152517080307,6.783561857833492,-8.1030274065696,197.29715609550476,-0.5699133871077384,176,0.018659114837646484,29980.883804798126,1770000,3.4342939853668213,204.02150201797485,-1.1790984647219604,3.690248036508928,2.8490521907806396,100,0.006061609
0.011819086,200.68829917907715,7.034531005436633,-6.825216623547933,196.80381321907043,-0.6906151440611041,177,0.020043134689331055,30184.21417093277,1780000,3.473086357116699,203.30920696258545,-1.3623990516139912,3.6169525206790505,2.599025011062622,100,0.009895965
-0.00502301,197.94298601150513,6.285825843647097,-7.807695590375465,194.12064218521118,-1.1906455064463766,178,0.01850104331970215,30385.39408493042,1790000,3.3922228813171387,201.15553092956543,-2.1380155827285563,3.723210094897832,3.191049098968506,100,-0.00472948
0.0074224123,196.4043252468109,6.317656434674208,-7.50465596846772,192.55350303649902,-1.0144747935688587,179,0.01971578598022461,30584.88000679016,1800000,3.4317662715911865,199.4645390510559,-1.8766298046142436,3.559683078239501,3.038809061050415,100,0.0069971923
-0.0033822998,186.873432636261,7.36286262268301,-8.024799439090835,183.03875064849854,-0.8922072873310737,180,0.019540071487426758,30775.012645959854,1810000,3.4178428649902344,190.11367297172546,-1.689970014218938,3.750782943743783,3.2174930572509766,100,-0.004156897
-0.0069612856,195.50508284568787,5.231296620064174,-9.042886204778682,191.59614300727844,-0.8129370632839494,181,0.01970195770263672,30973.469138860703,1820000,3.486813545227051,198.43445992469788,-1.5295204081095575,3.644949720889872,2.90811824798584,100,-0.0071867066
-0.0014447632,188.43268275260925,5.241170420107426,-8.668007473730896,184.58057308197021,-0.982937772488985,182,0.019454002380371094,31164.49568295479,1830000,3.431352138519287,191.0059051513672,-1.836233585602062,3.5939358587834453,2.5510571002960205,100,-0.0018777244
-0.0062726927,185.80845093727112,5.831374737877446,-8.017005150466906,181.87043404579163,-1.1509626779820004,183,0.018624067306518555,31353.651344776154,1840000,3.48897647857666,189.13305282592773,-2.079898710291225,3.6170518436111925,3.3053719997406006,100,-0.006209326
0.011089222,221.71900272369385,6.379571141135152,-8.246455828396916,217.5388331413269,-1.3520303917081302,184,0.019665002822875977,31578.090934991837,1850000,3.7336652278900146,224.41831803321838,-2.407034682012826,3.6757232571314384,2.661699056625366,100,0.01041637
0.0020226075,215.515389919281,6.135613539060071,-8.038754341156642,211.42293977737427,-1.378624206957833,185,0.020676851272583008,31796.511665821075,1860000,3.643864393234253,218.36932611465454,-2.4634339263268994,3.5236905417408426,2.8317248821258545,100,0.0019471679
0.009548328,180.45997881889343,6.513106692140609,-8.700097412501252,176.5610053539276,-1.3954231333155074,186,0.019165992736816406,31979.400182962418,1870000,3.4715874195098877,182.86589527130127,-2.4603787057475093,3.731573404143036,2.3863298892974854,100,0.009343726
-0.00192612,179.74485301971436,6.005161319517146,-7.858245411801049,175.84979629516602,-1.0063727806727267,187,0.020725011825561523,32162.396015882492,1880000,3.475440740585327,182.97496700286865,-1.859578609414156,3.8766298662135146,3.209019184112549,100,-0.002318335
-0.0019505798,177.09534215927124,6.041505978009224,-8.227828997521717,173.25712871551514,-1.174022126391724,188,0.018566131591796875,32342.377519845963,1890000,3.419358253479004,179.96117401123047,-2.147634272882782,3.745231001539442,2.845906972885132,100,-0.0019396546
-0.0035747925,175.23403310775757,5.670115380952903,-7.550571560632621,171.38590598106384,-1.2498649616614237,189,0.017120838165283203,32521.02552509308,1900000,3.4215312004089355,178.62720322608948,-2.231218977442207,3.4603686714928332,3.3748180866241455,100,-0.0038811401
-0.0004418274,173.45984411239624,6.679650230713945,-8.310137200547434,169.6116282939911,-1.0545152729467868,190,0.019782066345214844,32697.194769859314,1910000,3.4296579360961914,176.14680194854736,-1.9429413894248235,3.799891035665153,2.665738105773926,100,-0.00043782959
0.011054181,168.1012749671936,6.030208482898408,-7.410231451036718,164.12309384346008,-0.5389066516479654,191,0.02577996253967285,32868.83888101578,1920000,3.551917314529419,171.62350511550903,-1.1383905092558286,3.8346550350779447,2.98809814453125,100,0.010816504
0.00042010497,153.39516425132751,5.838977330227855,-8.003909195653218,149.54653668403625,-1.0360063118571872,192,0.023586750030517578,33024.586007118225,1930000,3.429178237915039,155.72376418113708,-1.9128066398187369,3.588002065721009,2.3046329021453857,100,-0.0005305786
0.0014540955,147.54620599746704,6.6198179339336,-8.423709939562256,143.61699724197388,-1.0237462421507069,193,0.01935577392578125,33174.942225933075,1940000,3.504420757293701,150.33632683753967,-1.8766701239996681,3.8899779959357206,2.7690181732177734,100,0.00087702635
0.021465661,132.11201310157776,6.983336153649823,-8.736772240786912,128.19921016693115,-0.9384590892575504,194,0.018803834915161133,33309.60948610306,1950000,3.491372585296631,134.6461000442505,-1.7476271060961943,3.829661850874056,2.513673782348633,100,0.019853808
-0.0041105347,113.9114317893982,6.27656097223546,-8.879179343663012,109.96443557739258,-1.3472175391492451,195,0.019169092178344727,33425.94113492966,1960000,3.5221595764160156,116.30983686447144,-2.3902504425702755,3.377348507550199,2.3788490295410156,100,-0.0050382903
0.0049570436,101.3274450302124,6.13923404448891,-8.138251156490387,97.34216547012329,-1.3250660465855268,196,0.027018070220947266,33529.48247504234,1970000,3.5274534225463867,103.52088809013367,-2.3547832800230806,3.5562850555027654,2.165955066680908,100,0.004060022
0.013021558,103.68022894859314,6.397947587855968,-8.149725503064724,99.66947054862976,-0.7356310790833496,197,0.018383026123046875,33635.703608989716,1980000,3.569265842437744,106.19869184494019,-1.4159055197685633,3.863943951335666,2.498798131942749,100,0.012341138
-0.009053363,105.80165410041809,6.010060032388299,-8.042284831783173,101.78240180015564,-0.944058621991409,198,0.019598960876464844,33744.03165388107,1990000,3.5886669158935547,108.29030728340149,-1.7736812192498261,3.774279740282462,2.467205047607422,100,-0.00915874
0.0012090149,99.208988904953,6.7554350942883765,-8.362201500929833,95.37007355690002,-0.9573535542289953,199,0.03757810592651367,33845.40296602249,2000000,3.4190025329589844,101.34865498542786,-1.764876939962814,3.72054303134784,2.101327896118164,100,0.0009326019
0.0015838135,95.05688977241516,5.20060352960335,-8.104416389190453,91.22209072113037,-1.1365966506261014,200,0.019891023635864258,33942.656651973724,2010000,3.4162514209747314,97.23359084129333,-2.0501222231689953,3.7918890676172374,2.156416177749634,100,0.0002182129
0.020193487,100.48560523986816,6.698839553212736,-8.329090579964848,96.63150000572205,-0.8367375057879108,201,0.045393943786621094,34045.51132297516,2020000,3.435898542404175,102.83336091041565,-1.6005234689324448,4.062130143956014,2.298335075378418,100,0.019833118
0.0034294524,96.88651490211487,6.619498341066411,-8.454760516614765,93.01084351539612,-0.9045350515656086,202,0.018810749053955078,34144.82033586502,2030000,3.4302597045898438,99.28763198852539,-1.683904223282912,3.5132053319643424,2.3807029724121094,100,0.002739102
0.0070637907,95.33174705505371,6.288057999812393,-8.517233843122181,91.46642851829529,-0.7175127015586312,203,0.01756429672241211,34243.144601106644,2040000,3.4473676681518555,98.3021399974823,-1.4015038104905637,3.5446317266282326,2.951310157775879,100,0.006304486
0.010967138,95.84665703773499,5.79189850804805,-8.784018346443707,91.95906829833984,-0.9921781446856073,204,0.018478870391845703,34341.00296711922,2050000,3.4623801708221436,97.8362820148468,-1.8297324144968392,3.6525169796298442,1.96964693069458,100,0.009674366
-0.0026845094,95.18243408203125,6.5812090254933775,-7.806229988449474,91.29524087905884,-0.6759636885256967,205,0.020314931869506836,34438.435560941696,2060000,3.4640960693359375,97.41167211532593,-1.3254348597296706,3.551457826162878,2.207185745239258,100,-0.0041325684
0.008137318,90.17083692550659,6.110045874130746,-7.894139464322558,86.28375458717346,-0.7029963741194848,206,0.019940853118896484,34530.79139685631,2070000,3.464139461517334,92.33232879638672,-1.3752400363228139,3.7478348485186115,2.1411118507385254,100,0.006175324
-0.021105517,88.0856351852417,5.275490070375065,-7.678050404833739,84.2050347328186,-0.9930735721768545,207,0.02101302146911621,34622.18159890175,2080000,3.455744504928589,91.36930108070374,-1.8470283796586335,3.885074559049742,3.262223720550537,100,-0.022649707
-0.0005198242,86.41424322128296,5.932783253361502,-8.599057783164653,82.56256890296936,-0.9157021596076416,208,0.022808074951171875,34710.76506900787,2090000,3.4310731887817383,88.5630419254303,-1.703120106145162,3.7014831711557212,2.1256332397460938,100,-0.0007861572
0.005739624,86.83282208442688,5.317686615859685,-8.042480119063985,82.98988699913025,-1.2686602133451916,209,0.020753860473632812,34799.77234005928,2100000,3.4222521781921387,88.98646306991577,-2.291361618245655,3.5677117226615946,2.1325268745422363,100,0.0055275694
0.003664836,86.65921688079834,6.420340963664661,-9.229016064007716,82.78243231773376,-0.9769002011364618,210,0.01840996742248535,34888.58054494858,2110000,3.4604218006134033,88.78774213790894,-1.8121153760545683,3.4299935880332955,2.108755111694336,100,0.0034358979
0.002922345,86.42067790031433,6.795623260210542,-8.707663753128855,82.52279472351074,-0.6219532457367901,211,0.01801300048828125,34977.057874917984,2120000,3.477246046066284,88.45651721954346,-1.2351519780153672,3.7327432619103273,2.0173587799072266,100,0.0024997192
0.0009326599,84.044517993927,6.633428438634649,-9.16938828432463,80.16012263298035,-1.75097478787062,212,0.020313262939453125,35063.210357904434,2130000,3.4607088565826416,86.13176488876343,-3.0277403454567957,3.813127095443723,2.065586805343628,100,0.0004664673
-0.019903736,82.04344606399536,5.705633008555157,-8.231489400984714,78.16334223747253,-1.8191187870825178,213,0.026787996292114258,35147.21391582489,2140000,3.453415870666504,83.9821388721466,-3.1473198738113597,3.6417313558114186,1.9099690914154053,100,-0.020022716
0.000558313,81.7191710472107,6.152606462976334,-8.603453824364196,77.85196042060852,-0.5336198197497338,214,0.02102518081665039,35230.886044979095,2150000,3.446265459060669,83.65172100067139,-1.1095035207530157,4.132049663465427,1.9101858139038086,100,-0.0017635986
0.014323706,83.14797520637512,6.457685428257067,-8.465808036562336,79.30685758590698,-0.8380155126213031,215,0.018722057342529297,35316.0009200573,2160000,3.4091718196868896,85.09417796134949,-1.5991722161924415,3.6621191785505025,1.9270689487457275,100,0.013899475
0.008686517,86.6716148853302,6.779961606000364,-8.726597878029889,82.7343864440918,-1.2593743210229305,216,0.01912403106689453,35406.32729911804,2170000,3.518970489501953,90.30614423751831,-2.2442768513375038,3.625566426261925,3.6148698329925537,100,0.007341095
-0.007219495,87.57340478897095,6.868669381628222,-8.077413590790561,83.71945309638977,-0.3311823554571802,217,0.02124500274658203,35496.03062391281,2180000,3.4322750568389893,89.67553114891052,-0.7736706798070985,3.791860430572423,2.080386161804199,100,-0.0070541627
-0.0056361086,87.44212794303894,6.257236522645192,-8.104082919840224,83.57819867134094,-1.0374066779231574,218,0.01924300193786621,35587.01524090767,2190000,3.446993112564087,90.96457099914551,-1.914122063323606,3.6910208260167034,3.501708984375,100,-0.0065413755
-0.028827496,84.515958070755,6.523591724566539,-9.277289613567675,80.66345858573914,-0.44434193413895323,219,0.019779682159423828,35673.69179391861,2200000,3.4336602687835693,86.65620994567871,-0.9570955894055885,3.8143760157898594,2.1200990676879883,100,-0.030245865
0.010800818,87.73056626319885,6.701301507310884,-7.649557811638103,83.82174372673035,-1.0786874033390772,220,0.27458691596984863,35763.92006611824,2210000,3.4874331951141357,90.2075080871582,-1.9572740522816678,4.065069991503142,2.2019667625427246,100,0.009674804
-0.008233844,88.64420413970947,6.2930593034233215,-7.967505547342788,84.76124906539917,-1.1715636933924265,221,0.019844770431518555,35854.771605968475,2220000,3.4528417587280273,90.82856273651123,-2.1118280979323525,3.5976812247032717,2.164123296737671,100,-0.009083984
0.0016755249,88.69926118850708,4.899518667640821,-8.378369506477425,84.79640173912048,-1.1886532236351033,222,0.027645111083984375,35945.84875488281,2230000,3.4836387634277344,91.05654406547546,-2.1392453113543892,3.6788483216628287,2.329285144805908,100,0.0008900055
0.0014631958,91.7178680896759,5.850173511576292,-8.501871181212383,87.8608660697937,-1.1616197451901413,223,0.019815921783447266,36039.73954510689,2240000,3.4302825927734375,93.86978578567505,-2.0978831519614696,3.930085983606283,2.1307270526885986,100,0.0005660523
-0.006795189,92.3247549533844,5.8264111350136405,-7.992195457772861,88.4773302078247,-0.9003523430906182,224,0.018802881240844727,36134.090956926346,2250000,3.4270384311676025,94.32996797561646,-1.7090871440649105,3.507413500222019,1.984975814819336,100,-0.008846901
-0.0092677,97.26923489570618,6.28122551902909,-8.286528766279003,93.39758706092834,-1.134690365704879,225,0.019901037216186523,36233.822518110275,2260000,3.4547488689422607,99.70968317985535,-2.0578513633229387,4.118401295531192,2.4190280437469482,100,-0.011410357
-0.02293443,95.47926092147827,7.630258266315066,-7.929580978271731,91.65563702583313,-0.8483011940681371,226,0.018819093704223633,36332.40666484833,2270000,3.404891014099121,98.56259202957153,-1.583758743438187,3.545425945708812,3.063868999481201,100,-0.023404254
0.017100135,97.10857915878296,5.802430138140032,-8.679782485656181,93.1209044456482,-0.9817316184480777,227,0.020113229751586914,36432.27260994911,2280000,3.571467876434326,99.84655618667603,-1.8050555232867975,3.7380120644633847,2.716392993927002,100,0.016598962
0.023947896,101.01282477378845,5.389250288521721,-8.908568826303924,97.12969279289246,-0.9765517607842539,228,0.019501924514770508,36535.46966409683,2290000,3.4493160247802734,103.17469000816345,-1.8034975920712366,3.805613619282824,2.1390011310577393,100,0.023440339
-0.0011044433,100.84237432479858,7.79076613675319,-8.177923643393815,96.9915406703949,-1.0517407053678158,229,0.026211977005004883,36638.88702702522,2300000,3.4309589862823486,103.38511490821838,-1.9107733402847507,3.522054009682758,2.5158321857452393,100,-0.0021565247
-0.010337146,105.76730799674988,6.092015465794522,-8.662369806874484,101.8770318031311,-1.2621246067921177,230,0.019604206085205078,36747.05117106438,2310000,3.473034381866455,108.14474391937256,-2.232595526983237,3.638614569794772,2.357290029525757,100,-0.011328418
0.0061504394,101.48302388191223,6.527859050810943,-7.449544570908299,97.64913535118103,-1.0096183672627927,231,0.018840789794921875,36850.898855924606,2320000,3.4146018028259277,103.82711410522461,-1.859193863470378,3.601895294827567,2.3235552310943604,100,0.006195752
-0.010072431,99.44443607330322,6.37398847022803,-8.84564343831331,95.55747270584106,-1.6872874760166807,232,0.03836536407470703,36952.608067035675,2330000,3.4633214473724365,101.6877121925354,-2.915993154850873,3.614542066071495,2.2042880058288574,100,-0.010848944
0.0012267822,105.71511602401733,6.008618166199852,-8.151423248040723,101.85951328277588,-1.3775694732875123,233,0.022060632705688477,37060.935384988785,2340000,3.4286060333251953,108.30285501480103,-2.428051286765672,3.562839906145725,2.5642738342285156,100,0.00014294434
-0.00040959474,134.36608409881592,7.720620917836142,-7.290470350957846,130.39395022392273,-0.5896631580561089,234,0.018390893936157227,37197.5495429039,2350000,3.5529403686523438,136.5920011997223,-1.1906838234402837,3.4884347273490874,2.1884326934814453,100,-0.0022295136
0.007048566,105.93207716941833,6.114225294108983,-7.417338455760461,102.10862064361572,-1.154422136468699,235,0.058470964431762695,37306.4728178978,2360000,3.4059133529663086,108.89656686782837,-2.070781548912792,3.6413182539648563,2.8504371643066406,100,0.0059500732
-0.0017554688,106.06347227096558,7.0039626145289215,-7.9945164374066735,102.20388555526733,-0.648819938206677,236,0.020818710327148438,37414.93919801712,2370000,3.406358480453491,108.44650793075562,-1.2655130929865905,3.927745927930195,2.3618390560150146,100,-0.0027329437
0.0054891114,105.41209387779236,5.300934622879771,-8.063732447057253,101.59532070159912,-0.8577605741798615,237,0.018944978713989258,37522.629094839096,2380000,3.400524854660034,107.66886711120605,-1.6295946010900777,3.4788772904304346,2.2374987602233887,100,0.004394824
-0.018231995,108.13688588142395,7.406998581518035,-8.220699293120079,104.22417569160461,-0.9011303253221373,238,0.05628013610839844,37634.823629140854,2390000,3.4958834648132324,112.17308306694031,-1.6707346389504452,3.91809574394555,3.9795589447021484,100,-0.019415777
0.019575449,108.13946485519409,5.8113709128086635,-8.365100812527684,104.25308203697205,-0.6852568723336918,239,0.01908397674560547,37746.72372889519,2400000,3.465392589569092,111.85557985305786,-1.3487646430962072,3.826417323624467,3.6966490745544434,100,0.019156385
0.003996628,107.97265911102295,5.560580472374561,-8.255928405545424,104.13614273071289,-0.9781142230287712,240,0.018748998641967773,37857.10173583031,2410000,3.4157192707061768,110.35894083976746,-1.8102489891656217,3.4794076655263617,2.3671319484710693,100,0.0039782394
0.014968091,113.2489926815033,7.819766828818771,-8.07311589698859,109.39978694915771,-0.9188157192533062,241,0.02792501449584961,37973.05120110512,2420000,3.4265894889831543,115.92902493476868,-1.69684848740284,3.5724915036542146,2.6517138481140137,100,0.0120196715
-0.021986663,111.80853605270386,7.706828939089668,-8.694084865651785,108.01750826835632,-0.4274261960464612,242,0.019579172134399414,38087.701712846756,2430000,3.3694353103637695,114.62595582008362,-0.9510658495532861,3.9255265073557166,2.7974908351898193,100,-0.022344636
-0.014066436,109.92462205886841,6.593602597916743,-8.416101345382563,106.00386905670166,-0.9855794285838274,243,0.02147984504699707,38200.55837893486,2440000,3.4633185863494873,112.83594918251038,-1.8143867237654185,3.402432144602729,2.888190984725952,100,-0.01420661
0.004467276,112.97860622406006,7.49967215492251,-6.983340060089758,109.05102014541626,-0.8479615302216068,244,0.01977396011352539,38316.7064769268,2450000,3.509657859802246,116.12696433067322,-1.6271795285607238,3.462862781924768,3.128207206726074,100,0.0035148223
0.009584439,108.86627984046936,6.69720789401188,-8.703082154115064,105.0366940498352,-1.0454107243268786,245,0.02012801170349121,38427.959513902664,2460000,3.4147794246673584,111.23357582092285,-1.9173447391432012,3.6095510403778723,2.3467891216278076,100,0.007521579
0.0013277527,114.04611301422119,5.6727446070529775,-8.430319844320762,110.20477771759033,-1.522941010058672,246,0.01974773406982422,38545.06157684326,2470000,3.426553249359131,117.0815680027008,-2.6840206149869483,3.403758965369864,3.015291929244995,100,0.00045153807
0.0017736573,116.82715892791748,5.511152282582148,-7.626545628258921,112.92871189117432,-1.2341904569732989,247,0.02698493003845215,38665.17562794685,2480000,3.4783592224121094,120.0955560207367,-2.1982328226933667,3.685517027637942,3.2223567962646484,100,0.0015734253
-0.0102635315,114.71136522293091,6.576559304509146,-8.279785420318603,110.89273405075073,-0.6195197330820551,248,0.018823862075805664,38782.3846309185,2490000,3.4026942253112793,117.18646121025085,-1.2421548928564963,3.9339521702228506,2.454796075820923,100,-0.010888965
-0.0003727356,113.84848999977112,8.071694059376021,-8.033466450893279,110.04860258102417,-0.7266518457298787,249,0.019409894943237305,38898.608458042145,2500000,3.3875722885131836,116.19960403442383,-1.4282399532734968,3.9403381525279473,2.331305980682373,100,-0.00042243043
-0.0053470763,112.27334690093994,6.125063299905204,-7.664330022870709,108.35675716400146,-0.6191732540112853,250,0.020060062408447266,39013.85823392868,2510000,3.50495982170105,115.22762799263,-1.2423081785974146,3.6281685674205484,2.9299697875976562,100,-0.00627995
0.011221112,115.93154716491699,6.626046871133216,-7.171123603037438,112.11993050575256,-1.8958335994579272,251,0.021914958953857422,39132.37189888954,2520000,3.395655632019043,118.49515700340271,-3.264609979309197,3.8465154757329785,2.54134202003479,100,0.01112149
0.0008677063,115.20750284194946,6.3027040050538385,-8.320068465152689,111.37977814674377,-1.0920403688143199,252,0.0193328857421875,39250.331578969955,2530000,3.400416374206543,117.9385449886322,-2.0068393379301184,3.611370897422887,2.7103679180145264,100,-0.00018439331
0.010877869,115.96834897994995,5.0458764029093155,-8.425814124769207,112.1457245349884,-1.5521754106851993,253,0.017141103744506836,39369.41137313843,2540000,3.403163194656372,119.06126117706299,-2.703611026330076,3.5395156263424563,3.0753419399261475,100,0.010765552
-0.020671295,113.61472296714783,6.078007899204328,-8.798139093989539,109.76865482330322,-1.548384634591989,254,0.018988847732543945,39485.5912129879,2550000,3.4185338020324707,116.15951704978943,-2.696569419091206,3.770813763092699,2.5254180431365967,100,-0.021233149
-0.0036230714,118.79463005065918,5.77590140617192,-8.369560616782865,114.89867830276489,-0.5545064844366531,255,0.018096208572387695,39607.431293964386,2560000,3.4519004821777344,121.81937885284424,-1.1333643493550567,3.823147445268939,3.0062811374664307,100,-0.0045382143
0.0031741515,116.83779788017273,5.677132870682372,-7.162972310141544,112.99733448028564,-0.9335552624915286,256,0.017314910888671875,39726.85714197159,2570000,3.4231247901916504,119.40595817565918,-1.7438174405541964,3.4083960156789876,2.549616813659668,100,0.002746994
-0.014627887,120.80132484436035,5.924218080718958,-8.413677566410941,116.9281759262085,-1.5086115615097524,257,0.01862621307373047,39850.54605102539,2580000,3.453702688217163,123.66799712181091,-2.644915662477102,3.6767879833164336,2.8462798595428467,100,-0.015102527
0.012809586,113.72347593307495,5.8191380739797705,-8.827134020462523,109.87235116958618,-1.9487958776512064,258,0.018674135208129883,39968.78160905838,2590000,3.44035005569458,118.2145631313324,-3.3460258044487916,3.522007083148848,4.471054792404175,100,0.008761191
-0.0014019787,106.3404929637909,5.56451395628416,-8.890198888354101,102.52859044075012,-0.8377995690481227,259,0.02153921127319336,40077.72660493851,2600000,3.389561414718628,108.92633008956909,-1.5919633182219428,3.6461224660201337,2.5626940727233887,100,-0.003216348
-0.005291437,93.2381911277771,7.674284779426166,-8.553961533551634,89.42868494987488,-1.1788376034118428,260,0.020899057388305664,40173.61291384697,2610000,3.392336368560791,95.86672806739807,-2.123920877531982,3.984682532354287,2.606804847717285,100,-0.008480627
-0.012778027,91.94622302055359,5.770729334862133,-9.168843799700088,88.09116864204407,-0.7133135495512957,261,0.06757783889770508,40268.66743803024,2620000,3.4351696968078613,95.03366565704346,-1.3762126762111244,3.4621747102085534,3.0194802284240723,100,-0.01332251
-0.0018829895,90.08500719070435,7.224336853089051,-7.286232748597234,86.23887586593628,-1.0156970383612596,262,0.018798112869262695,40361.050531864166,2630000,3.424523115158081,92.36211204528809,-1.848512584167856,3.732382850228546,2.2578749656677246,100,-0.0020203309
0.009192907,91.57960295677185,5.621240479926831,-9.108090797068835,87.75643849372864,-1.5535274437917481,263,0.019475221633911133,40454.91700100899,2640000,3.407618761062622,93.84696173667908,-2.704082895227555,3.428047155434943,2.246339797973633,100,0.008519031
0.0034623994,92.94538187980652,6.741120080574481,-7.409935380517959,89.09566760063171,-0.3849014002906479,264,0.019134044647216797,40550.09900689125,2650000,3.4229350090026855,95.16149711608887,-0.896043597092377,3.858096273605147,2.1956119537353516,100,0.0012486785
-0.008453369,104.85312676429749,5.467764552598863,-8.30227612148838,100.32040476799011,-1.633268402328493,265,0.024920940399169922,40658.185891866684,2660000,3.5703673362731934,108.06603479385376,-2.8406991498737773,3.708171726760128,3.1862940788269043,100,-0.009228692
-0.0019571076,94.2394208908081,6.475927195742847,-6.893100149390012,90.3985857963562,-1.1561227777285543,266,0.06908178329467773,40754.96991300583,2670000,3.4222965240478516,96.75727701187134,-2.1106093633659624,3.600577710746765,2.4483940601348877,100,-0.0019467651
-0.010519178,94.64687895774841,6.452655234074652,-7.3996933464832875,90.80864310264587,-1.453931871033553,267,0.018776893615722656,40851.977049827576,2680000,3.4272401332855225,96.98859286308289,-2.579038482649302,3.4900816202008134,2.322535276412964,100,-0.012671966
0.0042518736,91.21154689788818,5.965958304691275,-7.609939893489165,87.37446784973145,-1.3025105657983997,268,0.019273996353149414,40945.64996886253,2690000,3.422689914703369,93.65200591087341,-2.3093508157710123,3.2911579746945785,2.417217969894409,100,0.0045750793
0.012237171,91.62366700172424,7.600143577418765,-8.898210004453421,87.80872988700867,-0.6420887229896463,269,0.0186460018157959,41039.49472999573,2700000,3.39870548248291,93.82451391220093,-1.2890633961037914,4.109517363374722,2.1818478107452393,100,0.010621191
0.013619036,91.97579908370972,6.227523633249199,-8.472378083959471,88.133713722229,-1.179898143679431,270,0.019117116928100586,41134.50970005989,2710000,3.4270148277282715,94.98547983169556,-2.1521354237540185,3.726835268990895,2.9902331829071045,100,0.010837244
0.008474854,94.95537209510803,6.678314121587007,-8.837821446102614,91.10607123374939,-1.2200982344938094,271,0.01844310760498047,41232.10907006264,2720000,3.4252240657806396,97.57873368263245,-2.2026371917060215,3.6998405106649774,2.60347318649292,100,0.007902783
0.003529419,93.05100274085999,5.832296145288607,-9.291659549092472,89.22850799560547,-1.096370935780897,272,0.019693851470947266,41327.710981845856,2730000,3.4007837772369385,95.57248997688293,-1.9997428470232708,3.9489213208878255,2.5014240741729736,100,0.0021971131
-0.0097271,92.6521589756012,5.86412992873318,-7.677574583255415,88.82898306846619,-0.38030266298972465,273,0.02008819580078125,41422.77157783508,2740000,3.407717704772949,95.03958177566528,-0.8758120806402627,3.669491075596753,2.3658061027526855,100,-0.01266012
-0.0055091493,95.14844298362732,5.382209809357067,-8.593265833042162,91.27580070495605,-0.9232609965774333,274,0.018240928649902344,41521.637758016586,2750000,3.4549448490142822,98.84446310997009,-1.7189239805986063,3.654959054266408,3.6764328479766846,100,-0.006860217
0.013904333,95.14135813713074,6.354558913624594,-7.838880522910714,91.27857422828674,-0.9836335555742548,275,0.04963397979736328,41619.45901274681,2760000,3.4437336921691895,97.8008918762207,-1.812043104615584,3.6899726474807677,2.608358860015869,100,0.0140627315
-0.0045575835,93.8047411441803,6.554783550551136,-7.855638230133582,89.9641420841217,-1.3879833925883802,276,0.020169973373413086,41715.81840491295,2770000,3.425624370574951,96.34089970588684,-2.4770292400867318,3.8005741966086735,2.5143797397613525,100,-0.004600696
-0.0008571045,96.77103614807129,6.762983007045921,-7.580848972944679,92.93863654136658,-1.2050353395158238,277,0.021266937255859375,41815.20271372795,2780000,3.416973829269409,99.3640489578247,-2.1779734550989702,3.7366286431190834,2.570425033569336,100,-0.0020622315
0.004554526,101.97051477432251,6.280035646882959,-8.248905401365699,98.02348494529724,-1.3113005347699933,278,0.018967866897583008,41920.640182971954,2790000,3.5134646892547607,105.40902519226074,-2.3259990315674703,4.027272752914782,3.4180569648742676,100,0.0035239747
-0.014701851,97.19874882698059,6.932272270510326,-8.740837206931195,93.35969591140747,-1.3868301613389011,279,0.018877029418945312,42020.18035888672,2800000,3.4130213260650635,99.5216372013092,-2.439826152983658,3.8846355254261993,2.303205966949463,100,-0.015529242
0.0020291063,96.98746919631958,6.651613100262421,-8.209805548519872,93.12233328819275,-1.0880771645470302,280,0.018300771713256836,42119.68181204796,2810000,3.4463701248168945,99.48069906234741,-1.9674943701477938,3.8051561074498053,2.4744558334350586,100,0.00046775053
-0.01126612,92.63941717147827,5.895894059914306,-8.593014677866348,88.73601341247559,-1.3075731693774932,281,0.01946401596069336,42214.839321136475,2820000,3.4477806091308594,95.13711786270142,-2.3216951752940496,3.998582089874535,2.477538824081421,100,-0.0112875
-0.0004548462,93.38501811027527,7.347023746354164,-8.88345316676475,89.55130863189697,-0.8724449730877463,282,0.019008159637451172,42310.626866817474,2830000,3.416741371154785,95.76573586463928,-1.6478357006954796,3.7468805740976383,2.3612918853759766,100,-0.00062722777
0.0014162353,93.68529105186462,6.642120496988798,-8.460527159930649,89.82909870147705,-0.8750854241918015,283,0.019212007522583008,42406.562480926514,2840000,3.4384665489196777,95.91518187522888,-1.6509202456868848,3.3709910088209343,2.202991008758545,100,-0.00019504395
0.024625123,94.417396068573,6.24627128144563,-9.065301229453869,90.54782605171204,-1.3172430723253512,284,0.07437300682067871,42503.81260704994,2850000,3.450906991958618,97.22939896583557,-2.3455205453932795,3.730600297246795,2.737217903137207,100,0.02193864
0.002932486,92.88373613357544,6.192970201618027,-8.86851118404322,88.9885721206665,-1.1579787094914638,285,0.01857900619506836,42599.168858766556,2860000,3.4629111289978027,95.33240604400635,-2.0861770182884056,3.5170437199477833,2.429689884185791,100,0.0017901306
0.001087677,95.28280806541443,7.152217667411026,-8.56236550487584,91.45945930480957,-0.6015263512527915,286,0.022624731063842773,42696.98012113571,2870000,3.407986640930176,97.7905490398407,-1.2124796319422844,3.7776326096555715,2.483827829360962,100,-0.0010996277
0.0135012325,94.24356937408447,7.039013973697013,-8.766756923116416,90.35134172439575,-1.6794195011440118,287,0.018307209014892578,42793.47566699982,2880000,3.4690635204315186,96.46864700317383,-2.9144396759635236,3.78007465801962,2.2051010131835938,100,0.010674274
0.0010488129,81.17402219772339,6.255506042650844,-8.309780984902872,77.35168766975403,-1.1807499619861712,288,0.019273042678833008,42876.95534801483,2890000,3.4089012145996094,83.45635509490967,-2.114285089196761,3.710245631269536,2.2612979412078857,100,0.001166278
0.008337103,81.98236989974976,6.973132276279547,-8.192884045175312,78.13350939750671,-0.6371819837627429,289,0.016661882400512695,42961.418653964996,2900000,3.432300567626953,84.44354200363159,-1.275594712147417,3.592651893950564,2.4441936016082764,100,0.008074545
0.02101564,81.96310186386108,6.383495247965254,-8.001251660555859,78.1659619808197,-1.0930355663371032,290,0.05436110496520996,43045.89055895805,2910000,3.382453441619873,84.45045709609985,-1.971183861512889,3.7762354488405303,2.4316680431365967,100,0.019773316
-0.012850284,81.00802111625671,7.261854059523371,-7.403690621946247,77.20425510406494,-0.7410175329074895,291,0.019115924835205078,43129.34256577492,2920000,3.3857004642486572,83.43170499801636,-1.4276745125089263,3.5134811386486784,2.40413498878479,100,-0.013220801
0.0034429932,80.13909006118774,5.645248526656538,-8.704253067574895,76.34010934829712,-1.3737729300086499,292,0.018785953521728516,43212.14868307114,2930000,3.3740556240081787,82.78494095802307,-2.4326621351912374,3.7428278901518266,2.626634120941162,100,0.001759375
0.009350781,83.82772302627563,5.5369290198143535,-8.006765409781886,79.98288869857788,-0.8748962246219978,293,0.018471956253051758,43298.298572063446,2940000,3.4312000274658203,86.11238121986389,-1.6450025567460134,3.62131293328205,2.265627861022949,100,0.008449096
0.0024355347,81.55815720558167,6.201501026314029,-7.502653927274159,77.74403119087219,-0.4655724564368641,294,0.018861055374145508,43382.10721898079,2950000,3.3990542888641357,83.78408193588257,-1.0083735590231822,3.6052882311549848,2.2066800594329834,100,0.0015673614
0.002955359,82.84153389930725,6.7154813216847815,-8.753074877078237,79.02680516242981,-1.0944340611990417,295,0.019836902618408203,43467.15461707115,2960000,3.396915912628174,85.02465105056763,-1.993857794038217,4.268591708995589,2.162923812866211,100,0.0011432861
-0.0037143433,81.99108910560608,5.972673541890573,-8.986512235270085,78.17218899726868,-0.4578220984150025,296,0.024163007736206055,43551.44517207146,2970000,3.3974859714508057,84.27086997032166,-0.9716339593149634,3.8092972519741037,2.2552711963653564,100,-0.0034701903
0.011072845,83.2580349445343,5.837540163236125,-9.09398985022516,79.42596864700317,-0.4591953846358755,297,0.019326210021972656,43638.15769195557,2980000,3.406822681427002,86.69250202178955,-0.9883254354473281,3.302368302197548,3.4133968353271484,100,0.010708267
-0.005394269,82.41250586509705,5.396970726914017,-8.123888749508547,78.61062788963318,-1.514070773691337,298,0.027949094772338867,43724.4164018631,2990000,3.386957883834839,86.23873686790466,-2.6382364378462624,3.6017133425449464,3.7674081325531006,100,-0.006053595
0.0037251404,81.65697884559631,6.558704100200482,-8.159990540959804,77.83370423316956,-1.6612290687430618,299,0.022899150848388672,43808.70965886116,3000000,3.4089548587799072,84.27282285690308,-2.8966608733508865,3.8812556985763482,2.591524124145508,100,0.002927478
