Time-Optimization,train-PolicyExecTime,LossAfter,train-EnvExecTime,Itr,Time,train-AverageDiscountedReturn,Time-SampleProc,train-MinReturn,Time-Sampling,n_timesteps,LossBefore,ItrTime,train-MaxReturn,train-NumTrajs,train-StdReturn,train-AverageReturn
6.474907875061035,25.2396719455719,-4.8055534,4.621336221694946,0,36.91725206375122,-67.5509573559411,0.051177978515625,-114.77165126801748,30.390270948410034,10000,-1.2207031e-08,36.91724514961243,57.893667583451226,100,30.795492739213604,-39.47443975665588
2.096950054168701,25.982200860977173,-0.107825205,4.364964246749878,1,70.00274896621704,-52.09370693317331,0.05559492111206055,-114.69354161420414,30.836432933807373,20000,-1.8310548e-08,32.989725828170776,88.54403532819298,100,37.05390220848595,-31.136719482321855
1.931121826171875,24.735804080963135,-0.18268667,4.338324069976807,2,101.6548421382904,-88.15778217378771,0.05586504936218262,-172.03227555002934,29.622326135635376,30000,-3.967285e-08,31.625895977020264,47.13804776646428,100,48.284133933984954,-51.759793426603245
1.9813649654388428,28.640892505645752,-0.1413985,4.519746541976929,3,137.37250113487244,-91.62615025101259,0.058851003646850586,-176.3068654434589,33.653786182403564,40000,1.525879e-08,35.6954071521759,72.64663269124381,100,52.89905772767695,-53.8667093957761
2.114605188369751,26.081082820892334,-0.04723657,4.369440317153931,4,170.55037808418274,-94.29238889631667,0.08470726013183594,-205.3872894806331,30.94217872619629,50000,1.449585e-08,33.155314922332764,63.69533082415945,100,51.27527857589202,-55.85995210165701
1.7647910118103027,27.070372581481934,-0.049743004,4.33296012878418,5,204.31611013412476,-81.2752114548931,0.05554795265197754,-162.81367313217717,31.91704511642456,60000,7.629395e-09,33.73911499977112,53.30491265669598,100,50.52317113070958,-46.1850262523487
2.115868091583252,30.38494873046875,-0.048848946,4.754116773605347,6,242.21258020401,-84.1302424558049,0.08711504936218262,-189.80701596804576,35.67097783088684,70000,-3.0517577e-09,37.87463998794556,79.63203177080052,100,48.51821794392639,-48.779175110120306
1.965648889541626,27.562493324279785,-0.045806188,4.38930606842041,7,276.76113200187683,-64.07745780978357,0.08474922180175781,-156.17072794451497,32.47479820251465,80000,1.5258789e-09,34.526551961898804,100.29069503268327,100,53.92699816177157,-40.04183716868482
1.9406931400299072,26.192584991455078,-0.03511779,4.308535814285278,8,309.76516914367676,-68.89683957622488,0.047332763671875,-186.97868672822997,30.99353528022766,90000,1.2207031e-08,32.98252296447754,62.481911061840606,100,45.768587402369434,-39.02432704117432
1.8207659721374512,25.4580340385437,-0.036602437,4.449210166931152,9,342.0771610736847,-90.28216952157034,0.06905412673950195,-156.53177856531462,30.397982835769653,100000,-1.525879e-08,32.291730880737305,55.82407108603623,100,47.50341654514759,-51.332803067814076
1.8675339221954346,24.869498252868652,-0.052580394,4.213366985321045,10,373.6156711578369,-81.39345139112609,0.06240391731262207,-174.9707820243595,29.583144903182983,110000,-2.4414062e-08,31.51479697227478,74.52028932531798,100,53.78938590027617,-46.75912773214813
1.8573722839355469,26.372215270996094,-0.07525069,4.368254661560059,11,406.8230171203613,-83.57265680656172,0.05178999900817871,-180.76348739963512,31.270660877227783,120000,-2.1362304e-08,33.18119812011719,85.02915035794568,100,52.56520259477198,-46.24893406394435
1.867136001586914,25.09257459640503,-0.10357054,4.172238826751709,12,438.5274119377136,-89.77058415146328,0.049685001373291016,-183.8125786366797,29.757221698760986,130000,9.155274e-09,31.67479705810547,58.584160197996525,100,46.345770317468435,-50.7054383317935
1.8950891494750977,27.08890986442566,-0.15356907,4.607507944107056,13,472.741286277771,-89.34556150393745,0.05228376388549805,-202.78372939952632,32.24237370491028,140000,-1.8310548e-08,34.19154381752014,47.24584186781114,100,44.16597836715996,-50.980629068669174
1.82395601272583,27.25480580329895,-0.511309,4.4515721797943115,14,506.86859607696533,-76.90356198298007,0.04654884338378906,-149.839351909556,32.229588985443115,150000,-3.0517577e-09,34.10049295425415,78.00210630716728,100,46.20865330624294,-44.05773653135127
2.840528964996338,30.557828664779663,-0.7580032,4.677364826202393,15,545.6380300521851,-81.36537237175095,0.08718371391296387,-135.20755800276675,35.81789588928223,160000,7.629395e-09,38.74746108055115,48.04559558675541,100,38.91408420649926,-47.91808044145292
1.9173481464385986,25.956048488616943,-0.08143125,4.2542643547058105,16,578.3559019565582,-88.50737439007095,0.06978988647460938,-156.20410659062847,30.695215225219727,170000,-1.6021728e-08,32.68408513069153,82.81312695414583,100,41.88239643866975,-50.51008241618754
1.8970248699188232,24.960102796554565,-0.11001987,4.339178085327148,17,610.1284401416779,-89.29143667889711,0.051409006118774414,-148.86921771464566,29.799357891082764,180000,1.2207031e-08,31.749287366867065,28.918634261320193,100,37.251325590497686,-51.214315812101674
1.882390022277832,25.330719709396362,-0.03699755,4.216963291168213,18,642.1269781589508,-88.53458470388178,0.047827959060668945,-124.17820049637388,30.044405937194824,190000,3.8146972e-08,31.976085901260376,36.20513832120307,100,33.763022403674775,-49.940400095487455
1.7741060256958008,25.616181135177612,-0.026185986,4.251528978347778,19,674.6869649887085,-100.5622503875669,0.051055908203125,-204.05537077645562,30.708925008773804,200000,2.1362304e-08,32.535760164260864,28.18424687445347,100,40.079629320590755,-56.44604851748513
1.740523099899292,25.168195009231567,-0.03645556,3.8787262439727783,20,706.0168409347534,-92.8869935019725,0.046920061111450195,-169.60389067275824,29.51568913459778,210000,-2.1362304e-08,31.304708003997803,43.94779356993987,100,38.86253754247498,-52.31432989172153
1.7965950965881348,29.11765766143799,-0.03698718,4.640048265457153,21,742.3259241580963,-99.26699865710154,0.07277202606201172,-173.42588990056842,34.41628813743591,220000,3.051758e-08,36.28781509399414,41.41909108483557,100,44.72748470365719,-54.44985739024891
2.044402837753296,27.186150074005127,-0.056804445,4.006172180175781,22,776.1489741802216,-90.54021121701692,0.09016990661621094,-163.20641167327935,31.658119916915894,230000,1.2207031e-08,33.793198108673096,51.66958372284034,100,41.48876831084037,-51.87208093615736
2.344486951828003,49.36501669883728,-0.07250283,4.728477954864502,23,833.3250470161438,-88.81911603114575,0.07165288925170898,-139.19837412890044,54.733081102371216,240000,-1.9836426e-08,57.15350127220154,33.49239864567518,100,35.812864324157296,-47.94274541865353
2.059144973754883,37.54809808731079,-0.051118344,4.123260498046875,24,877.6896541118622,-84.24115373983423,0.07187795639038086,-158.84163703262337,42.20785689353943,250000,-2.5939942e-08,44.342856884002686,30.06801669808248,100,39.901249188628825,-46.05860548762929
1.9386670589447021,45.93875074386597,-0.05244651,4.226707458496094,25,930.4077939987183,-80.00705558617545,0.05269503593444824,-175.5276839592568,50.6725709438324,260000,2.0599366e-08,52.69770383834839,79.39112485394661,100,42.11567273747985,-44.347694694776095
2.1670420169830322,26.84753441810608,-0.02039145,3.78477144241333,26,963.7756111621857,-81.57834459069637,0.0790090560913086,-194.95885940535746,31.099191188812256,270000,-1.525879e-08,33.3461639881134,61.668349365411956,100,42.011146530934056,-45.43907633986996
1.7642099857330322,24.603603839874268,-0.036175895,3.713940382003784,27,994.374988079071,-86.45683186466431,0.054904937744140625,-179.54929638900845,28.757766008377075,280000,1.8310548e-08,30.578169107437134,55.14490329930119,100,44.44131469799107,-47.41443497399356
1.8905251026153564,22.798490524291992,-0.042879205,3.5955233573913574,28,1023.1758451461792,-87.79943844931111,0.04736614227294922,-163.25498777718258,26.828530073165894,290000,-1.8310548e-08,28.776990175247192,59.47262907187266,100,37.68231655707028,-49.06244435640952
1.8369557857513428,23.39615249633789,-0.039006554,3.6472136974334717,29,1052.5571641921997,-86.66066880878894,0.04749298095703125,-174.07874654321463,27.474100351333618,300000,7.629395e-09,29.359883069992065,31.755042374040666,100,40.92274359784464,-49.271544247610194
1.8555266857147217,23.716023445129395,-0.04310879,3.739891767501831,30,1082.3798370361328,-78.69349963058417,0.06032371520996094,-171.28846321627714,27.883179903030396,310000,2.4414062e-08,29.801388025283813,66.64665707711185,100,43.469754373251206,-46.0693475893936
1.829549789428711,23.37335181236267,-0.06565383,3.708707094192505,31,1111.8126091957092,-81.57809237854558,0.051151275634765625,-196.22342966184343,27.527098894119263,320000,2.1362304e-08,29.409419059753418,62.549027609718195,100,40.24858847568075,-44.90104445076535
2.4202287197113037,26.733282566070557,-0.030093215,3.858137369155884,32,1145.373547077179,-92.74451195054928,0.054878950119018555,-216.92762670450884,31.0623619556427,330000,1.2207031e-08,33.5380380153656,59.906271994355194,100,47.73145909967666,-49.16203797360659
1.7718029022216797,27.281144618988037,-0.03372966,3.9847352504730225,33,1178.9593391418457,-69.6412014705713,0.05470991134643555,-149.7958242034993,31.732518911361694,340000,-1.373291e-08,33.56026291847229,50.57380911417819,100,39.39855635600562,-37.48835578983874
1.8193459510803223,22.928000450134277,-0.031119129,3.641368865966797,34,1207.8483588695526,-65.7273164074897,0.05192923545837402,-137.5984300233807,26.99453592300415,350000,1.8310548e-08,28.86612582206726,33.62174632049975,100,36.971470808531876,-36.778231704243005
1.730902910232544,23.585748434066772,-0.06480159,3.814819812774658,35,1237.651418209076,-69.01996903635097,0.20340776443481445,-156.37254613499795,27.843138694763184,360000,1.6021728e-08,29.778120040893555,38.39950920290509,100,37.09959591620322,-38.789153791280704
2.064924955368042,22.78051733970642,-0.03329392,3.789180040359497,36,1266.7878510951996,-62.749205951801,0.04901003837585449,-178.7024588283398,26.999074935913086,370000,-3.0517577e-09,29.113368272781372,38.18918739452789,100,39.782829887317746,-33.72940611826655
1.8411550521850586,23.323663473129272,-0.044443548,3.698765277862549,37,1296.204814195633,-53.5466222780502,0.05041098594665527,-138.74636497280133,27.48402714729309,380000,-6.1035155e-09,29.39664602279663,51.24718978942329,100,35.713117242107906,-30.343343964600262
1.756615161895752,22.303230047225952,-0.029282568,3.652595281600952,38,1324.430052280426,-62.97051034313053,0.0662088394165039,-194.8986589365567,26.383773803710938,390000,-6.866455e-09,28.20695400238037,37.16978531367156,100,43.759893063679186,-35.8797806347242
1.8136119842529297,22.712875604629517,-0.04593564,3.672454833984375,39,1353.1301591396332,-51.457798599603336,0.04991316795349121,-177.34202946410912,26.81459403038025,400000,-1.525879e-08,28.678929090499878,39.90162439312487,100,35.9350841537529,-28.468612143712257
1.836841106414795,23.8971848487854,-0.06095321,3.8793795108795166,40,1383.253602027893,-62.17443561755203,0.04686307907104492,-173.6304776590752,28.216227054595947,410000,2.4414062e-08,30.100298166275024,39.3448624775881,100,39.77669479072724,-38.15388957937259
1.7290160655975342,22.732825994491577,-0.06188246,3.638862133026123,41,1411.8514029979706,-62.47537189067794,0.04531121253967285,-171.49378924439011,26.800143003463745,420000,-3.0517577e-09,28.57481813430786,107.87224377815332,100,41.84659838709217,-36.705262255616624
1.8504509925842285,38.67536640167236,-0.035966694,4.451290130615234,42,1457.3890161514282,-48.20911469758565,0.04784679412841797,-196.9519647904962,43.61189889907837,430000,3.0517577e-09,45.51080894470215,69.97051607060308,100,40.171621536746486,-29.01374890966063
1.8491060733795166,23.450550317764282,-0.081308626,3.7074368000030518,43,1486.899421930313,-67.99966844723494,0.0483548641204834,-257.22648941999205,27.59186291694641,440000,-3.2043456e-08,29.489660024642944,61.985189340004084,100,50.60579455925366,-40.349665420940994
1.729694128036499,22.995322704315186,-0.04416424,3.6731491088867188,44,1515.8110880851746,-66.07899963256588,0.06657838821411133,-211.30807374656052,27.09307599067688,450000,-3.967285e-08,28.889647245407104,87.31087195117576,100,54.76917562877935,-39.108468358106514
1.8444089889526367,22.945379734039307,-0.062103387,3.6661272048950195,45,1544.7686059474945,-86.70698404926647,0.05431413650512695,-247.92149580580914,27.036959171295166,460000,-7.629395e-09,28.93609619140625,39.86395079956252,100,49.46444943838871,-49.14204343141924
2.0589258670806885,23.29948902130127,-0.025250873,3.760354995727539,46,1574.4223670959473,-73.59620734108722,0.04726004600524902,-237.06467014350693,27.525464057922363,470000,0.0016560669,29.632106065750122,61.0570576410747,100,56.67356949530283,-40.38168249867672
1.771299123764038,23.59318518638611,-0.05967357,3.6859004497528076,47,1603.982735157013,-75.71040777252591,0.06023693084716797,-230.67120619038803,27.705453872680664,480000,-1.2207031e-08,29.538397312164307,80.06707397846681,100,49.41837577254249,-43.95431509186458
2.071470022201538,23.210641145706177,-0.0336333,3.683917999267578,48,1633.4502930641174,-65.08870675665602,0.04680800437927246,-226.08571788651324,27.318620920181274,490000,-9.155274e-09,29.445824146270752,67.35705123552407,100,45.91490143883633,-37.35841175444752
2.2009830474853516,34.46837091445923,-0.030038113,4.576963424682617,49,1675.6198420524597,-81.49150194020669,0.07369089126586914,-266.79055331583766,39.8715603351593,500000,9.155274e-09,42.1479229927063,36.63365529988816,100,44.69103019520836,-46.81843048803495
1.8941540718078613,25.592939853668213,-0.041816186,3.9318554401397705,50,1707.597584247589,-89.93355150264365,0.06858968734741211,-279.21342550803644,29.9823260307312,510000,6.2561035e-08,31.94546675682068,37.906073603872855,100,50.47668584274344,-50.28593416557369
1.852013111114502,25.695343255996704,-0.031102445,4.01543664932251,51,1739.7284421920776,-59.62850765515948,0.09090375900268555,-183.38501075044596,30.165326833724976,520000,3.3569336e-08,32.108959913253784,61.76561647698885,100,46.21750790620365,-33.071778265817244
1.9376182556152344,25.975744247436523,-0.040267963,4.126765012741089,52,1772.3272619247437,-54.92785493966214,0.05277705192565918,-222.7009748784478,30.584235906600952,530000,5.340576e-09,32.576237201690674,65.09360876990868,100,46.40093781570631,-31.385752402287977
2.285645008087158,24.23311471939087,-0.039410125,3.9638731479644775,53,1803.3401401042938,-39.23194200882641,0.06548905372619629,-163.75520859054106,28.640115976333618,540000,2.1362304e-08,30.99315881729126,92.89637879862407,100,38.141402967308515,-22.341455980416214
1.8734419345855713,23.919759273529053,-0.034458026,3.9755475521087646,54,1833.6345510482788,-19.65641315944422,0.05471992492675781,-100.17340096875668,28.342838048934937,550000,-6.1035155e-09,30.272579193115234,118.86001193383244,100,39.04519763356963,-9.996902111062555
1.8365650177001953,23.857453107833862,-0.045896877,3.9089608192443848,55,1863.808366060257,-38.900025199407644,0.049922943115234375,-145.13195890775697,28.262115001678467,560000,-6.1035155e-09,30.149302005767822,89.534594276211,100,45.437433330054205,-22.07792084376929
2.1268720626831055,27.165024995803833,-0.070910275,3.9872114658355713,56,1897.6318159103394,-37.93567702288598,0.05576801300048828,-208.5999298553273,31.61115312576294,570000,-7.6293943e-10,33.795249938964844,88.3982042067205,100,49.36537983234746,-22.700848181848205
1.8234760761260986,24.40961241722107,-0.10322089,4.002794504165649,57,1928.4687521457672,-31.63159956004623,0.06408905982971191,-196.0783401393781,28.92424511909485,580000,4.4250488e-08,30.81324315071106,88.48342492311396,100,51.46903726010548,-18.17770645585958
1.8361108303070068,24.417274951934814,-0.109095655,4.022008180618286,58,1959.3303711414337,-51.95646564285393,0.06371307373046875,-184.1541577221971,28.938573837280273,590000,-1.2207031e-08,30.840142965316772,93.672862862318,100,51.0912551723847,-29.526282516011435
1.9909601211547852,24.01030969619751,-0.07846976,3.9490132331848145,59,1989.8120520114899,-27.369545251365604,0.05234217643737793,-137.35772758170557,28.413130044937134,600000,4.4250488e-08,30.458938121795654,148.18465187087634,100,54.53085551135871,-15.464490969594909
2.1250193119049072,25.05108904838562,-0.09803247,3.9600305557250977,60,2021.499274969101,-35.976876701506654,0.05293107032775879,-204.98351887331447,29.46753215789795,610000,-2.89917e-08,31.662702083587646,80.7536025944602,100,46.99855576250056,-19.187720431770423
1.834035873413086,26.1536283493042,-0.07923182,4.14563250541687,61,2054.1671102046967,-49.17236378175098,0.04836702346801758,-147.93713252409339,30.758851051330566,620000,1.2207031e-08,32.641666650772095,111.88850117404439,100,45.613080667091275,-27.80285214950525
1.910485029220581,26.93171191215515,-0.06423788,4.081977605819702,62,2087.699503183365,-49.56157546773388,0.04869198799133301,-151.82532580415608,31.544790029525757,630000,-4.2724608e-08,33.50550603866577,77.27229090342487,100,45.11173147173988,-26.576119699545703
1.8031368255615234,25.17048954963684,-0.8438312,3.9381258487701416,63,2119.1391961574554,-53.26322770559088,0.04605698585510254,-127.90767337270258,29.56580901145935,640000,-2.1362304e-08,31.416930198669434,92.15917025047153,100,42.93802951847938,-28.780873058762417
1.9050490856170654,25.869096994400024,-0.16694319,3.9827775955200195,64,2151.426735162735,-49.11914364188285,0.05268979072570801,-189.06993542144178,30.303154230117798,650000,-0.0062559634,32.263948917388916,80.53114897561677,100,51.82932030213941,-27.57327476888856
1.9707109928131104,25.88198184967041,-0.024836596,4.053471565246582,65,2183.876165151596,-61.80583391722984,0.0521700382232666,-175.15680945216107,30.395092964172363,660000,2.746582e-08,32.418720960617065,50.591460729001014,100,46.263112203052586,-34.04650496011941
1.87298583984375,26.238943099975586,-0.030418506,4.012024402618408,66,2216.5609271526337,-71.52580812701251,0.0638883113861084,-150.1852288440796,30.722368001937866,670000,3.051758e-08,32.66064500808716,46.63295028164309,100,43.01263833257626,-38.476739087151714
1.9047560691833496,24.92503595352173,-0.048644256,4.0353639125823975,67,2247.9757912158966,-67.19773080343136,0.05237984657287598,-201.71467874598957,29.435115814208984,680000,-1.0681152e-08,31.39269709587097,42.782880460517895,100,44.219095817946865,-36.161743025619444
1.8051509857177734,24.55836796760559,-0.054025475,3.948712110519409,68,2278.8229701519012,-74.15733501080935,0.05625271797180176,-156.83559588874354,28.957720041275024,690000,-2.4414062e-08,30.820636987686157,85.1656911895053,100,49.57215665408161,-38.83866469916964
1.8293488025665283,24.488800048828125,-0.033527814,3.8675689697265625,69,2309.5443761348724,-89.2159486606958,0.05292868614196777,-237.12714448053313,28.81814217567444,700000,3.3569336e-08,30.701886892318726,42.18631679630415,100,46.59321897493515,-48.55371455811857
2.0042848587036133,26.114944458007812,-0.019801635,4.0225670337677,70,2342.29402923584,-83.00346677514707,0.08889412879943848,-192.8004257180426,30.63299798965454,710000,3.3569336e-08,32.72706198692322,53.264295922211005,100,47.467618977568264,-44.094425911195955
1.7156460285186768,24.94929051399231,-0.08395028,3.8467869758605957,71,2373.318745136261,-67.19372295535653,0.05408000946044922,-169.17898882477908,29.23108196258545,720000,-2.4414062e-08,31.00226402282715,70.90839051408639,100,46.80263305419091,-36.8066042681821
1.8225176334381104,22.910777807235718,-0.0077538574,3.727159023284912,72,2402.2854821681976,-85.16189748422312,0.04700207710266113,-195.6762484724585,27.073987245559692,730000,4.8828124e-08,28.943989992141724,64.68228998045834,100,51.08681279708002,-48.05954616312478
1.7210512161254883,23.85801672935486,-0.034855846,3.6763758659362793,73,2432.108011007309,-85.1764219367661,0.04688692092895508,-215.17811056812047,28.03257393836975,740000,1.5258789e-09,29.801116943359375,53.99658122931619,100,51.64684983048689,-45.676546228748265
1.740797996520996,22.213992834091187,-0.042859163,3.66899037361145,74,2460.240237236023,-65.7940343920114,0.06798791885375977,-171.59926237567927,26.294994115829468,750000,2.3651124e-08,28.109503984451294,67.24600302201405,100,49.6425712522965,-36.69391160138322
2.262179136276245,36.31443667411804,-0.056474928,4.571406602859497,75,2504.1858072280884,-86.78032900814021,0.0844109058380127,-181.67617068242868,41.571269273757935,760000,1.525879e-08,43.92414307594299,85.61482765286958,100,49.80376861104295,-46.80750297828804
1.8929939270019531,31.705753564834595,-0.036525007,4.033458232879639,76,2542.413036108017,-80.69411126616116,0.06249713897705078,-211.53691517946856,36.222455739974976,770000,2.5939942e-08,38.19292902946472,57.84889251249282,100,50.513057782908966,-43.71731002414328
2.7908120155334473,53.30222773551941,-0.037019312,4.36745023727417,77,2603.7652339935303,-80.06750986888677,0.23720598220825195,-167.18162304841556,58.30052304267883,780000,1.1444092e-08,61.33029317855835,45.00515518136986,100,46.67604551088768,-43.91509046700682
2.526042938232422,33.92253398895264,-0.0366841,4.088176488876343,78,2644.867825984955,-77.5075965456165,0.07742786407470703,-141.75743509799256,38.46967601776123,790000,2.746582e-08,41.0736038684845,67.16183831418373,100,40.22442182031007,-40.79413045480618
2.3784961700439453,40.010377407073975,-0.048530962,4.412570476531982,79,2692.2896571159363,-79.20667628963567,0.07900691032409668,-183.97619978232416,44.9417941570282,800000,-0.0022533569,47.40021586418152,65.74867095721395,100,48.77329837986842,-42.85573117138207
1.7933588027954102,31.401201963424683,-0.036741354,4.176323652267456,80,2730.228504180908,-55.73271838256522,0.0490269660949707,-152.91822551851777,36.073060035705566,810000,-9.155274e-09,37.915852069854736,57.24879951030143,100,37.73524089997108,-30.609034981979672
1.8690791130065918,22.291133642196655,-0.05716123,3.6657960414886475,81,2758.559480190277,-57.64180391270047,0.05388998985290527,-144.52880826897322,26.385707139968872,820000,-3.3569336e-08,28.30906319618225,48.937563794565435,100,39.03462093396638,-31.36638797761246
1.8167881965637207,23.94257402420044,-0.10595724,3.5819830894470215,82,2788.42369890213,-68.42837492699039,0.06707382202148438,-181.9584988967328,27.958249807357788,830000,3.967285e-08,29.842451095581055,55.65150256215883,100,47.21387955614188,-37.111446206987665
1.84248685836792,23.30467414855957,-0.23442663,3.577454090118408,83,2817.6435163021088,-49.93057518738079,0.04674935340881348,-115.75974147446462,27.308889150619507,840000,-1.8310548e-08,29.19846796989441,107.87052692919879,100,41.52685789114217,-27.389617426603603
1.9054419994354248,23.057175397872925,-0.06048308,3.6236369609832764,84,2846.74507021904,-47.97613888423254,0.0656440258026123,-142.63992387190083,27.108389139175415,850000,9.155274e-09,29.079854011535645,56.40250118663565,100,41.44699648192166,-26.235921548588234
1.77018404006958,22.510754346847534,-0.05555288,3.580205202102661,85,2875.1498329639435,-30.621423760888202,0.04676699638366699,-174.6396080257416,26.508681058883667,860000,-0.003641324,28.32599902153015,80.91474383046872,100,41.07257201163454,-17.1123272504941
1.7196738719940186,23.15910530090332,-0.071225464,3.649991273880005,86,2904.183141231537,-53.59038169976462,0.04723215103149414,-107.10882016829142,27.244505882263184,870000,-3.3569336e-08,29.011809587478638,60.59844375171744,100,31.738306518782373,-26.01062763770065
1.8462331295013428,24.221862077713013,-0.031864874,3.673851251602173,87,2934.490948200226,-33.80705785492255,0.05193805694580078,-126.44923218568286,28.327191829681396,880000,1.525879e-08,30.285359144210815,65.20846257268978,100,38.13229457903488,-17.04443440341122
1.8725039958953857,24.629148960113525,-0.065621264,3.643933057785034,88,2965.151767015457,-38.44532567097589,0.05569887161254883,-136.6226828915268,28.711955070495605,890000,6.1035155e-09,30.641669273376465,71.71527740718692,100,39.61955347079596,-20.45076049057296
1.7872650623321533,23.641240119934082,-0.14483567,3.660928964614868,89,2994.7546010017395,-35.690483343363496,0.07125687599182129,-105.28869347090954,27.720221996307373,900000,3.967285e-08,29.580071926116943,78.56473482002792,100,36.532662251243906,-17.08129938718174
1.7819278240203857,22.860600233078003,-0.070116274,3.648024559020996,90,3023.5384562015533,-53.89043531328817,0.04700207710266113,-119.41817719449422,26.93122100830078,910000,-3.051758e-08,28.761532068252563,69.95413780147148,100,34.96340237437646,-27.36866657411635
1.921086072921753,22.277119874954224,-0.045907255,3.631080150604248,91,3051.8778841495514,-44.08369252938353,0.05507993698120117,-152.10592972961686,26.33712100982666,920000,-2.89917e-08,28.314645051956177,82.76081436102925,100,44.42707048436883,-21.86151367335097
1.8351728916168213,24.962677240371704,-0.060067266,3.8283169269561768,92,3083.0041830539703,-46.0687123461339,0.048941850662231445,-133.68590194564572,29.218430995941162,930000,-3.051758e-08,31.103956937789917,74.02047031879086,100,43.39488099860302,-23.51633285623766
2.0833752155303955,25.707100868225098,-0.10125299,3.6861484050750732,93,3114.987039089203,-57.802586917207606,0.05377697944641113,-166.77374555967583,29.822763919830322,940000,-1.2207031e-08,31.960563898086548,63.26701037018527,100,50.2592978303166,-32.88249391150893
1.9246699810028076,24.1968412399292,-2.8839118,3.9223368167877197,94,3145.568217277527,-65.01745763257327,0.05071878433227539,-185.38222924493715,28.559545278549194,950000,-3.3569336e-08,30.55497407913208,44.77126431253201,100,43.27525238064492,-34.81581940390245
2.2584147453308105,26.54490566253662,-0.43645024,3.8577919006347656,95,3178.7707619667053,-34.30294822501817,0.07709383964538574,-174.5959044888222,30.844477891921997,960000,-4.5776368e-08,33.18092608451843,63.1162664466619,100,47.213119968632704,-19.06013090201298
1.7826521396636963,23.745502710342407,-0.1758219,3.6478428840637207,96,3208.4505751132965,-41.284842324853436,0.045929908752441406,-144.38034134316788,27.8281090259552,970000,-6.1035155e-09,29.657137155532837,72.42079726528783,100,39.77788068539516,-22.492624181317392
1.7397511005401611,25.689609050750732,-0.15027453,3.7179136276245117,97,3240.3159811496735,-34.943777767061164,0.22400498390197754,-117.91688509118381,29.828911066055298,980000,1.525879e-08,31.844008207321167,70.5610485231131,100,37.43815159895267,-17.67568620573127
2.390138864517212,30.9373881816864,-0.11831852,4.041611671447754,98,3278.219337940216,-38.57519171932759,0.05350303649902344,-158.1152302986382,35.43614721298218,990000,3.0517577e-09,37.88156795501709,85.17133278605569,100,41.84437190804907,-19.899015609477836
1.8794631958007812,29.519093990325928,-0.044780098,4.079183340072632,99,3314.3119843006134,-48.894550802787755,0.054986000061035156,-233.46578979050432,34.12899303436279,1000000,9.155274e-09,36.064305782318115,76.05778868203562,100,46.171923727395615,-26.306831244434292
1.904250144958496,27.937714338302612,-0.060721803,4.165007829666138,100,3348.883656978607,-54.707627897088095,0.07730507850646973,-156.10025138770825,32.566222190856934,1010000,1.8310548e-08,34.54953598976135,46.240534143099175,100,44.47115702406709,-29.253349011580127
1.9922399520874023,26.98338484764099,-0.14689417,3.8997623920440674,101,3382.3170640468597,-60.53185835009799,0.057595252990722656,-147.2090343408456,31.34806203842163,1020000,-2.4414062e-08,33.41179275512695,70.43537275395269,100,39.160786420864504,-33.34865318932841
3.6087470054626465,32.37831354141235,-0.049148716,4.007418632507324,102,3422.987185239792,-52.39562417116269,0.16509079933166504,-145.00816817680203,36.87341809272766,1030000,-4.577637e-09,40.64881896972656,73.5272409784791,100,42.843146344039724,-29.17566691753689
2.749567985534668,39.91307592391968,-0.038624983,3.990725517272949,103,3470.2243552207947,-62.56607177372011,0.09872102737426758,-179.02618300567974,44.35662508010864,1040000,-1.2207031e-08,47.209665060043335,44.13755859163601,100,48.84648088476695,-35.83117992890839
2.993500232696533,43.65445065498352,-0.038005956,4.257337331771851,104,3521.6915180683136,-60.04409631787232,0.056552886962890625,-219.5998592618779,48.393977880477905,1050000,1.525879e-08,51.44678592681885,45.90077856973855,100,47.52764432127265,-35.62462985382342
4.195826292037964,40.88166618347168,-0.06301381,4.0756003856658936,105,3571.4494330883026,-62.41384404167539,0.1027231216430664,-186.9127643129791,45.418354988098145,1060000,2.1362304e-08,49.73743009567261,48.9386753549969,100,47.14949860359782,-36.89788985978496
2.4804909229278564,54.152780294418335,-0.04963547,4.268845319747925,106,3632.9390320777893,-57.197941444818724,0.0837249755859375,-137.72612018517177,58.90014624595642,1070000,3.2806398e-08,61.465020179748535,77.61449096433118,100,38.4971791600419,-31.469755931733825
1.9213590621948242,29.90014624595642,-0.03602164,4.056965589523315,107,3669.363032102585,-54.87432720457141,0.04826068878173828,-149.26207208424464,34.429929971694946,1080000,2.746582e-08,36.400442123413086,65.45959259023715,100,43.33616503206404,-31.51075416725896
2.1754391193389893,27.725571155548096,-0.0641759,3.8745365142822266,108,3703.6815371513367,-64.56108456758534,0.07379603385925293,-138.43019349617592,32.047468185424805,1090000,3.051758e-08,34.29740309715271,41.49504944261923,100,39.58641007321795,-36.83185941739869
1.9337882995605469,27.125144243240356,-0.064068556,3.8074371814727783,109,3737.0859241485596,-35.08606903824337,0.054826974868774414,-149.55738401527725,31.393270015716553,1100000,7.6293943e-10,33.38241529464722,86.30428198388383,100,40.171928823765455,-18.668091810031385
2.4748241901397705,26.39435601234436,-0.08018391,4.007035732269287,110,3770.4714629650116,-40.942481071326995,0.04849696159362793,-125.99532725503677,30.837018728256226,1110000,2.89917e-08,33.36190176010132,89.50206344792177,100,35.51757095058697,-20.12301287290248
2.17081880569458,29.102718353271484,-0.076513276,4.115873575210571,111,3806.5391731262207,-34.08630289491191,0.0746312141418457,-153.02358543328123,33.79457688331604,1120000,9.155274e-09,36.041630268096924,73.53163668336212,100,39.14147684924747,-17.257032462260955
1.990036964416504,29.060432195663452,-0.05457891,3.999446153640747,112,3842.2671060562134,-28.162352746984382,0.04816293716430664,-171.28675773488226,33.6620991230011,1130000,-1.411438e-08,35.701010942459106,93.54569480964823,100,37.41862421587788,-14.666089438640789
1.8808119297027588,25.880178928375244,-0.08799564,3.7396435737609863,113,3874.2681410312653,-25.73040528355655,0.045922040939331055,-170.7816435146662,30.054519176483154,1140000,4.2724608e-08,31.981877088546753,94.17152054278225,100,40.546274153135364,-11.074137233827983
2.781013011932373,40.10250639915466,-0.09751074,4.234484910964966,114,3921.97482919693,-23.288806617074975,0.07033085823059082,-201.9027747309416,44.83251690864563,1150000,-7.324219e-08,47.684513092041016,73.24991697004178,100,39.34874114988699,-11.833457140557641
2.110414981842041,43.16814160346985,-0.034602813,3.9651596546173096,115,3971.8061830997467,-43.799655894976055,0.07606101036071777,-160.7029106440047,47.59758806228638,1160000,-5.79834e-08,49.80516195297241,69.76850048749199,100,38.45964800151695,-22.37724431314213
1.7759628295898438,25.268351554870605,-0.06764132,3.7144546508789062,116,4003.079230070114,-40.008698521555786,0.07276797294616699,-199.84604858177565,29.404113054275513,1170000,-1.8310548e-08,31.25421380996704,81.50755438847892,100,39.266435328838924,-21.099181126381215
2.784665107727051,28.493006467819214,-0.0729008,3.862230062484741,117,4038.7473380565643,-42.460008374194004,0.06917572021484375,-178.43677792082855,32.78899884223938,1180000,1.525879e-08,35.645628929138184,164.4624852538912,100,48.10774620198245,-22.106323545183873
1.9537930488586426,38.44499087333679,-0.08141482,4.058024883270264,118,4083.971620082855,-52.07178673451145,0.13210797309875488,-138.0779888732106,43.0167818069458,1190000,-2.5939942e-08,45.2003960609436,26.870459302835563,100,33.69542466776887,-27.304124998988982
2.559346914291382,33.50887489318848,-0.04211443,4.10674524307251,119,4124.714094161987,-49.94089080418857,0.04913616180419922,-175.97279884410054,38.08670687675476,1200000,-3.3569336e-08,40.722290992736816,40.972285611162285,100,41.53176830340847,-26.930595162524288
1.7829501628875732,36.45360732078552,-0.04620796,4.040577173233032,120,4167.575571060181,-53.23054173857053,0.07298684120178223,-209.99878713939324,40.95531916618347,1210000,3.967285e-08,42.83870482444763,80.05553074542755,100,42.8551807228348,-28.686612605670074
2.5711817741394043,24.067626953125,-0.044298045,3.6937856674194336,121,4198.41517329216,-52.64342890560391,0.04909491539001465,-169.43794818337318,28.19378399848938,1220000,-3.8146974e-09,30.81542181968689,32.184378427540615,100,32.42779944889451,-28.230265035600453
1.7520718574523926,23.272348165512085,-0.03934828,3.6300880908966064,122,4227.561706066132,-49.2848210151729,0.04869675636291504,-181.11401461346972,27.322672128677368,1230000,9.155274e-09,29.12403678894043,31.286406992394852,100,37.59250339000609,-26.665627123841787
1.8160569667816162,25.927802324295044,-0.05576075,3.602541446685791,123,4259.4127860069275,-56.221163280961726,0.05936408042907715,-142.35477804753535,29.95142412185669,1240000,5.1879884e-08,31.8282470703125,45.627039140849135,100,37.09351020124476,-30.430699961887672
1.7789878845214844,23.00005316734314,-0.035685193,3.6287832260131836,124,4288.3445081710815,-51.23456035817691,0.07129502296447754,-133.18673226777048,27.046257257461548,1250000,-3.5095216e-08,28.897913694381714,48.197050495973485,100,41.18997640410355,-26.86831406489892
1.7804017066955566,22.416961908340454,-0.030445652,3.5996415615081787,125,4316.635948181152,-53.91640510433583,0.05907607078552246,-162.39255228398233,26.429926872253418,1260000,-5.493164e-08,28.269834995269775,43.806239759788575,100,37.50552314682572,-30.313597068220623
1.8143458366394043,23.07866597175598,-0.026823217,3.639618396759033,126,4345.676136016846,-58.375138654263175,0.05118989944458008,-209.85916899890915,27.147242069244385,1270000,6.1035155e-09,29.013099908828735,73.88651410177506,100,43.99688773395201,-34.00768575880614
1.83974289894104,22.97024154663086,-0.07166227,3.573342800140381,127,4374.578852176666,-52.65097626678686,0.06630992889404297,-157.2528885274812,26.95931887626648,1280000,6.1035155e-09,28.877551078796387,48.00422126083405,100,37.14285167427778,-29.20380514447443
2.384387969970703,24.107135772705078,-0.046423193,3.5987257957458496,128,4405.168862104416,-36.79378143194373,0.04698586463928223,-103.26274673154742,28.13626194000244,1290000,-4.043579e-08,30.56819200515747,43.557637398297054,100,30.978669414435565,-20.31603608963405
1.9891018867492676,27.617363214492798,-0.045748025,3.549276113510132,129,4438.820442199707,-40.122760828546284,0.047577857971191406,-157.94753194713047,31.579795837402344,1300000,-0.0025665136,33.61789798736572,75.33623655973379,100,40.88626837878785,-23.34547333402152
1.8866996765136719,22.502366542816162,-0.097860694,3.6011898517608643,130,4467.284696102142,-48.9320694151789,0.046003103256225586,-171.14381474359305,26.508482933044434,1310000,4.7302247e-08,28.44250988960266,64.11854885938791,100,38.018578544828785,-26.582554755058183
1.7452807426452637,22.800882816314697,-0.010650812,3.5604755878448486,131,4495.884446144104,-49.57280286667114,0.04662513732910156,-176.93175379655233,26.785303831100464,1320000,-1.8310548e-08,28.57856798171997,81.34703869665445,100,45.39997114741261,-26.835527921431353
1.8479621410369873,22.44579315185547,-0.024698662,3.6225664615631104,132,4524.315994262695,-77.83399590453335,0.04852104187011719,-192.75533475019483,26.500743865966797,1330000,-1.6784668e-08,28.406870126724243,38.39417265844509,100,45.68490807833505,-44.0193311996361
1.7366318702697754,23.70156192779541,-0.030840699,3.6041908264160156,133,4553.852409124374,-94.33669401960171,0.05447196960449219,-253.7676367619295,27.721768856048584,1340000,-1.9836426e-08,29.5132257938385,22.387023194345396,100,53.30629503075817,-53.852275571122185
2.2034571170806885,23.96337652206421,-0.025619416,3.5344088077545166,134,4584.035878896713,-110.03242060511673,0.05000925064086914,-242.12018494207453,27.908432722091675,1350000,2.4414062e-08,30.16280698776245,22.71385105937591,100,58.95768031761142,-63.01751511750542
1.689946174621582,25.32138681411743,-0.06301702,3.567739486694336,135,4615.0963451862335,-99.76150801692562,0.0455479621887207,-236.67554315252718,29.30083203315735,1360000,-6.1035155e-09,31.03766918182373,20.731564481808515,100,54.01190195411248,-59.24483704288761
1.7549841403961182,22.07364797592163,-0.023982909,3.6360864639282227,136,4643.040068149567,-103.41467270860905,0.05258011817932129,-231.52034329282452,26.110854864120483,1370000,-6.2561035e-08,27.92193102836609,22.759650023913373,100,53.410155256443005,-61.120563672429235
1.74261474609375,22.72573733329773,-0.058635768,3.5494134426116943,137,4671.562314033508,-102.51234658980127,0.06903505325317383,-274.85901283424937,26.677502393722534,1380000,1.2207031e-08,28.501330852508545,18.323350066769677,100,59.82049113574123,-58.91403814013095
1.7881169319152832,24.293428659439087,-0.03216885,3.900310754776001,138,4702.0693781375885,-118.19357985678803,0.04797005653381348,-208.61394488133212,28.64777898788452,1390000,-6.713867e-08,30.485364198684692,22.890653963872214,100,59.5424495136074,-68.1612068824872
1.747981071472168,22.694682598114014,-0.035260327,3.731553077697754,139,4730.724194049835,-126.54507719450368,0.04986071586608887,-255.10496693476173,26.83641004562378,1400000,-3.051758e-08,28.635828018188477,15.58472089873473,100,63.98492860071814,-70.81555986669984
1.8563358783721924,23.64620566368103,-0.033472653,3.5851850509643555,140,4760.3709189891815,-98.37983788673552,0.049223899841308594,-192.2991144497963,27.717709064483643,1410000,2.89917e-08,29.624209880828857,5.8230005864726735,100,50.872104131197744,-55.93382646173698
1.719377040863037,23.99657917022705,-0.033270206,3.8079991340637207,141,4790.405164003372,-110.42096084158673,0.05031299591064453,-311.6361691176899,28.240686178207397,1420000,7.6293944e-08,30.01098918914795,20.03017937013048,100,60.925650847114525,-63.74126412308579
3.3770039081573486,26.75891399383545,-0.027904373,3.993877410888672,142,4825.055690050125,-95.67314621844076,0.051171064376831055,-236.3549053581402,31.198930978775024,1430000,-1.525879e-08,34.628485918045044,39.179304467473834,100,59.13553911217512,-53.28715364794266
2.8651387691497803,32.51165056228638,-0.03191248,5.157970666885376,143,4866.248261213303,-96.94821114891666,0.04334592819213867,-261.79265413812186,38.23439812660217,1440000,4.2724608e-08,41.14459300041199,14.384488995293715,100,60.067221381864,-55.44082366981937
3.9162168502807617,41.02752900123596,-0.029400494,5.809330940246582,144,4917.821372270584,-86.46442648672908,0.12493705749511719,-191.4980344263329,47.47790718078613,1450000,6.5612795e-08,51.522632122039795,7.6063438140809385,100,50.6876030377422,-50.05294907990432
4.313039064407349,44.754478454589844,-0.028310873,7.190114736557007,145,4975.023198127747,-77.60347868029987,0.13598203659057617,-183.195292544353,52.701107025146484,1460000,-5.493164e-08,57.15087676048279,11.47900564510352,100,41.820051061596146,-44.32870531463725
8.07382082939148,65.1278944015503,-0.06783408,8.53037166595459,146,5058.2526252269745,-88.85276446349343,0.5626590251922607,-195.90801106338495,74.54057908058167,1470000,-2.1362304e-08,83.17929315567017,9.268129599439286,100,50.80795623349149,-48.76097600512686
3.908841848373413,76.19646334648132,-0.12839869,8.315998077392578,147,5147.824313163757,-80.86918811094952,0.13797879219055176,-227.302028657503,85.4497389793396,1480000,-3.2806398e-08,89.49854922294617,21.48918692555972,100,48.26705133112394,-45.36543286779169
3.73806095123291,48.885594606399536,-0.034562334,7.885112047195435,148,5209.366063117981,-87.40520657494773,0.14237213134765625,-268.48590766837077,57.60759973526001,1490000,3.0517577e-09,61.488853931427,30.5841735248469,100,54.173128235408214,-49.13502103795076
3.922882080078125,51.88032412528992,-0.034539636,7.793581008911133,149,5273.993613243103,-75.20598244914463,0.13093900680541992,-179.10178133731114,60.52223587036133,1500000,1.8310548e-08,64.57785701751709,33.153050128624855,100,42.674620504975216,-41.76297069146212
6.599838972091675,78.77776050567627,-0.03504386,8.026169538497925,150,5368.502383232117,-67.75244945820488,0.16680407524108887,-205.22527943969865,87.68814587593079,1510000,-3.3569336e-08,94.45640707015991,32.44680182504421,100,38.73749243245915,-36.83009854160642
2.4425132274627686,54.24173665046692,-0.037833128,4.461241245269775,151,5430.403753042221,-77.71142599153922,0.19053387641906738,-195.79121285066842,59.2133367061615,1520000,2.746582e-08,61.84722590446472,29.65820412288386,100,38.00712048204898,-41.813063683731094
2.525377035140991,38.75919055938721,-0.043284673,4.09681510925293,152,5476.423121213913,-72.81120431614629,0.1108710765838623,-256.230812456441,43.35827302932739,1530000,2.1362304e-08,45.995441913604736,6.883712078426177,100,40.28084471529353,-40.65518333426171
2.0721018314361572,33.69173765182495,-0.03646148,4.130768060684204,153,5516.8955500125885,-72.14768453596317,0.05646324157714844,-195.91710851142707,38.310142993927,1540000,1.4972686e-08,40.440366983413696,17.610040030734357,100,37.80843409582444,-40.28651378705368
2.244877815246582,31.599269151687622,-0.032615554,4.212110280990601,154,5555.510195016861,-73.27671948048769,0.05557608604431152,-215.2553435775019,36.29022288322449,1550000,3.0517577e-09,38.59152388572693,18.982195897910067,100,40.690331364854885,-41.10846438721624
2.3060240745544434,37.248215198516846,-0.021755066,4.160404443740845,155,5599.80317902565,-77.03826212119746,0.07696413993835449,-212.061117872735,41.884899854660034,1560000,-1.5258789e-09,44.26911807060242,20.19914100141771,100,36.44781525191906,-42.64671781910145
2.5180392265319824,34.10664200782776,-0.023153577,4.162054061889648,156,5641.214396953583,-74.54352624135538,0.09493112564086914,-193.0034542078657,38.74386930465698,1570000,-9.155274e-09,41.36012506484985,7.737441720231253,100,38.29408627293884,-41.97999907564748
2.2823851108551025,34.25296592712402,-0.020084394,4.068616151809692,157,5682.5150599479675,-70.57736031784133,0.055166006088256836,-200.3576844663774,38.93955087661743,1580000,-6.103516e-08,41.2786009311676,9.33840129921218,100,38.81323920785538,-41.47270618715519
2.2431089878082275,33.35205888748169,-0.02107229,4.062223434448242,158,5722.727065086365,-69.00714615851157,0.05512714385986328,-229.06282781243303,37.885135889053345,1590000,-3.3569336e-08,40.1885712146759,35.96408417161777,100,39.85805551200851,-39.08966715571623
2.1100988388061523,28.578765392303467,-0.037468296,3.9539248943328857,159,5758.027759075165,-72.2380667441708,0.05896282196044922,-228.32633655879152,33.108546018600464,1600000,6.103516e-08,35.27902793884277,19.335190982253003,100,39.6917041342815,-41.103114319614825
2.392141819000244,31.07461190223694,-0.030367719,4.071980237960815,160,5796.110274076462,-53.35348911915814,0.05457305908203125,-161.41286047414454,35.612276792526245,1610000,-2.1362304e-08,38.059730768203735,27.79050592819167,100,32.576447077300806,-29.925945720616706
2.199097156524658,46.300467014312744,-0.022321368,4.376207113265991,161,5849.800624132156,-67.42652941903069,0.09529590606689453,-183.5931486908585,51.36343288421631,1620000,9.155274e-09,53.66621398925781,18.6073483710808,100,40.78206229134361,-38.38304607623423
1.9876527786254883,27.111243724822998,-0.030029833,4.011340618133545,162,5883.477990150452,-55.42086868745585,0.06867527961730957,-173.95124542595934,31.589895248413086,1630000,-3.3569336e-08,33.646629095077515,16.985341331545854,100,30.141913521500424,-31.712928447456175
1.809079885482788,24.351601362228394,-0.049510185,3.7506871223449707,163,5913.90215921402,-69.73357105247281,0.06037592887878418,-164.49857613566454,28.53456473350525,1640000,-1.525879e-08,30.40469193458557,43.221636085961116,100,37.35799873721964,-40.34053106825444
2.864104986190796,41.152732133865356,-0.053931504,4.065180063247681,164,5962.545445203781,-83.52020815523194,0.06393599510192871,-166.21173522695054,45.691654920578,1650000,-1.8310548e-08,48.620490074157715,2.8784628578383638,100,36.2816937212253,-47.26632979035744
1.932807207107544,43.469876766204834,-0.03849768,4.271814584732056,165,6012.848639965057,-89.33156025441167,0.09379696846008301,-189.23973099230722,48.24791479110718,1660000,2.4414062e-08,50.276610136032104,21.530313819211038,100,40.30414202804257,-50.92345638441367
1.9563367366790771,25.357701778411865,-0.012313724,3.8173892498016357,166,6044.514465093613,-75.71123295061925,0.07079315185546875,-135.98891054285664,29.60701632499695,1670000,1.525879e-08,31.634556770324707,14.58716292432075,100,34.35973479946142,-43.67398609939327
1.9426970481872559,24.15015935897827,-0.027022948,3.708275079727173,167,6074.832415103912,-77.42677471225937,0.05038309097290039,-150.2942586550357,28.3018479347229,1680000,-4.8828124e-08,30.29583191871643,52.762718618157024,100,38.2471850965132,-43.04839774407781
2.4290339946746826,43.21704411506653,-0.033693857,4.346304893493652,168,6125.429559230804,-65.50142423061857,0.08129620552062988,-175.7953144280326,48.06420183181763,1690000,-0.0024502564,50.57558608055115,17.90679742890532,100,37.86111852305657,-36.31286233219147
2.034838914871216,31.167559146881104,-0.048709918,3.9667012691497803,169,6163.224203109741,-71.44360808443021,0.06760215759277344,-172.83813667586338,35.66346216201782,1700000,-2.89917e-08,37.76747798919678,32.33205044338903,100,38.72610909992115,-39.32156013150696
1.7728071212768555,27.905667066574097,-0.037890922,3.701261281967163,170,6197.109852075577,-79.9219200516633,0.05055117607116699,-199.60515811977797,32.042452812194824,1710000,3.6621095e-08,33.866230726242065,14.475528055656953,100,41.87488877045083,-44.95178109724618
1.9729671478271484,27.48888850212097,-0.04714448,3.8992180824279785,171,6230.99737906456,-68.38996868458794,0.05072307586669922,-174.75757325416467,31.841119050979614,1720000,-0.0043832627,33.86631393432617,23.475633955757726,100,36.88646965510016,-37.395072356297675
1.930506944656372,27.323330402374268,-0.059065692,3.730647563934326,172,6264.480432271957,-67.47961348028198,0.05281805992126465,-173.4511487476245,31.47715473175049,1730000,9.155274e-09,33.46111512184143,25.203016853280825,100,34.9890658572695,-36.80961478991553
2.0071909427642822,28.201303482055664,-0.022904996,3.756204605102539,173,6298.955867290497,-78.45386159219231,0.05757594108581543,-224.78855590619503,32.38739585876465,1740000,-2.4414062e-08,34.45289182662964,21.72971776965825,100,47.04090459588836,-43.2682179946828
1.873690128326416,24.63247013092041,-0.028088572,3.6299407482147217,174,6329.588800191879,-74.55500623271364,0.0512089729309082,-234.0485761223954,28.68212604522705,1750000,5.340576e-09,30.607843160629272,27.738059752148992,100,42.06525290134298,-42.173542181804095
1.9196197986602783,27.019344568252563,-0.028158007,3.6642227172851562,175,6362.731386184692,-79.63454750109163,0.05354619026184082,-200.37520112765432,31.146252155303955,1760000,6.1035155e-09,33.12077522277832,26.739048886861497,100,46.92812720377113,-44.14809703542855
2.538605213165283,24.608185529708862,-0.02822813,3.6627299785614014,176,6394.038950920105,-67.2650313699429,0.05272197723388672,-156.11537268888767,28.69346594810486,1770000,-0.0020953857,31.285494089126587,31.509063735678236,100,36.38557796506243,-37.07845440179617
1.9586129188537598,27.012269973754883,-0.054993518,3.6825110912323,177,6427.178743124008,-74.20511896523045,0.04636502265930176,-175.2315893858115,31.110121965408325,1780000,-1.6784668e-08,33.1167368888855,24.253650945993357,100,42.52898827031057,-40.94234037942949
1.7761998176574707,24.584518909454346,-0.031614993,3.679628372192383,178,6457.726773023605,-74.63756112581022,0.0470583438873291,-295.06246187272194,28.688844919204712,1790000,-5.1879884e-08,30.528444051742554,34.77855428457482,100,51.0013256991787,-41.049897205674505
1.9213988780975342,40.81424808502197,-0.022352505,4.7544965744018555,179,6506.454886198044,-87.53184719131227,0.061347246170043945,-206.53895089612274,46.722890853881836,1800000,-4.7302247e-08,48.70647978782654,39.26025225477243,100,46.277107577397416,-48.18779384613195
2.03572416305542,28.058841228485107,-0.03502698,4.184108734130859,180,6541.425751209259,-65.85091050191276,0.05852103233337402,-189.29665574466534,32.852431297302246,1810000,1.6021728e-08,34.947367906570435,23.307121177526977,100,40.911680810381284,-36.21975960382724
2.14396595954895,34.666698694229126,-0.029688714,4.259082078933716,181,6583.0857701301575,-82.75368636859724,0.059494972229003906,-152.45445303188643,39.428621768951416,1820000,7.019043e-08,41.63385796546936,37.33035056256193,100,40.44394603025376,-45.87735052051563
2.254157066345215,25.501775979995728,-0.04116792,4.394264221191406,182,6615.836282253265,-64.83770804125248,0.05958890914916992,-186.67525038261405,30.412673950195312,1830000,2.746582e-08,32.72784399986267,35.02488726668794,100,41.27639254282024,-37.980290090039446
2.097166061401367,30.01934838294983,-0.02072829,4.406914234161377,183,6653.218255281448,-99.88221182245299,0.3323631286621094,-229.80069162125392,34.92711782455444,1840000,-5.1879884e-08,37.35807418823242,22.434348271755127,100,47.86406549628551,-55.295198654848136
3.233635902404785,42.18170475959778,-0.037197612,4.366085529327393,184,6703.612762212753,-79.10121855829618,0.06845307350158691,-269.8199210328409,47.05767488479614,1850000,3.051758e-08,50.370612144470215,57.67452878615222,100,47.01333826044013,-44.982899900499135
2.507507801055908,38.38059711456299,-0.026043149,4.41399884223938,185,6749.6231989860535,-89.968906161188,0.15008163452148438,-218.01685097527408,43.325939893722534,1860000,-2.2888184e-08,45.98463320732117,55.56858911525926,100,48.952802851719376,-49.349301631834145
3.104001045227051,29.622703790664673,-0.031906314,4.3200201988220215,186,6787.248001098633,-90.27397142326141,0.053681135177612305,-196.6387682348513,34.43724298477173,1870000,-7.93457e-08,37.59533429145813,45.217604415768555,100,48.42376968201738,-51.62891228845124
2.1155800819396973,38.86333918571472,-0.06698733,4.433179140090942,187,6833.283992052078,-88.06525157553253,0.05057978630065918,-198.50132447882135,43.844871044158936,1880000,9.155274e-09,46.01163911819458,44.7422242240673,100,49.55132701981261,-50.753278878945004
1.8863179683685303,53.5720853805542,-0.039055336,4.572990655899048,188,6894.036422252655,-68.45182894891462,0.0733180046081543,-174.68482936517754,58.76609802246094,1890000,-5.493164e-08,60.72641158103943,43.682552809468994,100,42.91607842309352,-39.9239599965331
2.1709179878234863,27.65480637550354,-0.0490395,4.232678413391113,189,6928.6582572460175,-81.08274144833334,0.05354809761047363,-213.5593238326987,32.37504291534424,1900000,2.4414062e-08,34.599894762039185,40.58602727474463,100,46.618244824909354,-46.05339106566379
2.0218257904052734,25.930537223815918,-0.045362245,4.092172861099243,190,6961.2562482357025,-66.71395788497793,0.04775094985961914,-203.27365044551618,30.506221055984497,1910000,-3.6621095e-08,32.57626008987427,32.4382461164293,100,41.61900882826283,-38.85360702504532
3.633641004562378,30.847031831741333,-0.036976747,4.236681699752808,191,7000.5445561409,-78.86785406819509,0.06366276741027832,-200.73235840171037,35.566494941711426,1920000,-3.3569336e-08,39.26590418815613,66.79789340934452,100,49.65592177803736,-45.94714392574204
1.8947582244873047,25.615175247192383,-0.033069115,4.109154939651489,192,7032.738045930862,-66.2916891755553,0.05101513862609863,-214.4666957851268,30.205631017684937,1930000,1.5258789e-09,32.151922941207886,35.756827833417184,100,45.04202068038395,-38.902195610320156
2.23935604095459,32.973347425460815,-0.03643974,4.526139259338379,193,7073.08252120018,-66.92437684904618,0.05528378486633301,-156.69023094530206,38.0146918296814,1940000,-3.0517577e-09,40.32263398170471,50.57836786374055,100,38.73730031504355,-38.31401739588118
1.8973751068115234,25.23131823539734,-0.03680637,4.09597110748291,194,7104.88480424881,-48.73130231986236,0.06675314903259277,-188.651730126668,29.815290927886963,1950000,2.746582e-08,31.780036211013794,58.28240099917317,100,40.48357107426972,-29.430209163121468
1.8817009925842285,25.568836212158203,-0.06767466,3.9984359741210938,195,7136.875733137131,-81.62213827145652,0.05312013626098633,-224.2028734166761,30.028332233428955,1960000,7.019043e-08,31.964967012405396,44.12590634045172,100,57.16774185766596,-45.43065077592994
1.8811359405517578,24.00714921951294,-0.040862482,3.9861180782318115,196,7167.300606012344,-61.487763512586724,0.05270504951477051,-194.1557829228135,28.450886011123657,1970000,-1.8310548e-08,30.398270845413208,31.737597676164192,100,46.50377505131963,-37.64180719210332
1.838130235671997,25.351784706115723,-0.044831764,4.005822420120239,197,7199.065593242645,-68.06325417042144,0.049822092056274414,-214.0854600947465,29.84269905090332,1980000,3.6621095e-08,31.73198413848877,31.511751331700122,100,42.918054576211084,-40.41325520183464
1.8920619487762451,23.574028491973877,-0.028070685,3.8858373165130615,198,7228.961833953857,-93.78508847828593,0.04728889465332031,-184.76332056197552,27.929502964019775,1990000,-4.8828124e-08,29.870179176330566,28.840852950322983,100,50.64623648719736,-54.659742470731345
1.8827879428863525,24.13268756866455,-0.053174213,4.074167966842651,199,7259.593373060226,-94.38186390035234,0.07094883918762207,-227.93641309345392,28.654448747634888,2000000,1.6784668e-08,30.609534978866577,30.8443533215154,100,51.715632005283524,-55.9613088518891
1.9539101123809814,23.910244464874268,-0.037171144,3.886227607727051,200,7289.879848003387,-74.8002685835352,0.049283742904663086,-189.62812112519936,28.256811141967773,2010000,-7.629395e-09,30.261341094970703,49.70686442752389,100,49.128944166757194,-44.38589713638858
1.8361458778381348,24.459857940673828,-0.04382352,4.004459857940674,201,7320.723627090454,-85.47676851259719,0.058759212493896484,-234.52635567032436,28.92614984512329,2020000,-7.629395e-09,30.82189917564392,32.20930406411671,100,52.32698798270768,-49.64258313622295
1.9675111770629883,23.953877449035645,-0.02485866,3.9402263164520264,202,7351.117177248001,-87.43988253491192,0.06076788902282715,-194.04080926398785,28.34268808364868,2030000,1.525879e-08,30.371633052825928,29.124272014855006,100,48.4146824141816,-50.24038682237016
1.821418046951294,24.29514789581299,-0.035350002,3.9371490478515625,203,7381.71980214119,-113.48927705775687,0.07298612594604492,-222.75129898548667,28.686152935028076,2040000,-9.155274e-09,30.581278085708618,45.58093001600855,100,62.8761204783592,-64.35881542445684
2.1001808643341064,24.79401445388794,-0.086368725,4.067890167236328,204,7413.241842985153,-121.92998625321161,0.0615541934967041,-212.53292194658846,29.333749055862427,2050000,5.1879884e-08,31.49688696861267,54.04090644451962,100,61.232617178391976,-69.25149906667997
3.147050142288208,23.34467887878418,-0.03380325,3.901752471923828,205,7444.323520183563,-115.42493260167574,0.1802060604095459,-205.9475833896926,27.73444890975952,2060000,2.1362304e-08,31.062318086624146,43.66927568395106,100,60.415241208707215,-66.55888953042955
2.747608184814453,26.122955799102783,-0.023325402,4.303781270980835,206,7478.320150136948,-66.96839294871013,0.27634692192077637,-201.90018502577377,30.940985679626465,2070000,9.155274e-09,33.9653959274292,61.12135345267686,100,49.73094794846444,-39.148154863467404
1.9308340549468994,27.82735586166382,-0.035912734,4.024793863296509,207,7512.7202570438385,-80.46892994583156,0.10780596733093262,-162.93623173069224,32.33606815338135,2080000,-1.6784668e-08,34.37836813926697,35.65077667882083,100,43.61380501902732,-45.810508518448245
2.028981924057007,23.502662897109985,-0.039482426,3.9294514656066895,208,7542.703687906265,-86.77457041637986,0.05659627914428711,-179.16180881029481,27.875898122787476,2090000,-0.0024648025,29.961930990219116,47.14391919685523,100,50.0542482714503,-50.103573535094974
1.9398651123046875,23.054929494857788,-0.07247373,3.771843910217285,209,7571.989608049393,-92.3608595180916,0.0684359073638916,-228.62889562294365,27.246757984161377,2100000,-3.051758e-08,29.260121822357178,45.60510852373097,100,53.47409338229944,-52.66660852681885
2.830066204071045,22.013591289520264,-0.034531187,3.5963993072509766,210,7600.916049957275,-61.11304328832338,0.05103898048400879,-149.5114600479325,26.02376389503479,2110000,1.8310548e-08,28.90522599220276,40.269229109083305,100,36.95397974647963,-34.9519466879255
2.3121178150177,22.923269271850586,-0.031989004,3.6994261741638184,211,7630.388827323914,-61.576360492419184,0.0875699520111084,-185.2980470545001,27.04913878440857,2120000,-5.79834e-08,29.450186014175415,60.086928472237105,100,47.288294190760126,-35.669447098778775
2.2104849815368652,21.1612765789032,-0.03530036,3.657949447631836,212,7658.066398143768,-73.2943128172374,0.10394883155822754,-220.131741831466,25.341654062271118,2130000,6.1035155e-09,27.657320022583008,39.08594983758761,100,46.325800969483886,-39.87158052919486
1.950340747833252,21.752800703048706,-0.057106353,3.6390652656555176,213,7685.943176984787,-76.683477554273,0.09467697143554688,-244.45502756388314,25.807303190231323,2140000,2.746582e-08,27.85375714302063,47.15163072652103,100,50.65279310329717,-41.19727191554489
1.669433832168579,21.47586441040039,-6.808321,3.6643288135528564,214,7713.253153085709,-55.082715379327574,0.06487894058227539,-227.38821711742756,25.55588412284851,2150000,-3.6621095e-08,27.290545225143433,51.526234574218634,100,46.546813860181665,-31.109564017145523
1.7993190288543701,21.77940011024475,-0.046729412,3.719911575317383,215,7741.093003988266,-61.45369875613372,0.06337714195251465,-142.4720277510489,25.95189881324768,2160000,-3.051758e-08,27.81818699836731,62.28456292612799,100,41.8487043533837,-33.54589894174354
1.8247559070587158,21.973142862319946,-0.08697653,3.652724504470825,216,7769.129261016846,-38.1077840463768,0.14337491989135742,-230.612820915054,26.048211812973022,2170000,7.629395e-09,28.016932010650635,82.43844234947748,100,43.08789062107153,-19.550194033974
1.7592229843139648,23.00283455848694,-0.104609214,3.681725025177002,217,7798.068144083023,-30.641940801133014,0.04892611503601074,-179.95235335230808,27.106741189956665,2180000,-3.0517577e-09,28.916190147399902,52.29017422601518,100,38.23521720532793,-15.061169714054957
1.6710569858551025,22.069462537765503,-0.122747354,3.6471667289733887,218,7826.035104036331,-33.66307270187696,0.13789582252502441,-132.4255291843007,26.135470151901245,2190000,4.8828124e-08,27.94503903388977,69.20815176112296,100,35.35711693094647,-16.9912233942067
1.7725770473480225,21.841337203979492,-0.012540564,3.709564447402954,219,7853.997761011124,-39.41258543808097,0.07273530960083008,-159.92759601961035,26.0952570438385,2200000,3.6621095e-08,27.941992044448853,62.35297054735585,100,42.782026113215345,-21.312829357929374
2.007982015609741,33.712730169296265,-0.031057412,4.391406297683716,220,7894.75918006897,-52.008661802270964,0.07428789138793945,-146.71247491886743,38.65244507789612,2210000,1.2207031e-08,40.73826503753662,53.31145511472756,100,39.83653506748619,-28.423895982101435
3.270451068878174,1573.514651298523,-0.023960356,4.771715402603149,221,9477.047057151794,-27.015752984640972,0.10875797271728516,-121.84460543979024,1578.8523750305176,2220000,3.3569336e-08,1582.2326538562775,49.633679573832445,100,32.26287067584333,-13.677200588916117
3.062613010406494,85.96733927726746,-0.029960522,4.97684645652771,222,9571.755857944489,-30.30068479589928,0.10276412963867188,-116.24958504438011,91.50666093826294,2230000,4.119873e-08,94.67378687858582,55.85521082885714,100,36.7124512712085,-16.671825261934355
1.9236860275268555,35.43687558174133,-0.027615264,4.53225040435791,223,9614.278596162796,-24.258201821797424,0.059213876724243164,-129.98677310083204,40.505894899368286,2240000,-6.1035155e-09,42.489342212677,91.62384703288456,100,38.74320352528324,-12.512124329913924
1.8923547267913818,33.647825956344604,-0.06827689,4.163010597229004,224,9654.528678178787,-36.696821758620686,0.04781699180603027,-132.80664059553834,38.28640007972717,2250000,1.2207031e-08,40.22712206840515,69.10270612897521,100,43.2866497378008,-19.401446182911258
1.8607783317565918,24.130022048950195,-0.051266838,3.6758220195770264,225,9684.71882224083,-25.540443347633886,0.06791305541992188,-139.13736900733386,28.238574028015137,2260000,-2.1362304e-08,30.16889500617981,83.5787408056543,100,36.091581843167326,-11.891282827161962
3.3169002532958984,28.179118871688843,-0.030070642,3.984065055847168,226,9720.745236158371,-20.98810445218243,0.06866002082824707,-110.6954628790466,32.61213278770447,2270000,-1.8310548e-08,36.00455975532532,64.94292839941448,100,31.653706255175805,-9.666837093040607
3.0476112365722656,77.89917850494385,-0.032126546,4.875053405761719,227,9807.282543182373,-26.581023155880374,0.07011795043945312,-119.54720053485406,83.36959886550903,2280000,2.2888184e-08,86.51129722595215,109.82096095256244,100,36.40317343527053,-14.20877560426475
1.8184340000152588,40.666892528533936,-0.022620074,4.533717632293701,228,9854.911199092865,-21.181493482975483,0.06693387031555176,-157.00457776936256,45.71262001991272,2290000,6.1035155e-09,47.59843683242798,85.29938557430155,100,39.33510815066637,-9.415577596497583
3.5609779357910156,28.50362229347229,-0.044576965,3.952117681503296,229,9891.496152162552,-13.333930335390955,0.0667870044708252,-100.69600864954619,32.93548369407654,2300000,3.051758e-08,36.563666105270386,66.8201984689457,100,33.43888196887929,-4.183132350751328
3.6192760467529297,43.65884876251221,-0.04329019,4.396093368530273,230,9943.836492061615,-23.104153936259486,0.059809207916259766,-131.93225133552212,48.636539697647095,2310000,-4.9591065e-08,52.316352128982544,74.3747465010805,100,41.6765348498962,-10.723844342839234
1.818849802017212,29.8441002368927,-0.033639226,4.047053575515747,231,9980.185826063156,-12.081171215930793,0.11508798599243164,-135.47961197529082,34.348111152648926,2320000,-2.4414062e-08,36.323392152786255,82.50377148226949,100,39.92323272032502,-3.651521083609403
1.7911639213562012,23.2167751789093,-0.056449376,3.6345460414886475,232,10009.346025943756,-17.914512476326912,0.0659337043762207,-100.83355403880039,27.27683711051941,2330000,-2.4414062e-08,29.13431406021118,78.81090341101704,100,32.33335613080017,-5.7920120530828365
1.8170230388641357,24.402873516082764,-0.036158253,3.777036666870117,233,10039.841934204102,-9.700846515451154,0.059098243713378906,-152.63218098387642,28.600669860839844,2340000,-6.1035155e-09,30.4771409034729,88.25215535611076,100,38.380624623009396,-1.05789859849819
4.103803873062134,26.408198356628418,-0.035891864,3.8598599433898926,234,10074.732330083847,-17.02100339079564,0.0527040958404541,-182.9631765233888,30.712584257125854,2350000,-0.0021673767,34.86973214149475,64.90196953926001,100,38.79198655755005,-5.170966654668436
1.7142038345336914,43.45139026641846,-0.043679237,4.221163988113403,235,10124.84873509407,-6.891319165906278,0.22423911094665527,-122.62678484471394,48.1539740562439,2360000,-3.8146974e-09,50.09294271469116,99.29557956180042,100,39.06885206143661,0.14204552216597352
1.8745479583740234,22.218215227127075,-0.037160043,3.643812417984009,236,10153.098477125168,-10.047608272166284,0.05873584747314453,-102.10344894412056,26.29403805732727,2370000,-6.1035155e-09,28.22791814804077,101.7460946270829,100,35.329454981939236,-0.5323028729255946
1.7273437976837158,22.498838663101196,-0.04018421,3.581169605255127,237,10181.394306182861,-10.965737350051283,0.05008983612060547,-102.54955513693727,26.496387004852295,2380000,3.051758e-08,28.27424693107605,94.45872037352119,100,38.517819441269076,-3.5577184440739944
1.738520860671997,21.943567037582397,-0.024804149,3.600172996520996,238,10209.174747228622,-11.680232594551342,0.05073213577270508,-113.1845770596901,25.96774673461914,2390000,6.408691e-08,27.75741958618164,89.72546161802569,100,35.74706275726476,-2.6698315221477804
1.7736308574676514,29.188721895217896,-0.05825062,4.139467716217041,239,10244.831203222275,-4.752581754024835,0.047406911849975586,-82.78361131321827,33.81237006187439,2400000,5.8746338e-08,35.63483119010925,83.41348138041668,100,31.461233339726927,0.4650412995665295
2.1062328815460205,42.959858417510986,-0.074914694,4.36175799369812,240,10294.810684919357,-20.351236512455298,0.0480499267578125,-118.51717719707122,47.801522970199585,2410000,-3.967285e-08,49.957367181777954,59.64754623265288,100,34.70845600211221,-8.422940895510068
1.7389588356018066,25.21420431137085,-0.041731395,3.740314245223999,241,10326.01722407341,-18.38598781435837,0.05891084671020508,-168.29363211411524,29.383606910705566,2420000,1.525879e-08,31.18377184867859,117.98901563242336,100,35.62861934945849,-8.487551958541577
1.7769851684570312,22.19810199737549,-0.04155495,3.568188428878784,242,10354.05502319336,-14.254084809920368,0.048250675201416016,-109.01751188418818,26.189892768859863,2430000,-2.2888184e-08,28.015554189682007,77.2580183072398,100,36.649466848224264,-7.656468845717657
1.7611708641052246,22.52322554588318,-0.034911003,3.6813857555389404,243,10382.507481098175,-28.674326247338858,0.049048662185668945,-113.14816473915052,26.620487213134766,2440000,1.525879e-08,28.43109130859375,50.920541907858784,100,34.197486692746786,-16.759241917078672
1.7397329807281494,23.31445598602295,-0.048787694,3.765153646469116,244,10411.836344242096,-19.546937417866058,0.050093650817871094,-175.3430752836901,27.51639485359192,2450000,-2.746582e-08,29.307645797729492,84.44419446122077,100,40.24557000491812,-11.21922115346003
1.7456881999969482,22.1497700214386,-0.035010174,3.6010689735412598,245,10439.845798969269,-42.042813006345696,0.04854393005371094,-156.8943039476802,26.19321298599243,2460000,6.103516e-08,27.987853050231934,80.93864601161172,100,38.93253639440278,-22.49943170342054
1.8006620407104492,22.09880781173706,-0.025266977,3.6155762672424316,246,10467.857939958572,-19.420603750985276,0.05970406532287598,-179.2337137665546,26.130116939544678,2470000,-6.1035155e-09,27.99090313911438,81.92724629792946,100,42.17821355952826,-10.903800876075511
1.7667620182037354,22.361279010772705,-0.05441963,3.6162333488464355,247,10496.10016322136,-29.36454858349738,0.04847979545593262,-136.8364933481205,26.404709815979004,2480000,5.79834e-08,28.220707178115845,65.33607921070018,100,41.134987725660544,-15.658533244743905
1.9277288913726807,23.008447647094727,-0.029545289,3.700345277786255,248,10525.24451303482,-26.644731476455114,0.05066204071044922,-144.37863837746386,27.143105030059814,2490000,-0.0015362579,29.12285327911377,82.002438920052,100,38.729830694125916,-14.7673081156873
1.763131856918335,22.01747179031372,-0.04319065,3.597257137298584,249,10553.121536016464,-30.987549585716856,0.061051130294799805,-134.3732095396792,26.03043293952942,2500000,-7.2479246e-08,27.855032205581665,65.66748071375254,100,35.5784876106389,-14.15396486495457
1.691141128540039,22.847337007522583,-0.03968768,3.7135703563690186,250,10581.88474702835,-29.346296486910365,0.04709315299987793,-148.60630490355322,27.001341342926025,2510000,2.746582e-08,28.74104404449463,112.6472232871403,100,37.87106116843463,-13.86092835830003
1.8009719848632812,23.556360006332397,-0.036206096,3.7353038787841797,251,10611.483705043793,-8.50153104744475,0.06701993942260742,-128.98582088081653,27.70863103866577,2520000,1.525879e-08,29.57802414894104,106.71558616945399,100,42.44603327028418,-2.878213492468605
1.7265911102294922,24.622273445129395,-0.03989104,3.853681802749634,252,10642.268387079239,-27.1989889824137,0.04996895790100098,-149.43139173767673,28.972172021865845,2530000,5.1879884e-08,30.763115167617798,80.701639734214,100,42.16595951993473,-10.987235682460266
1.647510051727295,21.91298532485962,-0.01680716,3.6078438758850098,253,10670.078962087631,-16.355503898555355,0.19970107078552246,-174.3290498771235,25.938014030456543,2540000,3.051758e-08,27.7865788936615,109.58553928747624,100,44.90852565686501,-6.637156098138455
1.7255258560180664,22.107429027557373,-0.025380097,3.5569913387298584,254,10697.950668096542,0.3507484985996178,0.047631263732910156,-105.3290989760563,26.075126886367798,2550000,-3.967285e-08,27.84974479675293,118.67103321337339,100,38.57876897720005,3.6085644072821514
1.6881883144378662,21.53604817390442,-0.0522253,3.516212224960327,255,10725.220587015152,8.476945362192927,0.09968876838684082,-95.72862959360033,25.45974087715149,2560000,-6.2561035e-08,27.248476028442383,101.20951452979534,100,40.411486703594335,6.570584520472657
1.7882559299468994,21.764834880828857,-0.031552855,3.5094120502471924,256,10752.782737255096,12.957036599335481,0.05245208740234375,-160.9304449449231,25.68119192123413,2570000,-1.6784668e-08,27.54026174545288,163.48424460889544,100,45.69820107067151,8.790254141861146
1.805105209350586,22.387349843978882,-0.029051526,3.608123302459717,257,10781.072286128998,-9.43849598927323,0.04535412788391113,-133.3429743189482,26.409165143966675,2580000,-1.8310548e-08,28.26893186569214,99.56595225248387,100,38.937686624754434,-3.4675300716846476
1.7533252239227295,22.2179114818573,-0.028189925,3.56943941116333,258,10809.133929014206,-1.3199957529337525,0.06168699264526367,-124.37710918337989,26.226802110671997,2590000,-6.1035155e-09,28.043136835098267,94.4142136725283,100,39.22348701131764,1.7775049236074145
1.7272708415985107,21.790956497192383,-0.042460926,3.517595052719116,259,10836.686138153076,-3.8840981480546395,0.07785797119140625,-106.07793852383189,25.717734813690186,2600000,-1.525879e-08,27.529881238937378,139.67890828261574,100,44.52613706192112,0.2915801953643406
1.7619459629058838,21.791165828704834,-0.045338903,3.4854443073272705,260,10864.216406106949,-4.87980912276204,0.04465198516845703,-132.5527411558654,25.7010817527771,2610000,-4.2724608e-08,27.508023023605347,105.69852445147157,100,43.03520262334969,0.1912659610941104
2.1111509799957275,22.402761697769165,-0.023675527,3.5955426692962646,261,10892.841798305511,7.136948109698462,0.05082511901855469,-130.63634534706156,26.4137761592865,2620000,1.2207031e-08,28.605393886566162,137.03394214150842,100,44.06666963031849,7.248338731767131
1.7327640056610107,26.57327103614807,-0.048122853,3.9280123710632324,262,10925.598413228989,1.0273120289313185,0.04960012435913086,-74.05971962714345,30.9509220123291,2630000,1.8310548e-08,32.73462414741516,120.8137471175192,100,41.37936755658849,3.442242578359477
1.59450101852417,22.0792236328125,-0.04472524,3.5247199535369873,263,10953.30542421341,10.59234280869324,0.04903388023376465,-85.60558177752685,26.042715072631836,2640000,-9.155274e-09,27.68665313720703,81.60193775023774,100,37.084630845517566,8.634122863395996
1.7235758304595947,22.085795164108276,-0.052359227,3.498779773712158,264,10981.094593048096,15.571561809657638,0.04929804801940918,-107.79477198342592,25.994165658950806,2650000,2.4414062e-08,27.7674241065979,99.44683228107532,100,39.39826087544721,11.29242560082248
1.7644002437591553,22.209017276763916,-0.033735115,3.550537347793579,265,11009.102109909058,24.00653779745297,0.05006980895996094,-119.17255306268706,26.17085599899292,2660000,-1.2207031e-08,27.986676931381226,127.34840832557784,100,47.40241784881632,15.749612011902327
1.7607150077819824,21.37268304824829,-0.046817534,3.511070489883423,266,11036.248759031296,8.878115993033202,0.04934191703796387,-123.57913584207982,25.31359100341797,2670000,-3.3569336e-08,27.124266147613525,117.50649985520482,100,41.68696275415615,6.08302749314608
1.6628568172454834,21.493475914001465,-0.02911941,3.5085506439208984,267,11063.398806095123,-8.269645297903704,0.05477499961853027,-107.33002033660823,25.409267902374268,2680000,4.5776368e-08,27.128250122070312,99.23157408622383,100,43.408464763492915,-3.3908644696876586
1.7268919944763184,21.533252477645874,-0.057424758,3.4909515380859375,268,11090.627595186234,3.8324724659504734,0.04792284965515137,-123.82285269519643,25.42706608772278,2690000,1.525879e-08,27.20697808265686,166.47447617101008,100,51.70312979710597,2.7136725186097697
1.7295441627502441,21.72359347343445,-0.061514277,3.645725727081299,269,11118.207238912582,-3.485241169300539,0.0479731559753418,-120.25852868883783,25.779006242752075,2700000,-2.2888185e-09,27.557987928390503,119.73089283727671,100,46.903435675745406,-0.40365973288524293
1.7543988227844238,21.996676445007324,-0.061920177,3.574354648590088,270,11146.008236169815,-5.886895061600914,0.0462038516998291,-88.90000750109502,25.97840690612793,2710000,2.5939942e-08,27.779426097869873,103.11268858513807,100,41.44365852257435,-1.1380979218041545
1.93752121925354,22.357452154159546,-0.03811682,3.5447936058044434,271,11174.32804107666,-12.209759016218845,0.04682302474975586,-108.17306453781168,26.31565809249878,2720000,5.79834e-08,28.300328969955444,125.57190536391282,100,43.10226569704073,-4.575188893161144
2.00089693069458,23.670560121536255,-0.024547659,3.5726490020751953,272,11204.05226302147,-6.219271007133059,0.04628491401672363,-90.1396657456759,27.652528762817383,2730000,-5.79834e-08,29.701335668563843,101.60155615862314,100,42.892766182268076,-0.7840956330087162
1.6261119842529297,22.670621395111084,-0.052853376,3.504669666290283,273,11232.432912111282,-1.4453335368083464,0.1497049331665039,-98.58114726737611,26.582112789154053,2740000,4.2724608e-08,28.359206199645996,101.55158203574211,100,44.36257672071967,0.562657602204267
1.7213850021362305,21.54722237586975,-0.030769266,3.498833417892456,274,11259.700778007507,-1.716522590186092,0.06909489631652832,-156.398141937484,25.454544067382812,2750000,-1.8310548e-08,27.24541997909546,127.04060419574749,100,49.53484168520245,2.1947555235055107
1.73347806930542,21.398764610290527,-0.055347912,3.474550247192383,275,11286.792109012604,3.159641903312271,0.0488739013671875,-117.48918033904285,25.283509969711304,2760000,-4.5776368e-08,27.072078227996826,135.71813637387862,100,47.65017523898704,4.96227189780929
1.847330093383789,21.80939531326294,-0.037360433,3.6030774116516113,276,11314.531282901764,-0.6641221233406928,0.0462651252746582,-165.11682679384907,25.82293701171875,2770000,9.155274e-09,27.716926097869873,106.1735136068412,100,49.47987845502679,2.12897592695911
1.7080788612365723,25.95674991607666,-0.026591782,3.5964066982269287,277,11346.297100067139,0.45102010061713954,0.05208396911621094,-99.19942644743183,29.968270301818848,2780000,2.746582e-08,31.729909896850586,121.62382030447161,100,44.86071702760944,2.8927426363372306
1.6641390323638916,21.336930513381958,-0.031725198,3.4683408737182617,278,11373.24531197548,4.1043090860715985,0.04822397232055664,-141.12360641885866,25.213660955429077,2790000,-1.8310548e-08,26.926456212997437,114.99612035207467,100,44.10465795384303,5.040332321020035
1.749324083328247,21.294068813323975,-0.034683347,3.440340757369995,279,11400.228307962418,9.381496915870024,0.0569767951965332,-107.8492555760855,25.14247179031372,2800000,6.1035155e-09,26.96133804321289,93.44513583591343,100,36.109580439717114,9.767906056099111
1.8253912925720215,21.395445823669434,-0.033729646,3.4885518550872803,280,11427.417341947556,3.0797283691111166,0.05092573165893555,-94.04734506548476,25.29137110710144,2810000,3.8146972e-08,27.168055057525635,107.54181181328309,100,43.837115662930394,4.606101648640229
1.7060790061950684,21.628403425216675,-0.069663815,3.498476028442383,281,11454.727781295776,-8.408153314826281,0.05108189582824707,-102.90523429818785,25.531102895736694,2820000,-2.4414062e-08,27.288763284683228,123.17632122662137,100,42.003977304815514,-0.6096735362771627
1.7946569919586182,21.38622260093689,-0.042742543,3.5441930294036865,282,11481.921924114227,-19.787509481071066,0.044779062271118164,-127.75990081743818,25.33484387397766,2830000,1.0681152e-08,27.174626111984253,93.46595893922418,100,45.06420313196207,-7.272739809267074
2.3381879329681396,23.2088680267334,-0.045358527,3.563155174255371,283,11511.508119106293,11.011980553176729,0.04629087448120117,-113.68296296633318,27.179208755493164,2840000,-4.5776368e-08,29.565119981765747,95.94496287404603,100,41.881077307118396,7.039992223788519
2.7351772785186768,21.001824855804443,-0.041661065,3.461240530014038,284,11539.18253493309,14.625658219848619,0.047728776931762695,-89.17521778062614,24.864163160324097,2850000,8.239746e-08,27.653428077697754,141.74319981054316,100,42.43316342224583,10.32991016129791
1.8780291080474854,21.157434225082397,-0.065338194,3.4635848999023438,285,11566.21542930603,-4.209804176520632,0.0743558406829834,-112.95920284114376,25.02717900276184,2860000,-5.493164e-08,26.981479167938232,161.2993177464443,100,45.00155870531041,0.5471337956252248
1.797943115234375,21.55638885498047,-0.106536426,3.5653414726257324,286,11593.64038014412,8.682369293739203,0.06974482536315918,-113.68695945074315,25.53555727005005,2870000,4.577637e-09,27.40384602546692,109.78098476031019,100,46.040492741612496,5.824463553722264
1.7714650630950928,25.207239151000977,-0.023257876,3.66568660736084,287,11624.798201084137,9.104788623992597,0.049094200134277344,-108.33444997930957,29.29092311859131,2880000,2.1362304e-08,31.11298108100891,102.04004321424078,100,39.19027205346201,3.6285881153869726
2.2299931049346924,22.66671586036682,-0.16995901,3.5757620334625244,288,11653.86606001854,-21.076540369427967,0.11081194877624512,-170.58767407725605,26.701548099517822,2890000,4.119873e-08,29.046273946762085,87.19372537417927,100,48.07625124129779,-10.11820763948998
1.9810280799865723,22.06702160835266,-0.049944412,3.67337965965271,289,11682.090977191925,-19.20258945794296,0.05670905113220215,-95.36179316487261,26.163944005966187,2900000,-2.5939942e-08,28.20216178894043,87.09068271911087,100,38.0059383816212,-8.996504328759693
1.6379997730255127,21.58851933479309,-0.30293518,3.5165107250213623,290,11709.348948955536,-35.48728851836299,0.09006476402282715,-151.91695117056597,25.50809383392334,2910000,-2.746582e-08,27.23654294013977,109.44288945078085,100,43.76748949803058,-19.235475508788017
1.763592004776001,21.54865312576294,-0.088413455,3.618614435195923,291,11736.771062135696,-41.01394212030944,0.06799888610839844,-141.88424280048153,25.570703744888306,2920000,-3.5095216e-08,27.40264081954956,95.37716288634685,100,43.66569176687517,-22.292714996124985
1.6914660930633545,21.48107624053955,-0.04212343,3.4619672298431396,292,11763.87988114357,-26.191778075885285,0.04756879806518555,-144.42016805393408,25.346384286880493,2930000,3.967285e-08,27.087865829467773,81.97134752169235,100,39.89747308632243,-15.223012872572417
2.6168930530548096,33.31371021270752,-0.07057531,4.231498956680298,293,11804.663360118866,-44.61254733849634,0.051286935806274414,-112.53909877964104,38.092982053756714,2940000,2.746582e-08,40.762519121170044,79.08733850154401,100,36.562546276932494,-23.612187051083858
2.2548227310180664,31.170379638671875,-0.13637938,4.680893659591675,294,11843.410466194153,-48.44896818958815,0.053395986557006836,-122.53454755937985,36.41658091545105,2950000,-3.051758e-08,38.72629499435425,63.595172448332946,100,38.78523306435989,-25.608903785107458
2.635474920272827,32.35705780982971,-0.110404074,4.078699350357056,295,11883.050488233566,-40.57890303819883,0.05504894256591797,-122.97162934541633,36.92679309844971,2960000,5.1879884e-08,39.61797904968262,90.99119916317231,100,40.732906058875145,-21.1819137335591
1.641692876815796,28.54876399040222,-0.048132684,4.455779552459717,296,11918.26261305809,-29.518797298882355,0.05042219161987305,-114.69255066571019,33.49782395362854,2970000,-3.1280518e-08,35.19171714782715,76.55284254799945,100,35.586643730386676,-16.048544538514058
2.215505838394165,22.026292085647583,-0.20413987,4.0850913524627686,297,11947.132060050964,-39.151871283554534,0.06436514854431152,-105.98961468281517,26.567298889160156,2980000,-4.2724608e-08,28.848521947860718,69.16851337046519,100,34.28471693343574,-19.3581412438325
3.2996959686279297,12.140108585357666,-0.10005396,3.4384734630584717,298,11966.629425287247,-25.91079054986038,0.07521200180053711,-111.40885272602918,16.01693105697632,2990000,-1.2207031e-08,19.476422786712646,89.25633158423715,100,38.57722161254348,-12.41147381102675
1.6209437847137451,18.510074138641357,-2.258263,3.776765823364258,299,11991.078625202179,-41.788948571110986,0.04092597961425781,-174.69029197088074,22.75836682319641,3000000,4.196167e-08,24.42587399482727,81.5587480734789,100,39.14458931605347,-22.383597493778428
