train-PolicyExecTime,train-NumTrajs,LossBefore,Itr,Time-Optimization,Time-Sampling,LossAfter,Time,train-MinReturn,ItrTime,train-MaxReturn,n_timesteps,train-AverageReturn,Time-SampleProc,train-EnvExecTime,train-StdReturn,train-AverageDiscountedReturn
137.49611616134644,100,0.019329792,0,13.575927019119263,142.62798810005188,-1.4557244,156.24365186691284,-5.747907364316162,156.24364686012268,27.015103928325594,10000,9.369681263430163,0.037735939025878906,4.5321409702301025,8.045769171024213,15.315925100235848
129.3309507369995,100,0.003486792,1,7.869295120239258,134.5556561946869,-5.630839,298.90579891204834,1.6203842027165745,142.45331597328186,31.374658388714774,20000,24.242121122980706,0.02678990364074707,4.7263264656066895,4.402010837458197,41.032214881439025
129.60489630699158,100,0.006599658,2,5.390582084655762,134.3679530620575,-4.909,438.9187409877777,-5.646167145595629,139.783536195755,29.764845438372973,30000,25.46435343106314,0.02330803871154785,4.304055213928223,3.842490495945846,39.639051002973225
128.34092450141907,100,0.008431103,3,4.460097789764404,132.86215901374817,-3.3583257,576.2830038070679,21.373637187071974,137.34183192253113,30.446167273676696,40000,26.621537452360876,0.018091917037963867,4.085492372512817,1.6530692829322282,38.17248017252544
125.59260773658752,100,-0.009621936,4,4.670165061950684,130.01789808273315,-1.8080713,711.0450789928436,21.873529429537843,134.71124792099,29.732098012478506,50000,26.715601838717042,0.018579959869384766,4.002972602844238,1.6984893581084375,37.00784122161272
120.70123386383057,100,-0.002521872,5,2.8615360260009766,124.94350481033325,-1.0538981,838.9961059093475,20.412281151254007,127.93087100982666,30.975423711300138,60000,26.95898309725983,0.12433910369873047,3.8308281898498535,1.8831449702957332,37.085338416520564
121.03899192810059,100,0.010373006,6,2.7844882011413574,125.34630012512207,-0.752343,967.1717817783356,16.753406811038555,128.15439915657043,30.769159486233274,70000,26.47653920040008,0.02208113670349121,3.9037976264953613,2.2791652104722218,36.159148903859716
128.64267945289612,100,-0.002961464,7,4.369719743728638,133.18258094787598,-0.6579244,1105.167846918106,16.59233493921587,137.58591389656067,30.138417224240996,80000,26.653894244049233,0.03241229057312012,4.126781225204468,2.205587177033131,36.15268395376963
126.12123274803162,100,-0.008360475,8,3.099601984024048,130.51172304153442,-0.5774805,1238.9545629024506,11.845780728604241,133.7571017742157,30.138772755969477,90000,26.443550871993867,0.14516615867614746,3.9784748554229736,3.0115393485555098,36.14189462550799
121.17636227607727,100,-0.00022260437,9,2.8056938648223877,125.48115015029907,-0.5121172,1367.2829129695892,9.760676790226915,128.30759000778198,31.059031904137793,100000,26.680401785471194,0.02002716064453125,3.9001338481903076,2.404548435681651,36.47986426991904
120.41971516609192,100,-0.005600952,10,3.0230109691619873,124.6520311832428,-0.4507394,1494.9988658428192,10.440378390936269,127.69470191001892,32.27746965347571,110000,26.780052174696344,0.019360065460205078,3.830754041671753,2.817217098936772,36.35367213742115
121.6902482509613,100,0.010431278,11,2.988089084625244,125.97052383422852,-0.41101244,1623.998587846756,21.63169628959974,128.97952580451965,32.53602413583021,120000,27.099773089312617,0.02037811279296875,3.8760595321655273,1.6660153280234982,36.81633125640763
102.59451413154602,100,-0.003796048,12,2.233333110809326,106.99179887771606,-0.40454286,1733.2640130519867,19.586099415629516,109.24513483047485,29.93471863085212,130000,27.210496646229288,0.018625974655151367,3.9769022464752197,1.563322976080153,36.88844085615406
88.68332147598267,100,0.0016728546,13,2.4780149459838867,93.03689694404602,-0.3740747,1828.822010755539,17.1276784579757,95.53541207313538,30.14301375141618,140000,27.12040937590912,0.019047975540161133,3.933202028274536,1.9050856409096495,36.6059199733434
87.67259502410889,100,0.011149353,14,2.3689332008361816,91.94601082801819,-0.3503903,1923.1774768829346,20.89513972140754,94.33437395095825,29.753513832129105,150000,27.152338967236783,0.01884293556213379,3.863863706588745,1.4807249514158805,36.743868507014
87.30960822105408,100,-0.0034944932,15,2.1924211978912354,91.72636795043945,-0.33715394,2017.1382746696472,17.783566714939564,93.93967485427856,31.10820158569791,160000,27.19191048051482,0.01944708824157715,4.001636505126953,1.7616983040063074,36.96701032102189
90.19489669799805,100,0.007266696,16,2.388629913330078,94.5759642124176,-0.2968883,2114.152741909027,21.00106887460574,96.99356698989868,30.611880887301954,170000,27.22969608293184,0.023256778717041016,3.966043472290039,1.7914465588828756,37.15567669830645
88.97980499267578,100,-0.0029940044,17,2.416684627532959,93.28292989730835,-0.2692595,2209.894332885742,15.15466709084862,95.72058010101318,30.40766805020499,180000,26.999843734631654,0.019575119018554688,3.8891994953155518,2.0361337138659517,36.60675291330841
88.2550220489502,100,0.001049186,18,2.5401391983032227,92.56718897819519,-0.25028124,2305.041745901108,24.326520505801255,95.1270158290863,30.64379234503179,190000,27.216828079187458,0.019273996353149414,3.9001739025115967,1.2010508516809348,36.83868829046029
88.69738149642944,100,0.001926487,19,2.4322617053985596,93.05266833305359,-0.24172959,2400.569262742996,15.90616492398047,95.50709199905396,31.41134001943141,200000,27.020733713776075,0.020782947540283203,3.938591480255127,1.703524111800087,36.60680953246307
86.80962634086609,100,0.00046166533,20,2.5087621212005615,91.11610698699951,-0.23113272,2494.236090898514,8.538573389028134,93.64576482772827,29.964176349367527,210000,26.91663544604487,0.019493818283081055,3.8942208290100098,2.6682757749617396,36.29907383221424
88.28152918815613,100,0.024033533,21,3.3199360370635986,92.6296169757843,-0.20113064,2590.2289958000183,21.7270705607788,95.9741759300232,31.31412062744475,220000,27.234028856363793,0.023312091827392578,3.9358270168304443,1.45888229237734,36.82467755496704
86.77523565292358,100,0.0068278825,22,2.5028858184814453,91.04611992835999,-0.22282766,2683.8176589012146,17.071286718731674,93.56800389289856,30.65181920443396,230000,26.980190496021564,0.018613100051879883,3.8588032722473145,1.8339440965383453,36.63782690904234
88.16658163070679,100,0.0032740785,23,2.3796072006225586,92.49893188476562,-0.22599858,2778.736142873764,8.953145597171561,94.89768886566162,29.937399895789017,240000,26.62688887717681,0.01875782012939453,3.92051100730896,3.100517940277237,36.08207385279131
89.70591878890991,100,0.0037115128,24,2.1578822135925293,94.0765368938446,-0.23056963,2875.0250618457794,17.84123978652991,96.27033185958862,30.159456049968792,250000,27.16608203743041,0.018416881561279297,3.95810866355896,1.8426834534266912,36.7755717370309
88.42959594726562,100,0.0024274017,25,2.266022205352783,92.79905772209167,-0.23464794,2970.130782842636,17.14031355535107,95.08478426933289,29.881452160690237,260000,26.968506928063867,0.01930403709411621,3.954817056655884,1.6420944549418364,36.54264392370079
89.11851215362549,100,-0.0049928594,26,2.3707640171051025,93.49326419830322,-0.24894324,3066.0352869033813,21.681399612543665,95.88482189178467,29.795589689933895,270000,27.125222526908264,0.019361019134521484,3.951897382736206,1.3569292216648055,36.6687664644413
88.76437973976135,100,0.01583244,27,2.234572172164917,93.09982490539551,-0.20801075,3161.40936088562,1.3199135467367558,95.35306286811829,30.032191728072718,280000,26.902315490046234,0.01738905906677246,3.9161465167999268,3.367641541947531,36.47457241498405
95.31792974472046,100,-0.0052445894,28,2.224916934967041,99.70669078826904,-0.2441674,3263.382817029953,5.366814356234606,101.95265674591064,29.559861414016876,290000,26.342466606588886,0.020293712615966797,3.9644346237182617,3.1639110409143343,36.020119898596434
88.55834150314331,100,0.0037790437,29,2.077680826187134,92.89512395858765,-0.22926314,3358.4086270332336,0.8185454305811393,94.99646806716919,30.112095759832073,300000,26.85116805124164,0.021630048751831055,3.9154646396636963,3.0688390785437454,36.597594863602914
89.74795866012573,100,0.01888538,30,2.2214269638061523,94.14414381980896,-0.22271189,3454.824589729309,23.253005021565915,96.39441108703613,29.818038394858377,310000,27.12618321577075,0.018854856491088867,3.9767234325408936,1.4039958673687944,37.014292971275104
87.41815567016602,100,-0.0036474029,31,2.2694389820098877,91.70128011703491,-0.26089424,3548.838963985443,4.696129149211736,93.99023604393005,31.118189305569768,320000,26.613853020151996,0.01797795295715332,3.8668224811553955,3.1547288710951222,36.455308396924806
88.8249990940094,100,0.010029435,32,2.2886581420898438,93.34231519699097,-0.2812058,3644.5095188617706,20.045720316657984,95.64973998069763,29.917129997884796,330000,26.849010495717735,0.01743602752685547,4.100452661514282,1.849982582662848,36.697899285094444
88.22886347770691,100,-0.006657492,33,2.1104037761688232,92.58671498298645,-0.3155676,3739.246382713318,11.25090583437772,94.71789002418518,30.156434852732502,340000,26.636566258719,0.02002573013305664,3.944392442703247,2.6290272987714216,36.50088974282666
92.08108973503113,100,0.00093556824,34,2.317138910293579,96.48221898078918,-0.3109005,3838.0868680477142,7.189775178738014,98.81972289085388,31.602099917916185,350000,26.812328445410788,0.018807172775268555,3.9745373725891113,2.9759912215819706,36.75108953935084
91.30458068847656,100,0.004259234,35,2.1403236389160156,95.80702376365662,-0.31054762,3936.0817868709564,10.74428729160303,97.97606992721558,29.374107089746765,360000,26.42842874245147,0.026942968368530273,4.0738279819488525,2.6171217823487063,36.16056597442324
89.80588507652283,100,-0.018428309,36,2.3462560176849365,94.12293815612793,-0.33590147,4032.711937904358,13.576783749841507,96.60360193252563,30.668491326720936,370000,26.688163602555463,0.1320970058441162,3.904478073120117,2.3765731259560114,36.241059078613965
108.2709391117096,100,-0.004611406,37,2.818263053894043,112.64177513122559,-0.31446177,4148.209894895554,8.599056151843648,115.47733402252197,29.956066577005352,380000,26.605741163225346,0.015951156616210938,3.9563381671905518,2.771888786522631,36.018681884215084
100.38798594474792,100,-0.00094760285,38,2.294757843017578,104.78162288665771,-0.3373085,4255.327636003494,8.97246325245936,107.09720301628113,30.678306268524114,390000,26.842975165509724,0.019428014755249023,3.9782042503356934,2.8751827114212407,36.7943025702317
88.90107464790344,100,0.0116953,39,2.631613254547119,93.23290920257568,-0.40307695,4351.233090877533,6.465911647349152,95.88409090042114,30.023734783317714,400000,25.673141490563633,0.019130229949951172,3.907877206802368,3.841146705296941,35.65461157876882
89.32352924346924,100,-0.0064259185,40,2.7349231243133545,93.68963599205017,-0.43468648,4447.695605039597,10.697049070331621,96.44424700737,30.790160273439447,410000,26.44404257017603,0.01932215690612793,3.9507460594177246,2.723350189721587,36.53233588480569
87.75713992118835,100,0.0027282715,41,2.1907260417938232,92.10574698448181,-0.44608292,4542.048647880554,12.59741414471793,94.33182215690613,30.178412372982212,420000,26.051804010993138,0.02978801727294922,3.935537338256836,3.1291970798916027,35.72658746949035
88.91088271141052,100,0.0006765717,42,2.154613971710205,93.23814821243286,-0.45241857,4637.603941917419,-4.071100505378074,95.53278994560242,30.422544367041624,430000,25.31291346930526,0.13901734352111816,3.895534038543701,5.3005292624718825,34.92214911310118
87.84273481369019,100,0.0024953552,43,2.3957760334014893,92.15772986412048,-0.43215507,4732.199929714203,-2.7725519495985744,94.57525897026062,29.919456012841728,440000,25.470583823818437,0.021032094955444336,3.899664878845215,5.39386117851118,35.55014733605096
87.70925951004028,100,0.022378504,44,2.14603328704834,92.0584602355957,-0.4579214,4826.44821190834,7.357067376645145,94.22770309448242,30.063322203074314,450000,26.312545750960503,0.022724151611328125,3.9312937259674072,2.9258460508971513,36.358653844827934
88.46554493904114,100,0.018006127,45,2.4083759784698486,92.74449014663696,-0.48882657,4921.644386768341,3.101966687244048,95.17560720443726,29.96029822053371,460000,25.634391412028204,0.021132707595825195,3.869532585144043,4.835842805328823,35.24383697189162
90.23991584777832,100,-0.0063971053,46,2.3274710178375244,94.55603313446045,-0.54304355,5018.5693991184235,1.5518183916627337,96.90416717529297,30.407586850100017,470000,25.319365009929353,0.01927495002746582,3.87135910987854,5.521028146126986,34.814458798349406
87.64389967918396,100,-0.009948549,47,2.0763039588928223,92.03887701034546,-0.57156026,5112.727391004562,0.6475480195378734,94.13569498062134,31.16434553037354,480000,24.943802036030526,0.0190279483795166,3.984834909439087,5.805413030539063,34.49496522937477
87.24971294403076,100,0.005658487,48,2.1113600730895996,91.50669503211975,-0.57948965,5206.386826038361,-3.20872090466375,93.63777709007263,30.308971562433715,490000,24.538931596051313,0.0192720890045166,3.847195863723755,6.518100153169528,34.00759521624811
88.62382793426514,100,0.0012140899,49,2.5775530338287354,92.9698576927185,-0.60829484,5301.975291967392,-5.379482154624564,95.56838202476501,30.08403503549684,500000,24.88407011669165,0.01955699920654297,3.9328970909118652,6.304012518645059,34.54744388893653
86.43945002555847,100,-0.017972544,50,3.0813841819763184,90.713937997818,-0.64340174,5395.81209397316,-2.86840554522602,93.81599187850952,31.49914836482875,510000,23.528803451574287,0.019160747528076172,3.862297534942627,7.148598434667938,32.26284744086112
86.24538588523865,100,-0.0013569886,51,3.076584815979004,90.53390502929688,-0.7369373,5489.463803768158,2.6615548427188385,93.63071298599243,30.835632811487383,520000,24.558514660131127,0.018870115280151367,3.8766682147979736,5.835157708698614,34.49093575518012
86.59996438026428,100,0.004957965,52,3.681072950363159,90.9168291091919,-0.7189764,5584.1031539440155,-0.5709033590730018,94.61795496940613,31.023581254490527,530000,22.926710136705896,0.01830005645751953,3.900615692138672,7.349940809570532,31.80868185424942
90.52342104911804,100,-0.0028760408,53,3.028580904006958,94.79870986938477,-0.65973413,5681.975956916809,-6.521515728563728,97.84989404678345,30.697871466435345,540000,22.18110700470565,0.02108025550842285,3.8593478202819824,9.26077777885675,31.141639548672728
86.17663979530334,100,-0.013749084,54,3.215801239013672,90.42827892303467,-0.655008,5775.664364099503,-3.91004679432511,93.66969704627991,30.574233112228377,550000,20.339143485889046,0.019850969314575195,3.841459274291992,8.47697911933304,27.52171553350996
87.54590797424316,100,0.005127417,55,2.8013031482696533,91.7737090587616,-0.64273566,5870.279138803482,-2.438610980141363,94.59720492362976,31.701605962883104,560000,20.950327089188985,0.02081584930419922,3.8171348571777344,8.89459927803571,28.46216562542023
88.79845523834229,100,-0.00048771058,56,2.6226658821105957,93.06128907203674,-0.6342857,5966.132944822311,-8.44285721068041,95.83387684822083,30.614066742244752,570000,20.58325742329927,0.046636104583740234,3.8461506366729736,9.14180675217017,28.144096007620025
87.32128596305847,100,-0.009643855,57,2.108966827392578,91.5823221206665,-0.6316288,6059.861901044846,-9.028365319978569,93.71085286140442,29.908573345214492,580000,18.522836303395998,0.01817798614501953,3.8497297763824463,9.23962073138992,25.389667697670937
88.6920714378357,100,-0.024816101,58,2.5162386894226074,92.98482584953308,-0.6494185,6155.411408901215,-7.647507836785901,95.52716279029846,31.37846487686036,590000,18.452646684986316,0.023266077041625977,3.879866361618042,9.273012868415066,24.839669730228206
90.29747009277344,100,-0.0031843078,59,2.229641914367676,94.54076504707336,-0.843716,6252.226876974106,-8.877196649906177,96.79262208938599,32.26373069871739,600000,15.689342117693952,0.018981218338012695,3.827561378479004,11.863185022309564,20.215563982598674
89.48901176452637,100,-0.011660347,60,2.31968092918396,93.81346106529236,-2.3390331,6348.408972024918,-10.764099732374621,96.1639039516449,29.957748098286693,610000,12.041261593043153,0.030060768127441406,3.9140737056732178,11.501898883000178,14.237819730059318
87.55238723754883,100,-0.0008104126,61,2.346644878387451,91.89633798599243,-8.234517,6442.693591833115,-12.202656664666891,94.2640528678894,31.55639644709631,620000,7.420249889855683,0.019697189331054688,3.935642719268799,12.535739548427857,6.499090216831701
87.45284175872803,100,0.020010663,62,2.2222790718078613,91.71511101722717,-17.543913,6536.672230958939,-11.9287976183082,93.95682096481323,17.763567897134447,630000,-1.0566082959550114,0.018983125686645508,3.8539698123931885,8.458844161510314,-7.981511990148399
88.75219130516052,100,0.021243632,63,2.0952491760253906,93.03291821479797,-14.632294,6631.843763828278,-12.91185380896958,95.14933395385742,19.435211940602073,640000,-3.094347741910011,0.020775794982910156,3.872239112854004,7.553272935545177,-11.167253638043732
90.55507922172546,100,0.009226758,64,2.280090808868408,94.85101008415222,-1.7493551,6729.015326976776,-11.188528088053314,97.15089917182922,17.16460710167277,650000,0.20109710251424226,0.018416881561279297,3.8820972442626953,7.83486204191283,-6.136969343833804
91.95874357223511,100,-0.0033428178,65,2.3561017513275146,96.31708693504333,-0.5326238,6827.731815814972,-13.01195104235708,98.69584321975708,18.45874217862448,660000,-0.26485092001681276,0.02094888687133789,3.9484503269195557,8.028592037975123,-6.842777100452247
88.68326115608215,100,-0.0039453185,66,2.087163209915161,93.005863904953,-0.13864437,6922.8666639328,-11.855186077876883,95.11421203613281,18.637790022941473,670000,-1.4490299152371031,0.01971292495727539,3.891406774520874,7.236160292214629,-8.588008154859274
89.38442134857178,100,0.012064282,67,2.7347159385681152,93.73257088661194,-0.005620874,7019.375888824463,-12.064540427057866,96.48817873001099,19.379928646675804,680000,1.6363416316855741,0.01920604705810547,3.9300410747528076,8.081130974848612,-4.00981110378697
88.4330382347107,100,0.012841003,68,2.2208452224731445,92.74558806419373,0.0074103517,7114.3848650455475,-12.241753686394706,94.98681426048279,20.142387872892773,690000,0.5197279483824527,0.018700122833251953,3.900481939315796,7.749451532900351,-5.612483329047859
89.54060435295105,100,-0.004587183,69,2.6950488090515137,93.93590211868286,-0.0055681826,7211.063218832016,-12.476400472206198,96.65024900436401,18.421287144043298,700000,0.6331849494135947,0.018402099609375,3.9789321422576904,7.991128066178917,-5.32865535498211
97.34117269515991,100,0.004571948,70,2.298880100250244,101.78557801246643,0.0017586304,7315.188756942749,-11.611134269300349,104.1040849685669,18.161307119422816,710000,1.4696213252054866,0.018974781036376953,4.001810550689697,7.695909354953166,-4.210784403229073
90.79665660858154,100,-0.016513715,71,2.140153169631958,95.13565492630005,-0.018391864,7412.540271759033,-11.960906424536997,97.29565024375916,21.056088743834906,720000,1.6163938029419673,0.019079208374023438,3.9191174507141113,7.6750259925736914,-3.953071060742666
91.3677887916565,100,-0.006542163,72,2.246143102645874,95.64873313903809,-0.009294333,7510.476266860962,-11.713470299960544,97.91553711891174,18.948750720841716,730000,2.3077627063598634,0.019358158111572266,3.8730766773223877,8.07885573726149,-2.7218489815272084
88.49625587463379,100,0.012061365,73,2.1953940391540527,92.79634523391724,0.010241846,7605.514814853668,-12.39853348039953,95.01351928710938,19.982687813003633,740000,3.9963388133052455,0.02013707160949707,3.884666681289673,8.671452033579786,0.030399152371039014
87.57448077201843,100,-0.0029437135,74,2.4490017890930176,91.85134387016296,-0.004563739,7699.8537809848785,-12.792451866777522,94.32086491584778,18.276654227063094,750000,3.161557973055553,0.019164323806762695,3.8622541427612305,9.256807630531341,-1.3129012063392869
87.72741913795471,100,-0.008375574,75,2.373450994491577,92.03894305229187,-0.015188147,7794.313144683838,-11.472900739364949,94.4375548362732,21.202229983183347,760000,5.855252631819845,0.024786949157714844,3.89805269241333,8.506943408867507,2.857498282223164
87.82606625556946,100,-0.00771994,76,2.2105119228363037,92.14404392242432,-0.008377917,7888.7116458415985,-11.447843257642202,94.37737703323364,17.631091064792372,770000,4.379053694329794,0.021214962005615234,3.8687665462493896,7.967156910444375,0.37811273981297444
88.08350896835327,100,-0.019504577,77,2.136137008666992,92.53775715827942,-0.026653467,7983.42809176445,-10.727095987590978,94.69449400901794,20.977080457331812,780000,6.072445223572423,0.019999027252197266,4.038286209106445,8.090670576382738,3.1083242129951882
89.23392343521118,100,-0.008539093,78,2.2187371253967285,93.53442215919495,-0.011195685,8079.222533941269,-12.378948887164778,95.7734100818634,20.881800250897975,790000,6.842805775431173,0.018312931060791016,3.886052131652832,9.26955658682521,4.422341754140238
89.43070769309998,100,0.0012652405,79,2.3789961338043213,93.76487970352173,0.0014603699,8175.595503807068,-12.901559161154214,96.35115003585815,21.737074844439796,800000,7.280023698647457,0.027831077575683594,3.9230692386627197,9.021319053707709,5.278109183224967
89.05125498771667,100,0.028319605,80,2.2415130138397217,93.36588716506958,0.026724769,8271.244719743729,-9.906942515255418,95.6278440952301,20.986189824196547,810000,6.53439186993955,0.019990921020507812,3.889451503753662,8.288350151663336,3.9841143120220774
88.32575869560242,100,-0.017953338,81,2.430363893508911,92.62465691566467,-0.019190155,8366.342042922974,-10.13403252742674,95.07645010948181,20.222157731130014,820000,8.317077185725053,0.020286083221435547,3.8863179683685303,7.68507626351219,6.7868364303419355
90.02272439002991,100,0.0011278015,82,2.8778879642486572,94.37808418273926,-0.00037372435,8463.638961791992,-9.978929542824307,97.27576804161072,21.44822293628733,830000,8.596283159046731,0.019082069396972656,3.937112808227539,8.295631051623177,7.146741136411987
91.08080720901489,100,-0.004196692,83,2.3710172176361084,95.4378170967102,-0.004764349,8561.497252941132,-10.929206642940532,97.83517909049988,19.193256486667345,840000,7.092956296213235,0.019363880157470703,3.9358367919921875,8.199534173996927,4.866232980302683
88.06007623672485,100,0.00645401,84,2.260190963745117,92.53273296356201,0.0055820616,8656.391803979874,-9.600281637541975,94.87422323226929,18.927962537211737,850000,8.265203634816976,0.0782170295715332,4.0623815059661865,7.77733945213073,6.782229021983958
88.55005216598511,100,-0.008361975,85,2.2296760082244873,92.90758800506592,-0.009512342,8751.571734905243,-11.025906036161615,95.15810203552246,20.869715910977657,860000,9.203720760598024,0.01941823959350586,3.944793939590454,7.0349709683877,8.326770343413747
89.19028162956238,100,-0.014680475,86,2.240039110183716,93.55591177940369,-0.017616464,8847.40902686119,-8.571259136718254,95.81611394882202,21.271138486060348,870000,10.097678192927786,0.01869511604309082,3.9504199028015137,7.2700718481049975,9.6406184205039
88.19961738586426,100,0.00020188445,87,2.2228169441223145,92.51988291740417,-0.0012703339,8942.22840976715,-12.466338936268956,94.77178716659546,21.270491186821108,880000,10.330525147301003,0.02776503562927246,3.9099814891815186,7.578737847754405,10.009897671558765
89.3325502872467,100,0.00815293,88,2.088340997695923,93.69990587234497,0.004917511,9038.209399938583,-8.510244920744858,95.96111011505127,21.19802669615451,890000,10.091348797783265,0.17093110084533691,3.954577922821045,6.827210193248197,9.783957113009782
86.72934937477112,100,-0.008548132,89,2.191509962081909,91.03288912773132,-0.009270178,9131.475085735321,-10.828311012909577,93.24492383003235,21.78704108816599,900000,10.522387308952572,0.019073963165283203,3.894449472427368,7.592244796890071,10.450952957308562
87.18931460380554,100,-0.0026038804,90,2.2461740970611572,91.4969470500946,-0.0031519043,9225.265172958374,-12.33153580868671,93.76907300949097,20.301954547966133,910000,10.409982922783543,0.025220155715942383,3.888972759246826,7.5418036696696555,10.293508993998703
89.93644070625305,100,-0.015449582,91,2.237105131149292,94.28210306167603,-0.016764658,9321.826093912125,-11.042739803012806,96.54036784172058,22.909218399796323,920000,10.650538650518193,0.019785165786743164,3.930335760116577,7.13188122831136,10.727079781419151
88.13383412361145,100,-0.018224204,92,2.145751953125,92.47329688072205,-0.019074723,9416.485278844833,-8.930181843746086,94.63883018493652,22.35670842139321,930000,11.493684591776907,0.0183408260345459,3.9278371334075928,6.784819045891041,11.994359506903313
89.33247494697571,100,0.0058303988,93,2.16408109664917,93.72236919403076,0.0034825867,9512.41576385498,-10.160217155069452,95.90919613838196,22.17048107969486,940000,11.601729724944402,0.020763874053955078,3.973672866821289,6.7325928437801075,12.131491796220839
118.96876358985901,100,0.006952515,94,7.009697914123535,124.03279614448547,0.006331079,9643.650658130646,-5.025549583038903,131.21401596069336,22.250425816995673,950000,12.166771436031565,0.16988515853881836,4.583690404891968,5.5501837308896596,13.103232708832723
175.08452367782593,100,-0.006288977,95,3.1423099040985107,180.46470975875854,-0.0064799804,9827.327615976334,-4.8039013475218,183.65120005607605,20.941453984941198,960000,12.581024154827197,0.04293465614318848,4.807474613189697,5.600082557113281,13.643909593198849
100.21768975257874,100,0.0053693787,96,2.4573051929473877,104.93829393386841,0.0043432405,9934.776198863983,-9.591889604454625,107.4194848537445,21.599283421639026,970000,11.45225403801255,0.022405147552490234,4.262187242507935,6.2834620701291986,11.940832873745968
102.32737016677856,100,0.0057661957,97,2.448035955429077,106.92977690696716,0.0050554504,10044.198861837387,-9.99570994561316,109.40197491645813,21.152504046845788,980000,12.779546175257833,0.022220134735107422,4.165044069290161,5.372344394885087,14.032283037382836
92.70666098594666,100,-0.017327938,98,2.2221717834472656,97.31043672561646,-0.018283674,10143.772815942764,-5.8189794876465015,99.55241394042969,22.86005324435916,990000,11.754001353278827,0.01910710334777832,4.161938667297363,5.891731919519296,12.375137480844641
89.42635941505432,100,0.0068444824,99,2.4613990783691406,93.98759412765503,0.0060888426,10240.267055749893,-9.490903692229846,96.47234582901001,21.189840135762978,1000000,12.24302718401318,0.022494077682495117,4.118218660354614,5.947898702342376,13.40897576142764
92.73604989051819,100,0.0017044067,100,2.4340720176696777,97.35457515716553,0.0005161743,10340.102376937866,-7.133422674371655,99.81152391433716,21.44456513306285,1010000,12.154699813110865,0.021517038345336914,4.178784370422363,6.0761607430366045,13.021346696838917
93.6481363773346,100,-0.0020090905,101,2.2287158966064453,98.16764307022095,-0.002948867,10440.542537927628,-10.334200569273227,100.41923809051514,20.258347683391506,1020000,11.172368214526148,0.021053791046142578,4.080097436904907,6.809231066733769,11.53341157445516
128.17309832572937,100,-0.00048954773,102,7.189887046813965,133.39144015312195,-0.0008122742,10581.177932977676,-9.330019733399089,140.61488795280457,21.784401692548183,1030000,12.942117326321625,0.03251981735229492,4.719421863555908,5.30842140346891,14.365529896705743
117.51431083679199,100,0.005065625,103,2.87768292427063,122.82089400291443,0.0038112793,10706.99025297165,-8.052594228038668,125.78131461143494,21.878702893245084,1040000,10.986586895903454,0.08127403259277344,4.817544460296631,5.894708681966647,11.182328261730355
91.56287240982056,100,-0.0010598267,104,2.400036096572876,97.15469527244568,-0.0018044433,10806.615031957626,-9.754701984393119,99.60173273086548,19.511827407587727,1050000,13.090546417982951,0.045564889907836914,5.068897247314453,4.6043032053279935,14.589761351037
81.36938524246216,100,0.00047720643,105,2.471715211868286,86.27555775642395,-0.0016067383,10895.417516946793,-10.6189320295978,88.77149486541748,20.792889835519645,1060000,10.971903572224464,0.022475004196166992,4.433672666549683,6.432525131531365,11.181613060157476
95.1282594203949,100,0.010947696,106,2.2150588035583496,99.90928101539612,0.010700986,10997.585040807724,-4.074932278963609,102.14616513252258,20.7076781713171,1070000,12.569439645104367,0.0200808048248291,4.321247816085815,4.525331007227547,13.693907821402082
105.51039099693298,100,-0.0022052003,107,2.3809800148010254,110.63825106620789,-0.00253031,11110.659327983856,-7.720259566376132,113.05432105064392,22.40734024517393,1080000,12.833139923690362,0.03418421745300293,4.501484155654907,5.907532441855858,14.162703779197725
92.72740769386292,100,-0.0007474579,108,2.5311150550842285,97.49677991867065,-0.0011860718,11210.745950937271,-6.478815239177199,100.05264091491699,21.850132795368253,1090000,13.274268919705124,0.022733688354492188,4.310728311538696,5.241134824648347,14.874134666311672
90.72734332084656,100,-0.005693347,109,2.7085471153259277,95.41350412368774,-0.006818939,11308.911499023438,-4.512295931840236,98.14809203147888,21.78918792566651,1100000,13.100026791431308,0.025358915328979492,4.23136043548584,4.104279041985593,14.699522951242173
91.18188118934631,100,-0.0020294099,110,2.247112989425659,96.01352906227112,-0.002591635,11407.220066785812,-5.543664252351908,98.28547096252441,22.54449597212148,1110000,12.92799666116784,0.021183252334594727,4.368224143981934,4.900189273104766,14.347302934554987
89.56602716445923,100,-0.003112668,111,2.1553590297698975,94.40968894958496,-0.004249072,11503.83320403099,-5.366332134102632,96.5901050567627,22.04763630763193,1120000,12.994276795116143,0.021834850311279297,4.382002592086792,5.258124176522023,14.527433493976053
87.44708299636841,100,0.001073719,112,2.153886318206787,92.15203309059143,-0.0005436966,11598.179463863373,-4.75495266149265,94.3258318901062,21.583183428088688,1130000,13.174427346735886,0.018524169921875,4.260012865066528,4.991566617594921,14.771854057481903
83.86038088798523,100,-0.019376038,113,2.091708183288574,88.61579990386963,-0.019323917,11688.932313919067,-5.833923555965456,90.72983384132385,19.999543911372275,1140000,12.859479483183607,0.020088672637939453,4.305274248123169,4.936501836868484,14.35297802998069
87.79893016815186,100,-0.007973078,114,2.210268020629883,92.59845209121704,-0.008629455,11783.790931940079,-8.454624161478488,94.83550310134888,22.57775463138786,1150000,12.808730418321316,0.02468085289001465,4.3344011306762695,5.63447900981649,14.278086472126137
84.26637077331543,100,0.0021256958,115,2.3794519901275635,89.01384091377258,0.0016173706,11875.237830877304,-7.175511457294926,91.4178318977356,22.457532219775345,1160000,13.638259891133737,0.02284407615661621,4.2897491455078125,4.809810585354077,15.555899197464589
81.31351804733276,100,0.0022742737,116,2.108314275741577,86.04508590698242,0.000940155,11963.441767930984,-1.3424228385484436,88.17861199378967,21.85371831443742,1170000,14.163737436530534,0.023250102996826172,4.254631757736206,3.9872083507492895,16.410653277948263
80.42809414863586,100,-0.0132265445,117,2.091452121734619,85.1650927066803,-0.013547809,12050.741375923157,-8.610440406052321,87.27661728858948,22.05755242552832,1180000,14.124143988305326,0.018615007400512695,4.286243915557861,4.384860378731711,16.25606265683808
78.82099628448486,100,-0.004523932,118,2.02891206741333,83.54603123664856,-0.005968161,12136.362304925919,0.5458537937782585,85.59842324256897,22.256620423359,1190000,14.627950940957108,0.022075891494750977,4.2703235149383545,3.57067690271789,17.051946215107407
82.39455461502075,100,-0.0010485825,119,2.1696369647979736,87.23395586013794,-0.0009938629,12225.809751749039,-5.463244873978128,89.42481899261475,21.454479881675464,1200000,13.605777608355279,0.019634246826171875,4.370267152786255,4.580319013649684,15.509109822258168
81.14759397506714,100,-0.002454187,120,2.086796998977661,85.9696569442749,-0.00354859,12313.907675981522,-4.373443985543498,88.07757687568665,22.077320203209457,1210000,13.046080701442495,0.020164966583251953,4.356837749481201,4.207144634790977,14.644600506238733
82.48757100105286,100,0.0030084474,121,2.126110076904297,87.23788785934448,0.0023549804,12403.314824819565,-5.666054233952774,89.38623213768005,21.331047034887284,1220000,13.293283542646112,0.02153182029724121,4.283862590789795,4.715231443540872,15.084665705807174
88.57768511772156,100,-0.0060666427,122,2.192013740539551,93.37428188323975,-0.006455545,12498.92785191536,-7.013187439443043,95.59067702293396,23.38368751654582,1230000,13.831124482839341,0.02259993553161621,4.338806390762329,4.655277113036455,15.775467208399023
93.13513016700745,100,0.000672612,123,2.1643340587615967,97.9217050075531,0.0005354874,12599.057572841644,0.7101879992082858,100.1071240901947,21.922297974847034,1240000,13.2439620115774,0.019569873809814453,4.323125123977661,3.8548969954258574,15.096253278816748
93.94059014320374,100,-0.0006085098,124,2.5178239345550537,98.895987033844,-0.0013179596,12700.519910812378,-8.489336063145156,101.43924832344055,21.74256308836518,1250000,13.751642349470997,0.022737979888916016,4.479016065597534,5.296690345862777,15.57531287247564
98.34033536911011,100,-0.00045026245,125,2.2114779949188232,103.18280982971191,-0.0007373138,12805.957653999329,0.5597125541269427,105.4170150756836,22.335144007878974,1260000,13.734566424308216,0.01978611946105957,4.384836196899414,3.765322872465487,15.671225900585295
114.83372902870178,100,-0.008793738,126,2.591444969177246,119.92827606201172,-0.0091220215,12928.522323846817,0.06896395343532702,122.54343295097351,21.092989023617015,1270000,13.772553835365018,0.02111530303955078,4.601678371429443,3.7199126085737566,15.864601328201658
112.36692357063293,100,-0.014765558,127,2.423201084136963,117.35313296318054,-0.015144721,13048.340097904205,-7.073508208285103,119.79910778999329,22.658326504049203,1280000,13.613257168346397,0.021377086639404297,4.520648241043091,4.1837913476010575,15.502605341154876
107.69311714172363,100,0.0100067705,128,3.226655960083008,112.54380798339844,0.009490314,13164.15811085701,-2.757771762455915,115.79430413246155,23.14629534367782,1290000,13.672079397111856,0.022443771362304688,4.389501094818115,4.362993859959028,15.593879423247259
101.03916716575623,100,0.005366287,129,2.9028079509735107,105.70967817306519,0.0041242433,13272.819283008575,-7.877338909991355,108.63334608078003,21.16842848967929,1300000,13.330594628001295,0.017515897750854492,4.22376012802124,5.1276206425861215,14.992150341714257
94.88324689865112,100,-0.0150184445,130,3.0274970531463623,99.39477825164795,-0.015398209,13375.30357503891,-7.483251731021129,102.44484567642212,22.027822472261025,1310000,13.625941622831782,0.02113485336303711,4.0826005935668945,5.074953820904181,15.465182289231507
95.72383570671082,100,-0.015767034,131,3.3459630012512207,100.27205085754395,-0.017200055,13478.963777065277,1.1978861070028637,103.63886070251465,21.78277280341058,1320000,14.647538792720333,0.01926398277282715,4.112376928329468,3.8508313843808515,17.070390648187
99.20818901062012,100,0.013332181,132,3.7792069911956787,103.85246205329895,0.012349573,13586.640857934952,-1.7596212244373197,107.65515494346619,21.133221134337333,1330000,14.082933518354814,0.02248382568359375,4.119794607162476,3.583046121503134,16.307400619065614
95.95930695533752,100,-0.0018061859,133,3.9433510303497314,100.42763376235962,-0.0039424654,13691.050801992416,0.7265850301866273,104.39169788360596,22.23241788909942,1340000,13.711239004953908,0.020312070846557617,4.0436692237854,3.933323068783797,15.742138555991376
96.7747733592987,100,-0.0009015137,134,3.2196459770202637,101.3839647769928,-0.0034066741,13795.72575211525,-9.973147050924744,104.65341687202454,21.22522406949787,1350000,13.165768627560102,0.04908895492553711,4.164868116378784,4.545091407151778,14.686789545399895
97.16722321510315,100,0.010672256,135,3.986265182495117,101.6948709487915,0.010630618,13901.449537992477,-2.379846987091273,105.70427584648132,21.35556280073146,1360000,13.70320128276954,0.021703004837036133,4.098650693893433,4.581923839258446,15.607658669965424
106.87623977661133,100,0.007345349,136,4.585395097732544,111.48779225349426,0.0066042356,14017.564582824707,-7.036612246100381,116.09400391578674,20.960119439247652,1370000,13.367402944500919,0.01923203468322754,4.170703887939453,5.14707509995473,15.002409095019003
105.46922540664673,100,-0.00494552,137,2.9793779850006104,109.99856090545654,-0.0059924438,14130.584321975708,-6.4263376069322184,113.00011587142944,20.204831055366007,1380000,13.773804082161094,0.02179408073425293,4.08262038230896,4.3834780121954955,15.776252798118891
104.5190498828888,100,-0.009184235,138,2.3124799728393555,109.10280394554138,-0.009773493,14242.042454957962,4.0203596040122624,111.43623280525208,21.61550941577533,1390000,14.44519141093326,0.019580841064453125,4.155864238739014,3.62802574539774,16.729468656833625
101.75637531280518,100,0.00464115,139,2.4806010723114014,106.29089212417603,0.0044464874,14351.030424833298,-6.404860184581678,108.95822167396545,21.49281121135217,1400000,13.112126834197191,0.13956379890441895,4.107470512390137,4.691340553486349,14.692337679955083
100.2103066444397,100,-0.008896356,140,2.3666608333587646,104.71502780914307,-0.009489767,14458.156645774841,-6.187588250481377,107.10367012023926,20.297417172710862,1410000,13.40500241387503,0.021553754806518555,4.0821545124053955,4.274982693715391,15.104107304381815
101.02448892593384,100,-0.014159387,141,2.598313808441162,105.77368402481079,-0.014612918,14566.588299036026,-8.26998933961338,108.39266109466553,22.273762289112636,1420000,13.350525512491135,0.019301176071166992,4.317126989364624,5.057329736760083,15.14235119691914
171.24277663230896,100,-0.011692488,142,2.886385917663574,177.88028693199158,-0.013081354,14747.420688867569,-2.8248888177773814,180.81104397773743,19.724110554743746,1430000,13.457636579427453,0.04326510429382324,6.062427520751953,4.40640445163416,15.457686730856015
158.9546139240265,100,-0.015765226,143,4.020410060882568,164.59199690818787,-0.018310208,14916.096849918365,-6.136677293392926,168.64832401275635,21.585983023210396,1440000,13.934542244281367,0.03290700912475586,5.033751010894775,4.4550621014679885,15.942226275521413
123.79265308380127,100,0.00036654357,144,2.7743208408355713,128.76491904258728,-0.000976944,15047.690738916397,2.885991237330801,131.5645899772644,22.890404680103195,1450000,14.056730684621419,0.023566246032714844,4.488530158996582,3.4309333212369686,16.058880362969827
116.2116494178772,100,0.001292067,145,2.675370931625366,121.00870680809021,-0.0006241821,15171.416411876678,-2.9103052078939036,123.70577120780945,21.353324160922963,1460000,13.706992163612206,0.019685983657836914,4.333766222000122,3.8858362002013185,15.716212886683572
112.8376841545105,100,-0.0014167663,146,2.7994167804718018,117.60371685028076,-0.0042919465,15291.865969896317,-4.498577557374678,120.43211221694946,21.442700271913402,1470000,13.96424990052093,0.028583049774169922,4.308809757232666,4.1401968825148066,16.001752459872105
111.91782355308533,100,0.0062761717,147,3.7783799171447754,116.80879998207092,0.0051559936,15412.497723817825,-8.615395050485585,120.60938501358032,21.420218211211772,1480000,13.841009255060147,0.020331144332885742,4.4361891746521,4.402796025709337,15.741284788131159
107.55115532875061,100,-0.008749762,148,2.429630994796753,112.32479691505432,-0.011370489,15527.443774938583,-3.3562782534237927,114.92536616325378,22.455221538768246,1490000,14.081323531076018,0.16957497596740723,4.323379278182983,4.268627101888039,16.108685728760385
104.08379530906677,100,-0.012057166,149,2.288370132446289,108.5280590057373,-0.013930591,15638.398032903671,4.204757580689125,110.9336588382721,23.330331032123876,1500000,13.985377832778658,0.11578488349914551,4.020295858383179,3.734469617241274,16.061842535247255
103.98705768585205,100,0.0059886537,150,2.5956249237060547,108.43691897392273,0.0028494843,15749.47298693657,-4.049699138965897,111.05380892753601,20.942705367430253,1510000,13.505524951709901,0.01988506317138672,4.026268720626831,4.419557085238485,15.30231824333465
104.473961353302,100,0.0031466065,151,2.427367925643921,109.06388998031616,0.0015479004,15861.006780862808,-6.525315963615134,111.51159405708313,20.184235202619604,1520000,13.691287231811213,0.019530057907104492,4.164843320846558,3.7134424519028837,15.703957933485025
104.24780321121216,100,-0.012290044,152,2.621546983718872,108.69398188591003,-0.015795179,15972.399873018265,2.3835188730727923,111.33702325820923,20.050946096876572,1530000,14.311240046656339,0.019773006439208984,4.018895626068115,3.422875089053364,16.44098834414164
105.97638058662415,100,-0.0069601256,153,2.625472068786621,110.46985197067261,-0.009716361,16085.577451944351,6.875791402401892,113.15557789802551,21.61997878360417,1540000,14.4890461635342,0.05863380432128906,4.066004514694214,3.2346625005025778,16.83883743783905
102.3480613231659,100,-0.0066206423,154,3.1857659816741943,106.79868531227112,-0.010808166,16195.60240483284,-3.5674060353785313,110.00359511375427,21.144272709134402,1550000,13.216400285556068,0.017802953720092773,4.010627508163452,4.041763512025735,14.956643842928445
100.23426270484924,100,-0.0018197448,155,2.2524070739746094,104.68854093551636,-0.0057439087,16302.59114909172,6.172476800954612,106.96557998657227,20.925938662289326,1560000,14.151012522331477,0.020270109176635742,4.024922847747803,3.126421549639229,16.313570243720502
101.84481430053711,100,0.00088298036,156,2.5453250408172607,106.31934690475464,-0.008657039,16411.54300379753,-2.3463255090839534,108.9306640625,22.636981293636406,1570000,14.195603718925284,0.06431794166564941,4.047304391860962,4.36188105132245,16.417896261989327
99.39508104324341,100,0.006839308,157,2.228775978088379,104.0040991306305,-0.014940947,16517.819185972214,0.2746033059587935,106.25456690788269,21.759717730618533,1580000,14.195607517783351,0.021164894104003906,4.183272838592529,3.728500774399113,16.346582851734688
96.14848065376282,100,-0.013405704,158,2.2688169479370117,100.61369323730469,-0.04096523,16620.74391770363,-4.634504850704674,102.90404105186462,21.6855970958872,1590000,13.70184594373327,0.020892858505249023,4.038445472717285,4.53304251041954,15.661190933360857
94.98717713356018,100,0.007127333,159,2.7925901412963867,99.41151475906372,-0.032225844,16722.993005752563,4.148469333548442,102.2283718585968,21.29117747762641,1600000,14.580219021543037,0.020573854446411133,4.001410961151123,3.0647551151521384,17.06833509464051
95.0163140296936,100,0.0057842955,160,2.4848289489746094,99.51461505889893,-0.047621626,16825.036350011826,7.324310522970305,102.0212550163269,21.9085801805651,1610000,14.322018612321344,0.01936626434326172,4.07315468788147,3.2046698962627436,16.658385391610043
95.29860639572144,100,-0.013415643,161,2.2440757751464844,99.93992304801941,-0.09936778,16927.262823820114,-9.233750242353212,102.20499300956726,20.6763639213855,1620000,14.541725817159342,0.019175052642822266,4.200177907943726,4.042603236810648,16.932249026618734
91.6822075843811,100,0.018564912,162,2.2460649013519287,96.17946815490723,-0.09850414,17025.85869383812,2.949826876546855,98.574875831604,20.646118386060603,1630000,14.531741707405272,0.018031835556030273,4.07474422454834,3.5989715038260637,16.940402770977165
92.0558454990387,100,-0.0047168275,163,2.285874128341675,96.50585699081421,-0.16752017,17124.691556930542,1.973125534313924,98.81178379058838,22.454577513387438,1640000,14.76506069700804,0.019628047943115234,4.028740167617798,3.53243253868991,17.239267805615906
94.31840133666992,100,0.0023605986,164,2.231135845184326,98.79021000862122,-0.24924673,17225.756619930267,0.14625064184218356,101.04359102249146,21.547338161367428,1650000,14.540854622803677,0.01984095573425293,4.0422468185424805,3.5944182792244534,16.84257940902424
97.51764845848083,100,0.011095813,165,2.4437170028686523,101.99215292930603,-0.3912549,17330.235909938812,4.335017119214149,104.45832085609436,20.51271705731604,1660000,14.22585846330547,0.019100189208984375,4.042613506317139,3.121390716705823,16.471816606753592
99.86702036857605,100,-0.0008779358,166,2.6003880500793457,104.39096593856812,-0.6061027,17437.289044857025,-9.756900201876604,107.01417016983032,21.268670829841124,1670000,13.915536255054192,0.022397279739379883,4.0901830196380615,4.306233068055306,16.13016833773331
99.55249309539795,100,-0.015127137,167,2.2772140502929688,104.05588388442993,-0.85798216,17543.665818929672,-6.260678425525739,106.35554790496826,21.33734599297522,1680000,14.274417786944925,0.02106189727783203,4.081067323684692,3.525942173242511,16.608155691372584
130.23979234695435,100,0.011249655,168,6.264787912368774,135.45853281021118,-1.0939767,17685.551467895508,-7.4671021662708625,141.86372685432434,21.66238861198472,1690000,13.981947886992884,0.13956618309020996,4.576329708099365,4.7634003461729755,15.999232084735134
151.81847095489502,100,-0.0064518126,169,3.2471470832824707,157.67986392974854,-1.465603,17846.536161899567,0.1394462056749669,160.9516088962555,19.640241152242645,1700000,13.619618604037393,0.02387404441833496,5.274092435836792,3.560869362900012,15.559662653246207
144.76601195335388,100,0.002546234,170,3.3627891540527344,150.39015102386475,-2.0491464,18000.42133307457,2.1294706012950178,153.86102509498596,21.045229427722358,1710000,14.22126791597674,0.10501337051391602,5.047986030578613,3.5428341180339054,16.58539267035868
119.6417465209961,100,-0.011534853,171,2.864469051361084,124.70101881027222,-2.6201286,18128.074925899506,1.1692514457531755,127.59232997894287,22.90673143276598,1720000,13.995098524153128,0.02632904052734375,4.565649747848511,3.6474029402173085,16.021525922160446
141.87422037124634,100,0.022455063,172,3.0395891666412354,147.1530680656433,-2.5635874,18278.497805833817,-7.238481318800215,150.40075588226318,22.69299703656325,1730000,13.02170926467568,0.20415902137756348,4.769375324249268,4.600324503996442,14.473363250625455
110.64521312713623,100,-0.0005010498,173,3.0556206703186035,115.54752206802368,-2.7562258,18397.208606004715,-12.374745008660827,118.62590003013611,20.608180249822254,1740000,13.490624807876102,0.020905017852783203,4.433406114578247,4.994488223987644,15.16446043812935
104.91890978813171,100,-0.014051799,174,3.2265279293060303,109.77674508094788,-2.720615,18510.259245872498,-5.068691304089063,113.02915787696838,22.716603282350665,1750000,13.132938707485478,0.022233247756958008,4.39541220664978,5.2460990695137335,14.574666026163108
99.13893103599548,100,-0.008816478,175,2.9311280250549316,103.8220648765564,-2.7354047,18617.055194854736,-5.595057340196574,106.77726197242737,21.265574094211043,1760000,13.371850366476075,0.022084712982177734,4.239640712738037,4.8206404225825485,15.027537799254262
103.50253939628601,100,0.0010780487,176,2.4721059799194336,108.18683791160583,-2.769238,18727.756467819214,-5.061071089451744,110.68044996261597,21.67201785019707,1770000,13.311062709281325,0.020096540451049805,4.2357497215271,4.879910798193293,14.952763803378145
97.70887160301208,100,-0.01284383,177,3.227436065673828,102.36319780349731,-2.8810966,18833.389710903168,-5.932258501108658,105.6122100353241,22.98305843385278,1780000,13.702411906212252,0.02016305923461914,4.202924728393555,4.724261280415809,15.61692620911409
142.894024848938,100,0.0069717164,178,3.5495879650115967,148.75812482833862,-2.6590762,18985.75049805641,-5.552523647181129,152.34000492095947,21.573442611790167,1790000,13.321725091167513,0.030604124069213867,5.316323518753052,4.9541028730997825,15.066390649203445
166.00453567504883,100,-0.009905505,179,3.562736988067627,171.07806730270386,-2.4636488,19160.44495010376,-5.386115433284676,174.6656310558319,21.008364482022348,1800000,12.683506266121363,0.024199247360229492,4.58566689491272,4.930104262358167,13.921345840844172
158.37697291374207,100,-0.0028347534,180,2.8211278915405273,163.1385989189148,-2.5122352,19326.45026898384,-3.287326995166984,165.98345279693604,20.587067536600756,1810000,13.415726503112953,0.022377967834472656,4.290935516357422,4.510222627309208,15.262943464053063
155.31474661827087,100,-0.012436334,181,2.933197021484375,159.95440411567688,-2.8419354,19489.382924079895,-0.6906435244197309,162.91112208366394,21.215710173199145,1820000,14.527797919001182,0.021579980850219727,4.1929030418396,3.87143862265299,16.9213532578628
158.60438561439514,100,0.0018876678,182,3.2791333198547363,163.3146107196808,-2.950276,19656.020206928253,-3.73124646481889,166.61606693267822,20.670868591756843,1830000,13.654005967770651,0.020593881607055664,4.244874715805054,3.7176407036496926,15.655062540485119
159.11925673484802,100,-0.007686578,183,3.221498727798462,163.7533519268036,-3.2150178,19823.03752875328,-2.876882810986398,166.99549388885498,21.72115146740836,1840000,14.795293122120587,0.019058942794799805,4.191819429397583,3.3333873669731786,17.352679547820173
160.40865802764893,100,-0.007959552,184,5.087798118591309,165.0109510421753,-3.5421183,19993.176629066467,2.9810731699116415,170.1187539100647,23.284834547882795,1850000,14.942573244984382,0.018627166748046875,4.156894683837891,3.5295829577816975,17.617805734790494
156.13027381896973,100,0.0018300995,185,4.2364232540130615,160.71333384513855,-3.9719348,20158.167423963547,6.201300161837436,164.9703381061554,19.295157269377096,1860000,14.465276960017574,0.019505023956298828,4.136765956878662,2.6215949956409172,16.835480249014303
173.31242895126343,100,-0.00038245393,186,4.352916955947876,178.307630777359,-4.208703,20340.868093013763,-1.6421161161610593,182.681743144989,21.12014121503421,1870000,14.417531018509258,0.019784927368164062,4.510458707809448,3.348730488827939,16.73544598876866
157.95730590820312,100,-0.008339401,187,3.5090301036834717,162.79929614067078,-4.53825,20507.223460912704,5.70786748659684,166.33439993858337,20.703715773759253,1880000,14.108071503946213,0.02462601661682129,4.370030641555786,3.1843880690589037,16.298000780582345
145.40883946418762,100,0.006095983,188,3.266341209411621,149.9596827030182,-4.9247465,20660.49049091339,6.17936129135245,153.24683690071106,22.590076346124505,1890000,14.94866387198041,0.019344091415405273,4.119272470474243,3.161678221162306,17.61608208569687
145.81514930725098,100,-0.012893667,189,3.298748254776001,150.40020203590393,-5.0503,20814.24450469017,6.804987403283463,153.7242510318756,21.393165144892095,1900000,14.54867941470338,0.02309131622314453,4.147314548492432,3.39785558987295,16.992889848454794
150.85688972473145,100,0.0038069824,190,2.77239990234375,155.38670110702515,-5.314584,20972.44395184517,8.484519139398085,158.18027806282043,21.042172658405562,1910000,15.219042922200815,0.020544052124023438,4.089513301849365,2.992158801868286,17.949250170290426
156.36643147468567,100,0.004640486,191,3.4193007946014404,160.87313795089722,-5.2288294,21136.7805287838,5.627347240915803,164.31365203857422,20.76290021524013,1920000,14.032690354090798,0.019720792770385742,4.070350170135498,3.045044928763226,16.30899701160381
167.00218892097473,100,-0.0023793487,192,3.160555839538574,171.71221089363098,-5.1726947,21311.698486089706,6.697978755683239,174.8962800502777,21.616602118371084,1930000,14.51836897059551,0.021824121475219727,4.268121004104614,3.313244944639786,16.91680664197467
259.88689613342285,100,-0.013106943,193,4.179182052612305,265.13774585723877,-5.0556235,21581.066466093063,7.31997336194296,269.3481516838074,22.547172972875426,1940000,14.631703209814038,0.02959275245666504,4.738224267959595,3.1033698098012836,16.949984197521687
480.2169146537781,100,-0.009116739,194,6.310070037841797,486.4072687625885,-4.6915584,22073.9895298481,6.136646534129901,492.8023269176483,21.860525567351303,1950000,14.258228298880358,0.0820930004119873,5.437152147293091,3.367700259356854,16.58950600263745
333.2510738372803,100,-0.0007414917,195,8.058004140853882,338.6365370750427,-4.7374496,22420.799056768417,8.467416619164739,346.7597460746765,20.9433324599487,1960000,14.196760881596365,0.06411623954772949,4.874651670455933,2.895257747887093,16.460280863293427
204.66505789756775,100,0.012050571,196,3.9384682178497314,209.16981387138367,-4.2084928,22633.982749938965,7.470044989739855,213.14132499694824,21.73363986830524,1970000,14.414638551766746,0.03224301338195801,3.993985176086426,3.543506098872224,16.82614398372952
188.9051685333252,100,0.008629129,197,3.298771858215332,193.1957278251648,-4.131662,22830.52144098282,2.559219173374686,196.51940488815308,22.027064395111584,1980000,14.357033298053961,0.02346181869506836,3.875894546508789,3.2615175667298844,16.737598845370975
176.3611695766449,100,0.0009929871,198,4.410340785980225,180.64690399169922,-3.9780505,23015.61967277527,5.93546223814308,185.07919001579285,22.210142609926873,1990000,14.393907767036863,0.02004694938659668,3.8789265155792236,3.3789421185624215,16.826975217901815
171.90425968170166,100,-0.009761387,199,3.4974589347839355,176.18808126449585,-3.6907282,23195.353370904922,-1.3598785106717706,179.71277379989624,21.103660292856954,2000000,14.65917414025523,0.02574014663696289,3.876786470413208,3.366188048018454,17.290585997943378
170.61395478248596,100,-0.006986592,200,2.604551076889038,174.8829219341278,-3.4862282,23372.894402742386,6.851335592093769,177.5164988040924,21.464281430166086,2010000,14.519222183381487,0.027441978454589844,3.8566315174102783,3.4391764933734312,16.941035604272944
166.6306974887848,100,0.00086138916,201,2.457329034805298,170.84273219108582,-3.4143882,23546.43852686882,6.719835740874907,173.52266430854797,21.016586638932626,2020000,14.382979148034803,0.2205970287322998,3.804140329360962,2.908029750610531,16.7938849430545
186.23093032836914,100,-0.0056131105,202,3.263859272003174,190.78677892684937,-3.2640855,23740.558412075043,7.954622647215416,194.09747576713562,21.150303944195986,2030000,14.24543839759649,0.045890092849731445,4.075242519378662,3.181714252471942,16.57152668772654
172.9015040397644,100,-0.00060952146,203,2.6658711433410645,177.13527488708496,-3.1392672,23920.42692399025,6.77803137414461,179.83605813980103,22.24060887424589,2040000,14.049886327168272,0.03409624099731445,3.824310541152954,3.212249013740412,16.25164347663223
179.21792364120483,100,0.014264998,204,3.0985641479492188,183.47259402275085,-3.0213084,24107.043648004532,9.56922888741794,186.59315299987793,20.948739938766284,2050000,15.242926085345868,0.021413803100585938,3.8443071842193604,3.0707320845535966,18.072818388380135
186.0673942565918,100,-0.0001570488,205,3.2035629749298096,190.32010316848755,-2.8442788,24300.61115193367,7.094778436605215,193.545471906662,22.528637125740307,2060000,14.237616305833546,0.02025604248046875,3.8416473865509033,2.9147707658686266,16.553650518857538
196.31986546516418,100,-0.0011369125,206,3.324141025543213,200.5208718776703,-2.4758728,24504.501826047897,-2.892211279641772,203.86732172966003,20.524500286223404,2070000,13.968347361509085,0.020919084548950195,3.789463996887207,4.09805898522175,16.103014865253733
201.40299487113953,100,-0.017785043,207,4.121783971786499,205.65181589126587,-2.545011,24714.315232038498,8.402545853314043,209.79276704788208,21.80598756455273,2080000,14.220052510755524,0.018523216247558594,3.8365187644958496,2.740393448840706,16.556898917851115
214.88136982917786,100,0.008063272,208,3.1667819023132324,219.15216302871704,-2.4218085,24936.674346923828,7.925389060313146,222.3410611152649,22.55213189134865,2090000,14.829050624346223,0.020674705505371094,3.863208770751953,3.2373276945775697,17.34559603306488
212.73169112205505,100,0.012592371,209,3.2597639560699463,216.9310748577118,-2.2761817,25156.965068101883,7.149283983207306,220.21243810653687,22.57709477577716,2100000,14.699891408136184,0.020215988159179688,3.792191982269287,2.989297150008741,17.08143350683358
226.3810212612152,100,-0.0026535157,210,4.057555198669434,230.8837866783142,-2.039359,25391.956840991974,-5.828019699931893,234.9728639125824,22.169849677628175,2110000,13.858209198234766,0.02978992462158203,4.077593564987183,3.9336658512640734,15.91040847084507
214.49236369132996,100,0.0032182708,211,4.684343099594116,218.76193475723267,-2.003237,25615.46541070938,7.274737258332389,223.47338104248047,20.8003929219483,2120000,14.51923532572278,0.026584863662719727,3.858222007751465,3.098245477210402,16.81196055834812
203.1499719619751,100,-0.0049321745,212,4.119494915008545,207.46158909797668,-1.7690934,25827.24416899681,-8.091387231895922,211.7599380016327,22.881808404596796,2130000,14.087413573371506,0.1782240867614746,3.898545503616333,3.9913156819961446,16.22798895854585
231.51070618629456,100,0.0019359955,213,4.565262794494629,235.8246021270752,-1.7199193,26067.677816152573,-3.1971023528767253,240.416118144989,22.942484655232146,2140000,14.501558248398114,0.024966955184936523,3.9053122997283936,3.7542350329411844,16.82397029044232
225.0357871055603,100,0.006789325,214,4.443791151046753,229.317706823349,-1.5970252,26301.482140779495,6.951870255823052,233.7843611240387,19.75369245165416,2150000,14.281934065014681,0.021448850631713867,3.871443748474121,2.8410156960386,16.62743084670763
208.65200424194336,100,-0.005495282,215,4.905720949172974,212.89261198043823,-1.2968379,26519.324541807175,-5.97598215518537,217.82105922698975,20.81827921330161,2160000,14.451127694609745,0.021420955657958984,3.8353464603424072,3.7458373234497193,16.95274302445997
200.8772702217102,100,0.012732537,216,4.932884931564331,205.1254608631134,-1.2826066,26729.423764944077,-4.655339756315103,210.0799400806427,22.439021565329938,2170000,14.46865424951658,0.020158052444458008,3.790168523788452,3.9212120038023963,16.840355735517825
208.70103549957275,100,0.009346082,217,4.727927923202515,213.050861120224,-0.93041396,26947.24647974968,-6.8186542366438125,217.80119395256042,22.58889803809751,2180000,14.132608869116178,0.02041316032409668,3.9408063888549805,4.431883175949882,16.40126095918741
219.0853066444397,100,-0.008294684,218,3.812638998031616,223.43714809417725,-1.144339,27174.547873020172,-8.68197502423686,227.2792091369629,21.138749184259975,2190000,14.72549181147622,0.027760982513427734,3.927495241165161,4.561209318267994,17.209927279055506
222.46111488342285,100,0.015676728,219,4.07331919670105,226.67229986190796,-1.1407349,27405.34253001213,6.810068573731113,230.7702317237854,21.16921492544465,2200000,14.311813949094464,0.021159887313842773,3.7997026443481445,3.150965281592726,16.597721926054763
226.59942293167114,100,-0.010041968,220,3.8145768642425537,230.85255980491638,-1.1614155,27640.053627967834,7.066404531513635,234.6885690689087,20.895107761938775,2210000,14.761009503869008,0.021047115325927734,3.844090461730957,3.0670440769665808,17.321711422656225
218.38162302970886,100,0.0040895483,221,5.1007537841796875,222.5617778301239,-1.1423471,27867.755403995514,0.9583689426844397,227.68111300468445,22.177783403036464,2220000,14.351367257609656,0.018229007720947266,3.7775611877441406,3.2361113778769104,16.73430879809125
215.26281070709229,100,0.0012789535,222,4.624313831329346,219.4561460018158,-1.0442446,28091.90842986107,-2.8363199432307944,224.13106894493103,20.946898079047134,2230000,14.145054485447696,0.050232887268066406,3.788701057434082,3.8665222052430113,16.4507089541604
223.1439049243927,100,0.004999614,223,4.867918252944946,227.4610631465912,-1.0038742,28324.3063519001,-2.3893043280030835,232.37549805641174,21.55282549534322,2240000,13.994037144130353,0.04522514343261719,3.895491600036621,3.113435761431882,16.069933460957923
208.64113688468933,100,-0.021258501,224,4.871089935302734,212.93010878562927,-0.90296525,28542.15047979355,-4.953993650146109,217.82387495040894,22.385822604013754,2250000,13.719139914685313,0.02121710777282715,3.878917694091797,4.2814421964893175,15.8518118143996
197.86284017562866,100,-0.01138855,225,4.0604541301727295,202.10440135002136,-0.9415641,28748.358482837677,4.580478254415695,206.18730926513672,21.53891033941454,2260000,14.517146892459989,0.021008968353271484,3.8365273475646973,3.022756030808763,16.903231441689442
194.47981023788452,100,-0.015588779,226,5.484790086746216,198.97226977348328,-0.9282889,28952.900914907455,-0.9751245717970003,204.52039194107056,20.83955151686637,2270000,14.508911260942376,0.06201505661010742,4.023847579956055,3.5552184650808236,16.91025398225921
182.74555349349976,100,0.00705428,227,4.351696968078613,187.0273711681366,-0.86199886,29144.37994980812,-5.0603637157472265,191.42232584953308,21.595870860380007,2280000,14.395421710865676,0.04280996322631836,3.8743276596069336,4.003681591417117,16.624987163014723
183.2026174068451,100,0.0032774536,228,3.8445868492126465,187.40936613082886,-0.84091717,29335.67947602272,-1.8145217850473072,191.2766351699829,22.06252012594463,2290000,14.614457443495496,0.022136926651000977,3.7998554706573486,3.6452987436756636,17.13910220911597
197.06375765800476,100,-0.001914328,229,4.528424024581909,201.2776529788971,-0.8183051,29541.542011976242,-3.399102081085724,205.84176898002625,21.039478933638446,2300000,15.03202345857101,0.03414607048034668,3.7935779094696045,3.4196070437021002,17.631154772997867
204.64290142059326,100,0.016804926,230,3.0084640979766846,208.91089630126953,-0.8284239,29753.50141596794,-5.407588376024915,211.94002723693848,22.041479212895332,2310000,14.531373322417647,0.01922321319580078,3.8610706329345703,3.9956659189428194,17.123395444516767
212.80879139900208,100,-0.00022548829,231,4.827104091644287,217.08238101005554,-0.826863,29975.47082400322,-5.7994014106846254,221.9480471611023,23.244657988382976,2320000,14.026487502298048,0.036776065826416016,3.8415918350219727,3.972682552182128,16.173606664922378
220.35862493515015,100,-0.001772528,232,3.601745843887329,224.5771939754486,-0.9021717,30203.701292037964,-7.818152412344642,228.20867013931274,20.72493423577043,2330000,13.915955407981295,0.02562713623046875,3.8097097873687744,4.0729925377179335,16.024025783077207
224.68364667892456,100,-0.016238352,233,3.6913232803344727,228.94841599464417,-1.0147237,30436.40672683716,-9.851458303199923,232.67243480682373,23.778444809965357,2340000,14.252933175711895,0.03092193603515625,3.8565101623535156,4.511899331585552,16.57421543969683
230.4487705230713,100,-0.008240796,234,3.6500086784362793,234.6894600391388,-0.76791877,30674.791136980057,4.795168333263213,238.36236715316772,22.181022964865587,2350000,13.733252356405291,0.020003080368041992,3.832770347595215,3.2832555588920598,15.845273483182051
244.98206305503845,100,0.0011585784,235,3.521956205368042,249.6481900215149,-0.5666594,30928.016922950745,7.833521747256202,253.20374202728271,22.59001400672416,2360000,14.79130029414597,0.032816171646118164,4.187282085418701,3.1449840909797655,17.298763213716068
234.9052140712738,100,0.0065251254,236,3.7147529125213623,239.18549299240112,0.27375734,31171.010620832443,6.891317203747452,242.95040202140808,21.509082809564656,2370000,14.514029473936771,0.04921984672546387,3.8638105392456055,2.9683141994462905,16.94945452752
225.13480138778687,100,0.002058496,237,4.971141815185547,229.37877988815308,-0.28535652,31405.40003681183,6.414282410055966,234.3711757659912,21.36814671075434,2380000,13.911784763714806,0.02087712287902832,3.8316824436187744,3.1516405399670733,16.055851105705692
213.53055906295776,100,-0.010098172,238,4.367467880249023,217.78966403007507,-0.72065127,31627.69672179222,-3.9900228315280777,222.17783498764038,21.49874417592889,2390000,14.341419899972273,0.02032780647277832,3.845973253250122,3.997304038748313,16.612831851888053
207.08472537994385,100,0.01487735,239,4.65378212928772,211.34513115882874,-0.6249136,31843.739164829254,-8.582426896674477,216.02139234542847,22.30232229332247,2400000,14.21946978514553,0.021033048629760742,3.8487446308135986,4.888197494276184,16.24398010692678
200.87722086906433,100,0.018446367,240,5.465153932571411,205.13996410369873,-0.68892473,32054.385078907013,7.772525118008362,210.6253821849823,22.456603595113194,2410000,14.910839313015959,0.01896500587463379,3.844604969024658,3.205267532966785,17.50960738062875
187.2862672805786,100,-0.0053762514,241,4.300943851470947,191.58611583709717,-0.6118828,32250.31765770912,-3.809659572865657,195.91058087348938,21.598865723536342,2420000,13.282465048736066,0.022124052047729492,3.8808624744415283,4.08759128129692,15.131413077381541
186.06200695037842,100,-0.008476226,242,4.471526145935059,190.36150598526,-0.629988,32445.19597887993,2.4353847313841714,194.85754418373108,21.053667244547675,2430000,13.834597233343782,0.020169973373413086,3.8339765071868896,3.681372336199199,15.995052897387733
184.13398218154907,100,-0.01152769,243,5.768626928329468,188.54235005378723,-0.58575094,32639.63160085678,-8.50295842204234,194.4176697731018,22.084998644583422,2440000,12.658473621747937,0.105316162109375,3.9655721187591553,5.985513548571851,13.978909010939436
186.96173071861267,100,-0.007280621,244,4.04119086265564,191.19264888763428,-0.56940633,32834.90572786331,1.603204512417881,195.2560260295868,21.55631335649954,2450000,14.868152234301682,0.018460988998413086,3.823679208755493,3.2687771705102735,17.489673953694016
196.9859824180603,100,0.006430496,245,3.8881800174713135,201.22895908355713,-0.55757517,33040.059821128845,-7.549807900754109,205.13660407066345,22.33917585769305,2460000,14.588681389702066,0.018229007720947266,3.805802822113037,4.059868857312238,16.830547972156758
201.4497480392456,100,0.015673911,246,4.6742987632751465,205.6831579208374,-0.5415993,33250.461165905,-10.653543373872006,210.37994503974915,21.350448118138047,2470000,13.954940441284231,0.021003007888793945,3.7653026580810547,4.286734241662336,16.160646738625974
207.88642716407776,100,0.0012639862,247,4.264009952545166,212.07536387443542,-0.5467561,33466.862152814865,-2.1231690684628717,216.36172008514404,21.744085157788987,2480000,14.88340780851716,0.01994013786315918,3.770775079727173,3.311809364569908,17.49141924868215
220.5299060344696,100,0.0084579345,248,3.721524953842163,224.771723985672,-0.7705157,33695.42974591255,-4.42062749374912,228.51546382904053,21.156179294101893,2490000,14.268893087477963,0.021816015243530273,3.8350610733032227,4.09179486387904,16.39743798544698
225.0075478553772,100,-7.869568e-05,249,3.5316548347473145,229.21323990821838,-5.267493,33928.25082707405,-2.2476498933660936,232.76588416099548,21.98560656314361,2500000,13.604307360926368,0.019422054290771484,3.7995617389678955,3.786373858569656,15.58555041583193
218.913880109787,100,-0.0063466188,250,5.599595069885254,223.19041275978088,-38.27146,34157.107192754745,-10.798885300056037,228.83752965927124,23.05359391852088,2510000,13.86763308283502,0.04590797424316406,3.869201183319092,4.123895182420443,15.944655970262863
217.9168357849121,100,0.016086038,251,5.071643829345703,222.20402097702026,-13.969859,34384.427339076996,-3.6683733006788435,227.3002631664276,21.437886506135897,2520000,13.723046097809242,0.02286219596862793,3.875901222229004,4.460224017897253,15.670540269626272
206.33295345306396,100,-0.00059838867,252,3.8198838233947754,210.6211760044098,-4300.511,34598.954110860825,-9.195295674364997,214.47334814071655,19.911429390404347,2530000,13.86344558123792,0.03183174133300781,3.881680965423584,3.801073055419159,15.980122210411503
203.1625692844391,100,-0.0027722626,253,3.686577081680298,207.47918796539307,-1888.3412,34810.16187500954,-5.360699746616727,211.18903303146362,21.70031584119461,2540000,13.229580442614367,0.021419048309326172,3.9134092330932617,4.454281261590763,14.940260674103747
202.3681926727295,100,0.007674258,254,3.276646852493286,206.560564994812,-24.583075,35020.03833293915,-7.210390598358249,209.8585331439972,21.33584656868645,2550000,14.227003516511056,0.019974946975708008,3.7882559299468994,4.105747417003689,16.352065565589257
210.90197730064392,100,-0.0021391967,255,3.46673321723938,215.09580087661743,-7.2793016,35238.646281957626,-9.472985320885455,218.58518600463867,20.157490571178098,2560000,13.252698489933135,0.021294116973876953,3.784278631210327,4.718599084004501,15.05936468526128
210.40849828720093,100,0.0012130737,256,3.6830461025238037,214.59000205993652,-3.2391405,35456.96183872223,-10.68863077714342,218.29540991783142,20.48954466216,2570000,14.266779852498665,0.021026134490966797,3.773994207382202,4.332566508716934,16.436019395586577
223.94296431541443,100,0.016383221,257,3.7743968963623047,228.1698853969574,-1.1751052,35688.948603868484,-5.593546461900775,231.96547389030457,22.633828648724805,2580000,13.927687060363551,0.01982402801513672,3.8251571655273438,3.8247075320917268,15.998245812153591
213.83516383171082,100,-0.021366986,258,4.080915927886963,218.08410596847534,-0.6799093,35911.15516090393,-10.846229554767895,222.18633604049683,20.90265162608642,2590000,13.849806216879326,0.0197141170501709,3.834735631942749,5.467259965307666,15.698827695407237
211.51525592803955,100,-0.0034205646,259,4.196094274520874,215.70885801315308,-0.17113099,36131.10558104515,-10.32941020360277,219.928555727005,21.574643542457242,2600000,13.98047637376317,0.02219390869140625,3.7592709064483643,4.149921807137604,15.965351862174844
212.30851459503174,100,-0.016210664,260,3.270200729370117,216.5876021385193,-0.04993175,36351.00748896599,7.499875421165968,219.88203978538513,21.597240414435582,2610000,14.214045569259081,0.02264404296875,3.862480640411377,3.115725510926703,16.41934996908805
201.63218307495117,100,-0.0048250076,261,2.711029052734375,205.87286400794983,-0.021453485,36559.641026735306,-9.529867999469802,208.6128590106964,22.49659456355512,2620000,13.310539224377612,0.027078866958618164,3.836259603500366,4.759504216509809,15.117314655692917
213.7091519832611,100,0.0018232086,262,3.4289517402648926,217.9885823726654,-0.010436579,36781.10061597824,-6.497564433746965,221.43892002105713,21.79459331206971,2630000,14.390163148000648,0.019793987274169922,3.876239538192749,3.7951041306860076,16.80344137823113
212.68060421943665,100,0.015839517,263,3.502681255340576,216.88852214813232,0.012366541,37001.535740852356,-7.020942465734504,220.4111361503601,22.83349382548398,2640000,14.162334304315848,0.018518924713134766,3.80100417137146,4.104293512920995,16.30291030978617
211.58136081695557,100,-0.011496381,264,3.182499885559082,215.80114102363586,-0.013976513,37220.56978106499,-6.441216303527359,219.00681900978088,22.92195074806049,2650000,13.905348052422411,0.021714210510253906,3.8105785846710205,4.2905063575897975,16.0481391405034
210.24449706077576,100,-0.011215052,265,2.7170839309692383,214.46190309524536,-0.012847265,37437.8178460598,-6.43568284953211,217.21964311599731,21.33169958362335,2660000,14.037447447913467,0.03987526893615723,3.8087549209594727,3.983498112878131,16.282795631011354
202.61951541900635,100,-0.014779722,266,3.9794628620147705,206.84113717079163,-0.0140741,37648.68045377731,7.373059150775132,210.84200811386108,21.93892339167622,2670000,14.799039995056194,0.019824981689453125,3.813666582107544,3.2774206918853768,17.34025184399656
203.49209785461426,100,-0.0106108915,267,4.177418947219849,207.8418791294098,-0.006536487,37860.74162888527,-6.816949569637532,212.04232597351074,21.404211833951674,2680000,13.748504165637348,0.02147507667541504,3.943345308303833,3.566959129295748,15.864028304679527
222.2882628440857,100,-0.002560852,268,3.4549942016601562,226.51895689964294,-0.00350719,38090.75600481033,-9.11081271840867,229.9927318096161,21.802253667946257,2690000,14.058886806644509,0.017422914505004883,3.8144071102142334,4.716009322163414,16.091190556719408
214.37646174430847,100,-0.0041966033,269,3.874804973602295,218.62742614746094,0.0011983643,38313.31777095795,-7.310703012565901,222.54287099838257,21.17402265383385,2700000,14.207648869831626,0.038706064224243164,3.813993453979492,3.944588861307868,16.419914599645857
208.81919836997986,100,0.0044463286,270,5.087815999984741,213.0247437953949,0.0057430696,38531.53789186478,3.2549280975206716,218.19870376586914,21.456369491431836,2710000,14.79529798580479,0.08088493347167969,3.799407482147217,3.355580366338486,17.358713298691967
225.63384747505188,100,0.0016330292,271,3.7959768772125244,229.8795120716095,0.0031913063,38765.25386977196,-11.455166471901874,233.696124792099,22.312413464145305,2720000,13.767629339417995,0.019119977951049805,3.8333466053009033,5.663404126248334,15.743248941543184
204.25113153457642,100,-0.011084487,272,5.293384790420532,208.509996175766,-0.01120569,38979.12915086746,-8.134809483950692,213.85495400428772,20.70179061593947,2730000,13.842494173445143,0.04978513717651367,3.822281837463379,4.284343682480157,15.913300881734461
192.26209044456482,100,-0.0039667943,273,3.699464797973633,196.53094100952148,-0.0047128648,39179.40471506119,-10.275011786939293,200.2520830631256,21.59685982721598,2740000,14.112104561286277,0.02033710479736328,3.861159324645996,4.082791140006003,16.354647536776675
193.20143938064575,100,-0.005769403,274,3.5880417823791504,197.45299291610718,-0.0062562134,39380.48896384239,-2.0580266215973335,201.0616979598999,21.385431934056033,2750000,14.071234360901377,0.019284963607788086,3.8383963108062744,3.654633135637051,16.210211601724446
191.84121417999268,100,0.0018186859,275,2.8538978099823,196.04375314712524,0.0018131287,39579.42633605003,7.513381816903012,198.91856217384338,21.981321572172284,2760000,14.452821161672784,0.019503116607666016,3.79052996635437,3.230429971322338,16.85777678367804
206.9209418296814,100,0.0034443145,276,3.8813202381134033,211.13873171806335,0.0028431122,39794.54263091087,7.831033712695388,215.044038772583,22.455773687543033,2770000,14.734529917666949,0.020346879959106445,3.812220811843872,3.1156443543954344,17.195563704326563
204.20084643363953,100,-0.0129810115,277,3.725377082824707,208.45563173294067,-0.012923724,40006.82206892967,6.1903116698018925,212.25883316993713,21.686696360702467,2780000,14.57344788821662,0.07741403579711914,3.850069761276245,3.1257293568533413,17.06901149876891
209.4694745540619,100,0.010401635,278,3.217054843902588,213.6913628578186,0.010053049,40223.77456212044,-7.738680824740885,216.93265891075134,21.876541836553066,2790000,14.268717908620982,0.023853063583374023,3.8029258251190186,3.780563933849652,16.509953300251482
205.3364508152008,100,-0.00812478,279,3.5003039836883545,209.53540134429932,-0.008577624,40436.89075779915,-6.4463728722527,213.09536409378052,21.878410346535578,2800000,14.033496647671925,0.05932307243347168,3.7782373428344727,4.311409959741031,16.200033338412926
200.01648712158203,100,-0.007351201,280,3.2213330268859863,204.1955111026764,-0.007499262,40644.349294900894,-6.797632378834869,207.43704771995544,20.444895116332276,2810000,13.833643749383782,0.01934218406677246,3.769550085067749,4.4427622862286,15.92428835440158
199.894433259964,100,0.0054633543,281,3.89054799079895,204.11966800689697,0.005198337,40852.40290594101,2.114359585224657,208.0329248905182,20.928772785001176,2820000,14.667637262064707,0.020700931549072266,3.8197414875030518,3.1680302778181795,17.02010792725974
194.68714904785156,100,0.009315619,282,2.88520884513855,198.97833275794983,0.008073205,41054.310461997986,-10.123145390502,201.88640785217285,22.166380227645956,2830000,14.036515202340693,0.01984691619873047,3.881044387817383,4.817272359493571,16.22621663571905
199.18189096450806,100,0.006399884,283,3.8010330200195312,203.39905405044556,0.006151306,41261.557369709015,-9.278721168386545,207.22601103782654,21.4827521339738,2840000,14.040296743989083,0.023891210556030273,3.813016653060913,3.7122205717886696,16.191435452341775
183.0463833808899,100,-0.010519071,284,2.7471978664398193,187.26953125,-0.011464711,41451.61902284622,-7.380365095618187,190.0412847995758,22.315729488573048,2850000,14.27694570465959,0.021826982498168945,3.7668635845184326,4.310933964071499,16.479962162616438
192.63393306732178,100,0.009312044,285,3.9441938400268555,196.8967320919037,0.009504899,41652.50410914421,-10.259098147175184,200.8654007911682,22.195603848935164,2860000,13.831195137315614,0.022560834884643555,3.855815887451172,5.551751945127181,15.80462715364299
185.84387755393982,100,-0.017139014,286,3.3876941204071045,190.1279492378235,-0.017414011,41846.05932593346,-7.354458079630504,193.5336618423462,22.439892995695942,2870000,14.271918718471843,0.016524076461791992,3.877476453781128,4.221706150730024,16.58157813790214
183.81065917015076,100,-0.0094160335,287,3.4025681018829346,188.02475118637085,-0.009833491,42037.52861785889,7.678939164411564,191.44862413406372,21.049851548041833,2880000,14.695753824074222,0.019928693771362305,3.7911059856414795,2.7394665674376406,17.246867544218468
188.41761875152588,100,-0.0008339447,288,3.4041748046875,192.7126588821411,-0.0011687867,42233.687728881836,-7.931941595567596,196.13828301429749,21.915521447649702,2890000,13.997852662085043,0.02010798454284668,3.8859639167785645,4.598888879413106,16.190263657112865
216.7110137939453,100,-0.0024437623,289,3.1011781692504883,221.25919890403748,-0.0033152162,42458.098250865936,-9.93330906544412,224.39027214050293,20.611361465620785,2900000,14.31564236845357,0.02895808219909668,4.106983423233032,3.8431926629217075,16.659679971063163
203.21385502815247,100,0.00426774,290,2.994424819946289,207.7438099384308,0.0038929046,42668.88142991066,-6.750765023793965,210.76259422302246,20.87845125703611,2910000,14.506132352872964,0.022639036178588867,4.07044529914856,3.756276639229417,16.979073590910282
182.03535103797913,100,-0.008989146,291,3.190812110900879,186.29044198989868,-0.009272729,42858.40518403053,-6.398306145609395,189.50248503684998,20.496707407322017,2920000,13.898854535780798,0.0207822322845459,3.844754219055176,4.229325549642061,15.956852849889675
175.2304949760437,100,0.010382202,292,2.839613914489746,179.44203114509583,0.010087809,43040.72493696213,-5.196967996399649,182.3026421070099,21.84816312474483,2930000,14.101249964673954,0.02024984359741211,3.8023955821990967,3.900801372627588,16.235031206215748
176.02459692955017,100,-0.0069916258,293,2.5291218757629395,180.27150321006775,-0.007191449,43223.57000494003,-6.8098497177116455,182.82469701766968,22.122079442423914,2940000,14.075936661309191,0.02159905433654785,3.833604335784912,4.237616079323791,16.284649958786375
170.33289074897766,100,0.0028459535,294,2.3972930908203125,174.57998394966125,0.0023487122,43400.596578121185,7.250312605472788,177.00548386573792,22.91422580459982,2950000,14.698218693791715,0.027569055557250977,3.842470407485962,3.2642295193001094,17.158888787374238
166.94378113746643,100,0.022049887,295,2.430773973464966,171.16492986679077,0.021601146,43574.23789072037,-1.4147533523604006,173.62068104743958,20.154371658895396,2960000,14.558098469325381,0.020960092544555664,3.815610408782959,3.4044244453447594,16.94079523724248
161.89864420890808,100,-0.0016644394,296,2.573820114135742,166.1441490650177,-0.0018926895,43743.00143575668,-5.378273286611118,168.74269008636475,21.639344662269707,2970000,14.793091912732848,0.02320098876953125,3.8291149139404297,4.0074325468722725,17.26983729213159
148.99014353752136,100,0.0025394286,297,2.9455249309539795,153.20970010757446,0.001274762,43899.198578834534,-7.175702414731822,156.17617416381836,22.423493356961824,2980000,13.729628645551413,0.02051997184753418,3.8131532669067383,4.240881758837911,15.83707715213917
144.96458911895752,100,0.002623529,298,2.2972679138183594,149.24184894561768,0.002547754,44050.78270101547,-6.347392875003842,151.56226778030396,21.186135837264807,2990000,14.583597516823524,0.0209810733795166,3.8680522441864014,4.091415968624819,17.05162299119836
129.61974668502808,100,-0.006232245,299,2.4347658157348633,133.93065309524536,-0.0062146788,44187.21165180206,-8.513512987744313,136.3895139694214,21.578699015899698,3000000,13.966873629815325,0.022610902786254883,3.9025795459747314,5.280427297607435,16.073885108750325
