LossAfter,train-NumTrajs,n_timesteps,train-MinReturn,train-PolicyExecTime,train-AverageDiscountedReturn,Time,Time-Optimization,Time-Sampling,train-AverageReturn,ItrTime,Itr,LossBefore,train-EnvExecTime,train-MaxReturn,Time-SampleProc,train-StdReturn
-0.5038636,100,10000,-122.93804229858941,65.50603866577148,-70.816613864769,76.33401608467102,6.277150869369507,70.02925491333008,-40.897670108431,76.33400917053223,0,0.0074506956,4.0481719970703125,25.437075701092493,0.024644136428833008,34.13596627923617
-0.30138865,100,20000,-163.09291718869156,58.47149395942688,-80.87654637403406,142.76323199272156,3.3744680881500244,62.8586049079895,-46.87073036360985,66.34305906295776,1,0.02972274,3.9223453998565674,21.36134757884389,0.10843420028686523,39.90902997096419
-0.18486018,100,30000,-198.34771061694474,64.69986605644226,-83.73431505461097,215.26413106918335,2.9944450855255127,69.45990681648254,-49.022771412148494,72.47714805603027,2,-0.012617334,4.275869846343994,43.7283139735175,0.0208740234375,45.812078651831065
-0.11213044,100,40000,-164.49887978452543,61.00099515914917,-71.2192147949433,283.30344128608704,2.585515022277832,65.40544986724854,-41.666784251300406,68.01672601699829,3,-0.009227234,3.930490255355835,89.84673600550957,0.023653030395507812,46.56129801575104
-0.113164574,100,50000,-205.05014517731232,59.61830449104309,-72.87895675890258,350.2956681251526,2.9340648651123047,64.0127182006836,-41.758305722446536,66.96726202964783,4,0.0065306397,3.933838129043579,76.92947521062321,0.01909470558166504,46.20957281710721
-0.16431499,100,60000,-126.16232651950979,62.50846552848816,-72.30244809896925,420.03854513168335,2.783640146255493,66.915598154068,-41.587499682094894,69.71955919265747,5,-0.009227002,3.9365622997283936,60.16841700557011,0.018962860107421875,34.11369456045584
-0.33127898,100,70000,-189.20684545434372,59.66263127326965,-113.64929591748081,486.8924570083618,2.8651230335235596,63.946839809417725,-67.23395366164337,66.83134269714355,6,0.004529382,3.824106216430664,32.682881076037425,0.017949819564819336,40.74917980234093
-0.18222041,100,80000,-149.8745678996698,56.040120124816895,-108.29490947081148,549.6425132751465,2.5241048336029053,60.18302583694458,-62.316690364932626,62.72704601287842,7,-0.02042749,3.6998627185821533,9.175077429434047,0.019256114959716797,39.26009069636023
-0.17255196,100,90000,-188.413824253425,56.85614585876465,-128.94621364960852,613.5881931781769,2.93516206741333,60.970444202423096,-76.25539813411703,63.92401194572449,8,-0.024002247,3.6762337684631348,9.025864413165326,0.0169980525970459,43.502617009680314
-0.20787622,100,100000,-242.4770686294864,58.49294352531433,-162.68407113056202,679.7043850421906,3.344921112060547,62.730281829833984,-92.94771146587838,66.09389805793762,9,-0.009742359,3.7933337688446045,43.780584813752526,0.017294883728027344,51.254178748845085
-0.27707145,100,110000,-258.5217213059036,56.77687621116638,-170.76392534719392,743.087128162384,2.408701181411743,60.9337842464447,-97.48593266779385,63.35965585708618,10,0.000616333,3.6839652061462402,8.98049864608125,0.016761302947998047,50.06242446145286
-0.1885283,100,120000,-261.5456454821761,55.6833598613739,-162.99256337342294,805.7959690093994,2.8680760860443115,59.800156116485596,-94.07162355951364,62.68717813491821,11,0.0048812744,3.6831328868865967,24.003524926311854,0.01836705207824707,45.126334477878714
-0.6069954,100,130000,-191.47475018211796,57.57648277282715,-150.53797095625578,870.3439180850983,2.756941795349121,61.710705041885376,-87.8217474799409,64.52918815612793,12,0.006325049,3.695189952850342,9.278378532569127,0.06024885177612305,46.491238571319805
-1.6700182,100,140000,-180.15605095314908,54.96887516975403,-119.6300649739295,932.1250870227814,2.6092522144317627,59.1294960975647,-70.40780875714532,61.760124921798706,13,-0.028244019,3.7249276638031006,38.302651728176926,0.019901037216186523,37.78113255671413
-0.5731585,100,150000,-159.2107762911555,55.77126431465149,-82.05753239445424,994.0651562213898,1.9888279438018799,59.90873885154724,-49.731483421509985,61.91786193847656,14,-0.01832373,3.70721697807312,80.25425560051602,0.019616127014160156,39.10790005839436
-0.19812141,100,160000,-218.77509971962343,55.495932817459106,-80.62504794950897,1055.8364353179932,2.04704213142395,59.674505949020386,-47.01779129540368,61.746922969818115,15,0.0027686036,3.7460978031158447,65.85425417861778,0.021844863891601562,44.44392185990237
-0.2590628,100,170000,-185.70011450511547,54.95532822608948,-101.38955652512804,1116.9518883228302,1.8163692951202393,59.12047505378723,-59.991340416711225,61.09400701522827,16,-0.0046574217,3.7307376861572266,33.84086145443196,0.1366126537322998,43.87741474315731
-0.59422886,100,180000,-208.3242742699963,56.85783791542053,-96.39981812926771,1180.1066040992737,2.0083799362182617,61.101062059402466,-56.31042059897513,63.13042092323303,17,-0.010636523,3.7083280086517334,57.04809614991598,0.019509077072143555,45.449113613356005
-0.50140315,100,190000,-175.92354600831047,54.37713003158569,-102.50616542497521,1240.652732372284,1.952444076538086,58.54905295372009,-59.449721770603745,60.5243022441864,18,-0.028882422,3.717463254928589,40.2868232670757,0.021487951278686523,43.185744133364686
-0.14619623,100,200000,-165.73108163951315,54.530187129974365,-56.23380930529873,1301.4105682373047,2.0392518043518066,58.67364192008972,-34.99558989490017,60.73596978187561,19,-0.0045846435,3.6859753131866455,50.17469954475846,0.020848989486694336,44.45744943931492
-0.16894309,100,210000,-183.65020265561486,54.754114866256714,-81.34516373818856,1362.362454175949,1.9909110069274902,58.917866230010986,-46.70807422195991,60.93004107475281,20,-0.011432495,3.721134662628174,74.91000319651964,0.019479036331176758,50.865672756343756
-0.17156467,100,220000,-139.56543217852237,53.665727376937866,-71.55172565095233,1422.2689280509949,2.0623791217803955,57.80298399925232,-43.335534855681296,59.884263038635254,21,-0.0033596435,3.698312282562256,58.49743890219746,0.017549991607666016,42.89206735744546
-0.15782735,100,230000,-140.4140320922406,56.900779485702515,-76.65783642664192,1485.3203811645508,1.9696431159973145,61.03782105445862,-45.159071851062,63.02886891365051,22,0.000994043,3.706383466720581,48.71032642851239,0.019824981689453125,40.542413688746954
-0.19704458,100,240000,-173.9550658254246,53.67988705635071,-74.08217986538186,1545.2362370491028,2.0576908588409424,57.81412410736084,-43.47950277208374,59.89401698112488,23,0.017271435,3.702023506164551,63.31889642478321,0.01909494400024414,42.609854974195
-0.31871793,100,250000,-146.54282119715117,54.25228214263916,-47.527999320908755,1605.5778992176056,1.9280152320861816,58.37001609802246,-28.26685232387656,60.31983208656311,24,-0.006024463,3.691042900085449,92.00631858840558,0.021353960037231445,47.459029291801734
-0.18400964,100,260000,-163.3108621144294,53.19399857521057,-54.96992135784934,1665.0255951881409,2.0506160259246826,57.341001987457275,-32.511404948026495,59.41143012046814,25,0.010310083,3.7012031078338623,57.84894557907338,0.019425153732299805,47.84023760235802
-0.28948867,100,270000,-191.55922180410988,53.64116334915161,-49.6865750456638,1724.9099740982056,1.9885618686676025,57.84722423553467,-29.09059685150493,59.86233687400818,26,-0.026260987,3.764838218688965,95.8381740447148,0.020843029022216797,48.959944335463916
-0.594909,100,280000,-156.39633963510602,53.99247217178345,-25.173117427125195,1785.209272146225,2.034698247909546,58.22191834449768,-15.876065048242419,60.27840304374695,27,-0.02815293,3.7966179847717285,79.91376598699927,0.019042015075683594,48.318347312647994
-0.66580546,100,290000,-141.4514727245992,52.397772550582886,-4.168640982961082,1843.8895542621613,2.075093984603882,56.56255888938904,-5.464460904663197,58.658416986465454,28,-0.017916504,3.733952045440674,71.96254726740507,0.01913905143737793,41.98645932034284
-0.38356298,100,300000,-120.10815220726417,51.92179608345032,-4.3205405118769695,1902.0271112918854,2.012044668197632,56.08065581321716,-4.036127327719016,58.11372900009155,29,0.011696167,3.7253293991088867,78.54452423636425,0.019663095474243164,39.8027141949249
-0.51129276,100,310000,-117.42560740401737,52.546011209487915,-18.3927233435853,1960.828890323639,2.0352561473846436,56.72382688522339,-12.683094033292084,58.77976393699646,30,0.0052013914,3.750734567642212,74.58889497922829,0.019284963607788086,37.645675754210416
-0.45864415,100,320000,-97.94355423041175,50.791110038757324,-3.944898674040825,2018.0302021503448,1.938521146774292,55.21993088722229,-3.6639862723156176,57.178972244262695,31,-0.009720362,3.7945735454559326,95.3455810427238,0.019145965576171875,42.517941393293555
-0.54973876,100,330000,-134.21501820063324,52.77674627304077,-17.00815157606251,2077.0536301136017,1.975229263305664,57.0044801235199,-13.464068808810282,59.001922845840454,32,0.0038351195,3.788620710372925,78.80648160524521,0.019683837890625,41.95145716840802
-0.48897147,100,340000,-152.5121217646744,51.41939616203308,-52.518194380205486,2134.5141360759735,1.841392993927002,55.576114892959595,-31.26888006554098,57.43889904022217,33,-0.012997046,3.711825132369995,63.73811368099521,0.021014928817749023,48.42188358289335
-0.5732697,100,350000,-119.85108878861425,52.61943292617798,-56.64550470719105,2193.5913650989532,2.0062026977539062,57.027064085006714,-34.70742244297501,59.055869340896606,34,-0.004474658,3.976083755493164,105.8130185350256,0.0202789306640625,46.05538564070748
-0.7470818,100,360000,-163.35184363894416,51.62962365150452,-65.96520837761796,2251.4285480976105,2.023116111755371,55.771345138549805,-38.83422602868786,57.81514811515808,35,0.005498999,3.7077298164367676,72.46739749137139,0.018910884857177734,48.22648491323787
-2.224343,100,370000,-145.12432452394805,50.72923016548157,-78.35145686254882,2308.4447481632233,2.111546039581299,54.857093811035156,-44.84874104679156,56.99335980415344,36,0.008224646,3.6970102787017822,46.52429110010867,0.023880958557128906,41.22304194075243
-4.5601983,100,380000,-227.783760290751,50.8204402923584,-132.12806275219825,2367.272774219513,3.664196014404297,55.12411022186279,-73.06516872046012,58.805887937545776,37,0.030198261,3.8717644214630127,36.33610605664193,0.017250776290893555,46.43233027891561
-22.526155,100,390000,-273.0187479981411,48.986144065856934,-160.06523671576744,2422.827656984329,2.373339891433716,53.13804793357849,-90.2795258357137,55.53191900253296,38,-0.021635937,3.724240779876709,-5.062951643592575,0.01995396614074707,54.3340872485536
-51.266167,100,400000,-302.05766963222584,49.972593545913696,-133.89862738387077,2479.4512841701508,2.4525277614593506,54.125202894210815,-76.39107709177684,56.60561990737915,39,0.014122205,3.7239363193511963,22.282839357736474,0.027032136917114258,46.8954838930659
-85.10085,100,410000,-143.1783717016226,52.90519452095032,-106.25564572806046,2538.707495212555,2.0309741497039795,57.180092096328735,-62.37375784828685,59.23451900482178,40,0.031513136,3.8010852336883545,-1.5577941612687993,0.02172398567199707,33.50791025125792
-20.343008,100,420000,-97.88462755085857,51.56421685218811,-100.37409054963291,2596.737689256668,2.0203561782836914,55.96497297286987,-57.748812132176845,58.00840902328491,41,-0.0005918068,3.963495969772339,-23.472896340041874,0.022603988647460938,15.541193295654825
-11.854123,100,430000,-124.91587561708424,54.738242864608765,-106.10066666484825,2657.9440841674805,2.0260322093963623,59.13810086250305,-61.21472826350724,61.18440890312195,42,-0.006290222,3.9547977447509766,-20.35231646570189,0.01966691017150879,12.888043298419468
-8.422554,100,440000,-125.12090567130008,50.95735263824463,-101.48805380423859,2715.1747431755066,1.9148120880126953,55.27168893814087,-58.338249452508116,57.20713400840759,43,-0.0025424561,3.8813700675964355,-19.423369964380996,0.02003312110900879,14.337646794870503
-9.088508,100,450000,-122.93510677797056,52.096919298172,-102.63274955305222,2773.8364112377167,2.0567660331726074,56.5633008480072,-59.25043376768312,58.64083409309387,44,0.0071878782,4.005756378173828,-24.071528407383376,0.020331144332885742,15.471434239344003
-13.316095,100,460000,-135.25900892534878,53.17215538024902,-102.6708111303636,2834.276568174362,2.898033857345581,57.49880790710449,-58.38350479612356,60.41732406616211,45,0.008025683,3.8873581886291504,-27.87214548538864,0.01970696449279785,19.62146180635733
-60.5492,100,470000,-155.28531965427382,61.281543254852295,-111.90790691939375,2902.213846206665,2.1255998611450195,65.75409412384033,-64.38532380481696,67.91515898704529,46,-0.026219781,3.9690423011779785,-28.917399834016287,0.03359675407409668,21.0966125038949
-230.79614,100,480000,-95.25576078119059,53.17210531234741,-106.20681335380979,2961.6827521324158,1.9675068855285645,57.44281792640686,-63.05500878282097,59.43722081184387,47,-0.015247583,3.8234293460845947,-21.399030263097234,0.025454998016357422,13.53455047283196
-62.076694,100,490000,-132.97972619493706,53.36806273460388,-85.31501434620627,3021.3423941135406,2.0666937828063965,57.546879053115845,-48.054731141587624,59.63747191429138,48,-0.0028364502,3.741563320159912,60.3824908042802,0.02238917350769043,26.417727889642507
-3.5398211,100,500000,-63.51468400086536,52.99302840232849,-2.8147545206668463,3080.664885997772,2.05308198928833,57.22439408302307,-6.331133087287927,59.298887968063354,49,-0.0010032227,3.792367935180664,67.40221611321746,0.01995706558227539,30.064411900582936
-0.052042577,100,510000,-59.39928582392672,52.95833778381348,50.29094153487317,3141.0053412914276,3.046006202697754,57.2385368347168,22.01101065463296,60.31728172302246,50,-0.026831659,3.8435630798339844,53.962571592919076,0.031210899353027344,23.913448711824486
0.5437555,100,520000,-51.63438014038718,53.26730132102966,62.87489912127817,3200.5975222587585,1.963763952255249,57.581806898117065,28.231476428482537,59.566665172576904,51,0.0033087647,3.877079486846924,51.30397976648599,0.01966094970703125,20.78300797447883
0.045831274,100,530000,-24.7893243835992,53.84412598609924,69.46288514524736,3260.824886083603,2.0697662830352783,58.11309003829956,31.969960344315773,60.205156087875366,52,0.0014454102,3.834364891052246,56.38291239699863,0.020839929580688477,18.313914557058368
-0.026014423,100,540000,-35.010391345873735,56.87588429450989,73.97517162436951,3324.1679182052612,2.0855700969696045,61.2151141166687,34.54098646207211,63.322020053863525,53,-0.008045387,3.8972926139831543,55.86949891725092,0.020203113555908203,17.283281565205243
-0.004339865,100,550000,-67.34885006799864,49.401846170425415,73.0729953870673,3380.0646121501923,2.1016807556152344,53.75023007392883,33.32149233908916,55.87326192855835,54,0.005917737,3.9096362590789795,55.59361350270057,0.02058696746826172,19.487705670547403
0.0079514645,100,560000,-24.797448781535024,44.95639395713806,67.97711990961766,3431.408228158951,2.093811273574829,49.20643591880798,29.8181430920162,51.32258915901184,55,0.016186329,3.816312313079834,57.884674424572054,0.021687030792236328,18.30135072347084
-0.029200781,100,570000,-43.896651853697186,44.246357440948486,70.34235472381887,3481.970555305481,2.000364065170288,48.513346910476685,31.443658040206007,50.540761947631836,56,-0.015249047,3.830780506134033,52.910858188191206,0.025607824325561523,19.940829631211706
0.011247266,100,580000,-44.0644452344513,41.029165267944336,70.74810314362992,3529.062826156616,1.7960190773010254,45.23232293128967,31.890467859610272,47.04928374290466,57,0.019804254,3.775535821914673,59.41940434053903,0.02041912078857422,19.53958799330814
-0.010802716,100,590000,-49.18319055880152,41.13226532936096,69.86597809237708,3576.425512313843,1.9644179344177246,45.35574293136597,31.874049821568644,47.34098482131958,58,-0.002587262,3.7959516048431396,67.57601909653701,0.020359039306640625,22.049335729626844
0.00943551,100,600000,-23.693444493337953,40.97518253326416,71.49393721768746,3623.6651573181152,2.0033419132232666,45.19494700431824,32.69078798170822,47.21861290931702,59,0.024074685,3.7893412113189697,62.84156853275413,0.019845962524414062,18.14690077853187
0.0030074036,100,610000,-33.48107224775781,40.56720328330994,69.13950266548464,3670.5361630916595,1.9617290496826172,44.86758208274841,30.889240267361366,46.84918403625488,60,0.0062812315,3.8722646236419678,57.47448158557209,0.019469738006591797,19.588298746447176
-0.037701596,100,620000,-6.488064117332865,41.329142570495605,74.50980322350297,3718.0570192337036,1.9467642307281494,45.5335910320282,33.619209003340295,47.5008008480072,61,-0.016928155,3.776914358139038,51.85631761914086,0.01904010772705078,15.652998099335369
-0.01931488,100,630000,-49.20024062812846,40.83822226524353,75.37556329198617,3765.1281232833862,1.9806797504425049,45.04879426956177,34.30914759752175,47.04972219467163,62,-0.010213355,3.7812726497650146,55.54317952694589,0.019488096237182617,17.207902984474046
-0.009420483,100,640000,-8.018171418913171,40.79885387420654,75.79294046164854,3812.06737613678,1.8888249397277832,45.006897926330566,34.433533594951875,46.91699504852295,63,0.010524384,3.775601387023926,54.85263377211932,0.01987004280090332,15.222775713291375
-0.0205771,100,650000,-16.56961829372971,42.387465476989746,73.8708832707704,3860.628424167633,1.8863160610198975,46.63197088241577,33.6063139942249,48.5398690700531,64,0.007688049,3.805894613265991,56.844916189297415,0.01993393898010254,17.21300037108642
-0.039342236,100,660000,-31.836730689442238,50.72173595428467,71.43941259203639,3919.222604036331,3.4402220249176025,55.08525490760803,32.82929512033987,58.57027196884155,65,-0.009660644,3.920888662338257,60.79497935231185,0.043701887130737305,18.291516804217007
-0.028614905,100,670000,-29.849838643724198,49.36788558959961,73.32345280288439,3975.0911769866943,1.9167790412902832,53.87925696372986,33.52839564182238,55.82059097290039,66,-0.01068523,4.051350355148315,56.54499074559477,0.024023056030273438,17.551057806447403
-0.029933758,100,680000,-29.819711345127992,41.42887878417969,70.59651291184775,4022.8945043087006,2.0343358516693115,45.728139877319336,31.431533023993357,47.78257989883423,67,0.0027351098,3.8326385021209717,51.942989698208166,0.0197601318359375,17.569944466280408
-0.018050477,100,690000,-27.183253657538554,41.98897624015808,71.28574406270693,4071.16881108284,1.9967012405395508,46.233721017837524,31.361298434757487,48.25296998023987,68,0.0020939696,3.7991833686828613,52.14316793839847,0.021905183792114258,18.55032538495612
-0.049058497,100,700000,-51.76706469699694,41.587252140045166,73.15673447920162,4119.02950501442,1.9868543148040771,45.83202886581421,33.17742844827258,47.839613914489746,69,-0.03049563,3.811519145965576,59.645193063302855,0.020364046096801758,20.05126736262826
-0.04562696,100,710000,-18.735803091359216,42.39167332649231,71.35366040463114,4167.728670120239,2.039759874343872,46.617595911026,32.00507729942819,48.67783880233765,70,-0.024466187,3.792850971221924,57.83404581906968,0.02013421058654785,17.770198664061212
-0.014129092,100,720000,0.28377191550590375,41.897369146347046,72.47576229685885,4215.8330800533295,1.9192309379577637,46.137763023376465,32.50447478864266,48.08331799507141,71,-0.005212338,3.8066823482513428,58.42985856316834,0.021845102310180664,16.034685989677445
-0.009539453,100,730000,-38.361856855714045,41.91135001182556,69.68711763426082,4264.11555314064,2.051593065261841,46.18889784812927,31.150840972918505,48.26110577583313,72,-0.004764624,3.8406145572662354,57.36679106451754,0.019958972930908203,19.810004785845916
-0.056831542,100,740000,-22.985752749085357,42.04498910903931,72.13021531183345,4312.496728181839,2.012693166732788,46.32286214828491,32.636297727872034,48.35821294784546,73,-0.02950592,3.8096015453338623,57.870454781048174,0.01969599723815918,17.630142451162783
-0.016880555,100,750000,-22.05787574146496,41.66687488555908,74.05385778064273,4360.419003248215,1.953869104385376,45.92618703842163,33.77830676039158,47.90062403678894,74,0.021168396,3.8252060413360596,58.38368316930574,0.020132064819335938,16.93468474490491
-0.02977179,100,760000,-33.39608205449271,38.59583568572998,72.85766140961401,4405.267393112183,1.9290988445281982,42.87641501426697,33.05903275551891,44.8272340297699,75,0.002502867,3.8491029739379883,55.499577045457904,0.019961833953857422,18.588278257910016
-0.077800095,100,770000,-25.200594348458065,32.08590078353882,72.08217684740578,4443.766666173935,1.9940950870513916,36.46199893951416,31.833320991870075,38.477516174316406,76,-0.015736902,3.943519353866577,58.39455290858092,0.019778728485107422,16.311532784498446
-0.047022827,100,780000,-17.131926682994695,24.301839590072632,70.58095072690992,4474.131543159485,1.7318170070648193,28.589646100997925,31.388594037558,30.34320902824402,77,0.0005188599,3.8524410724639893,54.6565328893652,0.020315885543823242,15.93280120233789
-0.062239442,100,790000,-49.541856959631126,22.84450078010559,72.38026592764815,4502.836618185043,1.5753872394561768,27.08697509765625,33.071186670183614,28.683204889297485,78,-0.0029427735,3.8146488666534424,58.05010704632728,0.019471168518066406,19.650155021831388
-0.019583521,100,800000,-11.67163098288689,21.752261877059937,75.43997849850551,4530.496098041534,1.6040902137756348,26.011173963546753,34.387640879997846,27.6372549533844,79,0.006893689,3.824597120285034,59.49053924743761,0.020643234252929688,16.369478690143453
-0.090270504,100,810000,-32.65446513235142,21.01638388633728,75.28508067396578,4557.325011968613,1.5799729824066162,25.205078840255737,35.34100475309191,26.80673599243164,80,-0.002992334,3.75732421875,56.311852572932686,0.020170927047729492,16.80174254248963
-0.10039346,100,820000,-31.530124819396768,21.486839294433594,70.46135169059247,4584.881152153015,1.7823772430419922,25.71187996864319,30.69702807961913,27.532744884490967,81,-0.026496276,3.771883726119995,60.553541191696674,0.022578954696655273,17.91458472585402
-0.09141188,100,830000,-38.01568416696467,21.533807516098022,72.44030966290678,4612.494537115097,1.8472340106964111,25.725746154785156,34.01941310978512,27.592078924179077,82,-0.017942272,3.7587389945983887,54.53527231142795,0.0187530517578125,19.14315766264663
-0.040849146,100,840000,-27.242785969392152,20.55942678451538,68.88433634071413,4639.031118154526,1.7594408988952637,24.733583211898804,30.828400357394813,26.51411199569702,83,0.014553125,3.7374427318573,59.758706995489106,0.020509958267211914,18.314672784515363
-0.0772173,100,850000,-20.77413021004327,21.324118852615356,76.52602193977813,4666.383137226105,1.7907662391662598,25.51901626586914,35.28633476208674,27.33096194267273,84,-0.03522639,3.7643463611602783,59.175845211910875,0.01985788345336914,16.738268757451507
0.008769092,100,860000,-13.261826113163998,22.0020272731781,74.22265174488801,4695.50777721405,2.868983030319214,26.210460901260376,34.1687694489419,29.103254079818726,85,0.034586206,3.772993803024292,56.8370398454485,0.021374940872192383,17.03627592685298
-0.010886334,100,870000,-35.504731738870085,20.830920219421387,72.01353371550499,4722.005172967911,1.435708999633789,25.020143270492554,32.25312725593205,26.477046012878418,86,0.029659994,3.757361650466919,59.44870849299197,0.020598173141479492,19.141308234256485
-0.00032323,100,880000,-17.456153922016345,22.715349197387695,73.18757360112991,4750.625616312027,1.612534999847412,26.96557307243347,33.3260081521758,28.59952211380005,87,0.033680126,3.8169612884521484,55.813743750405294,0.019829988479614258,17.040628588470838
-0.013482983,100,890000,-34.623128573313416,21.531580209732056,70.28434573317202,4778.162592172623,1.7854580879211426,25.710657119750977,31.33667936326863,27.51525092124939,88,0.01786349,3.7468926906585693,65.15306878081175,0.018718957901000977,18.14740702746458
0.0021477905,100,900000,-25.886290330722723,20.73690390586853,73.6984074627954,4804.905225992203,1.7387871742248535,24.962434768676758,33.37586677248423,26.721475839614868,89,0.012864923,3.773557662963867,55.13505283093741,0.019879817962646484,17.345954343203633
-0.023503052,100,910000,-41.215806131819285,21.299341440200806,73.50943126074863,4832.033734321594,1.5870039463043213,25.50038981437683,34.48164371117858,27.10745906829834,90,-0.002110315,3.7666850090026855,58.88025218834242,0.01966691017150879,17.339776774988533
-0.017033033,100,920000,-22.317341518642973,21.571442127227783,76.79639174906077,4859.683732032776,1.7663519382476807,25.843077182769775,36.72559494828138,27.62915301322937,91,-0.011842639,3.839801788330078,61.31338615961683,0.01936507225036621,16.926979534436448
-0.033130005,100,930000,-28.811257284212516,20.356114387512207,73.39024486446638,4886.260887145996,1.9301929473876953,24.60509204864502,34.12948166775471,26.55613613128662,92,-0.010828662,3.8178694248199463,56.09406304536321,0.020496845245361328,16.58750867451893
-0.005280664,100,940000,-34.40165382480015,20.65291690826416,70.51265232685459,4913.779403209686,2.595972776412964,24.878067016601562,32.792533532266866,27.49752712249756,93,9.885254e-05,3.7839295864105225,56.30279194501446,0.023066997528076172,20.678458143908532
0.0071326415,100,950000,-46.97794849407971,20.45862889289856,65.77172415928204,4940.81804227829,2.3644320964813232,24.63631582260132,29.576636576725893,27.020621061325073,94,0.021497583,3.7442264556884766,53.548783330174416,0.01949787139892578,19.79216487813682
-0.015256714,100,960000,-29.35406218577506,19.97361946105957,68.05085973084086,4966.794963359833,1.743391990661621,24.179978847503662,32.08715772624863,25.948819875717163,95,-0.0026783813,3.767025947570801,55.40248810247378,0.025111913681030273,21.770415352526545
0.031472925,100,970000,-12.167077718439145,21.482904195785522,73.04001618419272,4994.324691295624,1.8071799278259277,25.685577154159546,33.38733451465625,27.511540174484253,96,0.037656188,3.7717154026031494,57.5576785883919,0.018223047256469727,16.52459379836521
-0.023364661,100,980000,-20.66359128662391,21.577291250228882,74.53959702466855,5021.91551733017,1.7436039447784424,25.799216747283936,35.46364098759377,27.563904762268066,97,-0.009349842,3.7825939655303955,56.66329918146997,0.01973700523376465,16.92243504626592
0.0006382141,100,990000,-43.274497817614396,21.803846836090088,74.9931504056631,5049.743238210678,1.6692657470703125,26.11635994911194,35.451673020930706,27.806007862091064,98,0.0058583375,3.8756680488586426,62.5181450864025,0.018921375274658203,18.869871245908282
-0.018383801,100,1000000,-23.78375875411937,21.410242319107056,79.14564364311924,5077.133734226227,1.7468328475952148,25.602750301361084,38.905223146846595,27.369216918945312,99,-0.014434057,3.7598438262939453,58.74612052042577,0.019247055053710938,17.600600825695064
-0.0030239257,100,1010000,-28.0184200086765,21.58829092979431,71.94824102536928,5104.552617073059,1.5939571857452393,25.785008907318115,33.55338367163429,27.39827585220337,100,0.00013115234,3.764512777328491,54.115764344237576,0.018945932388305664,18.760747689472534
0.00058735354,100,1020000,-24.636513486185564,20.646589279174805,75.2155216875011,5131.218580007553,1.7166190147399902,24.90789008140564,36.308264812372514,26.6446750164032,101,0.012298206,3.8161752223968506,59.203024766619755,0.019788742065429688,19.08506302745813
-0.035362523,100,1030000,-26.288526848226628,21.314770936965942,76.05657247469182,5158.705069065094,1.7214899063110352,25.722496032714844,35.93278843460532,27.465585947036743,102,-0.026672082,3.976562023162842,58.91276809355349,0.021102190017700195,18.1731030708761
-0.016296044,100,1040000,-29.11671458984717,21.36592435836792,76.2457737984169,5186.044501066208,1.5571479797363281,25.74040699005127,35.932636982535186,27.318283081054688,103,-0.0043761963,3.764622688293457,57.021453762952305,0.020339250564575195,16.577844688248287
-0.034101166,100,1050000,-18.041505964440404,20.600790977478027,78.59713733364337,5212.733154058456,1.7855439186096191,24.862648010253906,37.48727433065752,26.666992902755737,104,-0.0031955445,3.830470561981201,57.289658687089364,0.018455028533935547,15.564815951741553
-0.0922232,100,1060000,-19.91104745617239,21.6992244720459,80.91593460678887,5240.371801137924,1.6290218830108643,25.968485832214355,39.68050551988326,27.61764907836914,105,-0.035529222,3.837026596069336,59.45132183826323,0.019743919372558594,14.25699195343501
-0.08114043,100,1070000,-26.084049852050676,21.512706518173218,78.39138969612966,5267.948588132858,1.7404520511627197,25.713392734527588,38.059968612726664,27.555455923080444,106,0.0036881103,3.7602500915527344,55.64623515921511,0.10124802589416504,17.65884013843583
-0.06481912,100,1080000,-18.964334928508787,20.99020743370056,81.25599391562619,5294.594485998154,1.4060451984405518,25.19821786880493,39.92443031450359,26.624393939971924,107,0.0015485717,3.769606113433838,60.059056371678906,0.019784212112426758,14.106639661838473
-0.05943791,100,1090000,-26.972243967029833,21.532602787017822,76.66345029473567,5321.992886066437,1.6528551578521729,25.704163789749146,37.36947642854014,27.376487731933594,108,0.0052899797,3.744083881378174,57.011471975754674,0.01904606819152832,17.590092758456223
-0.040606074,100,1100000,-22.07973907550108,21.95503878593445,83.44445779497988,5349.948576211929,1.7348730564117432,26.180189847946167,41.23202984568775,27.934532165527344,109,0.0129390685,3.7915244102478027,56.883002677303985,0.019083023071289062,12.81061210174211
-0.013218506,100,1110000,-39.071990998408545,21.136472940444946,80.45974268530324,5377.14284324646,1.7596721649169922,25.39265012741089,39.71005126726996,27.173262119293213,110,0.028219312,3.825932741165161,56.14800088016833,0.019583940505981445,17.29753101560273
-0.0375145,100,1120000,-24.254664544738734,22.33321261405945,77.18633764448056,5405.434808254242,1.5710468292236328,26.67741298675537,37.1618331099849,28.27080011367798,111,-0.0092405025,3.908055543899536,54.40701983742081,0.02072000503540039,15.21249645133862
-0.074636124,100,1130000,-3.6592934298471844,21.34501004219055,84.4700969188017,5432.619074106216,1.537248134613037,25.595623016357422,41.792885680829805,27.162513971328735,112,-0.026609095,3.822751522064209,57.24430879820612,0.029194116592407227,10.950056409570983
-0.12630199,100,1140000,-11.489494397960886,20.686224699020386,81.54838585139775,5459.270090103149,1.6575901508331299,24.95053005218506,39.46998467689688,26.629097938537598,113,-0.048850298,3.824944019317627,53.76944144456474,0.019539833068847656,12.710104918083927
-0.106619045,100,1150000,-22.60354501910925,21.76476502418518,81.90143324096151,5486.837535142899,1.571439266204834,25.95350980758667,40.211333412637565,27.54594898223877,114,-0.048889026,3.758535861968994,60.41139156591675,0.019617080688476562,12.59928699402521
-0.037908424,100,1160000,-32.70601575885075,21.843249559402466,77.55284929059624,5514.628268241882,1.6394588947296143,26.108601093292236,37.54138549865579,27.769125938415527,115,0.0053137694,3.833895206451416,56.676188640298264,0.019646406173706055,17.156439917449177
-0.08019094,100,1170000,-30.087216162317315,20.76988673210144,81.54751512000509,5541.442653179169,1.5850739479064941,25.187515020370483,40.394608350027404,26.79265284538269,116,-0.03129928,3.981353759765625,58.43755931878287,0.019176959991455078,15.825751482606854
-0.0048662233,100,1180000,-30.27001066550278,21.366254806518555,79.02363541314503,5568.872978210449,1.7690250873565674,25.60599184036255,38.466889460391464,27.400910139083862,117,0.05085394,3.8017337322235107,57.10207256208549,0.02422308921813965,15.359053841253717
-0.08368962,100,1190000,-21.576218379724423,21.5377197265625,85.08135319155235,5596.432551145554,1.759932279586792,25.75504994392395,42.64935816497754,27.538021087646484,118,0.0021563629,3.7779695987701416,59.9197827643215,0.01866888999938965,13.409490995179588
-0.10510539,100,1200000,-9.378086673238725,20.57816505432129,79.03944836837911,5622.9118802547455,1.6272451877593994,24.811352968215942,37.86685816579739,26.457764863967896,119,-0.007768811,3.802050828933716,58.943818098845,0.01875925064086914,13.540357354732777
-0.049512964,100,1210000,-29.125836849605864,22.617631673812866,80.08713382729395,5651.518552064896,1.7429461479187012,26.818849086761475,39.12727371762309,28.58222508430481,120,0.018998066,3.766434669494629,56.25499188548928,0.01986408233642578,16.707447093111178
-0.10125113,100,1220000,-29.624582748471354,21.336324214935303,81.24932388270929,5678.8489112854,1.745635986328125,25.54254674911499,39.89978697351325,27.308587074279785,121,-0.050696198,3.775089740753174,58.93073754142999,0.019779205322265625,15.778669487275037
-0.10621123,100,1230000,-23.696133972235426,20.702311038970947,79.49697490189989,5705.578685998917,1.7239611148834229,24.964773893356323,38.28371801129287,26.708967924118042,122,-0.014049633,3.8321475982666016,55.68003868393632,0.019790172576904297,15.265849737052251
-0.09688231,100,1240000,-25.83515574788987,21.378111839294434,80.62297082721972,5733.659246206284,2.439689874649048,25.6001079082489,39.13893649372071,28.059312105178833,123,-0.014259619,3.775693416595459,56.42068937168346,0.019044876098632812,14.422334019426108
-0.1273052,100,1250000,-23.953728961761215,23.982297897338867,80.49898506001382,5763.7919590473175,1.7521388530731201,28.341259002685547,39.41343538775015,30.114012956619263,124,0.0007675903,3.9070842266082764,54.6469238978389,0.019299745559692383,14.797493461274895
-0.04685001,100,1260000,-49.012065542141,20.59359073638916,82.05233426845784,5790.4465391635895,1.7876629829406738,24.82433795928955,39.634211147674385,26.63329577445984,125,0.005354492,3.799659252166748,59.297218551743036,0.020893096923828125,15.626015536558054
-0.05601426,100,1270000,-16.86083249055578,21.31710720062256,80.83114323305597,5817.793583154678,1.7584998607635498,25.546053886413574,39.17384556818717,27.325464010238647,126,0.010887,3.785001516342163,59.60924591302453,0.019392013549804688,15.083770683835676
-0.06870268,100,1280000,-27.429763956921793,21.6520414352417,80.56738707930748,5845.440567016602,1.7673430442810059,25.83702301979065,38.8227473821063,27.625171899795532,127,-0.021877319,3.7526140213012695,61.74504185373036,0.02031874656677246,15.265628301194548
-0.06325265,100,1290000,1.7270797607832469,20.59289574623108,80.74827944184499,5872.142861127853,1.842911958694458,24.816943883895874,38.74886471348784,26.681360721588135,128,0.019712366,3.798952102661133,55.00938542216471,0.02014780044555664,12.023059775118314
-0.08770984,100,1300000,-34.278123101710946,21.71532678604126,76.03472460266322,5899.906189203262,1.7565867900848389,25.96225595474243,36.18376136832444,27.74117088317871,129,-0.044198595,3.8169567584991455,61.62213034786314,0.02095317840576172,17.50514076171459
-0.03753204,100,1310000,-28.79125141812941,21.35521388053894,76.62176662002135,5927.296265125275,1.775763750076294,25.569782972335815,35.275570416338894,27.368235111236572,130,0.0004286438,3.783092737197876,65.05388115512172,0.021210193634033203,15.350421810414737
-0.08690062,100,1320000,-41.83621403004792,20.931458950042725,75.84769386573622,5954.262348175049,1.8112578392028809,25.11216902732849,35.589240853236,26.94423508644104,131,-0.040401038,3.7515201568603516,54.72787095483538,0.01939702033996582,17.05119427927019
-0.02848706,100,1330000,-34.93868785801646,21.502986192703247,74.62048358115656,5981.761520147324,1.783742904663086,25.670368909835815,34.724631986771676,27.473793029785156,132,0.013394678,3.738576650619507,55.20721804894098,0.019283056259155273,18.336435151341593
-0.055014577,100,1340000,-15.701132630657764,21.33078169822693,75.61183105982737,6009.054904222488,1.6858949661254883,25.563313007354736,35.27750123146015,27.271164894104004,133,-0.003169635,3.7982707023620605,58.271612997928464,0.02146291732788086,15.796340429097112
-0.029404273,100,1350000,-34.80150589896107,20.70720076560974,71.39140417533461,6035.77738904953,1.7172749042510986,24.948352098464966,32.426311485479204,26.690032243728638,134,-0.012698999,3.808987855911255,58.69507733123344,0.018717050552368164,19.262325457471302
-0.0952735,100,1360000,-26.13720291362342,21.93287491798401,73.7098917679217,6063.790934085846,1.7374789714813232,26.232937335968018,33.35060281163365,27.99246907234192,135,-0.0416611,3.862853765487671,61.63624114853751,0.0207211971282959,17.67935052760814
-0.044035338,100,1370000,-35.35155644050311,21.70821738243103,66.0602452819889,6091.577548027039,1.7586519718170166,25.972678899765015,28.626269698910928,27.751917123794556,136,-0.024886962,3.833378314971924,55.144245507411505,0.01929783821105957,21.16639844895547
-0.049326796,100,1380000,-25.813981189178214,21.788079738616943,71.80300697486166,6119.384376049042,1.7481567859649658,26.015893936157227,33.30659459633338,27.785532236099243,137,-0.014228606,3.7954187393188477,56.191482889531095,0.020048141479492188,18.834145225694904
-0.006873364,100,1390000,-12.144103634766696,21.6382954120636,76.88334561897597,6146.988668203354,1.7340741157531738,25.828812837600708,36.32321508856908,27.58333921432495,138,0.017628783,3.7528538703918457,58.57983492927312,0.020062923431396484,16.015882649618376
-0.0038442628,100,1400000,-13.353403487223844,21.713091135025024,76.63761895952402,6174.467689990997,1.5032062530517578,25.93359398841858,35.85775068403266,27.45785403251648,139,0.027274305,3.757709264755249,54.118906725739436,0.019744873046875,15.801743947708086
-0.084818885,100,1410000,-17.910133266547973,21.098448514938354,72.36033965599502,6201.477125167847,1.672745943069458,25.295397758483887,32.17526537519459,26.98788285255432,140,-0.0073528625,3.75783371925354,52.20238725086535,0.01844310760498047,16.848326695282797
-0.08789162,100,1420000,-26.546980798848672,21.47461175918579,72.21510463794031,6228.830350160599,1.6119911670684814,25.698096990585327,33.012506293377015,27.33075714111328,141,-0.011364648,3.7905192375183105,59.30999115782474,0.019234895706176758,19.143457925365865
-0.14666961,100,1430000,-13.560340719819774,23.132892370224,75.84075177814925,6257.774649143219,1.522843837738037,27.3784658908844,34.78432260209296,28.922298192977905,142,0.010588611,3.813026189804077,57.084525975575175,0.019572973251342773,14.166688702876238
-0.093550034,100,1440000,-38.67911565058858,20.94521164894104,67.82020275625563,6284.618272066116,1.596472978591919,25.20574378967285,30.516580800105928,26.8222599029541,143,0.010368194,3.8259196281433105,54.16451242985762,0.01964712142944336,21.26203084299033
-0.08272686,100,1450000,-31.510194206400165,27.741034984588623,77.8662451670701,6319.22251701355,1.9713637828826904,32.58241105079651,36.61655760373966,34.58287215232849,144,-0.020621771,4.188243627548218,57.822202774812396,0.02803492546081543,15.08451851015208
-0.1148188,100,1460000,-21.81160595447058,26.926817178726196,67.95456103143974,6352.49415397644,1.776719093322754,31.441093921661377,30.348536156844517,33.24247097969055,145,-0.043689318,4.058698892593384,54.04415905217391,0.02319502830505371,18.858017514186976
-0.05759326,100,1470000,-26.320800264686195,22.17895483970642,70.30792271051469,6380.792006254196,1.841623067855835,26.413305044174194,31.58319176405925,28.276264190673828,146,0.019642383,3.7986483573913574,58.13293189687483,0.020924091339111328,18.573177563744164
-0.13138275,100,1480000,-26.08481919207481,21.93544602394104,71.63977439239261,6408.835253000259,1.8200151920318604,26.179928064346313,32.11921408451105,28.022082090377808,147,0.028881134,3.8102545738220215,64.44605077268366,0.021687030792236328,17.89514721754831
-0.27734736,100,1490000,-14.470620523624268,21.563228845596313,74.14450125138448,6436.539535284042,1.8208367824554443,25.84193778038025,34.13461132314399,27.682404041290283,148,-0.009730408,3.8352231979370117,58.64902855777449,0.019277095794677734,15.267032230591425
-0.3068191,100,1500000,-6.560001321017057,22.316555500030518,75.42950513447887,6464.816657304764,1.6430141925811768,26.59231209754944,34.299525724442724,28.255189895629883,149,-0.016955549,3.837186574935913,57.27308761206123,0.019357919692993164,16.099834017160546
-0.31230623,100,1510000,-27.64680522528588,22.332600593566895,74.32784857701938,6493.364724159241,1.8897168636322021,26.616714000701904,34.586157910779846,28.527095794677734,150,0.012626062,3.841063976287842,55.68908552213513,0.019150972366333008,16.03435082251222
-0.45028847,100,1520000,-51.70722524556202,21.18633484840393,75.5054698434051,6520.691908121109,1.785987138748169,25.49380588531494,34.48066126390243,27.30277109146118,151,0.008227313,3.8600776195526123,57.358324942524256,0.02153325080871582,17.70749385722104
-0.43868583,100,1530000,-24.544719939409802,23.00748562812805,70.82635115782233,6549.93089723587,1.8879361152648926,27.308900117874146,32.61127372666778,29.21824812889099,152,0.010870611,3.853762626647949,56.593035883074506,0.019936084747314453,18.107172328089206
-0.33744234,100,1540000,-26.091414036192887,21.757418155670166,70.2036166404883,6577.646375179291,1.6267848014831543,26.047300815582275,31.570597718489875,27.6943941116333,153,0.011939551,3.853557825088501,57.93128432888113,0.01994180679321289,18.275947176573585
-0.1624755,100,1550000,-14.427217922379283,24.873943090438843,73.00308195036448,6608.925625085831,1.8944170475006104,29.341995000839233,32.62417778876586,31.258137226104736,154,0.030479535,4.006364822387695,57.83422423347655,0.02033376693725586,17.386778937804095
-0.06173096,100,1560000,-71.1695127976141,22.947442531585693,68.41921869736595,6638.030550003052,1.8137569427490234,27.24950122833252,31.028465844887396,29.08427095413208,155,0.0053697266,3.8588485717773438,55.019828343460205,0.019620180130004883,22.930480702597247
-0.11780928,100,1570000,-53.77801988538069,26.222742795944214,60.295748889213755,6670.732101202011,1.98716402053833,30.636526107788086,27.296183027202897,32.6793270111084,156,-0.013671729,3.938953161239624,58.07603824818582,0.02079319953918457,23.97252662259384
-0.08027031,100,1580000,-49.10870731999253,27.124788522720337,66.82154306598913,6704.422236204147,1.7694168090820312,31.67502999305725,31.029258782528785,33.66840434074402,157,0.020616846,4.047614574432373,58.091949458362244,0.20015811920166016,23.428772437979113
-0.016488843,100,1590000,-38.185025427928366,24.376933097839355,73.94319503190326,6735.596920251846,2.2017152309417725,28.926552057266235,33.680196667739025,31.151615858078003,158,0.0040288023,4.054781436920166,55.394098026724556,0.020426034927368164,17.973290145836366
-0.035750356,100,1600000,-44.25358873370671,23.949992656707764,69.83370934502669,6765.51850438118,1.5416851043701172,28.337217092514038,31.554345188192034,29.899335861206055,159,-0.009166284,3.907708168029785,50.82132976866188,0.01905202865600586,18.26150732840797
-0.06103269,100,1610000,-28.322511982385997,23.141998529434204,71.89695688291647,6795.594877243042,2.6337928771972656,27.399781942367554,33.18275381502806,30.055110931396484,160,-0.017170655,3.8159542083740234,60.47203500187641,0.01979804039001465,17.347937874303877
-0.052654542,100,1620000,-44.67473002169389,23.29502010345459,67.33298414035444,6825.326746225357,2.0005128383636475,27.68584394454956,30.605680359886666,29.707996129989624,161,-0.026483765,3.935792922973633,56.964249954448746,0.020235776901245117,20.862730566131866
-0.008486133,100,1630000,-25.55991014540854,22.258504390716553,73.86090408147616,6853.788016319275,1.9512832164764404,26.46809411048889,34.256290132706084,28.439826250076294,162,0.010034918,3.7712438106536865,54.88125391045513,0.019093036651611328,17.088685055468815
0.006910956,100,1640000,-65.33102989722013,22.068384170532227,63.70891478427101,6882.0151879787445,1.8567240238189697,26.326171159744263,28.607301326363835,28.204074144363403,163,0.022559527,3.819883108139038,56.12676342363859,0.020719289779663086,23.314177498042955
-0.019025343,100,1650000,-45.77304471453151,23.544884204864502,66.52107836943516,6913.087084054947,2.9107398986816406,27.945672035217285,29.64450183996671,31.050827026367188,164,-0.0097813355,3.955430746078491,56.38706128662087,0.19306206703186035,22.660062064977453
-0.01843053,100,1660000,-33.61486720783048,22.815635681152344,67.75115386017849,6942.0426371097565,1.8723149299621582,27.03373694419861,31.292996972993674,28.929564952850342,165,0.004185556,3.7781732082366943,62.74186201484174,0.02307295799255371,20.232041491574034
0.010846826,100,1670000,-28.827339517494146,26.409468173980713,61.82710562365456,6974.971379041672,1.9450080394744873,30.94053292274475,27.390551102184336,32.907033920288086,166,0.012858398,4.064208269119263,53.42859405286506,0.020154237747192383,21.745894021145613
-0.02034901,100,1680000,-60.83242078371472,29.460308074951172,71.39238883241946,7011.14697599411,1.9332950115203857,34.19713497161865,32.97566349869645,36.15351891517639,167,0.006762793,4.26817774772644,63.24250910056615,0.021584033966064453,20.899513561244436
-0.0317771,100,1690000,-39.77754861306982,22.641478061676025,67.90192602770057,7040.003016233444,1.9658973217010498,26.848721027374268,31.38007976298609,28.834757804870605,168,-0.007913403,3.7750096321105957,65.26535436239271,0.01978588104248047,21.50136652416123
-0.021724109,100,1700000,-25.91661172936705,23.57768940925598,67.22348919000207,7070.252773284912,2.299021005630493,27.901710987091064,31.983476577466135,30.226846933364868,169,-0.0108585935,3.863480567932129,61.067390696708685,0.022310733795166016,21.182219990905487
-0.031274702,100,1710000,-31.945114608033276,24.566011428833008,71.83458421001114,7101.27331829071,1.9790310859680176,28.996864080429077,33.205076544132496,30.999474048614502,170,-0.011038086,3.9777798652648926,57.02487965352868,0.02219414710998535,20.539131625109224
-0.009421338,100,1720000,-30.265583866728957,28.692802906036377,69.53550142712643,7137.740415096283,3.168276071548462,33.2508180141449,32.43955033080846,36.443368911743164,171,-0.0030472411,4.091136693954468,59.23853874201742,0.023582935333251953,20.92155056089479
-0.010945318,100,1730000,-23.850769588508065,25.02586555480957,70.72114080463587,7168.821998119354,1.5967450141906738,29.418837785720825,33.65355863395266,31.03657603263855,172,-0.002666205,3.940462350845337,57.965611130881214,0.02017998695373535,20.708345240321467
0.0042807283,100,1740000,-40.16575659306828,24.852519035339355,62.760888479307965,7202.074347019196,3.7755930423736572,29.43588399887085,29.306001345317153,33.231388092041016,173,0.014660168,4.107646465301514,58.19570044361968,0.0193479061126709,25.730621583444982
-0.022852538,100,1750000,-55.511529593218306,28.027283430099487,71.56816337745907,7237.883431196213,2.849886894226074,32.91088509559631,33.37196203925111,35.78746509552002,174,-0.019714624,4.412514686584473,60.01430771061921,0.024882078170776367,20.78631976982166
-0.0093657775,100,1760000,-26.70675958744385,38.55424094200134,68.74492201635805,7286.065865039825,4.271409034729004,43.8600971698761,30.894444362156882,48.163233041763306,175,0.01051778,4.763747215270996,58.871331838505036,0.030532121658325195,19.254123140424497
-0.017509473,100,1770000,-25.32486887854269,121.97752904891968,68.67483812948826,7418.8053340911865,4.39702582359314,128.19235014915466,32.16535564232065,132.64545106887817,176,-0.006732593,5.542397737503052,56.91916440246336,0.05425906181335449,19.50078975756101
-0.0047519286,100,1780000,-42.85189761272548,123.80882525444031,58.556461597752076,7550.468852043152,2.551804780960083,129.0017421245575,26.192790609617028,131.630676984787,177,0.0063965456,4.640953063964844,54.55371225783414,0.06709408760070801,24.672624911162185
-0.008118897,100,1790000,-25.833076733761285,130.33796787261963,73.00863017454525,7688.428277015686,2.8506669998168945,135.05046725273132,33.0498403155292,137.92975282669067,178,0.0028205323,4.241289377212524,55.53570476321068,0.027481794357299805,18.047406516873142
-0.0139435185,100,1800000,-35.10426902928615,131.96789574623108,63.72855101248233,7828.140712976456,3.230684995651245,136.43524312973022,29.189685489476357,139.69032311439514,179,0.009199279,3.9744982719421387,56.28767780954249,0.02272820472717285,23.504127998794033
-0.014997534,100,1810000,-50.80988474866725,127.61864686012268,62.97428328228267,7963.2802402973175,3.1915299892425537,131.90253710746765,28.14774033251661,135.1161880493164,180,-0.011160157,3.84375,58.803935177458825,0.02062201499938965,23.305699609726606
0.007823877,100,1820000,-35.91919463832683,124.55176639556885,70.04733044588687,8095.209088087082,2.999046802520752,128.8833818435669,32.348995829249475,131.9063401222229,181,0.014971826,3.89268159866333,66.60583113521888,0.0224459171295166,20.980874393390724
-0.022205846,100,1830000,-26.43700044143826,119.88927340507507,70.60732718271332,8222.53154206276,3.2806971073150635,123.99282097816467,32.725105493404975,127.29642796516418,182,-0.006898102,3.6966464519500732,55.07344904597555,0.020969152450561523,18.149858015923915
-0.036407642,100,1840000,-37.45548358900027,123.1749837398529,66.36282591378756,8353.257748126984,2.791022777557373,127.22574520111084,30.323365035278254,130.0384669303894,183,-0.020236181,3.636301040649414,57.278992598543056,0.020030975341796875,21.174825098453894
-0.037139174,100,1850000,-25.62967575455039,129.97311401367188,70.24308965289993,8490.661327123642,2.981036901473999,134.3555519580841,33.079447991740615,137.36723923683167,184,-0.0018854492,3.875159740447998,57.449494341262096,0.030013084411621094,20.48481495640208
-0.058648378,100,1860000,-52.50710937287802,119.73505806922913,71.15505387821582,8617.479995250702,2.9265408515930176,123.84786081314087,32.556862389726476,126.79671001434326,185,-0.012038494,3.704505205154419,59.629501990106405,0.021938800811767578,19.199672734413245
-0.037093688,100,1870000,-25.663190984126267,120.06913638114929,73.62973883323352,8744.795006990433,3.122377872467041,124.14748191833496,34.17980442956822,127.29437804222107,186,-0.017936768,3.6705212593078613,57.05538540375881,0.022016048431396484,18.22376163989562
-0.03991185,100,1880000,-48.05104356116784,118.50953507423401,70.08363929969349,8870.582493305206,3.053931713104248,122.59561419487,32.29453066884488,125.76676082611084,187,-0.022062745,3.680110454559326,57.49647802769136,0.11690616607666016,19.311060794000305
-0.005116162,100,1890000,-29.409850811115952,123.51865601539612,68.45370244865276,9000.782588243484,2.425366163253784,127.7245020866394,30.86051187337339,130.17810606956482,188,0.011663544,3.7866289615631104,54.6697504734034,0.027025938034057617,20.550449141314246
-0.009051148,100,1900000,-25.05924905975325,87.53715443611145,74.29836623836042,9094.827681064606,2.258965015411377,91.72726082801819,33.98391503417648,94.01670598983765,189,0.002308496,3.7660887241363525,57.35784304130717,0.028544902801513672,17.4314565460688
-0.016815199,100,1910000,-41.91311429066813,87.8845112323761,70.35813054017189,9189.132655143738,2.2050042152404785,92.05527710914612,31.875313762838424,94.28322911262512,190,0.0051795105,3.751461982727051,60.56247410590861,0.021081924438476562,19.96658230828519
-0.03198302,100,1920000,-24.223790368185416,87.39662909507751,71.14308015764603,9283.154143095016,2.4257333278656006,91.55014610290527,32.36468465106019,93.99958682060242,191,0.008036975,3.7078144550323486,65.2517898103589,0.02205681800842285,19.05855180909771
-0.08715593,100,1930000,-23.68076157320015,88.65472078323364,71.3289251730766,9378.48451924324,2.4936060905456543,92.78657269477844,32.54287473765098,95.30557918548584,192,-0.0069836304,3.7164790630340576,56.42488040159898,0.023844242095947266,18.15930588049844
-0.028884955,100,1940000,-3.0686749517313214,86.43458271026611,73.80705818847439,9471.499346256256,2.378617763519287,90.59044814109802,32.94019289440883,92.993479013443,193,-0.015214531,3.737208366394043,55.15411798556707,0.0206756591796875,15.956459549931083
-0.0368984,100,1950000,-3.998392476260148,88.3418481349945,76.5802078722913,9566.192794322968,2.128546953201294,92.51725506782532,35.7751459761838,94.67157006263733,194,-0.0045398073,3.750621795654297,53.41070662068244,0.024220943450927734,13.14179840066504
-0.008045422,100,1960000,-28.38602487959391,86.08280634880066,76.50913718661698,9658.948511123657,2.4659500122070312,90.24887204170227,35.25493211870105,92.73399877548218,195,0.02790498,3.7440640926361084,56.71828357717649,0.01883101463317871,15.247806450776652
-0.011317188,100,1970000,-30.50199407259642,87.00019836425781,73.8496514408404,9752.303321123123,2.1660709381103516,91.14598608016968,33.671608950365034,93.33251214027405,196,0.028586267,3.7204835414886475,59.04909851355798,0.019791126251220703,17.722557690819475
-0.0077926028,100,1980000,-34.009877595110396,86.5547149181366,70.52381492430149,9845.479596138,2.4347050189971924,90.68339395523071,31.845099067311363,93.15430188179016,197,0.023576539,3.7058074474334717,53.103556512418365,0.021559715270996094,20.688422437381007
-0.041949578,100,1990000,-27.19385623094336,86.5195996761322,73.93495613696388,9938.656608104706,2.448094129562378,90.66489386558533,33.74144623141237,93.13875412940979,198,-0.02833493,3.726487159729004,54.217706309199535,0.025258779525756836,16.865011926436555
0.0067875735,100,2000000,-29.78652094792408,86.90256118774414,75.14881971188423,10032.124650001526,2.1565029621124268,91.26451301574707,34.83073388111109,93.44645524024963,199,0.01239021,3.8807733058929443,54.65709399760901,0.025056123733520508,17.507065382727887
-0.048424438,100,2010000,-35.96380121361186,87.48317098617554,74.8302000122637,10126.214952230453,2.3632969856262207,91.67877292633057,34.63231117952044,94.06900215148926,200,-0.020773048,3.7286393642425537,62.98014429762714,0.024119853973388672,18.599991544037767
-0.039190147,100,2020000,-22.584191734015523,87.64919137954712,74.78497423948318,10220.374583244324,2.2534749507904053,91.85719394683838,34.59983189063999,94.13329792022705,201,-0.0016906005,3.771191358566284,61.520853432578456,0.020972013473510742,17.318770345339026
-0.027658166,100,2030000,-23.110632615409315,87.15711879730225,73.38266529285286,10314.237704992294,2.4543368816375732,91.36524415016174,33.506606669452154,93.84139394760132,202,0.0020862792,3.775855541229248,59.16845168005547,0.020472049713134766,16.773348517854945
-0.018461324,100,2040000,-15.821444106342485,87.81105971336365,73.73835056180585,10408.641242265701,2.190706968307495,92.0257773399353,33.69467361085618,94.3820698261261,203,0.019788366,3.7844834327697754,58.88767311228271,0.03123188018798828,16.79923682313993
-0.056797914,100,2050000,-31.015456046577825,87.58450722694397,71.8733893563513,10502.71304321289,2.2739222049713135,91.75309205055237,32.77938329409512,94.05025291442871,204,-0.013151068,3.7487523555755615,56.03842670812761,0.021697998046875,19.17182857863978
-0.10351907,100,2060000,-29.19257465794777,94.6039412021637,74.22082934161836,10603.786868095398,2.2062437534332275,98.82257795333862,33.98505429676689,101.05159592628479,205,0.028566236,3.7902448177337646,54.59944241074075,0.02201700210571289,16.262208708225348
-0.12620594,100,2070000,-27.135348637198955,87.72937631607056,72.68635339333329,10698.12791132927,2.333544969558716,91.94855499267578,32.8887336627445,94.31945896148682,206,0.0008130127,3.7855279445648193,54.55550913176533,0.02471780776977539,19.382953889781458
-0.15287502,100,2080000,-36.01538212113306,88.49737811088562,74.06198924361507,10793.016636371613,2.1713829040527344,92.67502212524414,33.50015936331471,94.8696620464325,207,-0.016338354,3.736485004425049,56.37453364839842,0.021879196166992188,18.119628089222243
-0.16846387,100,2090000,-19.983928248259556,86.85848808288574,71.93535514506914,10886.477778196335,2.4046359062194824,90.96399211883545,31.72621796877913,93.43945717811584,208,-0.002334845,3.6826772689819336,62.69549684739868,0.02670001983642578,16.34787542006024
-0.2867397,100,2100000,-4.324946119949347,86.96481990814209,72.82677546732721,10980.012705087662,2.314246892929077,91.17748403549194,32.182200037227304,93.51594305038452,209,0.0076819216,3.7899129390716553,58.86132511595035,0.022890090942382812,15.588623361035602
-0.33499572,100,2110000,-26.47288862260752,85.27707600593567,72.0222173446168,11071.87362408638,2.3642399311065674,89.44599676132202,32.506978568382166,91.83769607543945,210,-0.0036994873,3.7453596591949463,55.07658197730065,0.026854276657104492,17.005172278007617
-0.41457286,100,2120000,-7.7298022243679,90.64678692817688,78.96928940245684,11169.015156030655,2.2484707832336426,94.85288429260254,36.630392572564645,97.12274312973022,211,0.0009556,3.7721176147460938,53.45360449462777,0.019443988800048828,13.339153295265515
-0.43920094,100,2130000,-16.329706909710943,90.26689267158508,73.46889777547531,11266.033273220062,2.299180030822754,94.67054605484009,33.2553609832733,96.99486589431763,212,0.012698425,3.88710355758667,54.29196114203429,0.023694753646850586,17.424863192930165
-0.5733222,100,2140000,-7.651613395518682,89.26439690589905,73.6041698190805,11361.81507730484,2.212956190109253,93.43509602546692,32.8915836178807,95.6712019443512,213,0.0074798185,3.7451579570770264,58.70522561362519,0.022709131240844727,16.951556374481214
-0.4732519,100,2150000,-22.713117516393098,110.28602480888367,73.23899009124307,11479.715196371078,3.2994649410247803,114.51088404655457,33.01406484592451,117.83124017715454,214,-0.0067359377,3.7937655448913574,54.83616515732325,0.01951313018798828,16.716116879016404
-0.5260219,100,2160000,-12.363201885576117,95.6369400024414,70.88197406325143,11581.775440216064,2.1976380348205566,99.8217420578003,30.73035690757392,102.04045104980469,215,0.0015605957,3.7623062133789062,57.610289783741635,0.01961970329284668,17.233662428879942
-0.58074546,100,2170000,-11.004727234888515,87.845383644104,73.67800767226582,11676.559308052063,2.704828977584839,92.01228880882263,33.22825306233916,94.76263403892517,216,0.002783972,3.7446625232696533,54.38630811129505,0.04516100883483887,15.187984947278407
-0.56225944,100,2180000,-11.427114666716381,86.17534279823303,73.91210989674774,11769.855996370316,2.9074089527130127,90.34789180755615,33.20441506967915,93.27505207061768,217,0.030592112,3.7532260417938232,64.56239660823447,0.019371986389160156,17.233029784350034
-0.49435624,100,2190000,-22.295817087975777,84.61281085014343,73.0460884024944,11862.018019199371,3.3234598636627197,88.7973198890686,32.64155400027104,92.1418969631195,218,-0.017724684,3.76314377784729,56.230378218691015,0.02061605453491211,16.809474726611786
-0.47586322,100,2200000,-43.488269637615836,86.33076858520508,69.76029965754817,11954.940649032593,2.394162178039551,90.49086999893188,31.013043035684305,92.90445303916931,219,0.003016333,3.737344264984131,57.9877619308008,0.01908087730407715,20.432570784702573
-0.51971,100,2210000,-18.511934074382925,86.84261083602905,69.16077678963245,12048.264132261276,2.2502551078796387,91.0254259109497,29.850488638876833,93.30059099197388,220,0.0112930965,3.759967803955078,52.94096851095554,0.02454400062561035,17.398161590660088
-0.6140049,100,2220000,-35.34981934597421,86.60846185684204,74.02480085295305,12141.489884138107,2.417396306991577,90.76499199867249,33.36536787168978,93.20390319824219,221,0.0016518066,3.7284348011016846,56.79275470700552,0.021162986755371094,18.39403505923351
-0.4714558,100,2230000,-21.425040100037403,86.75913548469543,67.71107219381342,12235.488004207611,3.045929193496704,90.90978789329529,29.52577374192547,93.97852897644043,222,0.0150245605,3.730666160583496,57.312177661775344,0.021424055099487305,17.21385216737694
-0.5885508,100,2240000,-31.883209577769946,87.3180890083313,70.20949195251278,12329.261161088943,2.2766900062561035,91.45095610618591,31.494912267136144,93.75081992149353,223,-0.012948761,3.7094228267669678,58.073899659582885,0.021779298782348633,18.204715185897605
-0.47152895,100,2250000,-66.40817360910201,88.63542246818542,68.43050747335646,12424.648306369781,2.440835952758789,92.75720715522766,29.819062860751387,95.36394000053406,224,0.037337355,3.7064099311828613,57.84386869296197,0.06238889694213867,21.323532423754113
-0.7159987,100,2260000,-18.443222070281234,86.39136791229248,68.6528252289803,12517.407378196716,2.095417022705078,90.61850905418396,30.07831655604753,92.74014687538147,225,0.0011978027,3.7343850135803223,56.55788509097202,0.025619983673095703,19.23167576441281
-0.81419235,100,2270000,-27.85268728418483,88.3347418308258,71.04205094494635,12612.181068181992,2.168424129486084,92.56269478797913,31.404274541965194,94.75223898887634,226,0.03003877,3.804880380630493,62.56859792202452,0.01990795135498047,18.60097904514896
-1.0485752,100,2280000,-30.07296336075356,85.46686959266663,69.82210522136307,12704.183239221573,2.36088490486145,89.60067081451416,31.231963764325357,91.98291397094727,227,-0.0006485474,3.719637155532837,67.92024889435648,0.0200958251953125,18.15091501225372
-1.1067506,100,2290000,-17.8637860719141,85.83190274238586,70.41441834632566,12797.118432998657,2.843636989593506,90.04142594337463,31.125864373564728,92.90966987609863,228,-0.04244171,3.786640167236328,57.28708334871399,0.021231889724731445,17.21446012936667
-1.0284339,100,2300000,-16.836920060633123,86.28970837593079,72.81168126855484,12889.779417276382,2.210581064224243,90.40921998023987,32.689656095636494,92.64237809181213,229,-0.0040862793,3.700622081756592,54.024636585759694,0.02026510238647461,17.25211923585853
-1.3727623,100,2310000,-26.462625091471352,88.99458241462708,72.68203716441333,12985.22346496582,2.2822608947753906,93.11791896820068,33.08075392422832,95.42249894142151,230,0.025663294,3.702847480773926,64.74533722963945,0.020829200744628906,18.101503126758516
-1.4775653,100,2320000,-40.366201325254245,86.15513324737549,66.84352595746103,13078.336176156998,2.7318150997161865,90.33202314376831,29.494244978059122,93.09127712249756,231,0.0037793336,3.7495760917663574,58.25674161929337,0.025951385498046875,21.142582343096187
-1.7689738,100,2330000,-11.911503780519386,87.6071367263794,75.99577438816783,13173.368787288666,3.2535853385925293,91.73352789878845,34.40381399539741,95.00921297073364,232,0.036070507,3.7036852836608887,67.11624058994977,0.020569801330566406,17.130529140088164
-1.3708953,100,2340000,-24.407247394379354,85.43393778800964,70.81896632593828,13265.21232008934,2.2307631969451904,89.57069277763367,32.078360557955996,91.82581400871277,233,0.0016764099,3.715585231781006,69.38346301256531,0.023962020874023438,18.351331201880175
-1.8234224,100,2350000,-21.82492161440724,87.32292151451111,69.5303608100252,13359.038581132889,2.3311569690704346,91.45142197608948,31.14641240992684,93.80538177490234,234,-0.01559469,3.71195650100708,59.155163329711144,0.021937847137451172,18.26810933274393
-2.3773544,100,2360000,-10.186961597698282,87.92567563056946,74.98446517546932,13453.631974220276,2.3940060138702393,92.15398097038269,34.57775061923689,94.57060813903809,235,0.0033098266,3.758636713027954,57.96594257883891,0.02118515968322754,16.452632758683883
-1.9757906,100,2370000,-18.37602599426362,88.25557160377502,68.72981847505994,13548.655810117722,2.3132002353668213,92.66328763961792,31.33775038438816,94.99850225448608,236,-0.026113769,3.8479061126708984,58.453193098329955,0.020613908767700195,18.814222810828188
-1.6498746,100,2380000,-47.43397226251966,87.10738468170166,65.15936166134016,13642.299183130264,2.279700994491577,91.30323195457458,29.052664514974182,93.62184619903564,237,-0.0060532717,3.7768611907958984,59.59110895370852,0.03760218620300293,20.71508501185964
-2.225618,100,2390000,-12.570145147988615,88.45551800727844,69.14658801675147,13737.18067407608,2.205996036529541,92.63246297836304,30.397621901844367,94.85972714424133,238,-0.047070544,3.754020929336548,58.21053954972255,0.019433021545410156,17.72995383716433
-2.161076,100,2400000,-34.404379292378216,87.33157420158386,66.74833757016023,13830.94217824936,2.2198851108551025,91.4971067905426,29.603404778052813,93.7398190498352,239,0.0058539184,3.7488815784454346,54.47642377905032,0.022439241409301758,18.626970550525346
-2.2158327,100,2410000,-22.412812888409054,87.37782430648804,72.49399018733286,13924.723167181015,2.2273449897766113,91.50936603546143,33.368289318770756,93.75930380821228,240,0.01432251,3.718130588531494,57.41183758379322,0.022195100784301758,16.96025722157562
-1.5580252,100,2420000,-24.05295926177573,88.33407807350159,65.1740501017534,14019.653278112411,2.4234538078308105,92.46365308761597,28.317292267484685,94.90862488746643,241,0.006596228,3.7105774879455566,55.2938884873494,0.02020406723022461,16.41876654096159
-1.8344502,100,2430000,-39.89446238288745,90.85111975669861,72.79123338140158,14117.621923208237,2.859210968017578,95.05807304382324,32.997132176647014,97.94675993919373,242,0.0063454835,3.7829902172088623,56.224184496825906,0.025967121124267578,17.009511506892164
-1.7379055,100,2440000,-30.427251973441702,86.9510133266449,69.81509416546568,14211.168934345245,2.4211740493774414,91.08017420768738,31.983762807751773,93.52350211143494,243,-0.016624158,3.704935312271118,56.378568875968014,0.02166295051574707,20.78991855072988
-1.6906383,100,2450000,-25.243491432242873,87.87784719467163,71.83792624154592,14305.586337089539,2.293240785598755,92.0615758895874,32.04751736551031,94.37720608711243,244,-0.0042841067,3.7626006603240967,58.42273485170261,0.020968198776245117,17.808725127701152
-1.8564365,100,2460000,-23.136314640015602,88.34206032752991,71.84573422933009,14400.318487167358,2.1094138622283936,92.57557892799377,33.24477268746636,94.71010398864746,245,0.005584473,3.7786176204681396,58.685838458392816,0.023099899291992188,18.128673223712074
-2.196187,100,2470000,-17.89920330399737,88.12924814224243,69.2993710858096,14494.834102153778,2.202516794204712,92.27098178863525,30.473625216632477,94.49396204948425,246,-0.02073512,3.7226297855377197,57.643497721697734,0.01975083351135254,18.902228187203644
-2.1022098,100,2480000,-7.722016447597325,94.67241430282593,72.17753574752616,14597.002566337585,3.2271218299865723,98.89849996566772,32.22567031823661,102.14585709571838,247,0.0077600954,3.795041561126709,58.62500709503043,0.019479990005493164,15.77795005341878
-1.7376446,100,2490000,-17.80614788454047,91.29800367355347,69.72415425279132,14696.404375076294,3.841609001159668,95.52097988128662,31.24332381062469,99.38275790214539,248,0.022656225,3.792618751525879,73.5113054066699,0.019209861755371094,18.295309074967427
-1.5026315,100,2500000,-30.646040425172608,88.2721517086029,71.09111870443544,14791.088953256607,2.2628250122070312,92.3810248374939,32.237207331525184,94.66609406471252,249,0.020553205,3.6899774074554443,62.18698211671926,0.021824121475219727,17.5924168184428
-1.5413189,100,2510000,-27.944203983713926,87.38031530380249,71.37329226188055,14884.868165254593,2.222127676010132,91.51342391967773,33.4817043664822,93.75787997245789,250,0.00010649414,3.7122602462768555,58.53026329534407,0.020606040954589844,17.602906614556165
-1.2759553,100,2520000,-17.941829825193274,87.3740758895874,68.80245767736213,14978.79877114296,2.188947916030884,91.697190284729,31.144684398032208,93.90895390510559,251,0.0058913208,3.9025139808654785,60.82538708706889,0.021392822265625,17.725836490593405
0.41591054,100,2530000,-29.261362367396973,87.89952087402344,72.4874583207081,15073.41860628128,2.4371469020843506,92.08080530166626,32.70271113976683,94.59669613838196,252,-0.008713404,3.7050135135650635,62.8773064472746,0.07828307151794434,18.208910534207977
-1.3544017,100,2540000,-25.898553813047478,86.56415581703186,70.2051603169371,15166.610241174698,2.4568419456481934,90.68558096885681,31.431878470692318,93.1645770072937,253,-0.040074904,3.695542812347412,59.54696213143994,0.0215299129486084,18.448383730578122
-1.1458789,100,2550000,-20.976722481634113,87.07619261741638,73.91724889602007,15260.073308229446,2.206843852996826,91.21299290657043,33.886135748670014,93.44142699241638,254,0.0016635254,3.711779832839966,68.82967263321208,0.020135879516601562,17.113735190410008
-0.8364605,100,2560000,-28.289331302328296,87.26717591285706,69.30967655569451,15354.034932136536,2.4388480186462402,91.47866916656494,31.457451626599564,93.93997168540955,255,0.020102613,3.783956527709961,56.7932856718793,0.020349979400634766,18.438653282532727
-0.80899465,100,2570000,-28.219885448661213,87.23164057731628,74.4215877461754,15448.071378231049,2.6177308559417725,91.37453603744507,35.287971496927064,94.01475811004639,256,-0.018339392,3.7273216247558594,55.87286929295363,0.02113199234008789,17.092087050851617
-99.74165,100,2580000,-21.862957210257232,89.7998743057251,72.46002949962116,15544.326629161835,2.1425228118896484,94.06866097450256,32.795708841751654,96.2337532043457,257,-0.014788867,3.8403732776641846,58.73578356028961,0.021169185638427734,16.460268552721313
-1595.676,100,2590000,-32.2783976909648,87.62925982475281,70.80539338445092,15638.439808130264,2.3289546966552734,91.73442792892456,32.01378917310335,94.09010887145996,258,-0.0039122556,3.6867611408233643,60.55405907164346,0.01950383186340332,19.939202945197707
-20.79604,100,2600000,-15.050676313847397,88.01134586334229,71.12812128444679,15733.272847175598,2.630963087081909,92.1565580368042,31.339450197095722,94.81088876724243,259,0.0010156006,3.7249867916107178,51.66055262969221,0.020826101303100586,16.73895948702984
-48.020046,100,2610000,-31.78111055350082,90.40132546424866,72.99685740472233,15830.158625125885,2.2228989601135254,94.61749815940857,32.431368681915735,96.86146998405457,260,0.014964612,3.7786576747894287,53.40016224893277,0.019381999969482422,17.34239521988149
-36.30544,100,2620000,-106.23851655369032,87.45426082611084,-49.89772976050024,15924.009124279022,2.2644171714782715,91.54472923278809,-28.53733675748715,93.82867193222046,261,-0.009328027,3.6502559185028076,55.16497300486256,0.019140958786010742,32.65515154219479
-113.40635,100,2630000,-137.94086657597654,86.76020812988281,-96.47140759499267,16017.354028224945,2.383697986602783,90.91467595100403,-59.47886456587791,93.32242894172668,262,0.018425079,3.737044334411621,8.659994349511203,0.022703170776367188,18.8844242847632
-520.4665,100,2640000,-155.37035839591832,87.84649705886841,-91.21468148443441,16112.075077295303,2.65021014213562,92.01243805885315,-54.94052938973108,94.6913321018219,263,-0.012763525,3.734379768371582,50.47430483636525,0.02722787857055664,29.960746057142035
-877.4916,100,2650000,-154.628771005851,88.97163534164429,-74.34779603587646,16207.317805051804,2.1481029987335205,93.05362701416016,-43.96023308030005,95.22375202178955,264,0.01235752,3.662379741668701,39.907260227351124,0.02037811279296875,33.45258718925514
-1015.9173,100,2660000,-187.44831558154925,86.45107889175415,-84.0942132387428,16300.145144224167,2.2356128692626953,90.54863214492798,-51.52786549429521,92.80504012107849,265,-0.0026467408,3.6700785160064697,-7.603188631633828,0.019301891326904297,30.757388608305952
-964.1707,100,2670000,-172.44074327162468,85.14336609840393,-69.30862387224708,16392.880063056946,3.4445440769195557,89.2458713054657,-42.88189233110862,92.71194696426392,266,0.015140228,3.6825037002563477,16.542132404235034,0.019552946090698242,25.59100391270374
-625.56775,100,2680000,-157.49331551678873,85.99380421638489,-66.19268606996117,16485.28439116478,2.3130578994750977,90.0494327545166,-39.67877216897732,92.38236427307129,267,0.005484839,3.638845920562744,35.77637802964515,0.019283056259155273,28.27412324924906
-553.0773,100,2690000,-146.39337543303603,87.68881511688232,-67.03044400306189,16579.337734222412,2.247375965118408,91.76398181915283,-39.34720348543771,94.03438830375671,268,0.01962279,3.658289909362793,5.7023272302452925,0.0203249454498291,28.159696089785506
-44.607655,100,2700000,-220.75542517330175,86.32198548316956,-87.43853071295443,16671.996505260468,2.2208340167999268,90.39509725570679,-49.10991012360487,92.63734102249146,269,-0.0081406,3.65148663520813,-4.320334858922957,0.019731998443603516,32.83196084017693
-53.9737,100,2710000,-266.4827512278716,90.32776761054993,-95.83356109312919,16768.831955194473,2.358051061630249,94.43260526657104,-53.490309873877194,96.81207299232483,270,0.029259693,3.6741795539855957,-7.603828540690885,0.020035266876220703,46.26503959226843
-25.680597,100,2720000,-248.18499307554893,88.6815779209137,-86.01549697098187,16864.21439218521,2.3980860710144043,92.87622213363647,-48.3551245520141,95.3609938621521,271,0.005159445,3.7654104232788086,18.094114078823132,0.08294892311096191,38.432098551954496
-16.10191,100,2730000,-254.83421597156686,152.57177233695984,-74.45101174889746,17025.25831604004,3.410829782485962,157.5714409351349,-42.51832885771576,161.02206587791443,272,-0.022820983,4.497174501419067,4.18057191589039,0.038828134536743164,31.850357513121818
-7.42245,100,2740000,-245.01514600748698,141.28007984161377,-82.56943952185607,17174.522623062134,2.6832408905029297,146.51263809204102,-45.888831157293055,149.23682689666748,273,0.010197924,4.710602760314941,6.334232694053799,0.04009222984313965,34.368853130361636
-6.888282,100,2750000,-238.34672907849432,95.4707977771759,-85.24842596178831,17276.825023174286,2.362128973007202,99.86346769332886,-47.093210320613714,102.2671492099762,274,-0.0034012694,3.9231159687042236,9.396160077105144,0.039046287536621094,39.62807666876694
-9.710668,100,2760000,-162.38410520982504,101.64098405838013,-73.15696600988254,17385.460641145706,2.5336687564849854,106.04278802871704,-41.306035677873986,108.61281895637512,275,-0.005870508,3.9387340545654297,1.9111431668676986,0.026140213012695312,28.22186089205659
-9.909812,100,2770000,-260.1083383871507,91.61062741279602,-82.19018588312642,17483.888847112656,2.3618199825286865,96.01472115516663,-45.83865857464235,98.40763425827026,276,0.020214353,3.911494493484497,31.885841026296546,0.030479907989501953,32.62162028108157
-13.602744,100,2780000,-221.62337339971583,88.12922239303589,-78.9039731744312,17580.034529209137,3.6425840854644775,92.43593192100525,-43.445671583994255,96.12269687652588,277,0.01307406,3.833627223968506,4.714398651176561,0.04260396957397461,32.95757466986376
-16.481792,100,2790000,-204.6807602731824,89.32588815689087,-86.35453577101575,17675.887235164642,2.167757034301758,93.6402518749237,-48.363978931190175,95.8297049999237,278,-0.03479388,3.842515468597412,11.785311187448665,0.020346879959106445,37.65927273298475
-15.199561,100,2800000,-141.04195951491292,92.48868560791016,-71.93387676103166,17775.333762168884,2.6490628719329834,96.75195693969727,-40.503890152689195,99.4235577583313,279,-0.019601086,3.819274663925171,10.875864985460478,0.021112918853759766,24.383507249998157
-9.3026495,100,2810000,-328.6873880718028,134.86761593818665,-87.99244528786038,17918.396567106247,3.115422010421753,139.81691193580627,-48.94066305472711,142.98059177398682,280,0.017528167,4.44173264503479,15.16031465573084,0.04604601860046387,46.38638705363481
