Itr,n_timesteps,Time-SampleProc,Time-Sampling,train-MaxReturn,train-EnvExecTime,train-AverageDiscountedReturn,train-MinReturn,train-NumTrajs,train-StdReturn,Time-Optimization,LossAfter,Time,train-AverageReturn,train-PolicyExecTime,ItrTime,LossBefore
0,10000,0.07441186904907227,8.142349243164062,129.4010189262694,3.2078073024749756,-96.6364802601803,-217.30194733792527,100,87.15175969831157,0.49452972412109375,-0.18603891,8.71159291267395,-39.49724017113414,4.697730302810669,8.711589097976685,-1.2207031e-08
1,20000,0.10647892951965332,7.750092267990112,166.87302348735034,3.045074224472046,80.92611362797096,-1.4965543959809917,100,30.67384937682333,0.4896681308746338,-0.062792994,17.089184045791626,69.33320121745948,4.463802337646484,8.348135709762573,-0.004938611
2,30000,0.08790302276611328,8.014227867126465,198.04390901123801,3.228992462158203,319.7088838853621,121.74388515863188,100,17.48262428834562,0.2608661651611328,-0.109097585,25.47426152229309,177.42357761288383,4.540616750717163,8.363409280776978,-0.009527288
3,40000,0.09663510322570801,8.166516065597534,202.07008368559616,3.2702670097351074,316.824959052649,121.24801780187171,100,18.478653349560197,0.3275735378265381,-0.09593239,34.083786725997925,173.1640722653336,4.652959823608398,8.591005563735962,-4.386902e-09
4,50000,0.0359041690826416,8.132544040679932,196.0866103534403,3.2625365257263184,316.3435252309834,155.3021925007233,100,8.453497409088753,0.43602848052978516,-0.05460355,42.70719504356384,180.58530367269924,4.627098798751831,8.604701519012451,-9.155274e-09
5,60000,0.09843802452087402,8.171690702438354,219.639312132988,3.2429451942443848,329.20051919254945,3.650238287533116,100,37.26635278291975,0.497882604598999,-0.04117915,51.49698805809021,180.83240517958947,4.68596887588501,8.768264770507812,-1.8310548e-08
6,70000,0.037877559661865234,8.13001298904419,198.3846154430133,3.253887891769409,336.1173521678853,77.45500405837282,100,24.112299800078908,0.39017653465270996,-0.2536988,60.08323860168457,186.14797817966885,4.634253025054932,8.558347702026367,1.2207031e-08
7,80000,0.11243700981140137,8.16463589668274,207.55760563553926,3.290287494659424,355.52833087791385,185.1653865609056,100,2.983030352018083,0.43759846687316895,-0.021109194,68.820068359375,195.33815736726575,4.630960702896118,8.714926719665527,-5.912781e-09
8,90000,0.04146003723144531,8.20156216621399,200.95493473339567,3.2308120727539062,347.08542783079974,167.31616301970072,100,6.1659389231629715,0.35930728912353516,-0.052678626,77.44070982933044,191.42578319500493,4.723526239395142,8.602579355239868,-0.010312857
9,100000,0.041446685791015625,8.23996090888977,202.78318331655493,3.3358516693115234,360.7897129124812,191.9369170690123,100,2.0085864424889825,0.33736276626586914,-0.027503287,86.08325505256653,196.58067152635746,4.656152963638306,8.619029760360718,1.373291e-08
10,110000,0.06682729721069336,8.31896448135376,202.46856241625545,3.3703501224517822,358.4008284479544,161.98662801406678,100,6.506033588182332,0.3540012836456299,-0.020343004,94.84447860717773,194.49735574701958,4.702209234237671,8.740046501159668,-1.2207031e-08
11,120000,0.06499862670898438,8.298327684402466,202.12889478260817,3.279468059539795,361.5993285726394,165.79124305643373,100,4.081385039232836,0.370849609375,-0.026529713,103.59900140762329,195.99837341285055,4.765680551528931,8.734424352645874,-0.00229032
12,130000,0.0360257625579834,8.189972400665283,203.63556970553677,3.285848379135132,365.9659018754956,193.42758642601953,100,2.1586053437439787,0.4324333667755127,-0.051479418,112.27323412895203,198.13945572461233,4.6570141315460205,8.658682107925415,-1.5258789e-09
13,140000,0.13130950927734375,8.28171157836914,201.6168027351214,3.2789154052734375,352.30476235457303,177.82501907990834,100,4.410252566535048,0.35320138931274414,-0.030927064,121.06841111183167,193.310694558659,4.757822513580322,8.766470432281494,-6.1035155e-09
14,150000,0.06585144996643066,8.2148756980896,203.80137882642808,3.279758930206299,369.28867627199804,194.50311964584355,100,2.1048817471634766,0.3764045238494873,0.0055235415,129.74496936798096,199.33470335011182,4.689547061920166,8.657362699508667,-1.2207031e-08
15,160000,0.03813576698303223,8.26938772201538,199.57419003335704,3.312363862991333,342.2067815924407,166.84367612002328,100,7.284572303271573,0.32013654708862305,-0.055158924,138.39296674728394,185.78297086151375,4.711554765701294,8.627888441085815,6.1035155e-09
16,170000,0.04814791679382324,8.30760145187378,205.4295319985916,3.333042621612549,371.314244341553,195.1036537410291,100,1.9188789213909394,0.3494274616241455,-0.03654893,147.12085366249084,200.22836474575527,4.727771759033203,8.705436944961548,3.0517577e-09
17,180000,0.0404505729675293,8.296543836593628,199.56702944831488,3.3356902599334717,351.3953151092322,186.09879524496395,100,2.3942946018946123,0.3608860969543457,-0.013889438,155.84205198287964,192.8333246588866,4.714195013046265,8.69811463356018,6.1035155e-09
18,190000,0.04291987419128418,8.326279878616333,198.5383493284123,3.3284904956817627,356.99327790500286,189.32999763345174,100,1.9493581708703418,0.5205373764038086,-0.020929297,164.75363087654114,194.76475669782565,4.744415998458862,8.89010238647461,9.155274e-09
19,200000,0.09999585151672363,8.28118109703064,205.41611502027595,3.374608039855957,375.9545831772414,198.09611295796972,100,1.452808035777322,0.3715038299560547,-0.017931234,173.52760410308838,201.8696084459659,4.654639005661011,8.752919435501099,4.577637e-09
20,210000,0.11398792266845703,8.288671970367432,206.45211789422234,3.2823147773742676,379.04702397503695,196.98288463246428,100,1.6366811310842062,0.363814115524292,-0.028937286,182.31567335128784,202.91677781194218,4.764118671417236,8.766705513000488,-6.1035155e-09
21,220000,0.03963470458984375,8.295778274536133,205.51870315311047,3.311046600341797,374.39702106211837,194.09172384074486,100,2.1409043050372194,0.3412933349609375,-0.04731907,191.01251077651978,200.63363068800822,4.73886775970459,8.67693305015564,9.155274e-09
22,230000,0.1188058853149414,8.341013669967651,205.28825088359784,3.359916925430298,377.9558213922456,198.66730343975112,100,1.5391183640529993,0.3918330669403076,-0.008776784,199.88244891166687,202.350079455708,4.735276460647583,8.851927280426025,1.525879e-08
23,240000,0.07841897010803223,8.087726593017578,202.27181938445935,3.334368944168091,365.995623528386,194.05907876009124,100,1.7371184698088664,0.3107616901397705,-0.025704477,208.3768093585968,197.88986144291852,4.50045108795166,8.477145671844482,3.2424927e-09
24,250000,0.0626990795135498,8.299425840377808,202.600338792365,3.382072687149048,370.31208770948365,196.53869606795777,100,1.332888076257615,0.2899446487426758,-0.05405989,217.04803943634033,199.368532893624,4.671513795852661,8.652334690093994,7.6293943e-10
25,260000,0.05526995658874512,8.217199325561523,206.3004241889662,3.3197872638702393,378.5232384570018,199.30342781996092,100,1.4470549538861346,0.33771371841430664,-0.013110053,225.67579317092896,202.7227319178121,4.655286073684692,8.610414505004883,-1.8310548e-08
26,270000,0.04346275329589844,8.52022671699524,198.43319673607056,3.4130187034606934,351.44721201859755,177.00348714897197,100,3.95645452656114,0.2645108699798584,-0.086216375,234.52195858955383,189.67434583641744,4.85094690322876,8.828583002090454,3.8146972e-10
27,280000,0.09820961952209473,8.381673812866211,206.53519300754675,3.4085707664489746,380.29073097589225,199.50345131641183,100,1.3819716598677942,0.2551581859588623,-0.0010729156,243.27559876441956,203.32869142319535,4.7231011390686035,8.735275745391846,-3.6621095e-08
28,290000,0.06769084930419922,8.284260988235474,206.59743655605416,3.342029571533203,380.13680007912313,200.03133490274848,100,1.482306045090876,0.25003910064697266,-0.095795535,251.89683508872986,203.17801867862548,4.698563575744629,8.602203369140625,-2.2888185e-09
29,300000,0.06428670883178711,8.316779613494873,207.44046062762766,3.315465211868286,378.10437222076325,194.1695231164039,100,2.1216203878451703,0.2810788154602051,-0.06265478,260.57687735557556,202.15438776374754,4.7542924880981445,8.662395477294922,6.1035155e-09
30,310000,0.07182455062866211,8.424975872039795,206.6941649140559,3.362199306488037,379.148920214013,197.0629136038196,100,1.7841787545137593,0.252610445022583,-0.14971542,269.3420248031616,202.6674750407337,4.808701753616333,8.749627828598022,-1.0681152e-08
31,320000,0.03911113739013672,8.261652708053589,206.91342814168777,3.350205183029175,382.70665260952364,200.998181984673,100,1.4273409481157089,0.2607302665710449,-0.12817195,277.9208643436432,204.18998410579522,4.66771936416626,8.561712980270386,4.577637e-09
32,330000,0.04177117347717285,8.38079285621643,202.14691401081086,3.392611265182495,370.4607083766628,197.2244241398207,100,1.068244355450838,0.2542123794555664,-0.011937019,286.61568808555603,199.40794520095878,4.740018606185913,8.67701768875122,-1.6021728e-08
33,340000,0.03820967674255371,8.476194620132446,198.68190999401767,3.3523809909820557,359.6814630689993,188.100501920095,100,2.2281978655634256,0.2794067859649658,-0.029604245,295.42591309547424,193.70886711682545,4.87702488899231,8.794049739837646,-8.5830685e-09
34,350000,0.07660579681396484,8.289665460586548,199.56493857367775,3.3867733478546143,365.23436646772285,192.59924045091407,100,1.4597471496273218,0.26892662048339844,-0.051041014,304.0785822868347,196.5870202634086,4.656412839889526,8.635435104370117,-4.577637e-09
35,360000,0.0967855453491211,8.367823600769043,195.6978230988244,3.3665077686309814,356.01904870628744,192.41204114467152,100,0.6428753544772675,0.33755064010620117,0.0054493044,312.8996469974518,194.00426566473888,4.7555975914001465,8.80241084098816,1.5258789e-09
36,370000,0.07161474227905273,8.31906247138977,194.5374650113842,3.3692660331726074,354.62942286084495,190.50779526538932,100,0.7096615836965391,0.25275254249572754,-0.042730883,321.5602662563324,193.30464923635736,4.696211814880371,8.64365816116333,1.5258789e-09
37,380000,0.045569419860839844,8.331663370132446,197.0744626352143,3.405400276184082,359.6869847128101,193.19177760628023,100,0.7946254668919162,0.25525975227355957,-0.015771143,330.21157479286194,195.24217194410244,4.681569576263428,8.632725954055786,-2.2888185e-09
38,390000,0.056440114974975586,8.463693618774414,199.0318495668688,3.3992676734924316,363.66393187592905,194.48770359815236,100,0.8073212446978093,0.2742424011230469,-1.4523721,339.02269101142883,196.72875758756493,4.815521001815796,8.794615268707275,1.6021728e-08
39,400000,0.07694768905639648,8.289072751998901,198.28213221603886,3.3318729400634766,363.685013540892,193.4532014237592,100,0.8610552639945804,0.337188720703125,0.18851233,347.7425982952118,196.83087994372931,4.714391469955444,8.70343542098999,-1.9836426e-08
40,410000,0.0420534610748291,8.410403490066528,196.6300780298015,3.3513925075531006,359.05951975627335,193.06675188296305,100,0.7326425240008543,0.272296667098999,-0.040560614,356.48752450942993,195.0221098415445,4.80562686920166,8.72499394416809,7.629395e-09
41,420000,0.04066157341003418,8.34085988998413,196.88539570196343,3.391983985900879,358.8747325707029,193.4334068735977,100,0.7404612968356429,0.2743077278137207,0.009817819,365.16165566444397,195.0803691732628,4.686675310134888,8.656091690063477,1.0681152e-08
42,430000,0.06362128257751465,8.307299613952637,198.21123080572383,3.3513906002044678,360.36112519858756,193.1354785761906,100,0.854657020871658,0.2598075866699219,-0.021555314,373.81005096435547,195.53487292250418,4.708043336868286,8.63095235824585,-9.918213e-09
43,440000,0.045346736907958984,8.367815732955933,200.25136819375183,3.360830783843994,367.16855525824553,193.87723787636747,100,1.1076419573303102,0.3378880023956299,-0.05267036,382.5790934562683,197.71394194203015,4.7549662590026855,8.75151777267456,1.525879e-08
44,450000,0.02817559242248535,8.242981433868408,198.46678630286954,3.3319342136383057,360.7051265228794,188.72059856907433,100,1.9557145556675268,0.2665286064147949,-0.01597639,391.1393949985504,193.90644103208186,4.66425895690918,8.537903547286987,-6.1035155e-09
45,460000,0.0510406494140625,8.390075922012329,199.3271274700226,3.339400291442871,364.7005019915348,190.7231467998677,100,1.6971014823405615,0.2579975128173828,-0.03952447,399.8565835952759,195.79418292737213,4.804630279541016,8.69936728477478,1.2207031e-08
46,470000,0.03642082214355469,8.629239082336426,201.54211916220316,3.3888165950775146,371.0682145552313,196.88603119981227,100,1.0158859390033215,0.25029778480529785,-0.026217664,408.79493975639343,199.55641403919438,4.988492965698242,8.916191101074219,1.5258789e-09
47,480000,0.07736515998840332,8.26089096069336,201.31406180468238,3.3512299060821533,368.70228802070284,196.6568585584713,100,0.8540840316706194,0.24602961540222168,-0.017868238,417.39871406555176,198.78009690017802,4.667424201965332,8.586779117584229,9.155274e-09
48,490000,0.0375819206237793,8.393410682678223,202.4633826897912,3.3830363750457764,371.9205716874201,197.3359452562689,100,1.1157704807836073,0.2676692008972168,-0.06425528,426.1144845485687,199.87435429968082,4.758221387863159,8.698906660079956,4.196167e-09
49,500000,0.09934711456298828,8.281570672988892,205.6800955403898,3.349520444869995,376.93430170151873,198.52304145430054,100,1.2718225879329002,0.260087251663208,-1.7285633,434.7730655670166,201.81443526665447,4.68370795249939,8.641212463378906,9.155274e-09
50,510000,0.07169342041015625,8.347538948059082,215.54399517484168,3.2983293533325195,396.7613731961496,203.89662627884238,100,2.1414715735271765,0.2590203285217285,0.02355478,443.46978855133057,210.11966843467425,4.800138473510742,8.678451538085938,-1.2207031e-08
51,520000,0.0308074951171875,8.18583345413208,216.5396184872392,3.1938490867614746,393.0941212989663,176.60720779326655,100,5.99972967787107,0.27226972579956055,-0.085503556,451.9753248691559,206.83683669883902,4.7485716342926025,8.489120483398438,6.1035155e-09
52,530000,0.04329514503479004,8.247251510620117,215.6291025125703,3.2268314361572266,392.6714654625378,196.41476554965703,100,4.093524448114239,0.2731616497039795,-0.086250454,460.5581593513489,206.5952397483373,4.769750356674194,8.563945293426514,9.155274e-09
53,540000,0.07539987564086914,8.358684539794922,212.8221364807466,3.2009875774383545,259.75022844966895,34.895245836108074,100,40.45010755597206,0.33300328254699707,-0.14687283,469.34269189834595,145.6880464929248,4.884291172027588,8.767280101776123,1.0681152e-08
54,550000,0.07082724571228027,8.06304383277893,221.64916685980478,3.1614677906036377,375.17657405625266,167.33160433794822,100,13.546734594378249,0.2617306709289551,-0.04024761,477.7531986236572,199.7672868404542,4.661402702331543,8.395856618881226,-9.155274e-09
55,560000,0.041886329650878906,8.243149518966675,225.63735609434232,3.180704116821289,346.7145135446889,111.21266800426208,100,18.935911471896397,0.3126394748687744,-0.02227853,486.37094736099243,183.47150278428012,4.815634250640869,8.597918510437012,1.2207031e-08
56,570000,0.04955601692199707,7.900202751159668,180.7819145172468,3.0613582134246826,298.71452749343246,130.6447678931082,100,10.92774221773856,0.40645909309387207,-0.07753243,494.7438063621521,158.68050992420504,4.59464955329895,8.356476306915283,-1.2207031e-08
57,580000,0.08015561103820801,8.07242488861084,226.03508804033018,3.128530740737915,345.3535266038884,133.61312394171804,100,23.187357741325915,0.2561485767364502,-0.19850041,503.1718316078186,184.2144658804916,4.687289476394653,8.408981084823608,-2.670288e-09
58,590000,0.0651862621307373,8.244065046310425,230.95854975696056,3.1905877590179443,375.4273427751716,170.85852148624357,100,16.617114078556828,0.2679572105407715,-0.036622856,511.78700280189514,200.89734189230222,4.810273170471191,8.577447652816772,-3.3569336e-08
59,600000,0.031937360763549805,8.206696510314941,219.22035466849462,3.189532518386841,397.4194502400359,200.95893369394054,100,3.702123928571125,0.2553987503051758,-0.030642264,520.2986400127411,210.44387691940722,4.769314527511597,8.494253158569336,-6.1035155e-09
60,610000,0.04074406623840332,8.256008386611938,221.76187579780003,3.219709873199463,403.67703009921365,203.53319400627936,100,3.8397794321358765,0.27245140075683594,-0.024181599,528.8835115432739,212.9726003404608,4.7916579246521,8.569449424743652,9.155274e-09
61,620000,0.07067322731018066,8.138839483261108,225.71209559979724,3.201481819152832,417.26469453917315,210.47000344596648,100,3.026657171521378,0.410036563873291,-0.0054860474,537.5226566791534,218.39219776769275,4.6892781257629395,8.619786024093628,1.8310548e-08
62,630000,0.06426310539245605,8.258241653442383,225.69996519315447,3.22037935256958,422.8264420613244,213.94665070709178,100,2.2996024784615345,0.25736308097839355,-0.0010778564,546.1222887039185,220.61147656447736,4.789063930511475,8.580115795135498,-2.4414062e-08
63,640000,0.10720443725585938,8.147189140319824,224.14570320289116,3.1969945430755615,422.9750157698956,214.13591356730524,100,2.1910641341933332,0.2777597904205322,-0.01519487,554.6716058254242,220.58893236876713,4.706278562545776,8.532405614852905,1.8310548e-08
64,650000,0.059210777282714844,8.323561906814575,227.64536011477279,3.235926866531372,426.6731697877116,215.02767678302015,100,2.1795151432890068,0.26256299018859863,-0.031476002,563.333250284195,222.21550686629635,4.837742805480957,8.64557933807373,3.0517577e-09
65,660000,0.06733322143554688,8.14028525352478,227.2894369135366,3.1852056980133057,429.5441347041765,215.1976679922749,100,2.192214198943838,0.24544739723205566,-0.0071518496,571.8030652999878,223.50449823643058,4.713639497756958,8.453315019607544,-6.1035155e-09
66,670000,0.06449246406555176,8.261675834655762,228.46938224005183,3.2356574535369873,430.0064178295189,213.3556358167571,100,2.4581247518328095,0.2666630744934082,-0.006227083,580.4136323928833,223.8129865218235,4.764487266540527,8.593067169189453,1.6784668e-08
67,680000,0.05773615837097168,8.232232332229614,229.03261810581714,3.227065086364746,429.021752857123,216.367734711269,100,2.388449450299357,0.25947117805480957,-0.016443752,588.9831852912903,223.4978235177832,4.752087354660034,8.549673795700073,8.392334e-09
68,690000,0.07665252685546875,8.190136671066284,227.3297626949071,3.206968069076538,427.3039010609844,214.36379209420076,100,2.4637327249463508,0.25704264640808105,-0.008179326,597.5252022743225,222.79720758179167,4.739609479904175,8.524076461791992,-2.861023e-09
69,700000,0.0663611888885498,8.423413753509521,226.20831267549767,3.288531541824341,426.08539039204584,214.18107897138867,100,2.691738026263694,0.2541530132293701,-0.012891501,606.2880692481995,222.2677335220139,4.888081789016724,8.74415373802185,1.525879e-08
70,710000,0.03782200813293457,8.235364198684692,228.00981504290004,3.2329955101013184,429.9147975246685,208.72602910871586,100,2.6402675791548837,0.2617838382720947,-0.023755297,614.839937210083,223.75189109297702,4.754859685897827,8.535210847854614,1.2207031e-08
71,720000,0.046721696853637695,8.209258317947388,227.62047272802138,3.2554101943969727,432.47091294363946,221.35940719602738,100,1.4140569951208124,0.26837849617004395,-0.017205657,623.3817930221558,224.7354132762566,4.707955360412598,8.52460265159607,4.9591065e-09
72,730000,0.03859996795654297,8.21376657485962,227.53725861107807,3.235283851623535,432.39206788679616,221.47424957677842,100,1.305774624460711,0.2748563289642334,-0.027698783,631.9248840808868,224.62824958189765,4.734271049499512,8.527477025985718,6.1035155e-09
73,740000,0.1151888370513916,8.290817022323608,228.22752378846343,3.2299323081970215,434.02187321070227,220.9034005298502,100,1.542963026802333,0.352630615234375,-0.00934859,640.7025709152222,225.3315576788293,4.800064563751221,8.759031534194946,3.0517577e-09
74,750000,0.02889108657836914,8.144508361816406,230.2285576220593,3.1761889457702637,433.75818465546917,221.0462145971697,100,1.6292894101312456,0.26313090324401855,-0.04637758,649.1579570770264,225.24258552352364,4.722468376159668,8.436755418777466,-4.577637e-09
75,760000,0.03637957572937012,8.25537109375,229.71237118169142,3.2279162406921387,434.03638364266703,214.98543330933921,100,1.7352409491577625,0.2650308609008789,-0.081779726,657.734974861145,225.34078555230775,4.779434680938721,8.557037115097046,1.1825562e-08
76,770000,0.051261186599731445,8.185105562210083,229.16942816441704,3.1996352672576904,431.3570597809207,205.87507711722995,100,3.5820249267633892,0.2579834461212158,-0.06418189,666.2462723255157,224.34880029074466,4.73920464515686,8.494590997695923,1.2207031e-08
77,780000,0.03785204887390137,8.281662702560425,230.39977759895288,3.241558790206909,403.2750001927403,131.51636985020048,100,30.051005295418157,0.27471303939819336,-0.06736164,674.8586475849152,211.66414983979524,4.794330596923828,8.594475746154785,1.8310548e-08
78,790000,0.09656906127929688,8.215856790542603,229.5949746778253,3.2188668251037598,406.66455326156205,104.51867136794853,100,32.48018682488156,0.2551567554473877,-0.11726184,683.4434578418732,213.94339226389647,4.748092174530029,8.567788124084473,-1.1444092e-09
79,800000,0.06070733070373535,8.111403703689575,230.44016460807066,3.1011922359466553,169.74928216780384,40.18346404210089,100,54.94247955821683,0.26543378829956055,0.016639227,691.9004077911377,103.31521030210604,4.755249738693237,8.438560485839844,3.8146972e-10
80,810000,0.08588123321533203,8.165608644485474,114.35124068901244,3.1117725372314453,131.5161963957384,-39.78801891721086,100,23.570553583113572,0.26053833961486816,0.011936515,700.4274897575378,75.66013379322035,4.808145761489868,8.512272119522095,-8.010864e-09
81,820000,0.07708382606506348,8.01784348487854,101.4965998457725,3.108280658721924,87.63227457707599,-19.726911239752393,100,26.77680928212155,0.36414647102355957,-0.09780365,708.9083030223846,48.617282839062334,4.663851499557495,8.462681293487549,-0.020961884
82,830000,0.07954597473144531,8.095439195632935,114.39320711632321,3.106349468231201,164.4777425005368,6.079497968681991,100,21.80892792359856,0.2630031108856201,-0.037094813,717.3647968769073,82.42625773026799,4.740008354187012,8.438240766525269,-0.0030139466
83,840000,0.06663870811462402,8.118786096572876,141.749610999059,3.0936777591705322,224.39734631363288,48.7839048008002,100,16.009156639744354,0.26267218589782715,-0.04722038,725.8317103385925,110.7595013955043,4.774698495864868,8.448350429534912,-1.6403199e-08
84,850000,0.06837773323059082,8.222579717636108,165.42387120769882,3.147360324859619,246.02185053821424,65.88360434648476,100,20.94825248094082,0.2579231262207031,-0.18293491,734.3986766338348,126.942030306216,4.8268797397613525,8.549130916595459,0.00043811646
85,860000,0.03904533386230469,8.240392923355103,183.96159090908375,3.1497552394866943,305.56095834909144,110.80125010919495,100,19.481530199825325,0.27681946754455566,-0.0577432,742.971218585968,152.8300373054036,4.842503547668457,8.556497573852539,8.5830687e-10
86,870000,0.08202075958251953,8.145478963851929,208.20532831605792,3.1756398677825928,195.77944321787086,-9.50981440922858,100,72.03197558310707,0.2476963996887207,-0.12511805,751.4627416133881,103.64893666755194,4.7246644496917725,8.475447416305542,-2.1362304e-08
87,880000,0.0738368034362793,8.139657735824585,213.72761639871555,3.166682720184326,343.6547848907883,119.60195431535993,100,16.4465057052174,0.2646167278289795,-0.009251669,759.9571511745453,176.78304469569818,4.712700605392456,8.478363037109375,-3.0517577e-09
88,890000,0.03608059883117676,8.199760913848877,203.3329275237509,3.161187171936035,338.14482178200984,151.63989616863722,100,11.358229577596548,0.26680946350097656,-0.023454884,768.4785056114197,181.86894618118134,4.7943456172943115,8.502875566482544,0.0007519867
89,900000,0.06682562828063965,8.096176862716675,207.12950802513873,3.12398362159729,311.9938827748505,59.31238475787816,100,29.149116280687675,0.2539360523223877,-0.028030304,776.9285845756531,172.69236770818404,4.728945016860962,8.43158769607544,6.1035155e-09
90,910000,0.03801083564758301,8.152049541473389,193.91024849839087,3.1340978145599365,302.40504455723163,82.004938709735,100,15.395238636101304,0.2640552520751953,-0.026303342,785.4004578590393,161.4089574576896,4.7652387619018555,8.45432734489441,1.6784668e-08
91,920000,0.03965568542480469,8.093114852905273,200.15624503399027,3.1354548931121826,329.2355078870753,106.921565067454,100,14.787662021082713,0.35655784606933594,-0.13517922,793.9068138599396,173.80783625835065,4.703810930252075,8.489591598510742,-2.89917e-08
92,930000,0.04007697105407715,8.0858314037323,195.65646945349874,3.081465005874634,118.03796866773585,-94.6585640568965,100,35.7764973139413,0.27935266494750977,-0.3186699,802.341215133667,90.36561439635138,4.758054494857788,8.405501365661621,2.4414062e-08
93,940000,0.06747317314147949,8.001209259033203,-28.55445330240258,3.0576744079589844,-341.6256240619649,-161.14906998211106,100,25.327919368656968,0.25629615783691406,-0.33533114,810.6832056045532,-116.6622636846814,4.695465326309204,8.325220584869385,2.4414062e-08
94,950000,0.09945225715637207,8.240485191345215,-25.709136371514305,3.1671242713928223,-303.5631838854281,-180.3907466380535,100,33.86619805926328,0.2566680908203125,-0.07792287,819.2984104156494,-99.38742646842813,4.824479341506958,8.596848487854004,-1.8310548e-08
95,960000,0.07071304321289062,8.137982606887817,87.44998359248314,3.1277623176574707,-177.2853823224623,-152.27371493070035,100,32.55142362403054,0.31322193145751953,-0.041688755,827.8380093574524,-48.31975141628223,4.7651495933532715,8.522165060043335,9.155274e-09
96,970000,0.03863239288330078,8.202721357345581,94.57613986531445,3.1492462158203125,9.678048441486537,-270.1179254424474,100,92.08142403784916,0.27938079833984375,-0.013998622,836.3771719932556,9.835277562331557,4.807981491088867,8.520957469940186,1.0681152e-08
97,980000,0.03706169128417969,8.094799518585205,94.08181979097289,3.078892230987549,-32.161327450301386,-253.58598512841863,100,103.58526298149793,0.26196813583374023,-0.0046185823,844.7888159751892,-17.932602725544633,4.767138481140137,8.39404296875,2.4414062e-08
98,990000,0.052436113357543945,8.081599712371826,94.85536577077787,3.1325888633728027,-4.286947789890794,-233.93280893333508,100,97.76145249865687,0.2666003704071045,-0.010744902,853.2085754871368,-0.27534441114387304,4.703753232955933,8.400885105133057,2.632141e-08
99,1000000,0.07984519004821777,8.137978553771973,100.77193719385792,3.1412763595581055,-14.291396518824222,-286.2891195204862,100,100.92044585584549,0.25191807746887207,-0.0016393089,861.6976082324982,-1.4895532799592541,4.746119737625122,8.469987392425537,-3.8909914e-08
100,1010000,0.06306266784667969,8.100210428237915,95.03959213639722,3.1116435527801514,23.937322565344875,-236.30420126035995,100,97.4204460010271,0.2657606601715088,-0.0053293854,870.1461737155914,11.633189211847423,4.7386839389801025,8.429274797439575,-5.1879884e-08
101,1020000,0.06731820106506348,8.09967851638794,95.32744511921767,3.1478915214538574,14.656845693106717,-260.56103669728805,100,100.55271823180973,0.2893698215484619,-0.017995533,878.6192808151245,8.591853554758417,4.70387077331543,8.456665754318237,-1.0681152e-08
102,1030000,0.13245320320129395,8.191216707229614,95.32670019060319,3.1544008255004883,6.769438035947651,-227.6952059628116,100,76.48280718200073,0.34481239318847656,-0.008071701,887.3162293434143,14.747252621981668,4.787694215774536,8.668733835220337,-1.525879e-08
103,1040000,0.06499409675598145,8.120921850204468,92.9192237165072,3.109829902648926,3.182031797128195,-166.73294097321806,100,55.10065339863163,0.2614712715148926,-0.024309635,895.7806079387665,13.447862483889049,4.76530122756958,8.447591066360474,1.8310548e-08
104,1050000,0.09713912010192871,8.11677360534668,94.33073172412598,3.1842000484466553,101.56058387845306,-231.76137278565204,100,46.77977066480536,0.2501201629638672,-0.02094697,904.262547492981,48.35097286429186,4.686367511749268,8.464225053787231,2.746582e-08
105,1060000,0.042122840881347656,7.998500108718872,91.7146161205827,3.044523000717163,-121.68741857860054,-284.55316798476804,100,124.24435195751107,0.2772204875946045,-0.0018607422,912.5973372459412,-65.87783355567767,4.710517406463623,8.318086385726929,-2.1362304e-08
106,1070000,0.03914213180541992,8.100291728973389,89.47657099154485,3.0688512325286865,-181.61554417248215,-291.0708341512009,100,90.25728671122789,0.27094316482543945,-0.0039026826,921.0262136459351,-102.31976333606045,4.764368534088135,8.410659790039062,4.2724608e-08
107,1080000,0.1048574447631836,8.057681798934937,72.27589024822973,3.0711255073547363,-193.05016327151046,-294.4730945672491,100,73.97932698469285,0.3808016777038574,-0.031267025,929.5867202281952,-110.63740217855829,4.740106821060181,8.543613195419312,-1.8310548e-08
108,1090000,0.0726308822631836,8.010370969772339,55.166737050361526,3.0161995887756348,-139.45810996837466,-238.00832278738935,100,34.765112585047625,0.24546146392822266,-0.013472705,937.9353182315826,-91.50406085468617,4.741999387741089,8.328717231750488,-0.0026907958
109,1100000,0.03623342514038086,7.99077296257019,-52.136315111825,3.0013022422790527,-123.04010224627305,-212.1326450625645,100,17.15392103380426,0.2776460647583008,-0.003671878,946.2571265697479,-86.00357154663362,4.741376638412476,8.304862022399902,-1.525879e-08
110,1110000,0.03804969787597656,8.07881236076355,-33.67879996409741,3.0510382652282715,-121.20286864060927,-251.2227079262775,100,22.085701259813437,0.277496337890625,-0.0066551454,954.6681263446808,-84.43014100796091,4.77629828453064,8.394605159759521,1.8310548e-08
111,1120000,0.036360740661621094,8.084861040115356,-47.4008671258564,3.0717356204986572,-120.7490246833942,-220.04029499443956,100,22.173580911849434,0.41918039321899414,-0.014043707,963.2244658470154,-85.01648947235859,4.765768527984619,8.540611505508423,-3.051758e-08
112,1130000,0.0659477710723877,8.054504156112671,-40.247227531979604,3.046198844909668,-119.68436469398831,-187.47282637646074,100,17.852847709389113,0.41309070587158203,-0.012949231,971.7764008045197,-83.36820003569463,4.762415885925293,8.533781290054321,2.4414062e-08
113,1140000,0.061528921127319336,7.933779239654541,-27.06735282246103,3.028930425643921,-116.29720800938115,-132.1733931947116,100,17.561242027702363,0.30990052223205566,-0.01330903,980.0983865261078,-82.03917663428149,4.660507917404175,8.30546236038208,6.1035155e-09
114,1150000,0.035103559494018555,7.954775094985962,-30.368776090813114,3.0576374530792236,-101.73967218266029,-103.44435861135527,100,13.34821161202365,0.26891279220581055,-0.01703551,988.3743004798889,-74.6522408571416,4.644477367401123,8.259002685546875,3.0517577e-09
115,1160000,0.054267168045043945,8.105203866958618,-46.78004980926214,3.071714162826538,-110.29367897881926,-205.51157294656707,100,23.185621388823826,0.27674055099487305,-0.013047596,996.8273797035217,-75.7287127890959,4.7856059074401855,8.436445951461792,2.6130676e-08
116,1170000,0.043168067932128906,8.229669094085693,-43.72559800008297,3.1835646629333496,-100.94883803590454,-149.9454713917494,100,13.272889081178553,0.27673888206481934,-0.03257794,1005.3945879936218,-63.86595688709444,4.801246404647827,8.549828052520752,-1.2207031e-08
117,1180000,0.06394529342651367,8.24722933769226,-44.91187326718873,3.220430612564087,-99.92494293207969,-67.62420319449785,100,4.58228986919004,0.2547733783721924,-0.003220607,1013.9773094654083,-57.567324884078424,4.77260947227478,8.566168546676636,3.5095216e-08
118,1190000,0.1070716381072998,8.198683023452759,-43.46667091524021,3.208900213241577,-106.62734469334872,-111.57412045652814,100,7.557292491552346,0.24736857414245605,-0.029315589,1022.5482716560364,-58.39307614804866,4.743959665298462,8.553334712982178,-0.0005050385
119,1200000,0.10958576202392578,8.207668781280518,-43.74794498589583,3.2361133098602295,-104.89569960253861,-119.36741309831687,100,10.477580331730724,0.45560312271118164,-0.023039002,1031.3391692638397,-57.13763251856505,4.722120046615601,8.773102283477783,-8.5449216e-08
120,1210000,0.03242373466491699,8.293047666549683,-11.498526857957327,3.2287180423736572,-97.13728529115384,-88.3404516001629,100,9.933086982157333,0.26128697395324707,-0.02415559,1039.9444704055786,-55.085564358654636,4.8204505443573,8.586989879608154,-6.1035155e-09
121,1220000,0.04077625274658203,8.281978845596313,-43.090951563753904,3.193610429763794,-94.44529568384156,-92.71970209742797,100,9.462509774227737,0.2702796459197998,-0.017718017,1048.5550360679626,-56.17079380692333,4.838556528091431,8.593276739120483,3.6621095e-08
122,1230000,0.06690788269042969,8.2636239528656,-15.87808957100267,3.1657822132110596,-93.06162047831921,-257.1688232326918,100,27.682460287807544,0.28497934341430664,-0.058249068,1057.1871106624603,-60.45265604988206,4.849663496017456,8.615722417831421,1.7547608e-08
123,1240000,0.07288980484008789,8.066729307174683,7.607515184226857,3.0640439987182617,-85.33923861390922,-265.7222248146105,100,44.103769702351414,0.24199390411376953,-0.012335141,1065.5871393680573,-67.43042006367914,4.758232593536377,8.382477045059204,3.0517577e-09
124,1250000,0.07839393615722656,8.029452085494995,10.818285507392345,3.059260606765747,-114.01510725916887,-252.3107159082458,100,35.98467029094174,0.25604724884033203,-0.00910758,1073.9684274196625,-81.2132547330521,4.72330904006958,8.365122556686401,4.2438506e-09
125,1260000,0.06452631950378418,8.12213921546936,-5.754373463437508,3.040052652359009,-124.98823616696843,-261.870820797092,100,31.820224778065178,0.265871524810791,-0.010738406,1082.439331293106,-86.67337022485071,4.83818244934082,8.452759504318237,2.4414062e-08
126,1270000,0.09524726867675781,8.036412239074707,11.263000333369892,3.051586627960205,-108.73415952201482,-188.7484876677976,100,34.87454561396325,0.24873638153076172,-0.013028058,1090.8381838798523,-78.10501839962988,4.737981081008911,8.380632162094116,1.2207031e-08
127,1280000,0.07515764236450195,8.071347951889038,11.392247055301702,3.112499713897705,-85.30980902760308,-266.926990766413,100,57.503778008939385,0.2584517002105713,-0.014531183,1099.258751153946,-64.6648531039089,4.708968639373779,8.40517544746399,1.8310548e-08
128,1290000,0.06986355781555176,8.172358274459839,10.30950041376641,3.0758373737335205,-65.00664746753537,-265.94723897910137,100,46.047460935426,0.26567888259887695,-0.011646679,1107.7858147621155,-55.643503480340534,4.8440210819244385,8.508129596710205,2.1362304e-08
129,1300000,0.06925749778747559,8.117384672164917,10.888274765835895,3.1079320907592773,-47.577669383850264,-239.04177722088662,100,38.644420121108766,0.2526531219482422,-0.0224895,1116.242416381836,-46.93083416109595,4.7623021602630615,8.43952202796936,-1.525879e-08
130,1310000,0.05448412895202637,8.043654680252075,11.431222727886166,3.108424186706543,-26.85559841410316,-260.59953910710726,100,53.91243984583858,0.263993501663208,-0.007589014,1124.6205985546112,-33.64068398933609,4.693448066711426,8.362365245819092,0.0013527741
131,1320000,0.07692480087280273,8.154276847839355,10.022719629913635,3.2044801712036133,-22.123565047582655,-261.49358122941163,100,58.15614506962131,0.26157355308532715,-0.016817987,1133.1295421123505,-30.474353697514058,4.703661203384399,8.493009567260742,-4.8828124e-08
132,1330000,0.0701756477355957,8.25698471069336,10.44233254187753,3.1817822456359863,-35.21859050208935,-256.8574555984195,100,52.64549872146431,0.26173996925354004,-0.0058213198,1141.736289024353,-32.66609169051395,4.811108589172363,8.589127779006958,-6.0394286e-05
133,1340000,0.06823921203613281,8.231601476669312,6.372160149199114,3.1393187046051025,-19.84395115607522,-166.2736939696173,100,32.684088806116364,0.2578117847442627,-0.03192323,1150.3110845088959,-22.597064718896345,4.842558860778809,8.557896375656128,-0.0018687622
134,1350000,0.03732919692993164,8.115915060043335,59.247362915017966,3.1752495765686035,-64.67355602609514,-266.8732642157769,100,54.5339073051203,0.26560521125793457,-0.027707532,1158.74879860878,-42.22460621326868,4.694352865219116,8.41906189918518,1.8310548e-08
135,1360000,0.036776065826416016,8.244196653366089,6.008120021817882,3.1975510120391846,-52.41361565736049,-173.5024663026063,100,33.88542483753601,0.2783386707305908,-0.013581166,1167.3264472484589,-35.54472156274165,4.796494722366333,8.559563159942627,2.0599366e-08
136,1370000,0.037650108337402344,8.254685640335083,3.3414554285691604,3.1472740173339844,-21.993408926540088,-120.88114413528926,100,24.590649915299473,0.2651407718658447,-0.019682247,1175.901422739029,-21.293504058896307,4.8631751537323,8.557734489440918,-1.8310548e-08
137,1380000,0.07865571975708008,8.188506126403809,6.028794144381547,3.1466617584228516,-6.563663888401246,-92.13926328547547,100,17.820944608205785,0.2539513111114502,-0.027092144,1184.439799785614,-17.242094758342006,4.798753261566162,8.521351099014282,-3.0517577e-09
138,1390000,0.03889870643615723,8.059076309204102,6.486991212505035,3.1223113536834717,-5.023229333599465,-89.73349659098925,100,24.491176884287267,0.2653045654296875,-0.0073995497,1192.8219192028046,-21.86838410414621,4.688014268875122,8.363521337509155,-6.446838e-08
139,1400000,0.048454999923706055,8.132996797561646,5.9243300760943445,3.170725107192993,0.5985804802355519,-80.95384319783534,100,20.90167861829635,0.26192378997802734,-0.02031276,1201.2854187488556,-19.779164067460428,4.715612411499023,8.445176124572754,-3.051758e-08
140,1410000,0.06879019737243652,8.20815372467041,-2.2248717826056374,3.1826412677764893,-23.95876992283596,-157.90600302075094,100,22.00905225754221,0.2585148811340332,-0.017694037,1209.8379125595093,-25.861798597508074,4.77373743057251,8.5357346534729,-6.1035155e-09
141,1420000,0.06905245780944824,8.097360610961914,5.906746463625334,3.159029722213745,-25.578888490848623,-266.2625787043649,100,44.151362893700465,0.2545626163482666,-0.017636072,1218.2764666080475,-26.71351436953175,4.693480491638184,8.421233892440796,1.5258789e-09
142,1430000,0.08206558227539062,8.265011548995972,10.21453206967999,3.1622958183288574,-4.700804619298421,-263.05049085107066,100,43.647550644528515,0.24829626083374023,-0.010792469,1226.8904614448547,-20.314124829381285,4.848018407821655,8.595619678497314,3.089905e-08
143,1440000,0.07407879829406738,8.231343507766724,11.729334425114594,3.176701068878174,-7.557534936394165,-257.560511660461,100,34.84284524596867,0.25345849990844727,-0.008076343,1235.4677357673645,-23.95979559160506,4.8029255867004395,8.55910849571228,3.051758e-08
144,1450000,0.050662994384765625,8.079998970031738,8.776301172797705,3.146909236907959,-30.798185951799827,-264.3752177800275,100,45.62689014550737,0.26360177993774414,-0.014311917,1243.8798332214355,-34.29142246719994,4.684109210968018,8.394500732421875,-3.0517577e-09
145,1460000,0.05535602569580078,8.179978370666504,11.104519340111677,3.198909282684326,-6.819664522463413,-150.27233336705095,100,31.158573143669656,0.24188494682312012,-0.024193129,1252.374277830124,-23.703584828449674,4.735055208206177,8.477437257766724,2.4032593e-08
146,1470000,0.04283452033996582,8.00386905670166,11.071509036241526,3.0618979930877686,-2.4250977043361224,-256.5360384491557,100,37.12421810556494,0.27353930473327637,-0.04557803,1260.7126369476318,-20.528506258014442,4.702436447143555,8.320523977279663,3.0517577e-09
147,1480000,0.039351463317871094,8.130022525787354,8.137884711529285,3.1621618270874023,-11.45395151735221,-264.595792674618,100,38.794197683090985,0.27174973487854004,-0.011936694,1269.1708998680115,-21.819563483641936,4.726203441619873,8.44137692451477,2.4414062e-08
148,1490000,0.05266571044921875,8.118453741073608,10.383827390191048,3.1307599544525146,-22.037439336538128,-255.31196876762638,100,41.944111489111016,0.26596641540527344,-0.025009332,1277.623724937439,-24.702785038815207,4.745042085647583,8.43730640411377,-1.0490417e-08
149,1500000,0.03752279281616211,8.171596765518188,9.739667371236585,3.1476519107818604,-7.9546090008839005,-262.61369215122403,100,38.041524704111794,0.26670408248901367,-0.0025181733,1286.1173946857452,-19.27677039883938,4.764076232910156,8.47605276107788,-3.5095216e-08
150,1510000,0.06562304496765137,8.117754459381104,10.50984877349692,3.139899253845215,-14.938100889141467,-259.6101664330898,100,32.78031721588586,0.25686216354370117,-0.024288494,1294.5769345760345,-20.923035917085073,4.727025032043457,8.440478324890137,-1.2207031e-08
151,1520000,0.06783032417297363,8.048010349273682,10.481912140265933,3.152327537536621,-19.32998397108494,-262.4472217217806,100,38.0908110440658,0.2370147705078125,-0.03642162,1302.9472739696503,-21.274954368740282,4.6377153396606445,8.353113412857056,3.0517577e-09
152,1530000,0.06627750396728516,8.280481100082397,9.166277160994094,3.1870338916778564,-16.30576247067789,-264.63547246167457,100,36.38488211517551,0.25850367546081543,-0.048397347,1311.5709865093231,-20.627795610924377,4.848518133163452,8.605493307113647,-1.525879e-08
153,1540000,0.09473013877868652,8.001564264297485,11.1157452282542,3.1066439151763916,-16.70332951643764,-166.19671673357482,100,36.4189785643514,0.3390982151031494,-0.12904659,1320.0216655731201,-22.098590191663238,4.652084589004517,8.4356369972229,3.2043456e-08
154,1550000,0.0678706169128418,8.092772006988525,11.493984757684983,3.1217079162597656,-7.081199061995013,-257.5190622175686,100,42.08706442830623,0.27762627601623535,-0.039891332,1328.47718167305,-18.699865209246877,4.709789752960205,8.438505172729492,-4.8828124e-08
155,1560000,0.06905937194824219,8.08755111694336,12.160319978848953,3.0945987701416016,-14.370604240155826,-261.29552079322247,100,55.86177672462706,0.25630998611450195,-0.17611997,1336.907547712326,-22.053306042210362,4.752657175064087,8.413165807723999,2.1362304e-08
156,1570000,0.03794527053833008,8.143319845199585,12.774552186651006,3.159221649169922,8.690355822743225,-115.44411044642752,100,16.15756292426899,0.26233959197998047,-0.075242445,1345.3724365234375,-8.065775590952613,4.740007400512695,8.443838596343994,-6.1035155e-09
157,1580000,0.07912611961364746,8.059125423431396,0.6763512814398205,3.1336569786071777,-34.25071117504176,-194.7930032466868,100,28.070072294352247,0.35772204399108887,0.01869867,1353.887232542038,-23.360009364728597,4.676921367645264,8.49624252319336,-3.0517577e-09
158,1590000,0.08023452758789062,8.195136547088623,-61.872939866611084,3.317810297012329,-191.37173506673082,-107.43307007229072,100,10.193632693529032,0.37371349334716797,-0.27076918,1362.5557763576508,-89.5877258679704,4.633146047592163,8.649296283721924,-3.051758e-08
159,1600000,0.1058506965637207,8.207456827163696,-75.62680405306727,3.30342435836792,-208.21114666047484,-211.67280436429604,100,15.593963451303862,0.3221595287322998,-0.535321,1371.2093954086304,-97.02096300436595,4.648170709609985,8.635685920715332,7.629395e-09
160,1610000,0.11507010459899902,8.11268401145935,-37.90977701765737,3.274963617324829,-180.1500609101408,-125.20789734177328,100,16.007293435509045,0.3363986015319824,-0.007969336,1379.7910845279694,-85.16522797100926,4.5929131507873535,8.564396619796753,6.1035155e-09
161,1620000,0.042981624603271484,8.332104444503784,-29.13049557876321,3.2729122638702393,-178.99261581690527,-168.54892632450122,100,20.410078884070433,0.37557029724121094,-0.040146325,1388.5602900981903,-83.16067253902554,4.800431251525879,8.75087285041809,9.155274e-09
162,1630000,0.07263422012329102,7.9637861251831055,-17.029801034582427,3.1969950199127197,-177.92732734320415,-138.83280443489733,100,17.1851831321502,0.33336591720581055,-0.012727382,1396.9521753787994,-81.46481523060982,4.512840509414673,8.370035886764526,-2.746582e-08
163,1640000,0.0732111930847168,8.122627258300781,-41.75489418431203,3.210127830505371,-187.130197867015,-141.55736227069534,100,22.928569319667083,0.2709338665008545,-0.017849041,1405.4387969970703,-84.53041738767142,4.672187089920044,8.467041969299316,5.531311e-09
164,1650000,0.07028961181640625,8.09951901435852,-42.899605191044124,3.1899077892303467,-190.31747561549207,-140.54725523928795,100,20.12650546949788,0.25102663040161133,-0.0275344,1413.887097120285,-85.40099630183039,4.667144775390625,8.421114444732666,-9.155274e-09
165,1660000,0.037004709243774414,8.396172046661377,-22.50943876279483,3.294175148010254,-178.54015791701167,-140.3969427400143,100,17.597665594690845,0.27634215354919434,-0.03318232,1422.6139643192291,-79.75048868925063,4.855535268783569,8.709739685058594,-0.0015926514
166,1670000,0.0396575927734375,8.182947635650635,-24.43854775262694,3.1957671642303467,-176.44289065497466,-138.8324848519558,100,14.737180355269995,0.2781198024749756,-0.023318944,1431.1315433979034,-78.99954562727356,4.743227481842041,8.50098967552185,-0.0025153686
167,1680000,0.06930017471313477,8.212599039077759,-28.777180123909723,3.243236780166626,-176.13269288397953,-141.08778459350324,100,22.43709138548956,0.25858640670776367,-0.003876413,1439.6898052692413,-79.64933503551578,4.703571796417236,8.540706157684326,-2.4414062e-08
168,1690000,0.10385394096374512,7.988093852996826,-12.705065336754526,3.178179979324341,-166.42146481516863,-142.1686956665864,100,23.938478625216867,0.4278240203857422,-0.027872168,1448.2577104568481,-75.557930219279,4.572453737258911,8.52003026008606,-1.4972686e-08
169,1700000,0.03549528121948242,8.090885877609253,-15.528928064609588,3.165524959564209,-157.84511787997258,-136.82697810581882,100,17.050613263384584,0.37827563285827637,-0.0071500307,1456.7821776866913,-71.05185838952248,4.684633493423462,8.50489354133606,3.6621095e-08
170,1710000,0.06671833992004395,8.017714023590088,-35.20195903442181,3.172987937927246,-155.80709380057385,-136.93837511278815,100,16.73175636277747,0.3760063648223877,-0.012322238,1465.2909924983978,-67.80287434634815,4.598203897476196,8.460727214813232,-2.89917e-08
171,1720000,0.06593704223632812,8.03332781791687,-6.400556936827899,3.188044548034668,-140.92773462014154,-127.53776315102759,100,17.36364072963689,0.33707237243652344,-0.045048065,1473.754494190216,-61.43194436434642,4.604093551635742,8.436601638793945,-9.155274e-09
172,1730000,0.04483675956726074,8.122704029083252,-29.325230241464585,3.2050561904907227,-127.0504555612373,-149.9341342877984,100,15.279137018789491,0.3198051452636719,-0.034185417,1482.2647697925568,-54.55809951484074,4.670053482055664,8.4882652759552,2.89917e-08
173,1740000,0.03940629959106445,8.162612438201904,38.77097594577376,3.2336273193359375,-186.74480562250193,-101.73098919991526,100,19.522637121674144,0.2882406711578369,-0.22558919,1490.7753353118896,-75.68492996918334,4.687365770339966,8.492083549499512,3.6621095e-08
174,1750000,0.03557229042053223,8.27468228340149,32.15205821452427,3.295023202896118,-148.027785418665,-99.11964666222431,100,33.31342259974486,0.354778528213501,-0.017229056,1499.4660489559174,-59.359413126696346,4.733693599700928,8.665269136428833,-9.727478e-09
175,1760000,0.07084918022155762,8.092263460159302,34.944835043646265,3.2537624835968018,-158.52444348203753,-95.83809583474542,100,34.77723529233672,0.4836091995239258,-0.03867525,1508.1345653533936,-63.9169403334449,4.587510824203491,8.648878335952759,2.2888184e-08
176,1770000,0.06801366806030273,8.083295822143555,44.61862558839019,3.2141149044036865,-135.47353763576834,-96.71179565160752,100,43.85383647646633,0.360537052154541,-0.019406958,1516.6658420562744,-53.92842025057654,4.631482362747192,8.512108087539673,-2.4414062e-08
177,1780000,0.045322418212890625,8.261777639389038,38.01701617938327,3.3200221061706543,-104.56054243529375,-95.34764260656723,100,42.46581457530416,0.40036678314208984,-0.012382629,1525.3914120197296,-39.74852887921713,4.6956562995910645,8.70774221420288,1.8310548e-08
178,1790000,0.05908203125,8.040302276611328,50.650086866566824,3.26617169380188,-82.84692359049757,-91.46241160601974,100,44.21123029175716,0.36590123176574707,-0.008521668,1533.8797969818115,-30.95994729329389,4.535231590270996,8.465538740158081,-3.051758e-08
179,1800000,0.12384724617004395,8.210829973220825,42.93386537328974,3.2972142696380615,-93.29668930592052,-92.33575135812728,100,42.62787519238127,0.34679222106933594,-0.025356296,1542.5825595855713,-35.20289155058893,4.66817307472229,8.68172836303711,3.6621095e-08
180,1810000,0.07213497161865234,8.238489627838135,38.21227605942142,3.3237504959106445,-98.10037359236276,-100.83323744051874,100,39.72997169353386,0.34681129455566406,-0.02642349,1551.2572574615479,-37.02424673398622,4.670454978942871,8.657717943191528,4.2724608e-08
181,1820000,0.12317252159118652,8.171345472335815,44.21913393606383,3.27482533454895,-68.13523419633749,-105.45508708273893,100,42.005277190996736,0.3360013961791992,-0.067446545,1559.9051041603088,-25.257282969987642,4.653936386108398,8.630894660949707,-3.8146974e-09
182,1830000,0.09847784042358398,8.239702224731445,46.64864760691089,3.3379690647125244,-91.91546726145361,-101.86655874950827,100,46.08979369329416,0.3809826374053955,-0.0033579553,1568.6431019306183,-35.00224463835362,4.658290147781372,8.719384908676147,-4.577637e-09
183,1840000,0.06526589393615723,8.165889501571655,42.60872525851719,3.2826294898986816,-69.56214051747804,-103.49797569432734,100,47.26219867087611,0.3203749656677246,-0.021290708,1577.2126309871674,-25.71765045701445,4.637698650360107,8.551799774169922,-1.2207031e-08
184,1850000,0.07847905158996582,8.208996772766113,31.378966754495313,3.285341739654541,-63.49286174301342,-105.16831793568542,100,44.431447325197055,0.36597323417663574,-0.017048122,1585.881224155426,-23.012820996534998,4.665280342102051,8.653702020645142,-3.6621095e-08
185,1860000,0.03747081756591797,8.366637945175171,34.14493175433224,3.331901788711548,-69.14118552504236,-100.98301441513485,100,45.852776621792295,0.39000868797302246,-0.019251578,1594.691959142685,-25.232467149061527,4.7913806438446045,8.794360637664795,1.525879e-08
186,1870000,0.044666290283203125,8.177951097488403,33.64415873587763,3.259596824645996,-73.27391168276593,-104.15687517299762,100,48.586695949561474,0.2662825584411621,-0.04926698,1603.1995270252228,-27.165848643410587,4.677983999252319,8.489116668701172,4.577637e-09
187,1880000,0.04181528091430664,8.334591627120972,34.47730794575837,3.3070056438446045,-62.90222047477484,-99.80241590809325,100,47.3200586897594,0.27231550216674805,-0.10895508,1611.8654766082764,-22.686543925721665,4.780097723007202,8.648990392684937,1.525879e-08
188,1890000,0.03942751884460449,8.392076253890991,36.872421214567474,3.305119037628174,-28.35355120947102,-100.79576282592954,100,41.53712569039283,0.2591865062713623,-0.043936156,1620.5739419460297,-8.377017659127706,4.841185808181763,8.690948486328125,-6.1035155e-09
189,1900000,0.03408670425415039,8.39120888710022,25.69866488463048,3.3294379711151123,-65.15853405068728,-101.65379590755397,100,44.121491585184536,0.2676701545715332,-0.00028793488,1629.2837255001068,-24.077712875462318,4.811039924621582,8.69318151473999,1.0681152e-08
190,1910000,0.06427526473999023,8.168909549713135,27.367997824566814,3.268589735031128,-54.24536590792974,-101.11329866358587,100,45.09172869474839,0.24461674690246582,-0.026570223,1637.7807867527008,-19.484897929949405,4.65827751159668,8.47801399230957,-6.713867e-08
191,1920000,0.07804560661315918,8.357284784317017,31.43931361777087,3.3166165351867676,-23.777944775254113,-101.29317135068126,100,45.14604750578793,0.2600066661834717,-0.006082611,1646.4935598373413,-6.741760912342554,4.794953346252441,8.695596694946289,6.1035155e-09
192,1930000,0.04120779037475586,8.302873373031616,39.72069950965719,3.338759183883667,-23.99625494157954,-100.31493439384869,100,49.22413695833863,0.26016807556152344,-0.024916315,1655.1149785518646,-6.971980382155185,4.717630863189697,8.60450029373169,-1.7166137e-08
193,1940000,0.06827068328857422,8.385096549987793,48.4654796141326,3.3078083992004395,-9.2371657671794,-100.71386641147045,100,49.884892812065544,0.25701093673706055,-0.018097028,1663.8436903953552,-0.6721304942430862,4.823015928268433,8.71064281463623,-6.1035155e-09
194,1950000,0.10515928268432617,8.418947458267212,50.44425636906928,3.2878775596618652,0.4594687613540539,-98.93426523043905,100,54.269570835248494,0.25165820121765137,-0.02877045,1672.6364777088165,3.1970285669594123,4.8708484172821045,8.776106834411621,1.8310548e-08
195,1960000,0.055313825607299805,8.293400526046753,66.72961165238767,3.238323211669922,27.934565511709042,-100.42680353054293,100,51.11848506983431,0.25730180740356445,-0.0032392864,1681.2608325481415,14.864716548415409,4.803973913192749,8.606258392333984,1.8978119e-08
196,1970000,0.06344437599182129,8.32495903968811,68.9031554696055,3.289832592010498,11.34009988629795,-96.60755625037397,100,57.5178231247661,0.30686473846435547,-0.0049992083,1689.9769735336304,7.632131541034504,4.790612459182739,8.696794033050537,6.1035155e-09
197,1980000,0.06545305252075195,8.218430995941162,65.12702101352626,3.2606523036956787,-22.30803542858954,-104.47486848825416,100,67.00666386956253,0.25530576705932617,-0.021981893,1698.5342648029327,-6.4271308402331355,4.711929798126221,8.539427042007446,-4.8828124e-08
198,1990000,0.06810212135314941,8.321184873580933,67.05313605944575,3.2548086643218994,5.514006354439114,-103.91017382084092,100,60.5847021508998,0.24895596504211426,-0.014711865,1707.1901009082794,5.362741319844429,4.8174450397491455,8.6385018825531,2.4414062e-08
199,2000000,0.06705760955810547,8.210387706756592,73.79405509352331,3.2596986293792725,35.30400308335976,-96.86297931212829,100,46.012316422943435,0.24292397499084473,-0.004832779,1715.7260291576385,17.784387529901608,4.705605506896973,8.520612478256226,1.8310548e-08
200,2010000,0.06556868553161621,8.23742389678955,74.01625236680432,3.285046339035034,48.04866739894402,-102.45135907292176,100,46.61435298170112,0.2841796875,-0.027704328,1724.3298411369324,23.217584858331715,4.677914142608643,8.587422609329224,-0.0009655365
201,2020000,0.04468703269958496,8.295379161834717,70.43554140650991,3.2766387462615967,30.158653223520883,-104.66695011212278,100,53.61723448144973,0.2713735103607178,-0.026462946,1732.957967042923,15.648818854020254,4.769059658050537,8.611672639846802,-1.0681152e-08
202,2030000,0.04059267044067383,8.298932790756226,71.3846136930437,3.268861770629883,-11.505885532974684,-98.34987961619905,100,62.599930303178105,0.2706747055053711,-0.023065269,1741.5871636867523,-2.0274985917707484,4.7826502323150635,8.610488891601562,-3.8146972e-10
203,2040000,0.0656285285949707,8.434388637542725,70.6173811060962,3.287419080734253,5.4423565251504975,-97.41240928884869,100,65.05137820798885,0.346207857131958,-0.017136946,1750.452323436737,5.537151214945367,4.902947425842285,8.846473693847656,5.79834e-08
204,2050000,0.03133988380432129,8.316200017929077,66.38942297173206,3.2887492179870605,30.520209592120295,-98.98728217579217,100,55.41205616805954,0.26364850997924805,-0.026501114,1759.0865142345428,15.911385481500751,4.773900270462036,8.611425161361694,-4.119873e-08
205,2060000,0.10219335556030273,8.337244510650635,71.85091406426261,3.2925949096679688,21.463951579510876,-99.17259817531556,100,56.76654296411502,0.3399639129638672,-0.03053284,1767.8843703269958,12.08523330882145,4.794948577880859,8.77968454360962,-3.3569336e-08
206,2070000,0.06814908981323242,8.292233228683472,68.27493928578508,3.284205675125122,-1.4916554657151273,-104.95979433954591,100,63.27012315834844,0.2555665969848633,0.0021263794,1776.5176780223846,2.5677011487931525,4.761399984359741,8.616187334060669,3.2043456e-08
207,2080000,0.03400707244873047,8.337421178817749,68.98880248863172,3.28464937210083,-4.188840907432447,-97.6454951688105,100,65.53051402371958,0.2579314708709717,-0.0037419128,1785.1639194488525,1.509563164734831,4.8089518547058105,8.629607200622559,-1.8310548e-08
208,2090000,0.05041217803955078,8.32402229309082,72.93991497709695,3.317140579223633,12.06201488381876,-113.10583840484477,100,67.38682322143553,0.26954197883605957,-0.027044283,1793.8252737522125,8.401522069452001,4.761333703994751,8.644541501998901,-2.5939942e-08
209,2100000,0.09247374534606934,8.27419137954712,69.08423097842653,3.29197359085083,70.78585052691052,-97.35608157158168,100,49.08336438574254,0.26189708709716797,-0.0030535934,1802.4708287715912,33.12438651796272,4.741171598434448,8.628793239593506,-4.2724608e-08
210,2110000,0.04246997833251953,8.176934480667114,72.84635909107543,3.2206954956054688,42.781945644565404,-96.98580876867258,100,57.762864772361134,0.26181721687316895,-0.009858554,1810.972288608551,21.14488007670574,4.714032411575317,8.48148512840271,3.967285e-08
211,2120000,0.07139754295349121,8.45796012878418,67.51124094684317,3.3234801292419434,58.74737601815312,-99.38727320139537,100,52.45297596528766,0.25040459632873535,-0.018031836,1819.7725701332092,27.96982743771548,4.882455348968506,8.780000686645508,3.051758e-08
212,2130000,0.06865239143371582,8.221546649932861,73.11598495351623,3.2953553199768066,61.77838991471623,-96.6447729369275,100,50.182143680223795,0.2481389045715332,-0.05437257,1828.3267521858215,29.049416736739296,4.676393508911133,8.538540124893188,-1.449585e-08
213,2140000,0.04869365692138672,8.253703832626343,71.11047207695336,3.2628350257873535,50.56994032389403,-94.15088398133524,100,54.76345136600548,0.2719736099243164,-0.0069246963,1836.9187440872192,24.01639856778779,4.743105411529541,8.57459831237793,3.051758e-08
214,2150000,0.03858447074890137,8.302647352218628,79.37871317383038,3.2690508365631104,46.545074373335126,-99.3747167691938,100,59.79296384229983,0.27343297004699707,-0.18104567,1845.551029920578,22.662832288696286,4.763983249664307,8.614913940429688,1.8310548e-08
215,2160000,0.0407719612121582,8.2107572555542,75.11137064678154,3.248936653137207,43.52918699218962,-90.73089269285292,100,42.32071701177728,0.2632589340209961,-0.0122608915,1854.0845141410828,21.870099782710057,4.713168144226074,8.515059471130371,2.2888184e-08
216,2170000,0.06622910499572754,8.15817379951477,83.3106511080394,3.1872386932373047,-35.99051578599112,-119.40219604919756,100,50.80202221692159,0.3102731704711914,-0.083727166,1862.635586977005,-19.62261258005775,4.716982364654541,8.534906387329102,7.324219e-08
217,2180000,0.04154038429260254,8.215163469314575,95.06802168631698,3.1306240558624268,-57.8237538167617,-240.52160154161413,100,76.60417914709922,0.256824254989624,-0.017566819,1871.1692447662354,-35.39822951929049,4.8362205028533936,8.51377010345459,-3.051758e-08
218,2190000,0.09486699104309082,8.222728490829468,91.940824390961,3.115391492843628,-94.27071579237477,-242.22008938838616,100,78.18169454561611,0.3187143802642822,-0.037650764,1879.821827173233,-56.524787829016425,4.857536554336548,8.636534690856934,1.2207031e-08
219,2200000,0.07143473625183105,8.01584243774414,99.82725920446468,3.053651809692383,-9.145889082865345,-241.34858150971021,100,83.62320290896787,0.2742018699645996,-0.006159009,1888.2017185688019,-19.59160563859379,4.706671476364136,8.361722707748413,-1.8310548e-08
220,2210000,0.09003019332885742,8.015004396438599,101.82108151658731,3.0372092723846436,19.638987593340392,-242.21274190265393,100,87.67737508737434,0.3944859504699707,-0.0117545985,1896.7211048603058,-8.8482244245129,4.7348151206970215,8.499772310256958,2.2888184e-08
221,2220000,0.07419729232788086,8.05047869682312,97.48429544160352,3.0247561931610107,91.34661455784526,-135.3402565023662,100,57.49474071671532,0.26021480560302734,-0.008469858,1905.1263000965118,23.69101568637815,4.777998208999634,8.385119438171387,-4.2724608e-08
222,2230000,0.059049129486083984,8.044651985168457,99.23625923437203,3.0538012981414795,77.24240967982803,-200.01224864529246,100,67.06508568907697,0.28115153312683105,-0.0121662645,1913.528913974762,18.287747160033984,4.738359451293945,8.385075330734253,-0.0015463104
223,2240000,0.038521528244018555,8.128787517547607,99.50763279784687,3.0829997062683105,115.45618737329067,-221.15806312864046,100,68.72857940007923,0.2874300479888916,-0.011351022,1922.0014700889587,35.54462103997133,4.791905641555786,8.454990148544312,6.1035155e-09
224,2250000,0.06678557395935059,8.006896257400513,102.73161904405146,3.095974922180176,117.27783029510134,-212.435446441657,100,76.42281733629171,0.26563310623168945,-0.009722452,1930.3578839302063,35.820518037466,4.661624431610107,8.339570045471191,-3.6621095e-08
225,2260000,0.07264304161071777,8.018543004989624,104.65223475223173,3.0741212368011475,113.87834494880948,-133.5506616515406,100,76.56326426011289,0.26494455337524414,-0.008816162,1938.7330441474915,34.34858251391713,4.698024272918701,8.356447696685791,-1.373291e-08
226,2270000,0.08649277687072754,7.951545238494873,103.61766237143674,3.039384603500366,131.74858646142673,-130.66288072594506,100,72.8412830056398,0.2992699146270752,-0.00865174,1947.090756893158,42.61177795391485,4.6601128578186035,8.337544918060303,-1.8310548e-08
227,2280000,0.06650972366333008,7.855634450912476,101.20212175240339,3.0512232780456543,132.53999963963747,-137.53324470008675,100,77.02305543169514,0.2653799057006836,-0.019437118,1955.2959728240967,43.70237472127976,4.562469244003296,8.1877920627594,-1.5258789e-09
228,2290000,0.0567781925201416,8.169399976730347,103.09829083521623,3.104083776473999,149.26106952671927,-119.4127700021157,100,63.779464220241756,0.2723836898803711,-0.010617873,1963.812471151352,49.221061477508194,4.816956520080566,8.498771667480469,6.866455e-09
229,2300000,0.05573415756225586,8.056063652038574,102.94549273417289,3.040205717086792,156.6339556552912,-139.45736153828082,100,67.21899365918135,0.26787281036376953,-0.015984198,1972.2092576026917,53.86906107148378,4.771933078765869,8.379912376403809,-2.1362304e-08
230,2310000,0.035117387771606445,8.036687850952148,99.42763810443266,3.0812907218933105,156.72102014432977,-87.94694784837952,100,60.201938429084436,0.2706570625305176,-0.023286443,1980.5690274238586,52.5773617722,4.708564281463623,8.342719078063965,-3.6621095e-08
231,2320000,0.03807234764099121,8.081018686294556,100.19996826700792,3.0259525775909424,162.0678383919455,-173.52759185789324,100,61.166582468913944,0.2695012092590332,-0.0016079125,1988.9754092693329,56.35242498564343,4.808593034744263,8.388854026794434,1.373291e-08
232,2330000,0.07772612571716309,8.244746208190918,100.21394095597464,3.0664947032928467,162.1021430041446,-143.51924862964137,100,59.35922259155581,0.2551727294921875,-0.015477933,1997.5713167190552,56.22426827901317,4.9271159172058105,8.577913999557495,-6.1035155e-09
233,2340000,0.08328986167907715,8.080084562301636,102.00564062682423,3.0445261001586914,143.91635346144284,-135.40858875571283,100,66.04311053303718,0.24602198600769043,-0.008754016,2005.9987823963165,47.359567657177564,4.786347389221191,8.409650325775146,0.00041062926
234,2350000,0.06846404075622559,8.00126314163208,100.60839148285838,3.0590665340423584,175.91275216212563,-112.21267459511988,100,50.6231694150872,0.36594676971435547,-0.014470917,2014.4591681957245,61.09166341694409,4.694070816040039,8.444873094558716,2.6702882e-08
235,2360000,0.05770754814147949,8.049243688583374,101.52135122157743,3.0347704887390137,176.7242104789349,-140.0165169672552,100,51.62655377212729,0.26478099822998047,-0.003946607,2022.8516492843628,62.5397906500036,4.7552032470703125,8.371994972229004,4.2724608e-08
236,2370000,0.03476142883300781,8.149523496627808,96.73014625054672,3.0752065181732178,188.31007072348999,-140.74341523674792,100,39.49632725981773,0.2658843994140625,-0.00911193,2031.3184835910797,66.90196147402884,4.802663803100586,8.450416803359985,3.051758e-08
237,2380000,0.10176301002502441,8.261196613311768,114.58300963158754,3.1397433280944824,178.60483927461263,-124.4170267900107,100,46.9450782865623,0.25883960723876953,-0.01230724,2039.9563248157501,62.46034460891072,4.872258186340332,8.62209439277649,6.1035155e-09
238,2390000,0.06664419174194336,8.000216007232666,94.10530214641712,3.060856819152832,187.08568956129338,-115.76094003942697,100,31.078854089018566,0.25455331802368164,-0.041172076,2048.295487880707,65.97427624198534,4.69268274307251,8.321677684783936,-0.00417518
239,2400000,0.03963351249694824,7.938384771347046,102.27548846038539,3.0120835304260254,196.99750360279745,-144.25977951790463,100,30.532982021037192,0.26984238624572754,-0.02702117,2056.5601234436035,70.35305398600624,4.681594371795654,8.248136043548584,1.2207031e-08
240,2410000,0.04613661766052246,8.036143064498901,91.56864681939169,3.0623974800109863,156.6162303413622,-97.20041847035161,100,40.849633494869515,0.2615375518798828,-0.020925665,2064.921676158905,52.156629446687575,4.726763725280762,8.3440523147583,-0.00076450425
241,2420000,0.07937836647033691,8.026496171951294,92.37147112629512,3.0232653617858887,189.46800379764483,-44.64028522827738,100,29.412893403733793,0.2502608299255371,-0.01734671,2073.296049118042,65.89519348175087,4.760293006896973,8.356388807296753,-2.4414062e-08
242,2430000,0.03881239891052246,8.058202505111694,95.88914800923743,3.037841558456421,190.01086541373658,-6.27781745727045,100,21.491008586652125,0.2698557376861572,-0.01707864,2081.681318283081,66.717191581604,4.768415451049805,8.367108821868896,9.918213e-09
243,2440000,0.05760836601257324,8.150273323059082,91.34483133077626,3.0966989994049072,190.0014279676455,6.364372305687904,100,13.230501227803122,0.3422389030456543,-0.030501075,2090.2489733695984,66.90666253665827,4.805619239807129,8.550375938415527,3.6621095e-08
244,2450000,0.03749394416809082,8.080490827560425,99.8331408687416,3.063361883163452,181.85630046414227,-55.88804834960798,100,22.629078826842875,0.2867410182952881,-0.013615634,2098.671741962433,63.48366789936596,4.769261360168457,8.404967069625854,1.373291e-08
245,2460000,0.07041597366333008,8.076450824737549,88.88623638583805,3.0378854274749756,194.95745393536293,-2.4903025722395995,100,15.295355186672575,0.275653600692749,-0.008455908,2107.113909482956,68.7404650175668,4.793164491653442,8.422756433486938,1.8310548e-08
246,2470000,0.04108142852783203,8.103504180908203,96.30061328296627,3.045504093170166,186.64000036624344,-45.59613067943943,100,27.45585253552206,0.27811717987060547,-0.01537211,2115.5537445545197,65.05860023605443,4.812783479690552,8.42296814918518,-2.4414062e-08
247,2480000,0.0377349853515625,8.102367877960205,102.07967945127976,3.059195041656494,196.10503696478466,-77.01509720938475,100,28.88069254937482,0.2697939872741699,-0.016192922,2123.981598854065,69.42009935045772,4.78670072555542,8.410111427307129,2.4414062e-08
248,2490000,0.060292959213256836,7.908183813095093,103.07389642882384,3.0230445861816406,149.75194331337696,-72.89316603304788,100,58.872046226637046,0.3096437454223633,-0.012267337,2132.27773976326,49.13486208347831,4.639929294586182,8.278486013412476,1.8310548e-08
249,2500000,0.050431013107299805,7.8993000984191895,105.98383828407266,2.996760129928589,198.82419649726234,-60.95814860325035,100,30.31916459735867,0.3494224548339844,-0.008672564,2140.594387292862,70.41464473709382,4.659789323806763,8.299374341964722,2.4414062e-08
250,2510000,0.0998075008392334,7.987000465393066,101.71586126943127,3.040808916091919,206.14566948577124,-22.348044582451646,100,14.677592671655495,0.2548708915710449,-0.002229001,2148.9599165916443,73.64364278437239,4.701682090759277,8.34188985824585,-3.0517577e-09
251,2520000,0.06792306900024414,8.061948776245117,97.45032957693165,3.0470991134643555,206.45430359190397,-73.4734713546953,100,22.825272380886613,0.2586996555328369,-0.00423772,2157.3660662174225,73.51853221445573,4.769345045089722,8.388812065124512,3.3569336e-08
252,2530000,0.03803396224975586,8.049217224121094,101.15488036778163,3.066987991333008,210.16987223238291,-72.75438449123409,100,18.81560320403515,0.4065251350402832,-0.017146524,2165.879814386368,75.26509324846651,4.734350919723511,8.493998765945435,1.2207031e-08
253,2540000,0.0746908187866211,8.048339605331421,95.86205857938612,3.0353803634643555,207.05525905813752,-64.27965084698425,100,18.08531028454656,0.26592111587524414,-0.009581391,2174.289249897003,73.75800556666422,4.7628748416900635,8.389208555221558,1.8310548e-08
254,2550000,0.08066725730895996,8.033713817596436,91.3750498710932,3.0592432022094727,205.23404430659647,27.966937840988795,100,15.649446727744422,0.2628791332244873,-0.0101906005,2182.68590760231,72.85780309947694,4.7289135456085205,8.377544164657593,-1.2207031e-08
255,2560000,0.03574681282043457,8.07379150390625,91.41694393037582,3.0478553771972656,199.66354953261208,1.9444154457878824,100,21.928400149402254,0.27742838859558105,-0.0062832027,2191.0966691970825,70.19181555958747,4.7752416133880615,8.387202978134155,-1.2207031e-08
256,2570000,0.04055309295654297,8.105164766311646,90.42614814124542,3.0756638050079346,185.1116173716325,-23.474422122045954,100,29.675451159500266,0.33859682083129883,-0.01739423,2199.598297595978,63.80445458540697,4.784821510314941,8.484554052352905,-3.3569336e-08
257,2580000,0.06797122955322266,8.119028329849243,89.04980279262408,3.0919857025146484,198.3285043342564,1.8121343647560022,100,22.053192200362023,0.2561943531036377,-0.0084783565,2208.0636851787567,69.6120845130096,4.771040678024292,8.443427324295044,0.000385791
258,2590000,0.06748270988464355,8.072197914123535,100.34207743739464,3.068676471710205,208.73875494348286,35.112017277153285,100,11.657126400464717,0.25064849853515625,-0.025753256,2216.472249507904,74.59131717859657,4.760861158370972,8.390572547912598,-2.1362304e-08
259,2600000,0.037162065505981445,8.048458576202393,110.81128970492067,3.0448386669158936,148.50365561216705,-74.29915722656673,100,60.97572660647704,0.26615452766418457,-0.014261523,2224.8428072929382,48.88811503696399,4.750002384185791,8.352006435394287,9.155274e-09
260,2610000,0.054924964904785156,8.082502365112305,117.39222914418885,3.079500198364258,96.73890478114636,-73.45620560855191,100,74.99027407955992,0.2816903591156006,-0.016178703,2233.2822268009186,25.489744678668217,4.755539655685425,8.419495820999146,-1.7547608e-08
261,2620000,0.07569146156311035,8.100797653198242,120.2903252553505,3.0578317642211914,61.646012693975926,-68.63637019319248,100,76.76825418161039,0.24700617790222168,-0.00082017825,2241.723128557205,8.840483737718259,4.793917894363403,8.4237220287323,-9.155274e-09
262,2630000,0.03246808052062988,7.921178340911865,127.07016049067464,3.0125722885131836,66.88977473407834,-69.96214445831794,100,76.19546938765976,0.24264121055603027,-0.015283423,2249.9360163211823,11.337479168339687,4.662343263626099,8.196506261825562,-9.155274e-09
263,2640000,0.05934500694274902,7.719446420669556,127.41068453555536,2.983534097671509,77.64755728833138,-86.72500589306219,100,80.55605141020042,0.238173246383667,-0.014519137,2257.968786239624,17.475451073445356,4.49612283706665,8.017234563827515,5.1879884e-08
264,2650000,0.09512495994567871,7.77903413772583,115.86749829256813,2.9802939891815186,75.40590365040539,-83.58567339455983,100,77.30102634460296,0.23842620849609375,-0.040028185,2266.09676861763,16.47253738699992,4.554255962371826,8.112784385681152,2.822876e-08
265,2660000,0.06391739845275879,7.740143537521362,111.84205669099742,2.973851442337036,124.54308132991127,-68.35231892337656,100,74.79291797655752,0.23219680786132812,-0.17794384,2274.149892807007,38.45254844260562,4.5241193771362305,8.0364830493927,-0.00038038637
266,2670000,0.039078474044799805,7.84662938117981,105.05281548148407,2.997237205505371,191.21494840387612,-66.0529509750635,100,53.54420874862646,0.24011683464050293,-0.007883053,2282.2940590381622,66.98094988012892,4.6069111824035645,8.126038312911987,1.2207031e-08
267,2680000,0.08146524429321289,7.809357166290283,92.49394245617034,3.016569137573242,82.44306100256728,-117.51550560068208,100,49.76117413805723,0.20704174041748047,-0.047416188,2290.4088418483734,16.46947560446771,4.547474145889282,8.098064661026001,1.8119811e-08
268,2690000,0.03888535499572754,7.83953332901001,93.82968420023597,3.0258021354675293,6.8571500860108925,-103.53514404899208,100,37.97214017867271,0.24062657356262207,0.0051883482,2298.543131828308,-12.342825318820971,4.569026470184326,8.119264841079712,1.2207031e-08
269,2700000,0.03948235511779785,7.854705810546875,73.98751667971898,3.0484700202941895,-44.12748090019828,-108.82139637040886,100,33.5860370942442,0.3505825996398926,-0.0081822,2306.8054616451263,-29.716047046191296,4.5611891746521,8.2449951171875,4.9591065e-08
270,2710000,0.042252540588378906,7.813533782958984,71.6244843314465,3.0473921298980713,-47.30982457272915,-62.90332756946074,100,31.159927341678625,0.24248790740966797,-0.044912092,2314.918075799942,-28.144667550878008,4.519920587539673,8.098534345626831,1.411438e-08
271,2720000,0.07039237022399902,7.854285478591919,104.8762359338512,3.0575144290924072,51.10764884236251,-209.7460884146047,100,57.336829268033796,0.20239019393920898,-0.04062999,2323.0605974197388,15.752043032201955,4.551770925521851,8.127289533615112,6.1035155e-09
272,2730000,0.04065728187561035,8.264142751693726,121.25884214765428,3.2077810764312744,74.31700364467943,-258.54336346717866,100,75.30574333039209,0.20952939987182617,-0.124910854,2331.5899238586426,24.515104818688883,4.79747748374939,8.514536142349243,-0.0010232056
273,2740000,0.03773927688598633,8.202648639678955,160.5260142810558,3.1880345344543457,133.86642805103307,-259.4843108840144,100,93.5783437814612,0.2194504737854004,-0.022077244,2340.0633590221405,54.2092103476724,4.756199598312378,8.460050821304321,-6.1035155e-09
274,2750000,0.03785538673400879,8.228374242782593,162.0581527987343,3.218441963195801,157.7011834801608,-261.52960621858676,100,90.38804278236735,0.21661734580993652,-0.02006828,2348.5610032081604,64.62192476729788,4.750300407409668,8.483065843582153,4.2724608e-08
275,2760000,0.039470672607421875,8.225978136062622,154.73491845408375,3.2141411304473877,173.8830118599152,-246.19614984009024,100,74.74389599779812,0.20790886878967285,-0.019274745,2357.0484952926636,73.53512217290451,4.749830961227417,8.473559856414795,1.5258789e-09
276,2770000,0.03610634803771973,8.317739963531494,145.21464491251038,3.233870506286621,194.3431030328501,-179.50090355225223,100,55.50591729103496,0.21074962615966797,-43.520363,2365.6274383068085,82.25236796814171,4.819730520248413,8.56480073928833,-4.577637e-09
277,2780000,0.07909822463989258,8.274555206298828,139.2474979729899,3.2447385787963867,210.4911532446738,-155.7318735530039,100,44.42571089374358,0.19848394393920898,-0.04174596,2374.1935555934906,86.72022183759081,4.768447637557983,8.552351474761963,2.2125244e-08
278,2790000,0.04149460792541504,8.323975801467896,95.33664287702415,3.256894588470459,159.82324073692996,-109.99314757589026,100,26.39366474157345,0.21347284317016602,-0.075279385,2382.787440776825,49.676771511313916,4.800816774368286,8.579182624816895,-9.727478e-09
279,2800000,0.03375506401062012,8.34183382987976,104.13895737150277,3.2941811084747314,103.11803341856397,-129.4143683529118,100,51.02456298780993,0.21269893646240234,-0.06988115,2391.3922686576843,24.91092320738735,4.784940481185913,8.58851432800293,1.6784668e-08
280,2810000,0.04228854179382324,8.3408522605896,106.77789835978831,3.2610645294189453,147.06270157928543,-68.55445433023328,100,39.85240136870417,0.209031343460083,-0.04226083,2399.9975328445435,44.43360050363094,4.817981481552124,8.592397928237915,6.1035155e-09
281,2820000,0.02955007553100586,8.278352737426758,73.98759591086265,3.232647180557251,142.07725380263835,-18.61166298328884,100,16.104089077109187,0.21642446517944336,0.002550576,2408.536534547806,42.26723490801978,4.785524368286133,8.52452564239502,-3.0517577e-09
282,2830000,0.07771992683410645,8.327213764190674,83.27896248871265,3.2591664791107178,144.92902696216066,-15.155373568504203,100,14.855528743416725,0.21232008934020996,-0.1585125,2417.1677639484406,43.176918277926006,4.800044298171997,8.61747407913208,1.525879e-08
283,2840000,0.04266762733459473,8.40704870223999,100.3529823457659,3.3160529136657715,53.11806970979163,-84.64687346663995,100,45.371022546555025,0.2233750820159912,-0.044224907,2425.8565762043,6.540484114008293,4.82823371887207,8.673317909240723,1.2207031e-08
284,2850000,0.09696578979492188,8.35111379623413,95.57860248878407,3.29048228263855,-7.33435943345424,-93.29046507358044,100,34.47844348169006,0.2054576873779297,-0.027341077,2434.5233945846558,-13.960493409759376,4.79970383644104,8.653772592544556,2.4414062e-08
285,2860000,0.0701758861541748,8.270082473754883,87.19007384851696,3.2584638595581055,97.18714257798145,-155.61788800473565,100,46.19235628507296,0.3084287643432617,-0.06274173,2443.1883296966553,23.71709241452025,4.747569799423218,8.650151014328003,1.9836426e-08
286,2870000,0.03948092460632324,8.304778337478638,69.25295458695157,3.2656607627868652,25.444337801928196,-29.555965505780783,100,19.51197984776052,0.3113677501678467,-0.0034464463,2451.857860803604,-3.935570732589178,4.774899959564209,8.655832290649414,-1.7547608e-08
287,2880000,0.039632558822631836,8.262088298797607,9.314623587528736,3.247074842453003,7.950452514265226,-27.52784046733416,100,8.281374239767453,0.272097110748291,-0.011769385,2460.451288461685,-11.751749535655744,4.755346059799194,8.57407259941101,-4.8828124e-08
288,2890000,0.04520702362060547,8.249754190444946,73.29416996401957,3.2354190349578857,24.875897377256678,-21.203064605690585,100,13.188766831979116,0.2196974754333496,-0.0071118684,2468.986570119858,-5.119439337537308,4.755122423171997,8.51490330696106,-1.2207031e-08
289,2900000,0.0760645866394043,8.350325584411621,75.45463200588186,3.2514960765838623,27.005161209878594,-81.59595939503701,100,15.052067189225692,0.1944124698638916,-0.018086417,2477.6208713054657,-3.8850122953625017,4.837101459503174,8.621049165725708,-4.2724608e-08
290,2910000,0.08054637908935547,8.199771165847778,79.79949243293615,3.2057528495788574,46.06917349319273,-62.76480915982599,100,21.479439299727865,0.1977825164794922,-0.0125109805,2486.112430334091,3.906782513339794,4.735098123550415,8.478322744369507,2.4414062e-08
291,2920000,0.03464555740356445,8.30326509475708,115.65513223646566,3.243478536605835,85.45467959317915,-83.71436069156265,100,31.83094294422491,0.21714401245117188,-0.01278228,2494.6809520721436,20.666894681138775,4.790480136871338,8.555244207382202,2.1362304e-08
292,2930000,0.038698673248291016,8.333246946334839,120.29661100330011,3.2396345138549805,128.69365040926496,-43.15703741810955,100,31.226587998205623,0.2165079116821289,-0.026559656,2503.282597064972,39.19756558077215,4.830843210220337,8.588659048080444,6.1035155e-09
293,2940000,0.06623697280883789,8.217003107070923,126.82798720878841,3.1927502155303955,152.29066679607106,-58.129055786850735,100,39.6997961628933,0.19211769104003906,-0.055551466,2511.771557569504,48.3497019693194,4.761812210083008,8.47557520866394,-0.0036818786
294,2950000,0.03573036193847656,8.222119569778442,137.41507570793385,3.1999969482421875,154.2550113927675,-82.15416275334334,100,47.8895337197849,0.21541094779968262,-0.0069804443,2520.259383916855,48.09275979688281,4.762603759765625,8.47352933883667,-2.4414062e-08
295,2960000,0.04055333137512207,8.267776727676392,123.62546598211314,3.217989683151245,131.03218312827698,-78.0087403770075,100,51.87303490624852,0.21870779991149902,-0.01689318,2528.799971103668,36.173443393791906,4.789267063140869,8.527278423309326,1.525879e-08
296,2970000,0.0433812141418457,8.251885175704956,132.9317297660598,3.2076687812805176,138.4013777701191,-89.20892140124684,100,53.631210236129576,0.21497416496276855,-0.014689235,2537.3240451812744,39.0381276770447,4.784498691558838,8.510474681854248,1.6784668e-08
297,2980000,0.04839658737182617,8.259934425354004,125.37343006900491,3.198371410369873,129.67803973496976,-100.36338743079264,100,51.3778362463416,0.2058568000793457,-0.0057275114,2545.855696439743,38.55472145868928,4.799936771392822,8.514404296875,3.051758e-08
298,2990000,0.04687762260437012,8.300758600234985,139.07282874407053,3.1945226192474365,126.51145356568222,-101.03304528101829,100,58.816192096971825,0.20290303230285645,-0.017856458,2554.4202296733856,41.1588287827956,4.83694052696228,8.550793647766113,-3.051758e-08
299,3000000,0.08107852935791016,8.235751390457153,183.55218828329112,3.189349412918091,154.58408068770794,-94.34760338978815,100,45.095068722776396,0.19251060485839844,-0.01143992,2562.944647550583,52.120629515018315,4.787497043609619,8.509562969207764,-3.0517577e-09
