ItrTime,Itr,train-AverageReturn,Time-Optimization,Time-SampleProc,n_timesteps,train-PolicyExecTime,train-EnvExecTime,train-MaxReturn,train-NumTrajs,train-MinReturn,LossAfter,train-StdReturn,train-AverageDiscountedReturn,Time-Sampling,Time,LossBefore
10.094003200531006,0,-42.46427545181745,0.5329318046569824,0.08515286445617676,10000,5.802881717681885,3.4325969219207764,171.90090781721696,100,-211.88339991710635,0.026124127,100.33102869451878,-114.77985850710708,9.475592136383057,10.094007015228271,0.075181946
9.954320192337036,1,170.92327742862315,0.37853097915649414,0.13457107543945312,20000,5.669248342514038,3.5065650939941406,208.0654592704153,100,86.01300215038495,0.02805803,24.48724684658657,313.3008541520153,9.44098162651062,20.07353448867798,0.028865729
9.993364095687866,2,187.88261833630364,0.48601651191711426,0.08960127830505371,30000,5.658929109573364,3.5048372745513916,203.61242598185487,100,146.9448467987991,0.018303793,6.926528063964795,344.6172676318428,9.411248445510864,30.084532499313354,0.026450189
10.100938558578491,3,191.96932973106632,0.5125668048858643,0.05841803550720215,40000,5.720723628997803,3.5253922939300537,203.41970056999924,100,181.25692191034236,0.05034994,4.0081838216027545,350.7148280566073,9.529635429382324,40.20648956298828,0.059651643
10.268949508666992,4,191.7175731205185,0.47122764587402344,0.10763812065124512,50000,5.859855890274048,3.579136848449707,198.9047577002694,100,174.16653901908813,-0.0088066915,4.637640152327546,354.14137764212285,9.689665079116821,50.498122215270996,0.0146074565
10.290602684020996,5,194.5129855954268,0.30043983459472656,0.10675835609436035,60000,5.872857570648193,3.755519390106201,203.14610041597678,100,184.50838850696684,0.008772565,3.344488718989087,356.4171991002905,9.883180141448975,60.82154440879822,0.017951453
10.051997423171997,6,197.68330784364082,0.31377077102661133,0.1273648738861084,70000,5.659714937210083,3.6832308769226074,201.22816452845015,100,194.37037911414947,0.028530585,1.4808587541474432,362.2087898980683,9.607266426086426,70.89193034172058,0.026361808
9.92964792251587,7,198.07924128019735,0.29891514778137207,0.05931282043457031,80000,5.6923112869262695,3.614962100982666,203.00269548074112,100,193.33646046011458,-0.0036239258,1.7900670920742436,362.67223575919604,9.565375804901123,80.83895802497864,0.012132379
10.28196907043457,8,199.34850342092278,0.31734275817871094,0.06115841865539551,90000,5.986358404159546,3.645634412765503,203.13377707087116,100,194.77585842023706,0.015737414,1.5289236961354018,365.56268691784715,9.897433996200562,91.14070868492126,0.016598215
10.113428354263306,9,199.79464700305883,0.3078916072845459,0.04232954978942871,100000,5.88993501663208,3.623807191848755,202.97340831366952,100,196.19241756315725,0.019058112,1.2750367634055095,365.91519311834185,9.762988567352295,101.27367115020752,0.021403639
10.068305253982544,10,199.97449162990296,0.32041120529174805,0.06442952156066895,110000,5.7327656745910645,3.6863632202148438,204.0828734538049,100,197.1379725317483,0.017126275,1.5388464746580002,367.238928545034,9.679527282714844,111.35853457450867,0.019673344
10.027565717697144,11,198.70218900975735,0.30790185928344727,0.07018160820007324,120000,5.789108991622925,3.6130905151367188,204.29801859014492,100,192.42032376803058,0.008716614,2.4363662741072627,367.40513364850733,9.649171113967896,121.40476155281067,0.01979337
9.98590636253357,12,201.14371279035743,0.30135297775268555,0.047423601150512695,130000,5.748764753341675,3.629248857498169,205.30523721005534,100,197.1886087829946,0.0114134215,1.7051777534619357,370.5580697077026,9.636659860610962,131.40625739097595,0.013688726
10.212076902389526,13,199.587726280506,0.3362448215484619,0.06468987464904785,140000,5.88234543800354,3.668968439102173,205.07742552601152,100,190.45253924954423,-0.004765505,2.6978597508740187,370.0055113015018,9.810895442962646,141.63659358024597,0.010793197
10.198390245437622,14,200.8314831372567,0.3264312744140625,0.0423123836517334,150000,5.948977470397949,3.6280040740966797,205.36008246627588,100,195.50371164943883,0.004232367,1.5942159364427968,370.4510576815527,9.829407453536987,151.85427045822144,0.018683804
10.083473920822144,15,196.02512067561452,0.3099782466888428,0.06500577926635742,160000,5.835580348968506,3.624152660369873,207.037180763104,100,189.31007886572405,0.0121634165,3.1362783540385224,364.9239492793759,9.7081778049469,161.95481824874878,0.028710034
10.007611274719238,16,201.45202976582078,0.32107973098754883,0.07982492446899414,170000,5.717846155166626,3.634207248687744,207.23433586776846,100,194.3006333408952,0.021298679,2.1997014293707946,371.88315076383367,9.606414794921875,171.9810242652893,0.03603791
10.074446678161621,17,195.7886385854994,0.29232287406921387,0.09929013252258301,180000,5.765614986419678,3.6577885150909424,205.65556721926086,100,182.09952210707968,0.025251074,4.769860192205894,365.5645947952003,9.681907892227173,182.0737521648407,0.03137
10.064752101898193,18,203.12938019238155,0.31870222091674805,0.03358006477355957,190000,5.81303858757019,3.6400668621063232,209.57144558488196,100,196.5999455312318,0.026719503,2.669020090231518,378.0043565034,9.712095260620117,192.1580228805542,0.02681694
15.515384912490845,19,204.6009383621539,0.570253849029541,0.12185859680175781,200000,10.613859415054321,3.913550853729248,212.1692998193856,100,197.8113050493338,0.027235609,3.0148341137346866,381.84769015356306,14.823036670684814,207.68942785263062,0.029589484
16.665338039398193,20,204.56030325386632,0.7646670341491699,0.17801642417907715,210000,11.576424598693848,3.8664000034332275,212.63087956611105,100,197.1141488241022,0.014862797,3.4887906723726227,383.06530834997983,15.722255229949951,224.3801646232605,0.039351802
19.86458706855774,21,206.34481102406463,0.527022123336792,0.1576526165008545,220000,14.847888469696045,3.9844727516174316,211.8918866017392,100,200.3633269423844,0.020185508,2.1688542968949367,383.82337102869633,19.179688930511475,244.2671754360199,0.0231293
17.451671838760376,22,207.15771953178674,0.44422125816345215,0.15802311897277832,230000,12.49502682685852,4.0560383796691895,213.30731271357703,100,201.028512529459,0.025715094,2.446634005629227,388.1857592179549,16.84522819519043,261.7420039176941,0.026631802
17.111659288406372,23,208.88080816212695,0.5523669719696045,0.11060452461242676,240000,12.432794332504272,3.72189998626709,216.53284841353022,100,199.9185762555168,0.027062701,3.544167761632864,393.3181630268903,16.448283910751343,278.87493872642517,0.029818112
16.30669355392456,24,210.46706198767387,0.5615527629852295,0.1294705867767334,250000,11.45440673828125,3.866870880126953,218.28364158507043,100,201.08518789169528,0.017394641,3.386818799547996,395.741957716504,15.609310388565063,295.20047521591187,0.023965232
19.544184923171997,25,210.95975088531887,0.514136552810669,0.15670323371887207,260000,14.577096462249756,3.9746694564819336,217.84497314993837,100,199.17153724905688,0.017794324,3.315080419322227,397.14708707989774,18.87309193611145,314.77221512794495,0.021811396
19.16063141822815,26,212.55216922959647,0.5306482315063477,0.11154532432556152,270000,14.282704591751099,3.9066147804260254,222.92356741710827,100,203.37854760728052,0.026202166,3.3048242320771237,402.2414508292147,18.51819109916687,333.97003722190857,0.02899843
18.1932315826416,27,213.73949438498076,0.5874559879302979,0.12206816673278809,280000,12.893049001693726,4.270535469055176,221.54555559605123,100,205.99456554989624,0.021438312,3.0457920651043744,404.59140661886124,17.4831964969635,352.18653321266174,0.021681622
18.338820219039917,28,215.80495114154425,0.48953676223754883,0.11093854904174805,290000,13.400707006454468,4.017018795013428,223.76630163086674,100,208.39690417516394,0.025624152,2.9633086231780115,410.4409353268778,17.738118171691895,370.55214977264404,0.025902841
19.61144185066223,29,217.29727430554465,0.5076150894165039,0.10932064056396484,300000,14.627589225769043,4.054275274276733,223.43782473512886,100,211.6994371051052,0.019551447,2.544757894655704,414.25209070200754,18.994251489639282,390.2115294933319,0.019704742
16.174792766571045,30,218.53042142089598,0.7138233184814453,0.10718703269958496,310000,11.188310384750366,3.843886375427246,224.3077648247563,100,209.0988343668059,0.011480291,3.119828554167691,418.14921930105595,15.352947235107422,406.41050696372986,0.016482819
17.328887462615967,31,219.1805911772725,0.6401791572570801,0.1201932430267334,320000,12.271886825561523,3.9859533309936523,226.88517610243537,100,209.6930915362649,0.012967956,2.915490154882649,420.32810041450944,16.568226099014282,423.76182985305786,0.015633209
16.452662706375122,32,218.19139577064826,0.7571401596069336,0.15256571769714355,330000,11.389209985733032,3.8471877574920654,225.76230654347302,100,196.8576261654935,0.0053020753,5.019218768036739,418.04600900522416,15.542726755142212,440.2369318008423,0.0142621305
19.7772216796875,33,214.0525737182309,0.4941976070404053,0.16016769409179688,340000,14.522038221359253,4.290430784225464,222.42619876440648,100,203.13156453930318,0.020542651,4.590272672593561,403.452986006355,19.121541500091553,460.0311207771301,0.025166424
17.25413680076599,34,219.61711618927373,0.5001950263977051,0.18544840812683105,350000,12.351233720779419,3.8963024616241455,226.95845112654936,100,207.3163277833008,-0.0033616577,3.7326304577832206,419.72169832368013,16.568256855010986,477.3044373989105,0.010849725
19.20671510696411,35,219.6470698313771,0.6082243919372559,0.14029169082641602,360000,14.205070734024048,3.9325523376464844,227.74027914517774,100,212.02972750750598,0.005837558,3.5407513743244565,424.4181875626141,18.457962036132812,496.5404210090637,0.015619345
16.58305549621582,36,221.40272239866255,0.4692952632904053,0.12227058410644531,370000,11.804527282714844,3.899082660675049,229.50409159705427,100,207.17359352021168,0.014354345,3.8282635425422913,425.01000118800744,15.989492416381836,513.1475479602814,0.0151848225
19.04550290107727,37,223.82205048091208,0.6423351764678955,0.11641073226928711,380000,13.738876581192017,4.213222026824951,230.2643546760214,100,217.57337222109803,0.020543937,2.5725251465624237,432.2268876441524,18.28649353981018,532.212259054184,0.017139599
17.189122915267944,38,221.8966990040613,0.6121714115142822,0.1474001407623291,390000,12.190835952758789,3.937540292739868,227.75413778676688,100,214.43908743918033,0.011688474,2.7671906975807063,428.6524563105849,16.429120302200317,549.4259729385376,0.012179157
19.746047735214233,39,222.43500039259771,0.6785712242126465,0.10137295722961426,400000,14.511017799377441,4.111664772033691,228.6010746847979,100,213.06787040989323,0.004539497,2.919544624362463,429.0203245315308,18.965874671936035,569.1932454109192,0.005066336
16.17856740951538,40,223.2642370445904,0.5607786178588867,0.08485937118530273,410000,11.379913091659546,3.848782539367676,228.93734345153953,100,215.39908964332383,0.0046768677,2.8202008439607096,431.029722809084,15.532682180404663,585.399528503418,0.007310272
18.04493260383606,41,223.2736728139107,0.5457940101623535,0.11206436157226562,420000,13.030348539352417,4.054110288619995,230.52282447206653,100,205.51114119012664,-0.0043365355,4.366861036383677,428.9499047964606,17.386820554733276,603.471554517746,0.002303491
17.576996564865112,42,221.95810767395827,0.6697819232940674,0.17014622688293457,430000,12.438610553741455,3.958944320678711,229.90684038834178,100,206.83322598264647,0.008385733,3.8973832883057726,428.35248673965935,16.736507892608643,621.0731410980225,0.012614456
15.773658275604248,43,225.2323991217272,0.5503368377685547,0.11646485328674316,440000,11.01327109336853,3.8172976970672607,230.17368832620653,100,218.73685396537738,0.008050336,2.5471829621717257,434.65897157215977,15.106587886810303,636.8747582435608,0.009358716
17.972068548202515,44,225.43425514555776,0.537827730178833,0.15407562255859375,450000,12.819336652755737,4.167867422103882,230.42323252174526,100,214.56267100757626,0.011589062,2.525629158529874,435.2096857018228,17.279725790023804,654.8684365749359,0.010467194
17.525859117507935,45,224.47052745350015,0.5981075763702393,0.24094390869140625,460000,12.559686183929443,3.825033187866211,235.1863331284393,100,212.86340442434417,0.022056922,4.217673469301335,433.3397405114166,16.68656635284424,672.4228451251984,0.024104798
18.432536840438843,46,225.85822042643832,0.5748574733734131,0.1205759048461914,470000,13.395691394805908,4.041414260864258,232.20668694670937,100,195.03325530645614,-0.000648085,4.402698000002041,435.35086830140443,17.73685574531555,690.8757567405701,0.002447902
18.508198022842407,47,226.4984467574692,0.6253924369812012,0.14612579345703125,480000,13.480642080307007,3.928826332092285,234.86995835963458,100,201.86286647691276,-0.0020182831,4.641566577302654,437.56928675179114,17.732306480407715,709.433447599411,0.0046823667
20.417454957962036,48,228.24487899856328,0.5989341735839844,0.1418437957763672,490000,15.357662677764893,3.998807907104492,235.2142575869179,100,212.54618371877322,-0.0040143738,3.5160693307738238,440.6117171469556,19.676315546035767,729.8716104030609,0.005168652
18.34813666343689,49,225.75490588085995,0.5548782348632812,0.1140282154083252,500000,13.50516152381897,3.8722636699676514,233.51835116510358,100,201.15114916082783,-0.00395094,5.593719955230933,437.3152448805689,17.67900776863098,748.2420239448547,0.0108137755
17.154038429260254,50,203.95963847101862,0.5012803077697754,0.10625195503234863,510000,12.361580610275269,3.879793405532837,227.90310132156853,100,196.18025323641356,0.10973746,6.957420496604496,375.7137955374954,16.537513256072998,765.4264492988586,0.111410424
18.850788831710815,51,206.5765901113986,0.5716075897216797,0.08919024467468262,520000,13.86682391166687,4.004281282424927,232.04587976464416,100,197.35299197341604,0.08690956,8.021297486562744,382.05860912633574,18.183449506759644,784.3031105995178,0.086677566
18.228494882583618,52,209.37210296224555,0.6441531181335449,0.11239123344421387,530000,12.961281538009644,4.210019111633301,231.4699246349595,100,198.28386652240076,0.042945787,7.647686056381061,389.185791496335,17.47147274017334,802.5593218803406,0.046990834
18.00369882583618,53,214.62171535226827,0.733067512512207,0.0955057144165039,540000,12.840876579284668,3.992265462875366,233.63579224086197,100,198.08692231920892,0.034376387,7.4925284974385695,402.8679124849383,17.17488169670105,820.5844442844391,0.03717606
16.55915904045105,54,216.60052088104297,0.4657111167907715,0.13668107986450195,550000,11.752360105514526,3.896031141281128,224.30453228894208,100,200.3562240488027,0.009881933,3.960104703050909,407.6500969826861,15.955455303192139,837.1738367080688,0.011060199
19.4714412689209,55,218.8469202933002,0.5018644332885742,0.11081957817077637,560000,14.566262006759644,3.97237229347229,228.6627439948239,100,208.78927596095264,0.013098917,3.832214677954709,413.26878192522815,18.85851526260376,856.6830430030823,0.018996563
16.46946382522583,56,227.01799952340804,0.4804039001464844,0.09594178199768066,570000,11.631718635559082,3.9546914100646973,239.42347691879564,100,201.5033491352429,0.006453549,7.770657868296653,436.144691018876,15.892879486083984,873.203001499176,0.010286485
20.64744734764099,57,228.42385034860771,0.6899635791778564,0.14103055000305176,580000,15.340185165405273,4.1606764793396,239.2903968738886,100,194.71362508602127,-0.0023181092,7.369612899281397,443.6208125892517,19.816262245178223,893.8746602535248,0.009854303
17.850682973861694,58,223.5343688221381,0.6847224235534668,0.13202643394470215,590000,13.003056287765503,3.7303214073181152,238.00894490588988,100,197.85905229158323,0.012716942,9.515865831038866,428.1862692280811,17.033448457717896,911.7533087730408,0.01397569
17.838802337646484,59,223.5561361332167,0.7779572010040283,0.1447303295135498,600000,12.548145771026611,4.056958198547363,239.49101703870613,100,192.17076869468946,0.00962629,10.560632552050688,429.4322137339587,16.915658950805664,929.6381771564484,0.009698882
19.496272802352905,60,224.14412298128238,0.6139795780181885,0.19892454147338867,610000,14.440199136734009,3.9349308013916016,242.40093720978786,100,191.7260156758102,0.012284961,9.266577073941146,432.29404815938454,18.680589199066162,949.1635529994965,0.016319757
15.941648721694946,61,227.43064365456087,0.46036338806152344,0.11528611183166504,620000,11.18075942993164,3.858903646469116,243.28502204245623,100,199.8357467860697,0.01302716,7.86697321272031,439.77164824465666,15.364165782928467,965.1494302749634,0.019811213
21.29493284225464,62,229.04188985157208,0.6040863990783691,0.11923360824584961,630000,16.004775762557983,4.221874237060547,245.9015595271514,100,195.16682474028445,0.0103592165,9.063178244792784,442.8264090730193,20.571245908737183,986.4675335884094,0.014587278
18.448373794555664,63,232.74009527420156,0.653083086013794,0.1591329574584961,640000,13.297501564025879,4.016027927398682,242.01226624312213,100,208.38140069408533,-0.00073421403,6.178855641317866,452.52242520375455,17.63568687438965,1004.9365453720093,0.004333231
19.731524229049683,64,231.9237256523881,0.508303165435791,0.144697904586792,650000,14.54798436164856,4.166385173797607,241.00680241315303,100,197.47099370775126,0.007138994,6.660398015889199,451.366384414949,19.07829260826111,1024.6964993476868,0.012507511
19.546660661697388,65,231.4359242747899,0.548872709274292,0.15033578872680664,660000,14.619326114654541,3.8845226764678955,243.0294607077442,100,204.15253421848064,0.008988794,7.058470815301918,447.346434016437,18.846961736679077,1044.2674362659454,0.014138415
17.177220344543457,66,234.79489573435404,0.645592451095581,0.10428500175476074,670000,12.197075843811035,3.9254884719848633,242.41678570407223,100,214.99293090008453,-0.0038154237,4.710678196098758,456.89811277698425,16.41861319541931,1061.463877916336,0.0010599365
17.892813444137573,67,233.6692614332729,0.5128850936889648,0.09278178215026855,680000,13.03495192527771,3.9214510917663574,244.80733834105257,100,218.35038121267831,0.01747635,4.693324761806232,455.6609655736369,17.286907196044922,1079.3766903877258,0.02202818
19.34500479698181,68,236.48372129154737,0.48595523834228516,0.15984129905700684,690000,14.296227931976318,4.089726209640503,243.60056330357253,100,213.6990069652946,0.001937384,4.4275352345119225,461.5844292122313,18.69885516166687,1098.7489998340607,0.005265039
17.80730700492859,69,236.81430859935338,0.776214599609375,0.15113234519958496,700000,12.523072481155396,4.0281822681427,245.67031953635757,100,223.8782395462959,0.008748291,3.790859342913619,463.0449741896228,16.879669427871704,1116.5893671512604,0.0049257325
18.467859506607056,70,236.15268401458096,0.5370903015136719,0.11232519149780273,710000,13.60098123550415,3.8971242904663086,245.21471397744085,100,226.64403170573942,0.025148062,3.905384714695283,461.47513601658903,17.817992448806763,1135.0974419116974,0.025489131
19.85002565383911,71,236.15319571474978,0.5728650093078613,0.10720658302307129,720000,14.776123762130737,4.03294038772583,243.80895445896027,100,225.5223752918125,0.007568707,3.7390659515237967,461.0571194266212,19.167909383773804,1154.9781775474548,0.016449017
16.131157636642456,72,236.10321174789226,0.5586533546447754,0.1156613826751709,730000,11.290541887283325,3.8410792350769043,244.72583639176824,100,222.25049471532955,0.013133789,3.622500466185586,461.8708341105547,15.456287622451782,1171.1317064762115,0.017507195
17.450571060180664,73,236.6397033689387,0.5755312442779541,0.16191530227661133,740000,12.56873607635498,3.8184540271759033,244.06258832576444,100,215.4527651336057,0.0019154877,4.072470381785831,463.4109939945234,16.71151351928711,1188.607159614563,0.007771773
17.528930187225342,74,237.42275869655515,0.47730541229248047,0.10299468040466309,750000,12.625868320465088,4.0340893268585205,243.23650389143668,100,228.9537066847671,-0.0023733063,2.970757507979262,464.39850802621385,16.94813895225525,1206.1566960811615,0.0036529114
18.386150598526,75,237.89834623903073,0.561408519744873,0.13706231117248535,760000,13.42336392402649,3.941540241241455,245.0952272108233,100,225.9402651610695,0.0009725708,3.1052238298425796,465.03785516701026,17.687440872192383,1224.5634081363678,0.009058759
17.544878244400024,76,238.26941010552125,0.6912882328033447,0.10957884788513184,770000,12.529090881347656,3.9382519721984863,244.1620059216518,100,222.40605670544386,0.0031674346,3.265914303884998,466.3526907988349,16.742212533950806,1242.1386604309082,0.006804654
16.88525938987732,77,237.2624882009439,0.5412242412567139,0.126939058303833,780000,11.937055826187134,3.9561822414398193,247.31926944760795,100,222.72497670561256,0.011244458,4.521218678169365,464.11539608185035,16.211426258087158,1259.0487673282623,0.016960034
17.7795889377594,78,237.93479321870186,0.7324590682983398,0.1448523998260498,790000,12.54142165184021,4.054134368896484,247.2048340535166,100,221.95185484044387,0.0043853517,4.958822073311013,465.19452796021613,16.902018785476685,1276.8646726608276,0.008652115
17.393466234207153,79,236.5633129381063,0.6002929210662842,0.10447978973388672,800000,12.436418294906616,3.9159915447235107,245.8786344095916,100,220.9536749104445,0.015275396,4.845282057441176,462.0731792631392,16.6884503364563,1294.2863080501556,0.018388232
18.803861618041992,80,237.00334733895463,0.5742020606994629,0.11812376976013184,810000,13.72157621383667,4.08162522315979,245.7740711116022,100,219.8834764767216,0.010150559,4.898475285804618,463.17343515775895,18.111303567886353,1313.118003129959,0.01372771
16.745675802230835,81,236.63445129301002,0.6535329818725586,0.17720723152160645,820000,11.747493743896484,3.8808035850524902,246.82646511726975,100,212.53276471390018,0.0029357667,5.925030433242021,461.3376537492902,15.91470217704773,1329.8838725090027,0.0068496764
19.619325160980225,82,238.36699909318386,0.6739156246185303,0.12388992309570312,830000,14.605220079421997,3.9086129665374756,245.70661634836296,100,230.58991063126754,0.014351187,3.4056725585580123,466.05912625480096,18.82097840309143,1349.537757396698,0.018118441
19.949727773666382,83,238.32960764811594,0.5573520660400391,0.08718657493591309,840000,14.760880708694458,4.179263114929199,248.7930336166193,100,225.4583458378501,0.0023913695,4.588064514622017,465.8069466419435,19.29592990875244,1369.519867658615,0.0064156004
19.121201515197754,84,239.21253137562212,0.5524327754974365,0.2653462886810303,850000,13.990337610244751,4.012587308883667,248.3668086868462,100,224.47349086665494,0.0062571336,4.161720757884768,467.8083796613079,18.29864764213562,1388.6621799468994,0.0125997225
18.190948009490967,85,240.83989308009444,0.6567015647888184,0.19532394409179688,860000,13.126591205596924,3.902606248855591,248.04345683149788,100,227.3188777645123,0.0025148895,3.625021836078268,472.7185237458662,17.337468147277832,1406.883512020111,0.0044097533
19.29005742073059,86,240.46671234348557,0.6645522117614746,0.12278556823730469,870000,14.250165700912476,3.910419225692749,248.39890099253037,100,229.74277653868256,-0.00022428895,3.9687320815248754,471.07585424632913,18.502212524414062,1426.200154542923,0.0072197905
16.311726331710815,87,237.6914433927678,0.6364552974700928,0.11344051361083984,880000,11.365612268447876,3.881985664367676,252.90541672076182,100,142.85258863956233,-0.003138272,11.979373456076797,464.88624271451795,15.561584711074829,1442.5591900348663,0.0048514646
17.90064287185669,88,225.45169295378756,0.6219296455383301,0.12495040893554688,890000,12.902022361755371,3.9345662593841553,246.34324681844296,100,143.97382911279607,-0.007891784,18.307144154284373,435.73111699430484,17.15261220932007,1460.5186893939972,0.004892009
18.020683526992798,89,237.26870597314021,0.5331611633300781,0.10806584358215332,900000,13.228615045547485,3.8202426433563232,246.60075050055207,100,222.45973822021259,-0.024632586,5.0643289533288955,460.67834318892767,17.367711067199707,1478.5929381847382,0.009430627
17.74684453010559,90,222.4964995896927,0.6865344047546387,0.10787224769592285,910000,12.685436725616455,3.8483071327209473,249.94934014091623,100,170.95673823802656,0.017637255,19.336387228609127,430.09787794000704,16.948216199874878,1496.3672263622284,0.020985762
10.49181842803955,91,237.16435905723688,0.3684406280517578,0.10360884666442871,920000,6.0513341426849365,3.6888060569763184,250.30248406445463,100,183.78488470647693,-0.0018463104,10.178388623451903,463.17052573565337,10.019336938858032,1506.891568660736,0.0039074677
10.052417039871216,92,239.68045313707128,0.30312466621398926,0.06770133972167969,930000,5.828843116760254,3.5903820991516113,252.1183400651592,100,199.25119691931866,0.00013938904,6.965874767464457,470.56415667858965,9.681301832199097,1516.960683107376,0.007055844
10.1211256980896,93,241.64758741596796,0.331270694732666,0.10339736938476562,940000,5.8378684520721436,3.5918548107147217,252.21816146928123,100,211.29628776004674,0.0027352585,6.563952272404788,474.5372320077877,9.684623956680298,1527.102138519287,0.012063737
9.950109720230103,94,243.1591262877404,0.3249659538269043,0.035790205001831055,950000,5.752025127410889,3.5692732334136963,252.8323264611969,100,203.92705622142182,-0.0031667235,5.890334281046909,478.36759692218055,9.589041709899902,1537.0715353488922,0.0062964843
10.176968574523926,95,238.04032898538205,0.33086466789245605,0.07648515701293945,960000,5.870058536529541,3.634824514389038,252.1627141093774,100,179.99791077841104,0.00013166505,10.289862374569905,466.82676366325626,9.769299507141113,1547.2685441970825,0.013386963
10.193913698196411,96,242.96145729402363,0.447343111038208,0.08983635902404785,970000,5.768621444702148,3.6291000843048096,250.91887634303393,100,232.13298436395002,0.0032253999,3.755691241377845,474.31115878249096,9.656314134597778,1557.4826769828796,0.011127503
9.977195978164673,97,244.46301908158313,0.3883852958679199,0.10311388969421387,980000,5.65868353843689,3.5642995834350586,252.4402640898951,100,231.79354930464729,0.004024167,4.167023007295761,477.89253562777327,9.483775615692139,1567.4958519935608,0.005920514
9.990671396255493,98,245.2520779926936,0.3255727291107178,0.06478691101074219,990000,5.749815940856934,3.583420515060425,255.59305924963584,100,235.46676037948188,0.0126897,4.056276110370153,479.34743596855276,9.595054388046265,1577.5033905506134,0.017275684
10.163928031921387,99,246.92649335970773,0.33191394805908203,0.06389713287353516,1000000,5.902858018875122,3.6114680767059326,254.63169486286668,100,235.9829337866896,0.0039455323,3.5955860500187593,482.75062292519976,9.767880201339722,1587.68709731102,0.008839127
10.175842046737671,100,248.08417085742911,0.3220541477203369,0.06872940063476562,1010000,5.838837146759033,3.686685800552368,256.2790083709862,100,230.73488509808507,-0.0052972473,4.2804753414807,486.0328424557262,9.784753322601318,1597.8810951709747,0.006063779
10.154587984085083,101,247.15203138874716,0.3105461597442627,0.09684300422668457,1020000,5.856170892715454,3.6248791217803955,255.9119063885118,100,231.87387862222988,2.5125122e-05,4.594757443167032,485.91684739394043,9.746659994125366,1608.0558922290802,0.005845425
10.007755756378174,102,248.1307730639493,0.31581711769104004,0.1037299633026123,1030000,5.7253735065460205,3.5948262214660645,256.31500103269207,100,234.1402342753984,-0.0040359986,4.761427117592643,488.3867693036274,9.587952852249146,1618.0794296264648,0.006054654
10.022512435913086,103,245.59082262814593,0.3030056953430176,0.06691598892211914,1040000,5.827692031860352,3.5708935260772705,254.86073521025736,100,195.20379031156622,-0.010192133,7.343416583959419,483.6379043322271,9.652082443237305,1628.1214163303375,0.0057536988
10.250596046447754,104,247.5170116665531,0.3245556354522705,0.04316234588623047,1050000,5.97454833984375,3.6360087394714355,255.07679195758624,100,175.03580729419622,-0.0032003142,8.185445010968378,488.0939590380781,9.882652044296265,1638.3906543254852,0.0055791107
10.030816078186035,105,248.66138986883396,0.3064765930175781,0.11006402969360352,1060000,5.754187107086182,3.5975747108459473,254.73341535379024,100,238.26260981074313,-0.003113559,3.6283838290214936,489.41680779889737,9.614039182662964,1648.4380626678467,0.008043946
9.970489978790283,106,248.00051376100683,0.32570934295654297,0.06162309646606445,1070000,5.712562799453735,3.6130802631378174,255.63819732288002,100,221.17925138832393,-0.0055028503,6.152628027769938,488.71638371002524,9.582781553268433,1658.4280893802643,0.0035843384
9.945319414138794,107,248.85194449950123,0.30980706214904785,0.06393909454345703,1080000,5.742248296737671,3.5770998001098633,255.72735317889865,100,227.0253836994366,-0.008907234,4.446959231874184,489.86688202605814,9.568516492843628,1668.3890056610107,0.002331633
10.070486068725586,108,250.20278053314632,0.3084452152252197,0.08795619010925293,1090000,5.803532123565674,3.6134250164031982,257.30324870182784,100,222.8567970567147,0.0048006196,5.515172565571638,492.05403549695654,9.673860788345337,1678.4798290729523,0.0058203493
10.052790641784668,109,244.9282213692895,0.32999539375305176,0.060817718505859375,1100000,5.7946457862854,3.614525318145752,257.5627961062897,100,216.30264097513376,-0.0033730043,10.097264478685602,484.9228006701219,9.661762475967407,1688.5505917072296,0.009816586
10.024275779724121,110,252.53676439269915,0.31177377700805664,0.06813979148864746,1110000,5.81615686416626,3.5714898109436035,258.7341502242713,100,233.01667947677197,0.0006721634,3.636280663746177,493.7953412688199,9.644097566604614,1698.5943586826324,0.010749361
10.050608396530151,111,253.2215258225803,0.31003642082214355,0.09637141227722168,1120000,5.782445430755615,3.5716326236724854,258.7805793882134,100,237.83588544693248,0.0053827865,3.3224515191739563,494.5189700363112,9.643948078155518,1708.666077375412,0.004816966
10.084432125091553,112,253.79701634597157,0.324737548828125,0.06698727607727051,1130000,5.814513206481934,3.612271547317505,259.1160737882062,100,243.50725961240587,-0.022002991,2.763687479923829,494.09355452652477,9.692370653152466,1718.7700629234314,0.010722636
10.098041534423828,113,246.9914742158562,0.32970213890075684,0.04662895202636719,1140000,5.815152883529663,3.6425702571868896,259.52201875996127,100,205.8681062010544,0.01143312,10.131684064190932,485.9008040915926,9.721418619155884,1728.8885543346405,0.010894773
9.998661518096924,114,247.9718079938192,0.3003060817718506,0.11858296394348145,1150000,5.690700531005859,3.61643385887146,260.1690897894107,100,214.4746131473664,-0.00069099886,10.489910110442771,487.7919266775766,9.579442501068115,1738.904958486557,0.0153383175
10.02649474143982,115,252.4202331907233,0.33271265029907227,0.07286524772644043,1160000,5.751236438751221,3.6079957485198975,261.7455237694995,100,239.1492924940469,0.014313612,4.424807859706024,490.1232051297897,9.620667934417725,1748.9513239860535,0.021629697
15.42043161392212,116,255.46794077558943,0.7315707206726074,0.1322157382965088,1170000,10.297946453094482,3.926703691482544,260.68631358238594,100,234.6932197198004,0.0030070222,4.128410620996199,499.4179931257268,14.556282997131348,1764.391918182373,0.005378833
16.248797178268433,117,256.69336685263255,0.4470939636230469,0.11114168167114258,1180000,11.644012689590454,3.7397947311401367,262.7966910871091,100,239.78799128830445,0.008230829,3.8154474442810646,501.24424122712867,15.688661098480225,1780.6793794631958,0.005718549
19.382741451263428,118,256.59002086028994,0.7481272220611572,0.09714412689208984,1190000,14.26465892791748,3.96480655670166,263.51212906292534,100,243.83454727905902,-0.008265106,3.834366437109351,501.17914630779734,18.53491473197937,1800.0971944332123,0.009765204
16.915251970291138,119,249.48511175316705,0.4884021282196045,0.13527989387512207,1200000,12.15356159210205,3.8471810817718506,263.54713298632794,100,187.35605202431788,-0.0043233065,16.105640979160498,492.3485219492476,16.2872531414032,1817.0421588420868,0.0069253845
18.349765300750732,120,255.19861984019224,0.7162292003631592,0.10652041435241699,1210000,13.266549110412598,3.940093755722046,262.69507593084785,100,245.68132794346002,0.0074064913,3.111070376678971,496.76517628835774,17.520068168640137,1835.4200239181519,0.012578842
17.778456687927246,121,257.4558872894298,0.5996358394622803,0.13633394241333008,1220000,12.78530502319336,3.950456380844116,264.08805571021463,100,226.46473107778593,-0.004862024,4.504361188329296,504.38179334115586,17.041990041732788,1853.2428667545319,0.0029348205
17.68564510345459,122,223.3524576826518,0.6100327968597412,0.10758781433105469,1230000,12.574939250946045,4.079232215881348,265.12324071479526,100,155.54057488639168,0.024510818,31.151660220036412,439.85599456761577,16.963693141937256,1870.9643766880035,0.033448115
17.01002335548401,123,247.55895407752135,0.583683967590332,0.1345500946044922,1240000,12.125659227371216,3.8733553886413574,264.78952668028387,100,211.44046795155097,0.00848793,12.281914116443573,486.26618288851284,16.289501905441284,1888.006724357605,0.021974178
15.675552129745483,124,255.46159140206314,0.6382479667663574,0.13864850997924805,1250000,10.649615049362183,3.949843168258667,262.5687136446082,100,248.02135287585554,0.018154567,3.2859390985217,496.0971259358377,14.873576879501343,1903.7132897377014,0.023532413
18.310595273971558,125,246.51383692149955,0.6204965114593506,0.15372633934020996,1260000,13.262938022613525,3.9354238510131836,266.6017831054074,100,180.52814854549405,0.009204621,17.67798738327966,483.9861992603547,17.534131050109863,1922.0695548057556,0.020275438
18.532681226730347,126,258.19943153335544,0.4941551685333252,0.11864185333251953,1270000,13.794255018234253,3.8250865936279297,268.2021270557123,100,243.4700378334372,0.013973492,3.729416107187924,502.9068983716783,17.91420340538025,1940.633952140808,0.015748125
17.33953857421875,127,258.51360767502683,0.6032702922821045,0.181962251663208,1280000,12.50901985168457,3.7440996170043945,265.37541629781924,100,246.36596420796647,0.0069208876,3.582595376632704,503.89714180030285,16.554041862487793,1958.0056011676788,0.0046071443
20.26174545288086,128,243.16729186732883,0.5544624328613281,0.16246771812438965,1290000,15.032224893569946,4.171223402023315,268.7299645582832,100,151.35721795282373,-0.0010990418,28.195957565208055,475.8257311394711,19.542850017547607,1978.2954835891724,0.0066588107
18.677547216415405,129,258.64461783295536,0.4542887210845947,0.1582024097442627,1300000,13.818456888198853,3.927539825439453,266.9773209092524,100,220.14855116212902,-0.004449535,6.252532003483105,504.0646101994881,18.063337802886963,1997.0070989131927,0.005275976
18.09829092025757,130,259.6578578252145,0.5425710678100586,0.14848661422729492,1310000,13.003440856933594,4.016652584075928,268.7622699942301,100,249.49331886399327,0.0073320405,3.854608713236683,505.0246182626127,17.38847780227661,2015.1369614601135,0.013918898
16.965726375579834,131,258.80864043081675,0.6387026309967041,0.19482207298278809,1320000,11.936026573181152,3.868299722671509,271.85624691909567,100,201.3364551951072,-0.0097167995,10.934478301492613,505.6580318030186,16.09317111968994,2032.1302926540375,0.0056066285
16.547122955322266,132,262.86892792085615,0.6326775550842285,0.09591817855834961,1330000,11.677229404449463,3.8426148891448975,271.1645566055854,100,247.16894066380172,0.005580229,3.878972979534603,511.98958462661545,15.817037343978882,2048.7226033210754,0.010188146
16.09799313545227,133,264.6765204903024,0.598426103591919,0.10725975036621094,1340000,11.281240701675415,3.7931532859802246,270.7422445426434,100,230.70446139162073,-0.00032591858,5.314512371571372,516.3765263052483,15.390390634536743,2064.8525290489197,0.0027652162
17.425740003585815,134,264.48871964361047,0.5515563488006592,0.1125185489654541,1350000,12.482748031616211,3.9669675827026367,271.903775731398,100,254.65996967336875,0.006985767,3.2799970528890556,515.9320622146316,16.760554552078247,2082.298589706421,0.0111713195
18.053536415100098,135,265.88797887184387,0.4831666946411133,0.14882469177246094,1360000,13.041005611419678,4.0483078956604,273.99479883425914,100,237.0312791494078,-0.0028966155,5.678651174365114,519.5931007976808,17.421245336532593,2100.3937377929688,0.005058667
18.7694308757782,136,262.3512754535192,0.5203347206115723,0.1061849594116211,1370000,13.836530685424805,4.001511335372925,275.9301656255262,100,221.9670452048018,0.0019577271,10.566355955473215,512.739959209937,18.14216423034668,2119.1960558891296,0.017676733
17.522377014160156,137,266.20317377836267,0.5098230838775635,0.13337063789367676,1380000,12.853336334228516,3.693328380584717,275.31654195779413,100,243.51427653516586,0.0042410386,5.714840838505343,520.5281468984657,16.87874698638916,2136.75062084198,0.010195763
17.5124032497406,138,265.2684324489272,0.4850142002105713,0.1905841827392578,1390000,12.729534149169922,3.7907638549804688,279.016768767632,100,210.46440316814278,-0.0070550637,10.067175218484847,519.0807440677423,16.83586025238037,2154.290161371231,0.0060650115
16.70823335647583,139,267.1166210747174,0.49535536766052246,0.10775136947631836,1400000,11.95555853843689,3.8212740421295166,277.57353493199093,100,243.74871012516815,0.0085131535,5.61111710113206,521.9014156667037,16.102017164230347,2171.0274798870087,0.011819751
18.023752450942993,140,269.46256999797515,0.45401859283447266,0.13477563858032227,1410000,13.234344482421875,3.8727853298187256,278.91315225765993,100,239.2688879456214,-0.0018874191,6.620044128104799,527.91127676289,17.43466830253601,2189.079671382904,0.0049618483
20.32086992263794,141,268.9133463907996,0.6143999099731445,0.13013672828674316,1420000,15.347667217254639,3.916620969772339,278.1511177966175,100,161.05756235322235,-0.022147058,11.934710232964212,527.1003000318577,19.57315754890442,2209.4286658763885,0.003644342
17.450092315673828,142,268.2493226434686,0.6343214511871338,0.12448859214782715,1430000,12.487651109695435,3.827803373336792,275.75672144154134,100,258.06055707188426,0.011820542,4.151494547805316,522.9781325888765,16.69070339202881,2226.9002101421356,0.010575529
17.051010608673096,143,265.7526374471395,0.5044436454772949,0.13334965705871582,1440000,12.31237244606018,3.8037283420562744,278.9648170182553,100,247.818079900157,0.0040400163,6.512908889858429,517.0204601166555,16.410787105560303,2243.9803516864777,0.012047536
16.863101959228516,144,267.4565272110696,0.4893529415130615,0.13233709335327148,1450000,12.148341417312622,3.7840049266815186,276.94277979444246,100,221.55079608276915,-0.016788827,6.914229968832612,520.079854511264,16.24080991744995,2260.8769443035126,0.0019493988
17.80331826210022,145,268.07714722489493,0.547083854675293,0.1417539119720459,1460000,12.885615587234497,3.863142251968384,281.8048132563552,100,154.78837407358765,-0.005355481,16.875455141198263,523.9762486909816,17.114065647125244,2278.6982867717743,0.0068701264
17.20901131629944,146,276.0734627537307,0.503340482711792,0.09947586059570312,1470000,12.49342131614685,3.784162759780884,285.08382740758657,100,158.04384864376388,-0.006226161,12.555355059358622,544.0830326595783,16.604872226715088,2295.9396567344666,0.0035854431
16.56237268447876,147,272.36077069017267,0.5776755809783936,0.16551923751831055,1480000,11.529901027679443,3.984513282775879,280.83570772679457,100,257.0152743558566,-0.0055161924,5.108870954875562,536.5672450915627,15.809432744979858,2312.5259308815002,0.011116321
21.25382423400879,148,273.9034985157443,0.5727982521057129,0.1363670825958252,1490000,16.221393823623657,3.978101968765259,288.44280148518357,100,156.52786811752551,-0.004736226,19.90418061092814,540.2599102157612,20.533302545547485,2333.8101029396057,0.0036258209
16.996872186660767,149,277.79239444922797,0.5629668235778809,0.16375064849853516,1500000,12.22060513496399,3.7058768272399902,286.65028476814683,100,260.0579875047875,-0.00833651,4.997254768633269,546.4365735910925,16.256080865859985,2350.8381667137146,0.007556668
16.02246332168579,150,263.52502449482677,0.5311880111694336,0.1033780574798584,1510000,11.310264348983765,3.7632334232330322,286.18921429969816,100,117.76466434719036,-0.011492792,34.718138298849226,516.2482049823741,15.383736610412598,2366.886440038681,0.0036536925
21.25019121170044,151,275.89653204325396,0.7359580993652344,0.09678983688354492,1520000,15.793582201004028,4.281602144241333,285.0896273652826,100,258.0326953550351,0.007830795,5.359949618087485,543.661319999765,20.414929389953613,2388.1705935001373,0.008303428
20.139835834503174,152,277.1219833822844,0.5315322875976562,0.12405681610107422,1530000,14.939308881759644,4.168321847915649,284.61760035845094,100,256.58677959697394,-0.0062205764,4.701416699750472,546.1953166634065,19.483830213546753,2408.340343952179,0.0027451385
17.253026247024536,153,270.24068283523343,0.657799482345581,0.1322789192199707,1540000,12.483530759811401,3.694687843322754,285.5843305640116,100,160.1933311920375,-0.0071158693,28.191010883568893,532.4427477492922,16.462647438049316,2425.6205592155457,0.0033392822
17.23186182975769,154,276.35796175497546,0.5324516296386719,0.148115873336792,1550000,12.336304664611816,3.9152770042419434,283.38807303087697,100,234.14548443726613,-0.07306538,5.827156833559405,545.6594821858982,16.547654628753662,2442.901593208313,0.0003490509
17.30223560333252,155,263.80828452916126,0.5528533458709717,0.12060165405273438,1560000,12.55497145652771,3.791224956512451,271.25936749477296,100,251.89528530519888,0.018239105,4.075331479868577,519.5719823678118,16.626118898391724,2460.2219893932343,0.00801366
18.271094799041748,156,263.75961304762075,0.5365726947784424,0.15862679481506348,1570000,13.507887125015259,3.7409446239471436,271.7527456200328,100,255.23225018593445,0.0129728345,3.7184057543917053,519.3041774221291,17.57466745376587,2478.5316438674927,0.010429622
17.106682062149048,157,265.68023384859254,0.522101640701294,0.09936690330505371,1580000,12.479167222976685,3.7235920429229736,274.10060898322035,100,254.94686485599232,-0.0200914,3.5314654412318216,523.4970288621128,16.484440088272095,2495.669828414917,0.011812344
18.43179416656494,158,270.5451131442871,0.5692193508148193,0.13989996910095215,1590000,13.482606410980225,3.9261646270751953,275.6063776803302,100,261.515868400301,-0.13115515,3.2664033887597266,533.0731541424358,17.717222929000854,2514.1187376976013,0.0034306305
19.776404857635498,159,81.12163026704263,0.6092946529388428,0.19597339630126953,1600000,14.62874698638916,4.022457838058472,147.98323296995622,100,15.79564777723836,0.07628826,28.169353213968403,144.7971313381676,18.969542503356934,2533.9230370521545,0.07314116
19.36458969116211,160,51.675869043246294,0.4676017761230469,0.12429380416870117,1610000,14.38106369972229,4.0575644969940186,83.97135414668095,100,14.447321284685344,0.046655796,15.6379514568912,104.8907571926178,18.77222180366516,2553.3233540058136,0.055170354
17.23562717437744,161,70.90872369847978,0.6249825954437256,0.1470961570739746,1620000,12.16620659828186,3.961622714996338,140.96474543955432,100,8.526204466538397,0.055727977,26.275731154551053,140.28764791630957,16.461793184280396,2570.5929005146027,0.068624906
19.295865535736084,162,112.86262517006725,0.5908331871032715,0.12909913063049316,1630000,14.08657455444336,4.140653371810913,189.04291509998723,100,27.544765234712226,0.058596376,27.88963877273717,223.08292269612878,18.572165727615356,2589.934526205063,0.06519407
18.617620944976807,163,163.62313898458535,0.5135598182678223,0.11597204208374023,1640000,13.53822636604309,4.133490324020386,201.96551967309986,100,96.24878922715668,0.025649404,23.511496492729773,323.3237839498691,17.987552165985107,2608.577826976776,0.028382367
17.297691583633423,164,191.8167145661402,0.5395309925079346,0.13030481338500977,1650000,12.323801279067993,3.988828420639038,222.39413471803002,100,123.85677649684789,0.033952087,15.577280623476454,369.84799881088117,16.6266872882843,2625.9035811424255,0.04663475
18.317453861236572,165,208.7327905532781,0.5397746562957764,0.1178278923034668,1660000,13.42766523361206,3.9210448265075684,241.73384870704731,100,175.2775217305762,0.052609596,12.366214366601401,398.2872018440379,17.658058881759644,2644.244022846222,0.06254556
19.278000593185425,166,221.9715460183612,0.5581259727478027,0.1484379768371582,1670000,14.269505977630615,3.9805243015289307,250.74736075878138,100,163.5661013922696,0.03750311,15.731302083098011,428.9428051835978,18.571041107177734,2663.540112257004,0.038822994
16.485581159591675,167,228.21275604534662,0.5660912990570068,0.15015792846679688,1680000,11.705592155456543,3.749166965484619,255.21681959733536,100,168.03931219260983,0.00011427917,17.76616074770141,444.0393041855764,15.768690824508667,2680.0492815971375,0.009709329
18.076761484146118,168,240.0259140998022,0.5282812118530273,0.12234711647033691,1690000,13.44030499458313,3.678363084793091,264.98467788785655,100,178.64115704656086,0.011487958,15.30258091153703,472.41161777080384,17.4247887134552,2698.206618309021,0.017707907
17.68459701538086,169,253.06244813357077,0.602036714553833,0.14517521858215332,1700000,12.749240159988403,3.793942928314209,267.2222816806641,100,190.3530917625363,-0.013991191,10.685075131676685,504.0307837204272,16.930692195892334,2715.9218487739563,0.0015414307
18.608853816986084,170,261.0934955665577,0.5543041229248047,0.16315412521362305,1710000,13.612473249435425,3.9233899116516113,271.48549559183846,100,245.42506962852073,-0.0039422396,5.264704388953301,521.2630278332826,17.8827702999115,2734.5599942207336,0.01336277
17.19775152206421,171,258.7258620131807,0.5061888694763184,0.14482593536376953,1720000,12.462582349777222,3.7605929374694824,268.1207447663799,100,245.6619055490394,-0.01263759,5.2823689648962695,513.8108350897116,16.545241832733154,2751.7847056388855,0.01225148
17.160369873046875,172,262.9850156699849,0.544825553894043,0.10956072807312012,1730000,12.340378284454346,3.809253454208374,273.9345514180963,100,240.9127734362355,-0.031973887,4.88873643020415,524.9946388553493,16.504314422607422,2768.965440273285,0.0069337557
16.334373712539673,173,265.5937057414436,0.5319294929504395,0.1469261646270752,1740000,11.723024368286133,3.6288938522338867,273.2100808395876,100,250.08342152366436,-0.052258644,4.679788279518727,530.790435481608,15.652354955673218,2785.32723236084,0.0016973877
19.87467622756958,174,257.4040797129978,0.5888533592224121,0.18473052978515625,1750000,14.740195035934448,4.046440601348877,275.60691050701166,100,167.77289011915562,-0.0089557925,14.414289244729211,511.84982851994073,19.09849524497986,2805.2362983226776,0.0042049745
19.93780255317688,175,267.2941250630736,0.6317131519317627,0.1385481357574463,1760000,15.017794847488403,3.7671186923980713,278.3919131940694,100,133.6404538727655,-0.0266128,14.804939052793769,535.4845946618325,19.165409088134766,2825.2193353176117,0.004316675
18.721657276153564,176,269.2027725311352,0.5943663120269775,0.1499466896057129,1770000,13.921533823013306,3.735059976577759,275.74401721276763,100,250.46604004151777,-0.003790448,4.424740999260075,536.104677194658,17.97697353363037,2843.96480345726,0.0028730133
16.68334984779358,177,272.67339832514614,0.6564445495605469,0.12464022636413574,1780000,11.681998491287231,3.922529458999634,277.13243978135284,100,261.6420059264934,-0.10269211,2.5432957133786305,542.5730127239273,15.901682615280151,2860.6874525547028,0.0046113753
17.998642206192017,178,276.12884380707004,0.7054786682128906,0.1632542610168457,1790000,12.96142292022705,3.869727373123169,282.8452706527315,100,265.78931133826217,-0.06851339,2.697465305509262,550.2966708420059,17.129417896270752,2878.745528936386,0.0063212034
19.395568132400513,179,166.81809704589807,0.8011929988861084,0.12038683891296387,1800000,13.967177629470825,4.1952574253082275,287.2321567650526,100,94.94381291269563,0.101194285,57.57942999310165,321.39798084178926,18.4645094871521,2898.1679244041443,0.11194137
16.957954168319702,180,277.75360186974603,0.7149937152862549,0.19605708122253418,1810000,11.885650396347046,3.8387017250061035,290.5112200870963,100,135.3309915762747,-0.018033901,22.75060655284953,550.6866640785893,16.04653263092041,2915.169786453247,0.003364321
17.59266448020935,181,280.5491491402761,0.744124174118042,0.17409229278564453,1820000,12.715596675872803,3.65502667427063,292.37956089264094,100,171.53048259390638,-0.014075767,15.666135055759693,557.8029336410909,16.67414879798889,2932.777986049652,0.000731189
16.1797833442688,182,262.12204572793934,0.46459364891052246,0.12527036666870117,1830000,11.630703210830688,3.6576085090637207,288.69665478431364,100,210.82057926081748,0.022254677,16.28645726191646,525.6797136891929,15.584794521331787,2948.9930782318115,0.033533227
16.68334436416626,183,245.9391388107271,0.5156686305999756,0.13355398178100586,1840000,11.668470621109009,4.073403596878052,294.6920573027285,100,95.48632429703142,0.04388793,55.409547910808676,486.02672227433226,16.031038761138916,2965.7019543647766,0.023271808
17.391722440719604,184,274.01450881067814,0.5029201507568359,0.09890961647033691,1850000,12.855481386184692,3.631772756576538,291.31818613759134,100,250.11926444027213,-0.01098068,8.229128048272967,546.5840107233755,16.78933024406433,2983.115364074707,0.011731998
17.820468425750732,185,284.1861364144126,0.5097436904907227,0.1796255111694336,1860000,13.048182725906372,3.779785394668579,291.82735636583726,100,246.1153890927297,-0.019803857,7.006430941740432,563.005860249608,17.129775047302246,3000.9643037319183,0.00063189695
18.133508443832397,186,243.36112643702165,0.4552597999572754,0.11299586296081543,1870000,13.460167169570923,3.7545928955078125,293.66102831526,100,138.49974526557574,0.03017963,49.90935346111249,477.7943683947417,17.564664125442505,3019.1388664245605,0.016761139
17.33918261528015,187,283.00699739787115,0.577378511428833,0.08814215660095215,1880000,12.39068055152893,3.920438289642334,291.5691701031268,100,170.18356641454568,-0.02126511,13.202563882091837,560.1158684559806,16.665165424346924,3036.5025432109833,0.000652005
17.92161250114441,188,281.9041873022177,0.6289713382720947,0.15564489364624023,1890000,13.026926517486572,3.8114750385284424,290.05312031794597,100,262.3124567783503,-0.02492912,6.625897606122197,559.0704912944586,17.135294198989868,3054.457549571991,0.00089713366
18.12932562828064,189,280.2999240884164,0.6333792209625244,0.19036626815795898,1900000,13.228588819503784,3.7649831771850586,286.0883410141731,100,272.53856231054425,0.07256814,2.4174420454544086,558.3655894710917,17.303813219070435,3072.620264530182,0.013156159
17.766767024993896,190,250.51609471987652,0.49090027809143066,0.13814687728881836,1910000,12.91758108139038,3.9203109741210938,282.0078500259466,100,233.0843540030844,0.0755333,9.73645021834032,487.6674725334149,17.134716749191284,3090.4453561306,0.09710757
20.551992893218994,191,112.45882890176438,0.49027156829833984,0.0859365463256836,1920000,15.69826865196228,3.8896214962005615,180.0066947719031,100,34.39765015387749,0.026819132,30.64990921969817,221.44551871784788,19.975270986557007,3111.031751871109,0.063408345
16.270445585250854,192,265.1992333949466,0.5082294940948486,0.13201427459716797,1930000,11.355981826782227,3.9521231651306152,286.27922126371914,100,242.8609807765359,0.023880634,11.955483482438245,518.4243760480246,15.629160642623901,3127.3348076343536,0.01836459
18.693862676620483,193,82.74967793973123,0.6031112670898438,0.09031939506530762,1940000,14.152045011520386,3.5490894317626953,121.87018992909385,100,18.562471254749987,0.02334521,24.54220917875711,166.37481852846398,17.994243383407593,3146.05442404747,0.07325527
18.61747121810913,194,-103.24502585636657,0.531956672668457,0.11871767044067383,1950000,13.995895862579346,3.6803557872772217,20.435221730568244,100,-277.89637652624674,0.06625978,84.86496049329403,-182.73746170319234,17.966386318206787,3164.703642129898,0.04412058
18.390645742416382,195,13.225142612568462,0.7044506072998047,0.1260836124420166,1960000,13.47200059890747,3.774505615234375,60.503798197672246,100,2.6378858518687918,0.07407074,6.286205035531366,38.31673495457666,17.558558464050293,3183.123479127884,0.063111015
16.129759073257446,196,20.418594419671436,0.49185872077941895,0.1189110279083252,1970000,11.605381727218628,3.6341118812561035,59.78159319154302,100,-27.42134437551488,0.024166249,10.100413251892848,56.33023780986263,15.518137216567993,3199.272968530655,0.031565912
17.1413471698761,197,30.779529136548476,0.4851696491241455,0.12659192085266113,1980000,12.276589632034302,3.9576973915100098,60.7026766087829,100,-31.502852053923743,0.020625904,15.566551827648533,72.29143668753478,16.52818250656128,3216.455777645111,0.02383892
19.15761089324951,198,32.325278434098514,0.637681245803833,0.13407468795776367,1990000,14.159907341003418,3.887488603591919,57.22806090866061,100,-14.302061920059755,0.04116042,16.342197033785336,71.89597022548578,18.384543418884277,3235.6444137096405,0.048430134
20.260237216949463,199,30.46535747268047,0.5563149452209473,0.15234804153442383,2000000,15.348682165145874,3.87516450881958,58.299301338282966,100,-36.38985763359016,-0.0010874451,19.611734992609712,70.5579267330089,19.549272060394287,3255.937494277954,0.005267178
18.2653591632843,200,30.758331567738615,0.6177041530609131,0.14536833763122559,2010000,13.359707832336426,3.8214619159698486,63.381864826545566,100,-38.23355729445319,0.0021718994,20.132361863115996,73.17592762571769,17.49957036972046,3274.2328708171844,0.012126629
18.012224912643433,201,36.670609659373966,0.5456032752990723,0.1550436019897461,2020000,13.352276086807251,3.6372411251068115,68.44363828945914,100,-36.968233667509466,0.038269427,18.4596532764377,82.65165460807691,17.30666422843933,3292.2778849601746,0.032758895
16.41605544090271,202,29.229151525148854,0.47872114181518555,0.1082909107208252,2030000,11.884620189666748,3.64823579788208,63.401181943751546,100,0.7986724389828428,0.08251883,14.624070584359872,79.36558808054131,15.828279256820679,3308.7249319553375,0.08158032
18.313385725021362,203,35.49230845845213,0.5706086158752441,0.10317826271057129,2040000,13.731333494186401,3.5701489448547363,66.82820369513635,100,-36.74903662831695,0.0064413454,20.401227664894503,89.22287098902326,17.639131546020508,3327.0569984912872,0.01436511
17.24516463279724,204,38.167115193478196,0.5611848831176758,0.12519383430480957,2050000,12.516151666641235,3.7171924114227295,64.9917266968533,100,-15.162101356934668,0.04380607,18.00310107192571,95.1686123722113,16.558157444000244,3344.3340258598328,0.048537012
17.171963691711426,205,42.14217502072025,0.5394432544708252,0.09955787658691406,2060000,12.512315273284912,3.6964821815490723,68.37599228734246,100,-13.722720512636506,0.033892736,17.01809602357981,99.0163049228853,16.53152322769165,3361.538649559021,0.042869322
17.77184271812439,206,37.235547137830025,0.6031842231750488,0.10651588439941406,2070000,13.190776824951172,3.555232048034668,68.20648176692856,100,-40.690156833169965,0.0029583862,27.38855609723908,89.65986740924195,17.061843633651733,3379.3340034484863,0.007324048
17.97730255126953,207,46.7322102569529,0.6439769268035889,0.12381219863891602,2080000,13.132193565368652,3.7808215618133545,68.30677093758747,100,10.045679098699381,0.026740314,17.56114417130496,105.22930793256235,17.208998918533325,3397.3445703983307,0.023945337
19.621713399887085,208,51.343508284434165,0.511969804763794,0.13244247436523438,2090000,14.645115852355957,3.97365665435791,74.18007068068923,100,-7.4459827937106,0.0059771147,18.090747534340633,110.73328658252785,18.97391676902771,3416.988001346588,0.01222865
19.07603645324707,209,53.13505936548474,0.5972678661346436,0.06656861305236816,2100000,14.461092710494995,3.6461544036865234,83.12405802869895,100,-36.72344639512122,-0.0027247018,20.098953667850296,114.47054066221439,18.411203145980835,3436.0956950187683,0.00891413
18.54330015182495,210,56.03887217619142,0.6384332180023193,0.20923972129821777,2110000,13.654932975769043,3.699620485305786,78.30964692274192,100,2.8405091397100826,0.015841546,16.63418635150205,123.62852403709698,17.69286346435547,3454.6695742607117,0.022056416
19.45802617073059,211,59.73322075606451,0.527987003326416,0.1337594985961914,2120000,14.69374704360962,3.7960586547851562,79.84292176360314,100,17.309682406817654,0.017757311,16.089924794949315,132.6999729254243,18.793936491012573,3474.1517770290375,0.0228948
17.460824251174927,212,64.02429171199239,0.5025148391723633,0.10971403121948242,2130000,12.924135446548462,3.6111860275268555,85.91662225314346,100,31.165088332013013,0.042910412,14.996202165274111,145.64579149882735,16.846539735794067,3491.6397309303284,0.037007812
18.13858652114868,213,64.36239414954962,0.5127222537994385,0.11586880683898926,2140000,13.536198616027832,3.6595420837402344,87.01138080697561,100,10.559776435851772,0.019620098,19.89140297383601,153.0621823423769,17.509593725204468,3509.8042418956757,0.02647041
18.280930757522583,214,72.77218344443939,0.5170533657073975,0.13510417938232422,2150000,13.459245204925537,3.832528829574585,92.53361486641982,100,17.238097367819844,0.023693725,17.620669366157035,166.36131223363427,17.628076553344727,3528.114353656769,0.020973455
16.774152278900146,215,70.68636261289872,0.7568399906158447,0.11304020881652832,2160000,11.946208715438843,3.642582893371582,95.60144543447873,100,28.130015963507102,0.052495178,17.00542531104573,162.43818174386112,15.897701501846313,3544.935321331024,0.051647145
19.074977159500122,216,78.73926155185887,0.6795220375061035,0.1507244110107422,2170000,14.065054655075073,3.828921318054199,95.76092930276813,100,37.286046460766386,0.031823114,14.068960659153982,176.4120164645621,18.24415421485901,3564.0555658340454,0.027984424
18.541484594345093,217,77.40675410453002,0.5170371532440186,0.09267973899841309,2180000,13.791584014892578,3.7813475131988525,98.38113104333843,100,-23.629331358188978,0.0064755753,21.341434445993116,174.17358858325423,17.92961597442627,3582.6301140785217,0.020176917
18.739869832992554,218,85.24932536289676,0.47974681854248047,0.1368551254272461,2190000,13.906213998794556,3.874861717224121,100.03081167571563,100,36.25767398807256,0.0066411956,14.80975268285496,190.13100568654437,18.12264609336853,3601.3934547901154,0.014372563
16.258232831954956,219,85.43350400710365,0.6543886661529541,0.1287550926208496,2200000,11.657954216003418,3.5024430751800537,102.97890386133274,100,39.53685610209519,0.0032514466,15.640058696286754,193.8416907671987,15.473689079284668,3617.6785428524017,0.018051058
17.770113229751587,220,77.7280450846213,0.7223165035247803,0.19450020790100098,2210000,12.925414323806763,3.6150214672088623,101.18707918572515,100,-0.7892972733333421,0.0065433104,25.947478717752915,179.8565449039239,16.849947214126587,3635.4786200523376,0.018609025
18.253804683685303,221,88.89998093208607,0.5376002788543701,0.10870623588562012,2220000,13.439533710479736,3.846672534942627,103.6450276387591,100,-6.002329490778903,-0.0036137116,17.38228056324969,204.97862142275494,17.60719108581543,3653.751452445984,0.006746451
18.058621644973755,222,85.16278545828379,0.6178908348083496,0.13153362274169922,2230000,13.124683141708374,3.8743197917938232,102.18878752729137,100,33.961421549483056,0.0052648378,19.2718172087566,204.68384119654004,17.308920860290527,3671.8389885425568,0.006609306
17.805854558944702,223,90.08754183765338,0.6069290637969971,0.12443137168884277,2240000,12.803277015686035,3.8991873264312744,104.19265364644707,100,46.16030751233838,-0.0051141875,11.818866151808582,215.80259210362593,17.074049949645996,3689.6628456115723,0.005560336
17.312878131866455,224,93.24698429836835,0.6665604114532471,0.17044806480407715,2250000,12.631713628768921,3.563044309616089,107.97267020638976,100,38.31969866030328,-0.0012984314,13.880106155149452,221.62493584006063,16.4754376411438,3707.0078716278076,0.0070060715
16.65152096748352,225,85.47876601001539,0.6915955543518066,0.17328739166259766,2260000,11.808030843734741,3.663149118423462,107.47342802242194,100,30.756748766285867,0.0017725006,18.41307587861764,212.15251809655854,15.78455400466919,3723.690712451935,0.015319724
14.593744039535522,226,93.48168178385248,0.550628662109375,0.1643679141998291,2270000,10.014639139175415,3.571519613265991,108.78703881749296,100,33.60153828125192,0.0069053406,15.857605847587754,219.71880261595015,13.878241062164307,3738.3181290626526,0.0082701845
17.266939640045166,227,97.07045189219566,0.4757235050201416,0.14327788352966309,2280000,12.642544746398926,3.7083511352539062,106.80989234073715,100,51.862998965091066,-2.7770997e-07,10.5803985505494,222.5335576424213,16.646971940994263,3755.6173956394196,0.008559009
19.000771284103394,228,90.90749231364428,0.6057102680206299,0.1900632381439209,2290000,14.026095151901245,3.840932607650757,108.00115786002206,100,40.085340190242476,0.00321864,13.159790655332413,222.26380097445497,18.204406023025513,3774.6435549259186,0.015950277
18.589743614196777,229,88.79620193106761,0.4444444179534912,0.12370634078979492,2300000,13.947353839874268,3.755072593688965,108.33404237099927,100,23.621388176644764,0.008589429,22.03511750035688,212.23530914357417,18.020687103271484,3793.2610569000244,0.016977124
17.86310601234436,230,96.1203350637022,0.6698203086853027,0.1905505657196045,2310000,12.889434099197388,3.7251100540161133,108.56998941668809,100,35.598682007533405,0.00062262575,14.855327574382347,223.07827479496297,17.001238346099854,3811.170421361923,0.00956809
17.936035633087158,231,94.69136246527314,0.5430469512939453,0.12699413299560547,2320000,13.154432773590088,3.7838351726531982,107.88899355019903,100,41.22988417783235,-0.005659916,12.842208729510313,228.89962631266732,17.259526252746582,3829.1267874240875,0.009076969
17.256858110427856,232,92.26906310928918,0.43454837799072266,0.13425326347351074,2330000,12.467135429382324,3.9220995903015137,109.83266446408234,100,32.44498488679761,0.005206691,19.895746797708533,216.38355636209906,16.68716859817505,3846.40887260437,0.016535755
16.316222429275513,233,99.09835893580322,0.4809882640838623,0.1122426986694336,2340000,11.66100263595581,3.7543859481811523,109.68896491636077,100,45.26676379005451,0.0058775176,10.973489945420658,230.5970997299447,15.718048810958862,3862.7514991760254,0.017906634
15.399621963500977,234,80.32555276020581,0.5084545612335205,0.10728716850280762,2350000,10.87961459159851,3.60038161277771,109.1985350154197,100,-0.31293788621472274,0.008122507,21.879987781741693,206.45092870459123,14.778730154037476,3878.1732890605927,0.021381311
15.241588115692139,235,99.99459298974838,0.6994709968566895,0.13287687301635742,2360000,10.44359827041626,3.6610586643218994,111.55841844840815,100,57.834727217604126,-0.00228065,9.586208958776272,235.97227693604458,14.407378673553467,3893.448587656021,0.0055646487
15.854840755462646,236,100.83967290176993,0.582364559173584,0.16597819328308105,2370000,11.122557401657104,3.683903455734253,112.21684765385314,100,60.66640729866729,0.004885379,10.773886416483109,229.87869779815787,15.099258184432983,3909.3306243419647,0.016521579
15.067824363708496,237,101.26157355177678,0.5025992393493652,0.11685419082641602,2380000,10.46684718132019,3.661020278930664,112.54851473187199,100,38.73157844779093,-0.004741773,12.432600144994364,234.79647146301284,14.43657898902893,3924.426502466202,0.0033067055
16.658294439315796,238,101.7071993709032,0.5400192737579346,0.12960243225097656,2390000,11.968406915664673,3.720625400543213,111.01031282156731,100,47.04976200180869,-0.005053958,11.02303912335234,232.59862198937532,15.987240314483643,3941.1162400245667,0.0049273497
12.777205228805542,239,103.18042805588675,0.38250184059143066,0.10596060752868652,2400000,8.203953266143799,3.7993786334991455,112.73748542226143,100,71.19650398140494,0.0035402959,7.8505519295754285,240.04953777779752,12.2865149974823,3953.912647485733,0.010921814
10.93801474571228,240,104.97803821393295,0.3360879421234131,0.11250042915344238,2410000,6.683697700500488,3.5080738067626953,113.66962055292528,100,66.74667116326006,-0.0012518616,7.946052101526748,243.62138608530415,10.487103939056396,3964.8757009506226,0.009641497
10.03050684928894,241,104.53237686759589,0.3146700859069824,0.09409427642822266,2420000,5.90374493598938,3.447429895401001,111.8201236324615,100,82.01716119517774,0.011678107,6.040444014155163,243.3456203767921,9.621423244476318,3974.925360441208,0.016674066
9.822030067443848,242,104.58167942774098,0.3031337261199951,0.06829166412353516,2430000,5.747129201889038,3.449337959289551,114.08078177786166,100,65.02116799884867,-0.0029879669,7.719983471201645,241.3544512789836,9.450383186340332,3984.764283657074,0.008295972
9.920488357543945,243,95.74293985847746,0.30965209007263184,0.06383967399597168,2440000,5.783530950546265,3.4963486194610596,112.62873114878076,100,34.372058811090675,-0.004433479,15.73868485104677,233.65007419518275,9.536766529083252,3994.702185153961,0.005733893
10.095901012420654,244,106.78134677271872,0.38874316215515137,0.06319904327392578,2450000,5.902420520782471,3.4898905754089355,114.63361199435019,100,72.0262154092119,0.003286908,5.2923365891082055,241.62646288059858,9.643627882003784,4004.813487291336,0.020368734
10.202333927154541,245,99.5183340372741,0.42449522018432617,0.09205508232116699,2460000,5.921947717666626,3.5095622539520264,112.7547554079011,100,35.730908693137785,-0.0055987183,13.04069862056676,239.26775124937308,9.682997941970825,4015.0395107269287,0.0035038453
10.14926815032959,246,106.34260106298093,0.3901231288909912,0.0982518196105957,2470000,5.913060665130615,3.4955546855926514,114.23573059101277,100,15.324756364879399,-0.011202887,10.432985518561063,247.0140749915823,9.66050410270691,4025.207364797592,0.0025149826
10.222425937652588,247,103.79690423472944,0.33256006240844727,0.07004332542419434,2480000,6.06498384475708,3.494351863861084,116.88101298197655,100,-39.380222169552205,-0.013478766,16.529810241951196,241.49656028906594,9.819504737854004,4035.4467267990112,0.0018705261
10.07191514968872,248,97.67748570470896,0.3371455669403076,0.0350499153137207,2490000,5.8469836711883545,3.587677001953125,112.74127218582916,100,46.99509999919932,0.00017836608,14.545834703303415,234.13133009050557,9.6993567943573,4045.5371792316437,0.007202582
9.995073795318604,249,100.63738938200335,0.3155498504638672,0.06523513793945312,2500000,5.813282489776611,3.520814895629883,115.03503734362431,100,-9.74672871883916,-0.015035125,16.693824216251432,238.56908288707032,9.612097978591919,4055.551516532898,0.00066517637
10.136263847351074,250,99.55184484492388,0.3107309341430664,0.03520393371582031,2510000,5.980734586715698,3.544144630432129,113.52952315698394,100,-21.554689902899142,-0.01207969,18.949686826343367,236.1187083891707,9.789994478225708,4065.7075986862183,0.0028141036
10.084522724151611,251,101.41830577983184,0.3539149761199951,0.10251283645629883,2520000,5.785334348678589,3.5497143268585205,115.38859646354054,100,-51.35596269321672,-0.023457043,20.8873630686084,237.71716839013843,9.62785267829895,4075.811287164688,0.00028100586
10.021661281585693,252,108.81723933461684,0.3096425533294678,0.10134196281433105,2530000,5.87350869178772,3.46708083152771,116.67312313589268,100,85.50618996053888,0.012490126,5.141317141009072,245.08026985617525,9.610332727432251,4085.851041316986,0.018125022
9.97288179397583,253,107.19868621551254,0.3018958568572998,0.06351876258850098,2540000,5.82861065864563,3.5199856758117676,115.19933100682765,100,27.95554211701258,-0.017299566,11.92208723406493,244.82230416843436,9.607197046279907,4095.843785047531,0.004543722
10.06234860420227,254,101.61359116962859,0.3074934482574463,0.09228348731994629,2550000,5.898279666900635,3.504850387573242,115.76251404238081,100,51.496420523467094,-0.007184027,13.683146643475652,242.50780065583436,9.66232705116272,4105.9253833293915,0.0023196656
10.272546291351318,255,86.13556185983106,0.3628854751586914,0.09956836700439453,2560000,5.986393928527832,3.5552186965942383,114.46429616124283,100,-35.77384257910758,-0.0022637253,37.4885594535781,208.19650229702066,9.809725999832153,4116.2157390117645,0.009847858
10.227202415466309,256,100.63826821585246,0.30597901344299316,0.10796856880187988,2570000,6.028348445892334,3.521808624267578,115.57618614614194,100,-54.879984197783,-0.02153949,28.215483704397286,233.73792262547192,9.812863826751709,4126.462290287018,0.0014167847
10.236390352249146,257,102.12216516472961,0.4908280372619629,0.10241055488586426,2580000,5.8596155643463135,3.5158143043518066,116.1359006336251,100,23.143307777354774,-0.010781711,19.34402601915265,231.87585400032754,9.638890981674194,4136.716700553894,0.0048592314
10.090001821517944,258,107.8261004625028,0.35842013359069824,0.12302875518798828,2590000,5.889371871948242,3.4640860557556152,116.42877317100098,100,66.19405275377525,-0.011876396,8.223950506471395,246.7041232344116,9.608234405517578,4146.82626581192,0.0016547634
10.242432117462158,259,100.63511446613046,0.5257565975189209,0.11937212944030762,2600000,5.779573678970337,3.5539257526397705,116.41640358644607,100,-44.238225230022174,-0.012863092,19.146087412523237,238.84553650838836,9.59705662727356,4157.0934154987335,0.0024271302
9.871948003768921,260,107.9221966201958,0.3924403190612793,0.06598687171936035,2610000,5.704535961151123,3.4569311141967773,116.23508617657846,100,66.20855125606748,-0.0004707321,9.546198370180559,250.47319051502555,9.41321086883545,4166.9880566596985,0.005576785
10.011848449707031,261,110.05862570574169,0.45252394676208496,0.062471628189086914,2620000,5.729122161865234,3.5087053775787354,116.14785039375113,100,96.83543148369425,0.013978815,4.141381080607413,250.8947273008111,9.495794773101807,4177.020904541016,0.024098847
10.340518951416016,262,84.34265654249364,0.4877328872680664,0.16088390350341797,2630000,5.936217546463013,3.4964003562927246,115.53889769417177,100,7.875529170677831,0.024626669,23.674439650720043,212.02664299507575,9.691611289978027,4187.379903554916,0.022332078
10.026349782943726,263,106.75008943714731,0.32294631004333496,0.10993528366088867,2640000,5.839694499969482,3.46362042427063,115.25770842522329,100,14.49806695730032,-0.009154638,15.838611474802924,240.451181791248,9.592642784118652,4197.424772977829,0.0034268738
10.083543300628662,264,110.91542810959066,0.33786821365356445,0.07724189758300781,2650000,5.8770060539245605,3.5201141834259033,117.39973110796747,100,87.5204825565411,0.0071944487,5.6392594812307735,245.78585853380594,9.654202699661255,4207.52547955513,0.01713568
10.268666982650757,265,109.34609172511948,0.3149142265319824,0.06468939781188965,2660000,6.062631130218506,3.5661461353302,122.29289707468392,100,0.9362715693017658,-0.020124862,14.967054133934784,250.9777676584099,9.884931802749634,4217.817309856415,0.00057700806
9.992100715637207,266,112.31288619975523,0.3111715316772461,0.05455970764160156,2670000,5.877386569976807,3.4841935634613037,119.37080447950842,100,63.14662412047845,0.010575917,6.823851062842964,250.59136780663889,9.62596321105957,4227.827057361603,0.017370682
10.064640522003174,267,107.49640416645794,0.3267345428466797,0.0569148063659668,2680000,5.854810953140259,3.5652353763580322,118.43715560095579,100,10.602106822205972,-0.01790934,14.938350201047221,251.4332526161501,9.680690050125122,4237.90945148468,0.0005235779
10.05771541595459,268,108.1984104525574,0.36052584648132324,0.05528450012207031,2690000,5.887150526046753,3.4837398529052734,119.74770558994325,100,37.958568897071245,-0.009597006,11.513382418600923,253.27222099773007,9.632352113723755,4247.987201452255,0.003133844
10.302674055099487,269,109.22050754824782,0.30052995681762695,0.07464408874511719,2700000,6.126355171203613,3.5193331241607666,119.2427942675851,100,30.350483938896108,-0.014295105,12.385019697116968,253.51821659526922,9.926031112670898,4258.320527791977,0.0013852845
9.892523288726807,270,112.32114612812028,0.3196830749511719,0.06308174133300781,2710000,5.785382032394409,3.4548914432525635,120.59903961682362,100,97.09906518369652,0.0088144345,4.30177666829697,253.30572503038366,9.5061936378479,4268.2326538562775,0.01732021
10.069541931152344,271,106.02703161454329,0.3112640380859375,0.07874464988708496,2720000,5.955262660980225,3.4611213207244873,119.84006162200508,100,45.36795949382437,-0.010720038,14.280870402100952,250.58588214432365,9.679274082183838,4278.321781396866,0.004616918
10.20664358139038,272,111.59316924175486,0.3836219310760498,0.1039738655090332,2730000,5.932353496551514,3.5205531120300293,119.6331642847387,100,61.39237957593626,0.012324298,6.367079489641157,240.7834216898561,9.718706607818604,4288.548575878143,0.030099932
10.165356159210205,273,110.23148828172785,0.3222832679748535,0.06280112266540527,2740000,6.014937162399292,3.4699649810791016,131.07798224445227,100,57.57579254099769,0.0031641151,11.917104491190639,253.26907507992885,9.779861211776733,4298.74382686615,0.011622403
10.119290590286255,274,114.65971238744135,0.3342139720916748,0.04212641716003418,2750000,5.967057228088379,3.4972708225250244,131.34538145272106,100,23.979443987522682,-0.012011145,18.454359057550853,253.49399136761295,9.742606401443481,4308.881358861923,0.0030702117
10.084864139556885,275,116.95092522774831,0.3778090476989746,0.09657049179077148,2760000,5.827357530593872,3.514194965362549,129.03219592060915,100,106.74618925726614,0.015025287,5.407149714533433,251.84523406523957,9.61021900177002,4318.987055301666,0.028771102
10.005064010620117,276,115.35994185743644,0.3040597438812256,0.06351757049560547,2770000,5.854626893997192,3.5131633281707764,128.2656024419143,100,84.95394466609241,-0.0056652282,9.336181069408022,263.31850536152643,9.637264013290405,4329.009946107864,0.010468125
10.00194764137268,277,115.44246931387961,0.30098652839660645,0.06298995018005371,2780000,5.851001977920532,3.499985456466675,130.62671219948322,100,44.46729313138043,0.008038,13.478144462036557,246.89611727994105,9.63267707824707,4339.030250787735,0.019351136
10.069721460342407,278,123.29432190694031,0.411754846572876,0.04739546775817871,2790000,5.822608709335327,3.529970169067383,133.20137519901908,100,91.8759648832577,-0.0008095978,6.803440999226088,259.44472991535616,9.606133937835693,4349.120091676712,0.008319156
10.024259567260742,279,119.28762665175725,0.3064913749694824,0.07625079154968262,2800000,5.890142440795898,3.484710693359375,132.14047064159604,100,65.78994875063685,-0.0013421951,8.725432066884048,261.58518031026654,9.641277074813843,4359.164438724518,0.015005121
10.097937822341919,280,86.17086502011811,0.30297255516052246,0.10174751281738281,2810000,5.917133331298828,3.52313232421875,122.2888033313763,100,-18.41141773599503,0.013782808,32.84018778757774,213.47917345658837,9.692917823791504,4369.280559539795,0.027882626
10.14407467842102,281,114.9670950032576,0.2775897979736328,0.09091854095458984,2820000,5.92741584777832,3.5699427127838135,127.7859618356658,100,77.26336790837713,-0.001049472,8.77213521217119,265.16594482058366,9.775173664093018,4379.443060159683,0.0074678315
10.177399635314941,282,122.59170271051626,0.29877519607543945,0.09421014785766602,2830000,5.886781454086304,3.623239755630493,130.76395809425657,100,101.17881777023361,0.00030155183,4.800530593978912,273.5942045738579,9.784156799316406,4389.6364595890045,0.006897417
9.87384033203125,283,122.23243156831768,0.3257615566253662,0.04574704170227051,2840000,5.715776681900024,3.5246777534484863,130.9198419067605,100,96.92236490199748,0.00051501195,5.509508411004866,269.6939760920813,9.502008199691772,4399.529730081558,0.0109622525
10.469171524047852,284,122.1913462517425,0.3250739574432373,0.10632753372192383,2850000,6.153126239776611,3.586113929748535,131.68097923803833,100,103.45213774189465,-0.005484839,5.761669442064027,270.6695204830521,10.034096956253052,4410.016195774078,0.007502539
10.019625425338745,285,117.64198584051229,0.31489133834838867,0.050078630447387695,2860000,5.907674074172974,3.4868125915527344,130.4289656444192,100,65.2792570295855,-0.0020084244,12.3112242004517,261.5421574644881,9.654283285140991,4420.052214384079,0.0073204134
10.071073770523071,286,120.0443919294981,0.3230893611907959,0.06684494018554688,2870000,5.885840892791748,3.5292935371398926,130.81130255055686,100,96.19265306802997,-0.009479389,6.751885035147562,272.55729277966026,9.679159164428711,4430.139880657196,0.007212445
10.184747695922852,287,89.75792783321671,0.4263594150543213,0.06470632553100586,2880000,5.874507904052734,3.5512847900390625,127.62718882579944,100,49.7820333477867,0.03231873,27.558089048625213,205.3793715527875,9.686025381088257,4440.343489408493,0.044444058
10.010062217712402,288,108.08828221187379,0.32336997985839844,0.08072733879089355,2890000,5.855764389038086,3.4826500415802,126.86619018142713,100,52.641416151727014,0.0010147339,17.28671859706163,240.01949601223677,9.600520372390747,4450.373668670654,0.0077776
10.071799755096436,289,120.65659633681261,0.4294300079345703,0.07242417335510254,2900000,5.8507981300354,3.4619393348693848,132.4808220698242,100,96.77039369596949,-0.00021086425,5.407289250243514,268.7548381726799,9.56969428062439,4460.463305473328,0.008736157
9.909178256988525,290,116.74627911496667,0.36008477210998535,0.08153295516967773,2910000,5.764902353286743,3.4346275329589844,132.28480453651864,100,92.57026753214363,0.014444643,9.844586400127877,262.96682434666326,9.466006517410278,4470.4101712703705,0.026732385
10.174571990966797,291,130.15611472293907,0.4934804439544678,0.10419249534606934,2920000,5.837499380111694,3.4618139266967773,136.45061824262726,100,113.53723782531543,-0.008150055,4.141317445059033,273.56972751409677,9.57563829421997,4480.601931810379,0.010074739
10.018299579620361,292,109.30459176766313,0.43365979194641113,0.06419110298156738,2930000,5.799522399902344,3.4466423988342285,127.8713290148123,100,77.4220703932412,0.02042995,9.966648448762305,252.98528674046688,9.51457142829895,4490.639098882675,0.03515906
9.343079805374146,293,126.97360419530885,0.30229735374450684,0.10121941566467285,2940000,5.4295690059661865,3.2688424587249756,133.2407294586036,100,99.5749430268875,0.0057647205,4.315155293037858,276.83971578461916,8.939041376113892,4500.000777959824,0.011246654
8.558736085891724,294,127.13853536145486,0.3646581172943115,0.059268951416015625,2950000,4.734332799911499,3.1577587127685547,134.74084767944038,100,86.06642029484914,-0.005911209,5.4382097826494205,276.37294946891166,8.12696886062622,4508.576756000519,0.011435688
8.418257474899292,295,126.04387374917683,0.279735803604126,0.0543370246887207,2960000,4.7690229415893555,3.0842831134796143,133.86447199504946,100,101.08085398954826,0.007826552,4.744830371115724,276.9739818037188,8.083791494369507,4517.013117790222,0.01399311
8.400368928909302,296,125.18999013047706,0.26958799362182617,0.05348491668701172,2970000,4.772046804428101,3.0769541263580322,134.67805866612684,100,110.08136050896634,0.0076060486,4.635221409504177,277.75243719285174,8.076949119567871,4525.43181848526,0.016999457
8.577752351760864,297,124.94866302221929,0.35015869140625,0.06479167938232422,2980000,4.834317207336426,3.0775325298309326,136.8330514209577,100,74.91664728905825,0.0010893646,11.993124107716783,269.59598756540066,8.162549257278442,4534.026557683945,0.007903916
8.472471952438354,298,122.83156168559331,0.33618855476379395,0.04447579383850098,2990000,4.737932205200195,3.1116721630096436,135.41954251918105,100,101.66863232299461,-0.003406276,6.432545417187487,275.9133020306331,8.091397762298584,4542.516383886337,0.021470657
8.356717586517334,299,106.64735077370956,0.2641265392303467,0.05700540542602539,3000000,4.730609893798828,3.070721387863159,135.6193179986347,100,1.9392992932476398,-0.012331668,25.01884210362336,224.59367202651657,8.027122735977173,4550.889091014862,0.009404323
