train-EnvExecTime,ItrTime,train-NumTrajs,train-AverageReturn,Time-Sampling,train-AverageDiscountedReturn,LossBefore,train-MaxReturn,LossAfter,n_timesteps,Itr,Time-SampleProc,Time,train-StdReturn,train-MinReturn,train-PolicyExecTime,Time-Optimization
5.2409093379974365,208.977881193161,100,-39.957487420818254,201.74450087547302,-109.35315323530519,-0.017840704,172.1171756204689,-5.8549814,10000,0,0.04647994041442871,208.9778859615326,102.19308291077179,-203.68041664670025,196.0142080783844,7.185801982879639
4.891682147979736,193.26972675323486,100,166.29735002431883,189.9914870262146,303.6706881362624,-0.0022950072,207.50918605639382,-0.12843722,20000,1,0.027848005294799805,402.4791600704193,25.00998645761019,93.81670915638776,184.646137714386,3.248361110687256
4.807950019836426,183.80740690231323,100,174.35215734817092,179.10985803604126,321.21285084469156,0.020633282,191.55180718686537,-0.45151636,30000,2,0.08112382888793945,586.3111090660095,14.349233835097838,117.81189632724836,173.86379027366638,4.6133949756622314
4.797940254211426,183.85060715675354,100,158.27662279505196,180.23597717285156,289.67717474090335,0.015352634,181.00800958174437,-1.4850571,40000,3,0.0238189697265625,770.1861028671265,13.67266304066847,115.71251279853247,174.9991796016693,3.589142084121704
4.973133563995361,178.09707403182983,100,127.28887616438546,172.93583297729492,224.05043725912037,0.002323294,159.3835472577494,-4.2572417,50000,4,0.07735395431518555,948.3038167953491,11.39011657062683,88.2484647478095,167.52110171318054,5.076592206954956
4.783958673477173,176.0219099521637,100,51.44488616508141,172.4414279460907,64.1392680957429,0.0021997925,88.09142537413265,-10.394922,60000,5,0.08095002174377441,1124.3468930721283,12.711865786486289,13.315973817344362,167.2208228111267,3.4981157779693604
5.060824155807495,179.64963102340698,100,-67.68892453066258,176.6357729434967,-150.2464709377127,0.002137805,33.23531834795346,-7.101445,70000,6,0.09522318840026855,1304.0176198482513,44.61729877250823,-144.74380193213483,171.1255178451538,2.917226791381836
4.862957715988159,171.08617496490479,100,-181.5884590553772,168.33966183662415,-326.0618024519917,0.00049243163,6.961149303311265,-10.87252,80000,7,0.021934986114501953,1475.1280477046967,109.7905548542733,-387.42381519231583,163.03998851776123,2.7225279808044434
4.722331762313843,166.6762502193451,100,-5.504395893225893,163.53695368766785,16.382412020857203,0.010826508,82.45934138179143,-2.5401402,90000,8,0.023319005966186523,1641.826635837555,49.151512327025664,-201.65405121037765,158.37867259979248,3.1145029067993164
4.614989519119263,171.73628091812134,100,-104.4696612056744,167.58206796646118,-256.4035618475849,0.03186436,50.49977715601358,-14.108386,100000,9,0.09355688095092773,1813.585233926773,47.16740961296239,-195.45034693670289,162.50473594665527,4.059253931045532
4.773281574249268,178.52083778381348,100,10.040940604336074,173.4115400314331,78.9569706550144,0.0037462465,23.300370323840713,-7.1938148,110000,10,0.019473791122436523,1992.125757932663,4.570457107748009,-0.20123666594458234,168.20446157455444,5.08922815322876
4.61548924446106,171.8526747226715,100,12.820309398239592,167.23822164535522,82.7344119589337,-0.006774838,17.26979887134742,-29.186354,120000,11,0.03359580039978027,2163.998874902725,2.0634123705995755,5.966320113566097,162.19504857063293,4.580436944961548
4.614924669265747,184.73629689216614,100,-6.708052989265766,169.83385610580444,53.1452018766565,0.009071216,24.115361240892753,-1.1553824,130000,12,0.19765591621398926,2348.7548739910126,21.5970551033883,-94.9336025660975,164.73813486099243,14.703397750854492
6.100012540817261,287.58000898361206,100,-31.97505185888384,283.2942259311676,-66.49342181075002,0.007451648,9.978406436388145,-2.7877343,140000,13,0.05297708511352539,2636.3810369968414,22.40663792592703,-88.7430673333114,276.5299003124237,4.230532884597778
5.634121656417847,229.59729719161987,100,-46.981496154793675,223.76995491981506,-129.9658737090879,-0.0034524736,-39.22042921159798,-1.0501146,150000,14,0.05612683296203613,2866.0085349082947,2.779611461366669,-53.95948228763015,217.58599019050598,5.770033121109009
6.776477336883545,414.51912808418274,100,-47.60050705868284,403.5571279525757,-131.39665915775984,0.006983795,-38.82575688592082,-0.48511034,160000,15,0.18162298202514648,3280.555286884308,3.1575130500162083,-58.16281031684035,396.16839504241943,10.777994155883789
6.2077226638793945,285.0909788608551,100,-46.806771894296,280.34583497047424,-129.64171690521624,0.012192731,-38.99389157274609,-0.3333285,170000,16,0.06719732284545898,3565.6933739185333,3.084567575934467,-53.97819079427908,273.5871934890747,4.676569700241089
5.609839677810669,221.96648120880127,100,-46.9813359062076,217.082661151886,-129.98603745682252,-0.0017853271,-40.47521645472813,-0.26574484,180000,17,0.04312396049499512,3787.696863889694,2.949458440303617,-53.76698141417656,210.98542284965515,4.839959144592285
5.584492921829224,209.0784420967102,100,-47.020916240260476,205.18530201911926,-130.08323654457928,0.027833868,-38.86169293572803,-0.2646229,190000,18,0.030582904815673828,3996.8102567195892,3.2455466037854817,-53.253546988076046,199.11606812477112,3.861076831817627
5.07911491394043,183.31351399421692,100,-47.276473963917404,176.7097008228302,-130.61651802427824,9.3021394e-05,-38.89072452385399,-0.2760513,200000,19,0.03321123123168945,4180.145575761795,3.1212465857358125,-53.31726659342212,171.1527931690216,6.569005012512207
5.816117763519287,305.0120840072632,100,-47.59245480188667,296.6091818809509,-131.31536673955895,0.010770253,-40.003613602981524,-0.25186577,210000,20,0.2879059314727783,4485.206763982773,3.0241735891443637,-53.201268443588866,290.0535001754761,8.11087679862976
5.029535531997681,234.4177007675171,100,-46.32443143276467,229.49079608917236,-128.65014767659628,-0.0028019578,-37.51308680649601,-0.26643622,220000,21,0.05183982849121094,4719.6561868190765,3.377632266721757,-54.33047266471271,223.9903883934021,4.852304935455322
5.090469837188721,214.38294124603271,100,-46.66356549585762,210.1257300376892,-129.35686441929204,-0.007756491,-40.276620713289304,-0.26489192,230000,22,0.02490687370300293,4934.101666927338,2.7660736015898286,-52.20812041659186,204.58885622024536,4.230736970901489
4.903158903121948,181.04245972633362,100,-47.256933746315354,177.05057096481323,-130.62207706012478,-0.02585445,-39.38534889038971,-0.3018672,240000,23,0.020465850830078125,5115.170437812805,3.092896847529781,-54.2402623748927,171.7233748435974,3.9699809551239014
6.350494861602783,258.1353859901428,100,-47.569875662827215,251.58774089813232,-131.29603621091138,-0.023925567,-40.43823473748398,-0.33007738,250000,24,0.058680057525634766,5373.328280925751,2.8191134898563526,-53.945610271007865,244.64198088645935,6.488081932067871
6.039249420166016,328.56456089019775,100,-47.409636594291385,321.30284690856934,-130.913935192823,0.0151979495,-39.024109607665444,-0.31318676,260000,25,0.06959223747253418,5701.954034805298,2.893989508487795,-53.07970586437527,314.70497488975525,7.189533948898315
6.828406810760498,491.0789613723755,100,-47.32574818284599,483.8261880874634,-130.72691467987661,0.011300722,-39.27346149527849,-0.32368967,270000,26,0.07438802719116211,6193.07142496109,2.856394818946283,-53.618962652339135,476.38055205345154,7.17669677734375
5.378842115402222,366.9005751609802,100,-46.57309452142457,360.8261389732361,-129.12826501940413,-0.0033950256,-39.16344703827329,-0.3813957,280000,27,0.2697141170501709,6560.00941491127,2.901303209079974,-52.76619036482952,354.95251750946045,5.803159952163696
5.392336845397949,387.40035128593445,100,-47.37603084420444,380.6375849246979,-130.88793665672344,-0.01749066,-39.376370408761574,-0.44110093,290000,28,0.031320810317993164,6947.505294084549,3.1162296250151913,-53.613236037253394,374.75456380844116,6.729980945587158
5.6889331340789795,299.0031340122223,100,-46.32623357648205,293.49342679977417,-128.59251833653224,-0.0031218606,-38.58370243445358,-0.48237726,300000,29,0.10060286521911621,7246.53299498558,3.128136124358016,-53.82204088976569,287.2689645290375,5.404972076416016
5.379772901535034,353.8696529865265,100,-47.118818713318696,348.2585699558258,-130.26738763434088,0.0011322311,-38.89610805389879,-0.5438069,310000,30,0.04386281967163086,7600.43119096756,2.7031218073072174,-53.01171948842718,342.39107370376587,5.561035871505737
5.385464906692505,244.6551558971405,100,-47.343724840604345,236.01377511024475,-130.85563151243562,-0.0025509538,-39.0789962495543,-0.6067439,320000,31,0.03405308723449707,7845.145050048828,3.14551953449102,-53.07476040394679,230.12746214866638,8.606106996536255
5.312790155410767,314.743271112442,100,-47.19472440230558,306.0865993499756,-130.44108931888246,-0.002854599,-38.16871171288559,-0.676057,330000,32,0.19708609580993652,8159.918608903885,2.9651543496708683,-53.753335290670655,300.21990871429443,8.457802057266235
5.514194011688232,302.4616000652313,100,-46.24627662572564,297.14022493362427,-128.42841925734865,-0.014669812,-38.19679037995336,-0.7757446,340000,33,0.04684305191040039,8462.41004371643,3.0701337231461645,-52.913098836979366,291.06457257270813,5.261725902557373
4.783813714981079,232.68461394309998,100,-47.35489648279619,229.0259861946106,-130.86275099688652,0.008045741,-38.28509713588775,-0.84165263,350000,34,0.02613210678100586,8695.144259929657,3.053128382773499,-54.8364415084496,223.80610060691833,3.630733013153076
4.704343318939209,185.62723207473755,100,-46.94190590641619,181.7980079650879,-129.9376254013437,0.00854736,-38.92952407108802,-0.93706834,360000,35,0.021765947341918945,8880.793523788452,2.8601976533626265,-53.188866183315845,176.65270924568176,3.8058338165283203
4.69399356842041,178.18374395370483,100,-47.4673947785304,174.70258688926697,-131.12815589216015,0.0018294281,-38.265612540703685,-1.0699326,370000,36,0.03402590751647949,9059.001399040222,2.930961171889383,-52.931202098575085,169.5824315547943,3.4408578872680664
4.784240961074829,184.56772708892822,100,-46.90924012290867,180.77766704559326,-129.89419241398582,0.006181125,-39.18197822596445,-1.1905397,380000,37,0.07084798812866211,9243.591708898544,3.2212985603272593,-53.54116007834882,175.5722141265869,3.717273235321045
4.774597644805908,200.1493833065033,100,-47.199961403449315,196.2765986919403,-130.46355269307847,0.0072416016,-38.97448051378738,-1.327005,390000,38,0.03299903869628906,9443.771713018417,3.172559525675384,-52.986455381191284,191.03248739242554,3.8377370834350586
4.987208843231201,219.68489599227905,100,-46.4876116970633,215.62467885017395,-128.92867592723067,0.03413065,-39.069208364304366,-1.4086272,400000,39,0.05328798294067383,9663.48513674736,3.0139162611437826,-53.871337480928396,209.81404733657837,4.005128860473633
4.929956674575806,204.7554759979248,100,-47.79980334277272,201.17088794708252,-131.8659958977968,0.0049125245,-39.304754974397525,-1.5773778,410000,40,0.023230791091918945,9868.402642965317,3.1216253478565905,-54.85231938185433,195.79159426689148,3.5599992275238037
4.862419605255127,186.5588412284851,100,-47.017271136472324,183.0330309867859,-130.14296142991003,0.022899648,-39.62469349818704,-1.6456639,420000,41,0.02055501937866211,10054.982932806015,2.9443006407811696,-54.03432851130157,177.76184940338135,3.503821849822998
4.67377495765686,199.9598457813263,100,-46.82751589993977,194.88665103912354,-129.6633399853885,-0.0042937575,-39.08359145568996,-1.7530887,430000,42,0.020331144332885742,10254.979088783264,2.8470912455682598,-53.62935414281455,189.80979561805725,5.051580905914307
4.9592084884643555,235.44175720214844,100,-46.61321023316523,231.59649682044983,-129.24576895182994,-0.00011389465,-39.21083349471024,-1.7846328,440000,43,0.02819991111755371,10490.441556930542,2.9890306995571363,-52.85279227568822,226.18277549743652,3.815842866897583
4.758869886398315,184.10540223121643,100,-47.077299216258005,180.62681412696838,-130.20796066375908,-0.0002791809,-38.52254945957218,-1.7748396,450000,44,0.03718876838684082,10674.59200000763,3.1188362461006105,-54.72792514524175,175.44336080551147,3.4383320808410645
4.689950704574585,189.01610398292542,100,-46.75222941357915,185.16982293128967,-129.54659408164787,-0.0035756973,-38.11311941451437,-1.7671098,460000,45,0.04007983207702637,10863.62850689888,3.1040128656566237,-53.71064726397749,180.05706882476807,3.8047046661376953
4.613231420516968,182.42537307739258,100,-46.97522554331667,177.14752793312073,-129.9809500315442,-0.005521045,-39.22716811271236,-1.7435273,470000,46,0.11974287033081055,11046.07206082344,3.1892096013883515,-52.986842730414395,172.11668729782104,5.1565330028533936
5.0762152671813965,219.06401777267456,100,-47.48772057651824,208.83162379264832,-131.1047246006128,0.01091054,-39.05983928848823,-1.6845593,480000,47,0.025420188903808594,11265.160529851913,2.707611801903202,-53.06149158425392,203.31495261192322,10.205896854400635
5.813338041305542,316.57038021087646,100,-46.87751788546497,311.4740617275238,-129.7772959554029,-0.032726854,-40.909288331992876,-1.6232432,490000,48,0.11499476432800293,11581.776805877686,2.6954198442762345,-53.34833441997945,304.9873447418213,4.979413032531738
5.739316701889038,293.1823580265045,100,-46.43638424183847,286.4317557811737,-128.78247885197558,-0.007769568,-39.3379385850055,-1.5734096,500000,49,0.04516196250915527,11874.99952507019,2.788192051537237,-52.93841725521009,280.12870740890503,6.704068183898926
5.547392129898071,276.64361906051636,100,-47.27770047742208,267.3991882801056,-130.61219998258804,-0.014214224,-39.405926332465334,-1.5150285,510000,50,0.10023307800292969,12151.798999071121,2.984082962357897,-53.63958217303398,261.36723947525024,9.142204284667969
6.533910751342773,492.1032130718231,100,-47.33836952667775,483.91552996635437,-130.8137098332031,-0.0094371475,-40.899353157155886,-1.4991082,520000,51,0.05984306335449219,12643.934782981873,2.549530429307062,-53.56658508287363,476.6957745552063,8.126801252365112
4.925665855407715,213.57734203338623,100,-47.38458492756598,209.33493614196777,-130.93611511852762,0.0049027894,-39.37120783735096,-1.3902131,530000,52,0.02698493003845215,12857.563524007797,3.528546506300699,-54.32753572053968,203.87050986289978,4.189468860626221
5.493021011352539,236.5310308933258,100,-46.69499630120392,232.6747751235962,-129.41574127739727,0.024818933,-39.85372318346338,-1.3190272,540000,53,0.02664017677307129,13094.114794969559,3.1396913963379047,-54.54308982733978,226.6933708190918,3.798625946044922
5.233713388442993,255.10864162445068,100,-47.34945091454272,250.4659240245819,-130.82338745705923,0.017302472,-38.39783944349638,-1.2325512,550000,54,0.0378420352935791,13349.252186775208,3.0377842121930674,-53.00319065010516,244.75811314582825,4.599372148513794
4.791015863418579,245.31194186210632,100,-46.62517586324527,241.0869128704071,-129.2511149297092,-0.003883786,-39.43109917320484,-1.188743,560000,55,0.024096965789794922,13594.59515094757,2.7688570583931407,-53.335500851169456,235.8682701587677,4.1994969844818115
4.586446762084961,181.99291706085205,100,-47.39801633873202,177.233412027359,-130.94693104234116,0.026988538,-39.59170285450857,-1.0632364,570000,56,0.01908564567565918,13776.612576007843,3.263487585534419,-53.52347943300266,172.2389898300171,4.738961935043335
4.553844690322876,170.8616669178009,100,-46.91057403211214,167.56053495407104,-129.85368146457577,0.0004442505,-39.109502048194486,-1.0456934,580000,57,0.02207803726196289,13947.491802692413,3.3495486621431256,-52.835048798820026,162.5967721939087,3.2771639823913574
4.568453311920166,167.1059672832489,100,-47.100518706132505,163.66757798194885,-130.24572515824727,0.00048226776,-38.920103107602785,-0.957134,590000,58,0.019459962844848633,14114.619444847107,2.9783335804293367,-53.18681137962041,158.68880152702332,3.417626142501831
4.532257556915283,168.075092792511,100,-46.93785397471194,164.52828192710876,-129.89522876259363,0.006735022,-38.83249258859735,-0.8783332,600000,59,0.021601200103759766,14282.715082883835,3.3464167332438914,-54.88520156997272,159.59327244758606,3.524898052215576
4.58258843421936,175.99374198913574,100,-47.38224583577592,171.27304100990295,-130.92031312541337,0.013291956,-39.29227547421152,-0.84766835,610000,60,0.020326852798461914,14458.731394052505,2.9421237001757876,-53.89177842328354,166.28195667266846,4.699098110198975
4.562376976013184,163.1872959136963,100,-47.67722349668336,157.40210580825806,-131.5541137938533,0.008851903,-39.09890440737459,-0.7976488,620000,61,0.019815921783447266,14621.939501047134,3.011984737917633,-55.2380512363649,152.4444797039032,5.763818979263306
4.597189903259277,166.93920278549194,100,-46.81819298876813,162.24076628684998,-129.661489939482,-0.015519749,-39.726882263586795,-0.76218,630000,62,0.03875470161437988,14788.89902472496,3.0056351281924703,-52.675060895213434,157.24406218528748,4.65837287902832
4.572733640670776,163.0803689956665,100,-47.08116974173532,159.90897703170776,-130.2684320980622,0.0055628754,-38.544616996439274,-0.691938,640000,63,0.022696971893310547,14952.003280878067,3.4087838078987827,-53.589129261224436,154.91830253601074,3.1469008922576904
4.563230276107788,157.3557047843933,100,-47.00614574509592,153.92179894447327,-130.125632267469,-0.001088794,-38.833168376941394,-0.66337305,650000,64,0.025020122528076172,15109.379792928696,3.20536287326578,-54.62680274490853,148.96083903312683,3.405608892440796
4.631762981414795,158.55040574073792,100,-46.98755627527001,155.06354188919067,-130.01993435542678,0.0051100533,-39.822269543952096,-0.6082706,660000,65,0.030690908432006836,15267.952263832092,2.8470829788314496,-53.47168396032311,150.03455877304077,3.4545328617095947
4.575165271759033,153.4322600364685,100,-46.766232105985985,150.2544400691986,-129.5363278064374,-0.011185716,-39.513571372945925,-0.5846562,670000,66,0.08088183403015137,15421.407903909683,3.1418187836401485,-53.57850419061199,145.26866555213928,3.0956690311431885
4.593694448471069,153.73212385177612,100,-46.963473964424054,150.71080493927002,-129.9656764167098,0.010641475,-39.30997325102023,-0.5146413,680000,67,0.03992104530334473,15575.165489912033,3.4231153760001694,-55.212703578874994,145.71936297416687,2.97998309135437
4.650371551513672,152.0454170703888,100,-46.9057166442608,149.09845685958862,-129.8881840340042,0.014013073,-39.37141348767224,-0.47395965,690000,68,0.021529197692871094,15727.231710910797,3.1055980530503446,-53.716984853069405,144.04921984672546,2.922149181365967
4.595893621444702,155.95013904571533,100,-46.939329656327594,152.6315450668335,-129.92446031678472,0.019377772,-39.44045202924867,-0.42351407,700000,69,0.019452810287475586,15883.203623771667,3.4029772482190093,-53.97488391857554,147.63620972633362,3.297590970993042
4.6938087940216064,158.49224877357483,100,-47.39294635417136,154.9365677833557,-130.95502079939592,-0.004809216,-39.08079174337231,-0.42717934,710000,70,0.09784579277038574,16041.717456817627,2.8106223236699273,-53.31685804574793,149.83698344230652,3.4549169540405273
4.54575777053833,162.3203330039978,100,-46.57742681630435,159.013818025589,-129.03757945990455,0.013137588,-38.65720658509141,-0.4778789,720000,71,0.019932985305786133,16204.060597896576,2.727260041364838,-54.71530671913968,154.00912237167358,3.2853548526763916
4.533420085906982,166.6219117641449,100,-47.29475718034899,163.55478286743164,-130.75623643048914,-0.0021569186,-39.950564197368024,-0.49762315,730000,72,0.020333051681518555,16370.701862812042,2.69990323339071,-54.572995667747406,158.62081480026245,3.0454277992248535
4.6146016120910645,156.7176959514618,100,-46.77360958649057,153.69630098342896,-129.56981893191872,-0.0048324675,-39.37195314063083,-0.48434576,740000,73,0.018450021743774414,16527.44395494461,2.7153356184858928,-53.50773470818138,148.6794183254242,3.001399040222168
4.53225564956665,162.37908697128296,100,-47.3667488486405,158.24221420288086,-130.91431672428317,0.0031855514,-38.979604603848884,-0.45895508,750000,74,0.020284175872802734,16689.846282958984,3.3335308489135045,-53.55481265743565,153.30812740325928,4.114020109176636
4.52380633354187,173.33774590492249,100,-47.27469925372364,169.7622516155243,-130.72395418074495,0.009563404,-39.02901008364659,-0.44846347,760000,75,0.01919698715209961,16863.203828811646,3.0886224581150836,-52.86883336909245,164.84629726409912,3.5543179512023926
4.593023061752319,178.71673965454102,100,-46.30453604388968,175.39084815979004,-128.54217734443827,0.0037474297,-38.914640324871876,-0.44737843,770000,76,0.018548250198364258,17041.94188284874,2.9136437530998975,-52.401094745849164,170.4070897102356,3.3060836791992188
4.52367377281189,172.83567190170288,100,-46.924649096943064,169.47458815574646,-129.95959511430533,-0.00807372,-39.31405901009878,-0.43009785,780000,77,0.024358749389648438,17214.796521902084,3.408421851264043,-53.23975805843662,164.5593364238739,3.335444927215576
4.514849901199341,173.64229106903076,100,-47.14554755509412,169.92587518692017,-130.36905554106465,-0.01140471,-38.589073459071464,-0.43799043,790000,78,0.033263206481933594,17388.46897673607,3.1142747993571778,-53.0770794982563,165.0006046295166,3.681715965270996
4.589101076126099,175.55103397369385,100,-46.765024889356,172.2768669128418,-129.6246706693341,-0.0069692736,-39.15893847627058,-0.42719677,800000,79,0.01900196075439453,17564.059180021286,2.9964302686167774,-53.39315091740346,167.29678058624268,3.253896951675415
4.507469654083252,174.8219428062439,100,-46.43239147103993,171.1058268547058,-128.8265969988324,0.0012860734,-38.92568858412206,-0.42803872,810000,80,0.020064115524291992,17738.90016579628,3.4008277994696927,-52.622877871311516,166.2011034488678,3.694477081298828
4.520457744598389,172.36503076553345,100,-47.17609533383455,169.07425117492676,-130.4474028857965,0.013002132,-39.423606632544725,-0.40561128,820000,81,0.020639896392822266,17911.289831876755,3.0908948668517913,-53.14047011831211,164.16159057617188,3.268907070159912
4.5235068798065186,178.00833892822266,100,-47.26852704766625,174.28538393974304,-130.67961627005047,-0.0039076842,-39.6324205087959,-0.4279563,830000,82,0.04693102836608887,18089.31828403473,2.963741981156931,-54.116456961502365,169.34985947608948,3.674643039703369
4.60963773727417,174.33809900283813,100,-47.07277421387087,170.93454694747925,-130.29337033148985,0.007193598,-39.373146184267185,-0.40605626,840000,83,0.03825998306274414,18263.698952913284,3.1734813618989195,-53.325428865595924,165.89620542526245,3.3635921478271484
4.5855724811553955,171.03937196731567,100,-46.744962624050494,166.79103016853333,-129.48077740879796,-0.010194017,-40.12251003366821,-0.42984003,850000,84,0.02302694320678711,18434.76564502716,2.784440348834204,-54.02612107213902,161.7965705394745,4.223886013031006
4.548531532287598,171.24084877967834,100,-47.242579325768574,167.6073181629181,-130.67448078630835,-0.006031156,-38.20284078844368,-0.4188257,860000,85,0.048692941665649414,18606.028442144394,3.219382875899998,-53.595262554491306,162.66627287864685,3.58311128616333
4.491244792938232,166.42253470420837,100,-46.68503319320607,162.6924068927765,-129.32449020762596,0.007912701,-39.43409175394696,-0.42472592,870000,86,0.024845123291015625,18772.474054813385,3.335833358288618,-53.36241660947091,157.8038284778595,3.7039129734039307
4.4728312492370605,163.8656780719757,100,-47.412747786130446,159.212984085083,-130.95597844174526,0.005905443,-39.36666984429026,-0.4236876,880000,87,0.017538785934448242,18936.361486911774,3.0432881985100897,-53.22154482325955,154.3433403968811,4.6338629722595215
4.493882894515991,153.39337182044983,100,-47.28686927012569,150.05730509757996,-130.70109264554077,0.015399149,-38.87846352889422,-0.44489115,890000,88,0.020605802536010742,19089.774291992188,3.153734663605508,-53.54568988454592,145.16252875328064,3.31376314163208
4.599355936050415,165.55185294151306,100,-47.275005915506,161.82608604431152,-130.7040481811055,0.017579755,-40.20912811354584,-0.49097794,900000,89,0.02157282829284668,19255.345394849777,2.54726102498826,-53.875521639807,156.78400087356567,3.7025678157806396
4.54145073890686,165.3047640323639,100,-46.97394218554093,160.76202297210693,-129.9598468392286,0.0025157044,-37.884840686320345,-0.49326816,910000,90,0.018903017044067383,19420.67196393013,2.971491695021784,-52.96509837410388,155.82565999031067,4.513071775436401
4.707850933074951,161.99697995185852,100,-47.027572297788694,156.78432202339172,-130.12853987094803,0.0071805664,-38.81332279593926,-0.52391213,920000,91,0.0216219425201416,19582.688555002213,3.371775083730175,-53.25496459476281,151.67673540115356,5.190428972244263
5.447387456893921,213.19728207588196,100,-46.62364521349653,205.72763419151306,-129.23383284389607,-0.007079887,-40.14904445527181,-0.51464427,930000,92,0.030267953872680664,19795.90518975258,2.908489708964183,-52.29383869219623,199.57651329040527,7.438429832458496
5.63639760017395,264.4432649612427,100,-47.08801829483188,259.8963830471039,-130.30979864458007,-0.0035729066,-38.40594398216569,-0.53670406,940000,93,0.034520864486694336,20060.417242765427,3.1720429801720837,-52.79017309969617,253.7248022556305,4.510669708251953
5.507664203643799,242.38162088394165,100,-46.682924416531485,237.53586292266846,-129.34814305967882,-0.0126673095,-39.21937311204465,-0.5066062,950000,94,0.051817893981933594,20302.830984830856,2.69537014078409,-52.970565773207795,231.527334690094,4.792710065841675
5.2369043827056885,162.75106120109558,100,-46.93800751641506,159.4810700416565,-129.90758287674313,0.01575614,-38.242182203395586,-0.49058613,960000,95,0.03386282920837402,20465.662163972855,3.0732874503607643,-54.528005139692944,153.75201964378357,3.2347099781036377
5.231785535812378,130.90936183929443,100,-47.030373448472446,126.82617998123169,-130.1389334183487,-0.0064791963,-39.762690035396425,-0.5333708,970000,96,0.060303688049316406,20596.608998775482,3.2088249609997166,-53.58652430079309,121.11618900299072,4.020493984222412
5.288655042648315,168.8976719379425,100,-47.05589019926813,165.6315839290619,-130.1494063433329,-0.023544258,-38.87163543499555,-0.49110502,980000,97,0.04952812194824219,20765.540499925613,3.1591855674051166,-53.89562872751516,159.86747288703918,3.2161378860473633
5.146048069000244,147.09757709503174,100,-46.831511551149696,143.6498761177063,-129.74974522940954,-0.003203015,-38.6317749456635,-0.638954,990000,98,0.0684061050415039,20912.742032766342,3.2350071886997065,-53.28062541917401,138.03972673416138,3.377530336380005
4.935292482376099,111.76490712165833,100,-47.357980112263256,109.0380711555481,-130.89725185406115,0.02231518,-38.46611645511343,-0.6212416,1000000,99,0.026690006256103516,21024.52929878235,3.2784674083206213,-54.22346573118698,103.65937209129333,2.6958940029144287
5.519802808761597,139.32961320877075,100,-47.00120412379754,135.66321110725403,-130.01358430945055,-0.018007213,-38.623996441406675,-0.6679666,1010000,100,0.054811954498291016,21163.880282878876,3.4101149708306724,-58.022018262642845,129.61641907691956,3.6105358600616455
5.199790954589844,136.1507830619812,100,-47.14944829289153,133.3679711818695,-130.36129299949127,-0.028360855,-38.131949575131245,-0.6838839,1020000,101,0.026211977005004883,21300.081839084625,2.9162515575232977,-53.31515536367257,127.70085501670837,2.7555530071258545
4.933210134506226,115.57941508293152,100,-46.35775867214427,111.55572199821472,-128.70139596025828,0.027727112,-39.72977337525309,-0.638169,1030000,102,0.023746728897094727,21415.684053897858,3.0886227443836445,-52.05537984772821,106.18155097961426,3.998917818069458
4.824188232421875,106.06478190422058,100,-47.20072501875289,102.5819661617279,-130.51931648497785,0.010594586,-40.21242964975466,-0.6581892,1040000,103,0.01876997947692871,21521.767412900925,2.768148161195372,-54.48749288867308,97.30515933036804,3.4635159969329834
4.664953947067261,101.55884003639221,100,-46.39845748785218,99.08505129814148,-128.80992008442124,0.019630432,-39.24825290028646,-0.66484547,1050000,104,0.07244515419006348,21623.350945949554,3.303060391540832,-53.60862138839297,94.0053825378418,2.3912241458892822
4.713372707366943,107.2395851612091,100,-46.970492116366835,104.46795582771301,-129.998398897404,-0.0070269546,-39.88550085613608,-0.7160131,1060000,105,0.023572921752929688,21730.61184501648,3.066298409312556,-54.71554113499986,99.34785771369934,2.7461156845092773
4.75412917137146,107.8351092338562,100,-46.63610800611493,105.02350187301636,-129.2801619111282,-0.007698561,-38.10154857796819,-0.751781,1070000,106,0.021376848220825195,21838.468898057938,3.0940758237952055,-53.50731953365274,99.84136295318604,2.788485288619995
4.71886134147644,108.5035629272461,100,-46.99323256279957,105.29922580718994,-130.0032224288226,-0.02916474,-39.48998511571695,-0.7696566,1080000,107,0.02367115020751953,21946.993360042572,2.883094814671707,-53.885823311093375,100.16655421257019,3.1802871227264404
4.632431745529175,109.48896884918213,100,-47.247309732539414,106.71044874191284,-130.59003283334266,0.007636647,-40.12582258700404,-0.7676701,1090000,108,0.01849222183227539,22056.509241104126,3.045337426182428,-53.827897782252045,101.66537570953369,2.7579920291900635
4.7386085987091064,114.1816029548645,100,-46.271312283577906,111.03411769866943,-128.52927283049794,0.00086936646,-38.28018376740649,-0.79202735,1100000,109,0.024637937545776367,22170.71460700035,3.247105221256015,-53.20403542379101,105.88014888763428,3.121142625808716
4.743228435516357,108.98267412185669,100,-46.5089984190253,106.63242793083191,-128.99498864985748,-0.029403571,-39.38621610854176,-0.8386506,1110000,110,0.020893096923828125,22279.7182598114,3.2699276888325546,-53.24025493132001,101.46853351593018,2.3279306888580322
4.73614764213562,109.73260307312012,100,-47.27675836378549,106.95376586914062,-130.61103168981433,-0.0028848443,-38.38557667112286,-0.8342299,1120000,111,0.020339012145996094,22389.492244005203,3.157285610891128,-54.57690570222272,101.79601287841797,2.75692081451416
4.70403790473938,112.05240201950073,100,-47.05109740872976,109.20235800743103,-130.13961386586692,0.00085039216,-38.20591136136495,-0.8727593,1130000,112,0.018513917922973633,22501.56556582451,3.3417588277799086,-53.69600689544375,104.0780041217804,2.8300840854644775
4.720809459686279,109.40659928321838,100,-46.87430915046675,106.46705102920532,-129.7893256370478,0.0030637665,-39.20131673539018,-0.91583925,1140000,113,0.036179304122924805,22610.99334692955,3.2543369215190188,-54.330159830185245,101.33459615707397,2.902578115463257
4.732249736785889,110.84303593635559,100,-47.275600839069604,107.34987306594849,-130.7028806388624,0.025659928,-39.65707743355005,-0.9319496,1150000,114,0.01137089729309082,22721.874228954315,3.154472766684016,-54.72576205461609,102.19609904289246,3.481266975402832
4.785119295120239,117.57891416549683,100,-46.714986279872875,114.88990998268127,-129.45876363006425,-0.024354571,-38.30293869735656,-1.0377411,1160000,115,0.018470048904418945,22839.47657585144,3.576435595375801,-53.28639051661473,109.69168281555176,2.6689510345458984
4.707684278488159,119.93259978294373,100,-47.5925910703211,117.41637706756592,-131.35460676364647,0.01218858,-38.6076377712959,-1.0392833,1170000,116,0.020270824432373047,22959.43181204796,3.090306124602243,-53.593100905002785,112.29508018493652,2.494405746459961
4.802013158798218,113.79681396484375,100,-46.99419372404061,110.78580808639526,-130.0360347857604,0.0068470156,-38.858788487845736,-1.0733336,1180000,117,0.020090103149414062,23073.25460076332,3.225870539681903,-53.6763875820685,105.57259845733643,2.988889217376709
4.718189239501953,113.68350410461426,100,-46.53658230724718,110.91033601760864,-129.01598487485091,0.0007714203,-39.1587321228232,-1.1045445,1190000,118,0.022520780563354492,23186.958815813065,3.0672161771353204,-53.080748270179825,105.7815592288971,2.7497920989990234
4.651050329208374,114.3568902015686,100,-47.523408810141525,111.55025601387024,-131.2316698539057,0.011290582,-39.63841456376164,-1.1564561,1200000,119,0.019407033920288086,23301.350356817245,2.89980153629759,-53.490593460312226,106.48975706100464,2.785860061645508
4.723906755447388,118.56473112106323,100,-47.19481959450935,116.12250590324402,-130.55026582930944,-0.015486987,-38.58326612864984,-1.2339745,1210000,120,0.02003002166748047,23419.9372048378,2.8784643008508883,-54.786303779996416,110.98832631111145,2.421560049057007
4.652063608169556,115.37271499633789,100,-47.34306233848029,112.69552731513977,-130.8483356475225,-0.0069703185,-40.20073532991924,-1.2536386,1220000,121,0.020572900772094727,23535.331217765808,2.9025404135874426,-53.08207398633081,107.63776755332947,2.65523099899292
4.69337272644043,116.32176685333252,100,-47.22520188699913,113.32617807388306,-130.52641829053857,-0.0013523956,-39.570831073839685,-1.32244,1230000,122,0.02321314811706543,23651.695013046265,2.8840332464992686,-52.584777103294265,108.22220373153687,2.971076011657715
4.674706220626831,112.96529722213745,100,-46.50360041966876,110.12516784667969,-128.9453291903883,-0.026602848,-39.183104231725125,-1.381481,1240000,123,0.020872831344604492,23764.680065870285,2.7288217315449677,-52.638467648178064,105.04356861114502,2.8188540935516357
4.673663854598999,115.93490409851074,100,-46.67952616634314,111.9263060092926,-129.35599226789287,0.0071471427,-38.608434163205736,-1.4130422,1250000,124,0.0519869327545166,23880.635545015335,3.023745994922326,-53.041796381628025,106.84040212631226,3.955876111984253
4.708817481994629,108.68553686141968,100,-46.69251705250898,105.84152507781982,-129.3483469215722,0.00059860916,-38.93519183561178,-1.5231904,1260000,125,0.050373077392578125,23989.34752678871,2.73070619185438,-53.071613174559154,100.69945192337036,2.7929799556732178
4.6174516677856445,107.98306202888489,100,-47.57745459325445,105.4219720363617,-131.35316238979058,0.0039861784,-39.673973625455915,-1.5678661,1270000,126,0.021499156951904297,24097.350754976273,2.775030557401966,-53.75534691128365,100.35879325866699,2.5382373332977295
4.705162525177002,110.06330800056458,100,-47.1686155562888,107.06746697425842,-130.40556139634708,-0.0009491928,-39.273950309641386,-1.5923747,1280000,127,0.021593093872070312,24207.43546485901,2.5820887524164795,-53.68281674193723,101.95349884033203,2.972684144973755
4.6785924434661865,113.3954770565033,100,-46.865304489172495,109.93296313285828,-129.86244580511,0.025023969,-38.83816055674644,-1.641827,1290000,128,0.02216196060180664,24320.851998806,3.3913802691747033,-53.50593417260875,104.80404281616211,3.4370579719543457
4.65642786026001,111.89568209648132,100,-47.64433699681575,109.1892831325531,-131.52684678511318,-0.010515152,-38.5541891596108,-1.7122313,1300000,129,0.02522897720336914,24432.771589756012,3.3262447921624956,-54.617875735004375,104.1181812286377,2.680788040161133
4.633860111236572,115.54502820968628,100,-46.974681571481796,112.84026169776917,-130.0430163347176,-0.026758252,-38.582210819368065,-1.7884854,1310000,130,0.019079208374023438,24548.335371017456,3.128398134952593,-58.74176826587556,107.79383444786072,2.6843600273132324
4.7111217975616455,114.72669816017151,100,-47.17522842656741,110.73669075965881,-130.44694955470587,0.011466598,-38.3069474988965,-1.7518195,1320000,131,0.032701730728149414,24663.081811904907,3.5199458071057177,-53.63121104546282,105.60281157493591,3.9569458961486816
4.710019588470459,113.52229499816895,100,-46.95790141607503,109.98013281822205,-130.02326489952108,0.0072878296,-39.65155216084825,-1.7204086,1330000,132,0.02300405502319336,24776.621891975403,3.381458121834863,-58.372524990830165,104.82448053359985,3.514186143875122
4.698156118392944,114.74762010574341,100,-47.240822663618985,110.77837800979614,-130.55252843567914,0.004424155,-38.981939827245846,-1.7203039,1340000,133,0.02047419548034668,24891.38922905922,3.258998288662166,-53.88041220238122,105.67194056510925,3.9474310874938965
4.912879467010498,118.11203193664551,100,-47.07636510609301,115.40696501731873,-130.2072879414527,0.008663006,-39.013117568967466,-1.7737074,1350000,134,0.024001121520996094,25009.519598007202,3.1547082356899816,-53.27581033947634,110.04438209533691,2.678325891494751
4.572605133056641,114.21655178070068,100,-46.751858340372074,109.36275315284729,-129.57547756684096,-0.000645047,-38.12040031332508,-1.7723542,1360000,135,0.016499042510986328,25123.758566856384,3.203534569801655,-52.67031858446227,104.38322877883911,4.836678981781006
4.581162691116333,111.81193399429321,100,-47.30754211513912,109.00140118598938,-130.71422084027213,-0.0072178934,-40.85161864719241,-1.7897582,1370000,136,0.0238037109375,25235.593691825867,2.6129313718069804,-52.5019887135809,104.01696968078613,2.7852559089660645
4.6382763385772705,114.56931114196777,100,-47.37275790731891,111.68496298789978,-130.89186292330734,0.016329745,-39.924876857286776,-1.8046095,1380000,137,0.019904136657714844,25350.18986582756,3.033591766390569,-53.56378037181828,106.64482855796814,2.8640968799591064
4.653419733047485,111.99700999259949,100,-46.82511646761006,109.3747878074646,-129.66233061774653,-0.016016493,-38.239333719136475,-1.7575029,1390000,138,0.025478839874267578,25462.209568977356,3.2953712965149253,-53.116568836618555,104.32287669181824,2.595134973526001
4.533103704452515,113.98549914360046,100,-47.05559285086184,110.19293403625488,-130.15313817943925,-0.0068295235,-39.544067876933546,-1.6911137,1400000,139,0.020102977752685547,25576.225014925003,2.7543469389531148,-53.10459012928955,105.26004958152771,3.7710440158843994
4.567241668701172,111.90584707260132,100,-47.18938837809228,109.38410496711731,-130.49710086296383,-0.018882615,-38.708720898261305,-0.8473212,1410000,140,0.02003026008605957,25688.161709070206,3.224612116816848,-53.7039389744585,104.41721749305725,2.5004680156707764
4.521261215209961,114.62403607368469,100,-46.590613592375604,111.88513898849487,-129.16986002705372,-0.0014291718,-39.983903853198235,0.04332506,1420000,141,0.022117137908935547,25802.808248996735,3.0920522381698765,-54.76349360698177,106.96652054786682,2.7155239582061768
4.590468883514404,109.42763805389404,100,-47.28170515336119,106.6930730342865,-130.72558217401388,0.021066628,-39.85745332904264,-1.2307292,1430000,142,0.019869089126586914,25912.26651287079,2.7432029808488068,-54.36954692885964,101.70780897140503,2.713414192199707
4.934466123580933,132.03380298614502,100,-47.146973381889154,128.88304495811462,-130.35954914010617,-0.0011073059,-40.329130680361295,-1.3492147,1440000,143,0.11173081398010254,26044.320950984955,2.675439462319082,-53.17709670943931,123.50363683700562,3.0369112491607666
4.98833155632019,124.13209009170532,100,-46.82824422018019,121.26693487167358,-129.7123374354438,0.004717264,-38.45654315252024,-1.2633469,1450000,144,0.02004718780517578,26168.48387980461,3.119632776551713,-52.47983492755418,115.83196139335632,2.8436789512634277
4.787043333053589,116.16670203208923,100,-46.34099845794119,113.0709638595581,-128.62174128886548,-0.020114914,-39.06531796630953,-1.248544,1460000,145,0.08027482032775879,26284.671712875366,3.069395389354104,-55.710708394207245,107.84257912635803,3.015061616897583
5.251709938049316,129.397310256958,100,-46.712228880536784,126.19439387321472,-129.44954571972292,-0.0039022225,-38.59450201015797,-1.1477412,1470000,146,0.0333859920501709,26414.089998960495,3.1909737800773117,-52.75723525341323,120.40603709220886,3.1673030853271484
4.934180021286011,119.84138703346252,100,-47.19186505891295,116.9795503616333,-130.48497066986593,-0.026131302,-38.6791136371416,-1.0932244,1480000,147,0.025039196014404297,26533.96555185318,3.2480194462791228,-54.07412724114124,111.60908770561218,2.835404634475708
5.204002141952515,145.15842294692993,100,-46.62834903686945,142.04347681999207,-129.2482499763369,0.008042228,-39.16692878437448,-1.0153619,1490000,148,0.03323078155517578,26679.14827990532,3.239319354498045,-55.68088420104696,136.36716389656067,3.080657958984375
4.792640686035156,115.22129988670349,100,-47.50121345858798,112.23774290084839,-131.12568989357945,0.005142505,-39.866328169345685,-0.97618186,1500000,149,0.0474858283996582,26794.39699292183,2.8235720883631776,-53.81982934175191,107.02003407478333,2.9349429607391357
4.877515554428101,117.02521514892578,100,-47.610598529385534,114.01206398010254,-131.47080075407058,0.0070939376,-39.97857087820361,-0.8850913,1510000,150,0.021420955657958984,26911.443116903305,2.7176367167689155,-52.76161835324278,108.68408179283142,2.987773895263672
4.823763132095337,120.30647492408752,100,-46.79750901622469,117.19122982025146,-129.61802321365533,-0.004336014,-37.263709385661315,-0.8821301,1520000,151,0.018977880477905273,27031.773150920868,3.158147650825363,-53.3138810188853,111.94128227233887,3.094834327697754
4.789383172988892,123.54966402053833,100,-46.859393081786145,119.4688458442688,-129.75358163300243,-0.0119459275,-38.937122806164034,-0.85727483,1530000,152,0.04872012138366699,27155.34142589569,3.1482723044071563,-53.413673208780246,114.2326455116272,4.0315101146698
4.595961093902588,111.9552230834961,100,-47.10999871217264,109.28302192687988,-130.24016835930587,-0.017942114,-38.980633198280195,-0.844055,1540000,153,0.04985332489013672,27267.318412065506,3.3756006455535488,-55.23786575644682,104.28448605537415,2.621005058288574
4.546912908554077,112.27848601341248,100,-47.23617191386866,109.47089385986328,-130.56817306131524,-0.003977557,-39.30428747844215,-0.8110252,1550000,154,0.031093120574951172,27379.61919593811,2.816522796091662,-52.72550888835152,104.5171103477478,2.7724201679229736
4.49422550201416,112.85560274124146,100,-46.48481873741944,109.75870490074158,-128.9788286323676,-0.015145275,-38.48685000188099,-0.78065276,1560000,155,0.019286155700683594,27492.494745969772,3.0749472682751873,-52.21358376668497,104.85306286811829,3.0762381553649902
4.589082479476929,113.80971384048462,100,-47.02890360565845,109.64959597587585,-130.16580519770162,-0.025490949,-38.57439465620614,-0.7907571,1570000,156,0.02183079719543457,27606.324262857437,3.0057292832896216,-53.17144248543557,104.66207075119019,4.136943101882935
4.706552982330322,111.00703716278076,100,-46.792055527689946,106.93381571769714,-129.5730524870909,0.004485673,-38.63414189687568,-0.74244344,1580000,157,0.020362138748168945,27717.35088300705,3.2404806751237807,-55.333355040208026,101.81607913970947,4.051254987716675
4.7855424880981445,113.60566687583923,100,-46.80532251894646,110.36749315261841,-129.63394950049073,-0.004218932,-38.00427548858775,-0.7121962,1590000,158,0.024741172790527344,27830.9790558815,2.770508188325596,-53.5137256525928,105.15513110160828,3.212554931640625
4.579539775848389,112.32208299636841,100,-46.93069219753868,109.6616780757904,-129.88267643229952,-0.006929291,-38.63811321615925,-0.66123974,1600000,159,0.04580521583557129,27943.320857048035,3.081753906930441,-54.22881957333098,104.64903044700623,2.6142232418060303
4.740345001220703,111.93999791145325,100,-47.07782255626687,109.22683072090149,-130.2547106467714,0.004131586,-38.34240476473481,-0.6505815,1610000,160,0.020648956298828125,28055.28179883957,3.1921486553432157,-54.65152558963567,104.07103538513184,2.6911821365356445
4.619439363479614,119.12896513938904,100,-47.04375487817671,116.18806028366089,-130.18083459725963,-0.0072623184,-39.04429975577774,-0.6853436,1620000,161,0.01954793930053711,28174.432094812393,2.720171200993875,-52.48051554672106,111.16864562034607,2.919466018676758
4.579856872558594,110.97934198379517,100,-47.33199436790741,108.41420102119446,-130.81009853245365,-0.013977734,-39.15630827885467,-0.67623293,1630000,162,0.021487951278686523,28285.435981035233,3.472660512028705,-53.70862270522427,103.43970727920532,2.5423171520233154
4.564999341964722,108.70562100410461,100,-46.73457059781946,106.22674369812012,-129.4894210635276,0.010247089,-38.60673461761326,-0.628954,1640000,163,0.022466182708740234,28394.162440776825,3.3565885656669567,-54.20396437999133,101.25858402252197,2.4559969902038574
4.626076936721802,108.16259360313416,100,-47.600624159129445,105.12892484664917,-131.42951285434032,0.027756091,-40.24591725035726,-0.61337423,1650000,164,0.05049276351928711,28502.38685297966,3.0387526883293097,-53.523287736521645,100.09978580474854,2.9819581508636475
4.61669921875,110.95497584342957,100,-47.26638903772343,108.4070200920105,-130.6780058533893,0.0103428,-39.034579673350656,-0.6114825,1660000,165,0.020598888397216797,28613.3675429821,2.520838375925557,-52.74413130015195,103.39519810676575,2.525775194168091
4.600352764129639,110.62736511230469,100,-47.15016107335021,107.844477891922,-130.48164422345056,0.019290818,-38.3036366200921,-0.59701526,1670000,166,0.019062042236328125,28724.028854846954,3.224299278557055,-52.79995794929988,102.84996008872986,2.7621920108795166
4.501531362533569,110.298898935318,100,-46.5927417218627,107.25731992721558,-129.1960412225509,-0.005852251,-39.45020120374687,-0.62883,1680000,167,0.020907878875732422,28834.350480794907,3.190658910656248,-53.98489249960238,102.35993695259094,3.020169973373413
4.59796142578125,109.23792910575867,100,-47.317011047667165,106.81623697280884,-130.74897893405492,-0.0055700517,-39.75734137825747,-0.61632746,1690000,168,0.022043228149414062,28943.606120824814,3.2818797330244713,-54.93639388613958,101.802814245224,2.396940231323242
4.660783529281616,105.64247512817383,100,-47.21976375185963,103.03675699234009,-130.57811340614447,-0.009601726,-39.09525645195914,-0.6194378,1700000,169,0.01961207389831543,29049.269801855087,3.0403373172940986,-54.56235563848053,97.97176241874695,2.5841028690338135
4.534216642379761,101.85490298271179,100,-47.65162531899776,99.1076009273529,-131.45071643591405,-0.0021643525,-40.01862822697534,-0.65543884,1710000,170,0.0207979679107666,29151.14506793022,3.202149809611089,-54.63134428286219,94.1799783706665,2.7261250019073486
4.508817672729492,104.7570071220398,100,-46.91190092442358,102.00638103485107,-129.82808752959204,-0.0024206436,-39.52305647640789,-0.6202887,1720000,171,0.01933002471923828,29255.924299955368,2.8776068286599337,-52.8069129624197,97.09981560707092,2.730915069580078
4.500110149383545,109.68062210083008,100,-46.81223185566552,107.00339603424072,-129.6360883218894,-0.026052637,-39.56675302516846,-0.6649764,1730000,172,0.019838809967041016,29365.62637591362,2.9267128714291504,-53.12188527867266,102.10751175880432,2.655886650085449
4.51993727684021,109.11440181732178,100,-46.83534941834334,106.11293601989746,-129.74401902485795,0.025157232,-38.13820291665516,-0.6215503,1740000,173,0.020156145095825195,29474.76262974739,3.3953423964717206,-53.135305998093834,101.19657969474792,2.9809279441833496
4.510802984237671,108.15087413787842,100,-47.1856431724845,105.52364587783813,-130.4437875379862,0.003969261,-39.53307965961264,-0.6365344,1750000,174,0.04411125183105469,29582.935231924057,2.8503670853350354,-54.47125955946209,100.61651182174683,2.5818331241607666
4.526906251907349,108.44531583786011,100,-47.40903350444537,105.57716393470764,-130.85603478676254,0.0063688904,-39.3895936734349,-0.6459842,1760000,175,0.01859116554260254,29691.40267276764,3.1259040944766396,-54.5901125536886,100.65031814575195,2.848323106765747
4.679141283035278,110.29619002342224,100,-46.661321604876484,105.85609889030457,-129.34662166220815,-0.013799504,-38.60036041174562,-0.69515157,1770000,176,0.017869234085083008,29801.72399878502,3.267141338943585,-53.7833520026701,100.76392960548401,4.421875953674316
4.879532098770142,111.41258907318115,100,-47.261013999822474,108.88423919677734,-130.68377872326994,0.020975918,-38.678666260570246,-0.71591794,1780000,177,0.022246122360229492,29913.158195972443,2.756008668012729,-53.67055632779835,103.56787633895874,2.504807949066162
4.488366603851318,112.17803597450256,100,-46.414968300673834,109.27755784988403,-128.71046133615474,-0.0001305664,-39.708605517136895,-0.7464054,1790000,178,0.019932031631469727,30025.36618590355,2.742964246454463,-52.801672860740375,104.34467148780823,2.870872735977173
4.601090669631958,108.99638080596924,100,-47.963199666521824,106.10861706733704,-132.105002174974,-0.004930139,-40.39500158005807,-0.7776149,1800000,179,0.041554927825927734,30134.389230966568,2.947606347067425,-53.92847853715657,101.09141302108765,2.8458151817321777
4.578289270401001,109.18766808509827,100,-46.55504930851241,106.56159090995789,-129.03112916951463,0.0161673,-38.83852850199564,-0.7928423,1810000,180,0.020401954650878906,30243.597048044205,3.149556465870191,-53.224868624076,101.53315210342407,2.605320930480957
4.684345960617065,109.73267579078674,100,-46.57009633864887,106.60070991516113,-129.15928274311784,0.017993188,-38.67739735192039,-0.82939637,1820000,181,0.027077198028564453,30353.35078907013,3.2495995674810105,-54.23850179920219,101.50857162475586,3.104552984237671
4.784595727920532,112.04380917549133,100,-47.248078371314165,109.22989583015442,-130.62177550268828,-0.007918317,-38.55436868268763,-0.88974005,1830000,182,0.02319502830505371,30465.41750383377,2.9322169681935133,-53.63748096523876,104.00019836425781,2.7903530597686768
4.803029537200928,116.74242901802063,100,-46.985129246960305,113.94584703445435,-130.0678878055212,0.0024874508,-38.58831154400464,-0.92332757,1840000,183,0.019076108932495117,30582.18158197403,2.8965854042587202,-53.81317896919552,108.7229471206665,2.775906801223755
4.718403339385986,113.77571988105774,100,-46.83144396282523,110.9352297782898,-129.7256129042986,-0.011351394,-39.65404606058916,-0.9719116,1850000,184,0.02900409698486328,30695.99041891098,2.9867951409691305,-52.94070745421821,105.78808212280273,2.8096871376037598
4.741400957107544,115.20359086990356,100,-46.9159432901672,112.25720286369324,-129.86749823873114,0.012462487,-38.93043475887819,-1.0043037,1860000,185,0.021225929260253906,30811.215226888657,3.3181101969274724,-54.63770427989922,107.10362792015076,2.9237570762634277
4.786618709564209,114.74483013153076,100,-45.80248278310131,112.02416610717773,-127.37638903128905,0.0066096373,-38.97414202675123,-1.0827258,1870000,186,0.05832481384277344,30925.981331825256,2.8535338386901694,-52.770392960098135,106.82165741920471,2.6609878540039062
4.809022903442383,114.76655912399292,100,-46.473072992236766,111.66784310340881,-128.94342001790915,-0.008989728,-38.6418858539407,-1.1225121,1880000,187,0.021013975143432617,31040.770522117615,3.425579479422276,-54.97679295094992,106.43874096870422,3.077124834060669
4.8009772300720215,119.13996601104736,100,-47.073669231362594,115.53516411781311,-130.1869346354824,0.0030920394,-38.98753454693483,-1.15929,1890000,188,0.01848125457763672,31159.92888188362,3.4596694378608768,-54.31024568590835,110.29753613471985,3.585096836090088
4.744786262512207,115.99761295318604,100,-46.95869780225661,113.18557381629944,-129.96993363142482,0.0005315384,-39.51126533877556,-1.2340508,1900000,189,0.021983861923217773,31275.94900393486,3.081954396576379,-53.48966726719494,108.02138900756836,2.7896218299865723
4.741765737533569,114.34313488006592,100,-46.82358806269189,111.89956593513489,-129.70162965556406,0.00020000305,-39.219707689510095,-1.2923708,1910000,190,0.02083897590637207,31390.31407403946,3.273242199668149,-53.0494230621961,106.7385356426239,2.4212839603424072
4.762246608734131,111.18663597106934,100,-47.10252331122946,108.67529082298279,-130.2892069198192,0.013545578,-38.6362475675054,-1.3345021,1920000,191,0.0617518424987793,31501.521857976913,3.181763542044867,-54.36082779948705,103.49925827980042,2.4444260597229004
4.678641080856323,106.52494716644287,100,-46.15783068120648,103.88256502151489,-128.2432535310377,0.010300593,-38.423671089402106,-1.4309123,1930000,192,0.02193307876586914,31608.06767296791,3.2099767505250387,-54.56380430119706,98.76860165596008,2.6200168132781982
4.642127990722656,105.71339511871338,100,-46.60554330262829,103.21340012550354,-129.21357040115788,0.008017598,-39.12207711867758,-1.5116748,1940000,193,0.04896116256713867,31713.804408073425,3.0776197820908235,-53.66931382781168,98.16045475006104,2.4506118297576904
4.730022668838501,118.93000793457031,100,-46.62778656627402,116.05304217338562,-129.19551706697746,-0.0008731834,-39.594442290036746,-1.5960253,1950000,194,0.01976299285888672,31832.754894018173,2.891690700560604,-53.2913674453616,110.9080958366394,2.856034994125366
4.772598743438721,121.31957912445068,100,-46.83562098467149,118.6791889667511,-129.77947353836208,-0.00805251,-38.39273283441821,-1.7138232,1960000,195,0.09875917434692383,31954.098091840744,3.1487789394100476,-54.609564087352325,113.4629921913147,2.5401792526245117
4.639148712158203,111.84471487998962,100,-46.98067252340505,109.10847997665405,-130.04897102306018,-0.013971045,-39.260854112966406,-1.852625,1970000,196,0.2415599822998047,32065.964634895325,2.9750343524041516,-53.093873506964854,104.0563530921936,2.493277072906494
4.723668098449707,146.17909407615662,100,-47.049659878793264,143.40000104904175,-130.15400350651888,-0.021052027,-39.81218745434047,-2.0108602,1980000,197,0.018208026885986328,32212.16453075409,2.729634753100367,-54.91884160481383,138.26852178573608,2.7593259811401367
4.605738878250122,109.77538514137268,100,-46.789932123571404,106.85891890525818,-129.70046609013787,-0.002545279,-39.36503163848213,-2.09136,1990000,198,0.01914691925048828,32321.95947790146,3.19442968391996,-53.84968815793189,101.80150246620178,2.895935297012329
4.629692316055298,111.63243770599365,100,-46.46628115343849,107.69716811180115,-128.88309741714494,0.005580356,-38.44361026165934,-2.161232,2000000,199,0.02376079559326172,32433.610029935837,2.9462141318261934,-54.4865898581252,102.65921807289124,3.9111077785491943
4.6922430992126465,112.96771502494812,100,-46.81884188171762,109.77753591537476,-129.63333715676296,-0.012540394,-38.86821027525187,-2.336409,2010000,200,0.0709540843963623,32546.597191810608,3.344142657698261,-54.376574608479096,104.67181992530823,3.1178390979766846
4.962913513183594,120.99328017234802,100,-47.240839559380646,110.53013205528259,-130.59427347428186,0.004644445,-38.815371199913315,-2.4644883,2020000,201,0.4548320770263672,32667.61241889,2.9956575158216183,-53.75255072801586,105.12177848815918,10.00506067276001
5.182715892791748,131.50050282478333,100,-46.95671955842837,127.94791293144226,-129.95147264728746,0.0024344695,-39.037259041800915,-2.6351488,2030000,202,0.12487220764160156,32799.1706328392,3.1220389731586513,-53.0522116248775,122.29616641998291,3.4268782138824463
4.91227126121521,116.86162686347961,100,-46.68870887019603,114.30870413780212,-129.48078370041966,0.0116686225,-38.3701949986821,-2.836659,2040000,203,0.028356075286865234,32916.05598473549,3.3417201830924608,-53.422247273963826,108.9555938243866,2.5227060317993164
4.851517915725708,116.5195369720459,100,-46.944547862556455,113.98397493362427,-129.99344822818048,-0.013827998,-39.22891926014282,-3.0900884,2050000,204,0.019974946975708008,33032.597840070724,2.9758841479400786,-53.59022666038309,108.69906115531921,2.515033721923828
4.745684623718262,111.05002689361572,100,-46.53570254102072,108.24024701118469,-129.02278987203402,0.009256449,-38.35625749257504,-3.3139977,2060000,205,0.0205078125,33143.668051958084,2.905671268049819,-52.61115856297472,103.07309365272522,2.7885310649871826
5.88016414642334,7263.498734951019,100,-46.800113005676614,7259.279865264893,-129.5829180676107,0.0060521425,-39.01279006517978,-3.5210567,2070000,206,0.04198598861694336,40407.18926882744,3.1487341310054298,-54.79794372106514,7252.797331571579,4.1753692626953125
4.757810831069946,119.54656314849854,100,-47.21729141005842,116.62742805480957,-130.590122538813,-0.013862375,-38.28765750327304,-3.7464094,2080000,207,0.025252103805541992,40526.78899502754,3.237186246575376,-53.2308679871978,111.44404101371765,2.893415927886963
5.02970290184021,140.70035099983215,100,-47.2005087608186,137.59103775024414,-130.53928471758974,-0.004674075,-38.679962516995126,-3.993875,2090000,208,0.02565789222717285,40667.509456157684,3.4289823611245565,-53.628781247366796,132.12327527999878,3.0819990634918213
4.799834966659546,125.18011379241943,100,-47.15319464455839,120.27294087409973,-130.44108342731658,-0.019006997,-39.37106458278593,-4.194709,2100000,209,0.019240856170654297,40792.73499393463,2.923448124880834,-53.46875862201446,115.03359127044678,4.886415958404541
4.717465877532959,119.642422914505,100,-46.8573029352547,116.41480898857117,-129.80685715017486,-9.965515e-06,-38.91048536586708,-4.383397,2110000,210,0.018075942993164062,40912.39566683769,3.2049311505110802,-54.14535776172763,111.27785658836365,3.2082200050354004
4.994722604751587,160.83589005470276,100,-46.97136188417926,155.61102199554443,-130.0157142229957,-0.012237625,-39.875694230445276,-4.6425757,2120000,211,0.18208098411560059,41073.25224995613,2.7754118092538955,-53.84284998001596,150.1257073879242,5.036344051361084
5.157652854919434,167.0344922542572,100,-46.6183364213966,163.85124492645264,-129.2482136727555,0.003253607,-39.70317706724931,-4.5916877,2130000,212,0.024685144424438477,41240.327009916306,3.2998685124420746,-55.315633096694334,158.23636889457703,3.157104969024658
4.843812704086304,130.73197507858276,100,-47.52678364483462,128.1755611896515,-131.24798139169332,0.0048790886,-38.29085300835914,-4.3990564,2140000,213,0.02345585823059082,41371.08276486397,3.0300990203210367,-53.393700067510466,122.8912661075592,2.530001163482666
5.064210891723633,141.02157735824585,100,-47.20602455721757,137.43165612220764,-130.58418431969795,0.015459061,-39.39809395115971,-4.7198696,2150000,214,0.020427703857421875,41512.12403488159,3.372493300902228,-54.73842728059045,131.93262028694153,3.5681068897247314
5.323105812072754,183.99141812324524,100,-47.239695178742835,180.2966070175171,-130.61911344717007,-0.005483508,-39.77560730746087,-5.0358734,2160000,215,0.029407978057861328,41696.13657593727,2.8732514574805137,-53.43825444283249,174.48648262023926,3.663743019104004
5.056212663650513,130.21099710464478,100,-46.79129799859218,127.32126116752625,-129.63924858438125,-0.005384474,-38.6729955029036,-4.3497834,2170000,216,0.025679826736450195,41826.37543487549,3.0614391729985413,-53.13301680993917,121.81265163421631,2.8626089096069336
4.6476521492004395,115.36170697212219,100,-47.35068383507279,112.89093518257141,-130.88365492755693,0.01714599,-38.57477542085519,-4.069853,2180000,217,0.017742633819580078,41941.75954079628,2.8666720062161293,-54.01917210213294,107.82226157188416,2.4495673179626465
4.6084983348846436,116.32358908653259,100,-46.50283887975274,113.52160596847534,-128.9240629160974,0.0092587955,-38.710272789333224,-5.0771637,2190000,218,0.021161794662475586,42058.104223012924,3.2709328074882054,-52.996936672937515,108.49056911468506,2.7789101600646973
4.699201583862305,112.69843816757202,100,-46.930543298296215,109.8405978679657,-129.93098772921297,0.011428322,-38.50450541478138,-4.978049,2200000,219,0.019112825393676758,42170.82534599304,3.6316532163060047,-53.80225805402681,104.70978546142578,2.8383708000183105
4.687810897827148,114.48628211021423,100,-46.533189925680844,111.33403515815735,-129.0658709747343,-0.004903185,-38.69977195731576,-5.0607405,2210000,220,0.020190954208374023,42285.33219790459,3.2944066613865894,-54.17525643127368,106.23453640937805,3.1289899349212646
4.628258466720581,115.9957230091095,100,-46.94281229739466,112.7887818813324,-129.8958659370418,-0.014738156,-39.027284464923014,-4.9926414,2220000,221,0.03676891326904297,42401.34905076027,2.927854039803408,-52.66712048062008,107.7494809627533,3.1682040691375732
4.606478691101074,116.01468968391418,100,-47.02199179769357,112.93463230133057,-130.06376901863416,-0.017640991,-38.74745655349492,-4.997345,2230000,222,0.01994800567626953,42517.38539099693,2.847578352154305,-52.70001270800513,107.90718364715576,3.050626039505005
5.32105565071106,165.65875506401062,100,-47.973128235766346,162.55612421035767,-132.24053519754503,0.004722339,-40.036818388794096,-5.018226,2240000,223,0.035308837890625,42683.06559205055,2.9239058797566146,-53.450123007419585,156.70276498794556,3.066077947616577
5.08644962310791,151.51588201522827,100,-46.97098958592141,148.46952509880066,-130.01138624205976,-0.019899601,-38.87682799345642,-5.0585175,2250000,224,0.02729201316833496,42834.619408130646,3.3333621573649945,-54.321958329737996,142.9268138408661,3.0186312198638916
4.88360071182251,113.59168291091919,100,-46.77819927100368,110.91764783859253,-129.57214440236524,-0.023072617,-39.084231387757434,-5.0819945,2260000,225,0.020002126693725586,42948.234246730804,3.045314766227084,-52.69755338522393,105.5541000366211,2.6526031494140625
4.682460308074951,112.93067121505737,100,-47.05448184393761,110.04164505004883,-130.20060382956453,0.017309371,-40.280227542334686,-4.999749,2270000,226,0.035550832748413086,43061.18721294403,2.960652931981214,-54.1080517197682,104.94504642486572,2.8519489765167236
5.363163471221924,169.30753588676453,100,-46.99851063452719,165.3852949142456,-130.03235714266089,0.017088076,-38.47178341990496,-5.001736,2280000,227,0.03869485855102539,43230.515640974045,3.1373163533525963,-54.56127267918473,159.54375195503235,3.8811049461364746
4.789551496505737,114.08386778831482,100,-46.89584078341974,110.94377899169922,-129.8695182080122,-0.0067834044,-37.936976777464864,-5.092101,2290000,228,0.051641225814819336,43344.63281583786,3.665833440782337,-54.67884965894643,105.70273637771606,3.087841033935547
4.7148988246917725,113.00907897949219,100,-46.441531355092195,109.30773997306824,-128.85639831642985,0.0016161439,-38.96756080775432,-5.1027865,2300000,229,0.022263050079345703,43457.66276502609,3.0778644662499626,-53.47870926803805,104.17156958580017,3.6787047386169434
4.693260908126831,111.15394401550293,100,-46.85479368650172,108.49050402641296,-129.763307235196,-0.014386079,-39.41434383270954,-5.218318,2310000,230,0.02198195457458496,43568.837075948715,3.1341108421660104,-53.24189953329426,103.37644600868225,2.6408610343933105
4.779150009155273,110.11868524551392,100,-47.247068242692336,107.30388879776001,-130.62332744403767,-0.0022823394,-38.89747706432251,-5.185519,2320000,231,0.021670818328857422,43678.97477507591,3.4253051155102683,-53.65993809313429,102.10939407348633,2.7927799224853516
4.714879512786865,109.63622498512268,100,-47.13521588600572,107.10819888114929,-130.30275201246602,-0.007953534,-38.25668803983441,-5.2915983,2330000,232,0.020427703857421875,43788.634294986725,2.998806386085127,-53.38450065582753,101.96476674079895,2.5061991214752197
4.777323961257935,107.47312092781067,100,-47.213394846023675,104.69034099578857,-130.5046768116691,-0.024070596,-38.619965669605534,-5.4457803,2340000,233,0.01941823959350586,43896.126792907715,2.9958865734491673,-53.08306850852201,99.45310401916504,2.7609450817108154
4.812309265136719,108.15337872505188,100,-46.90272937503909,105.5343759059906,-129.85304561193888,-0.0077515137,-39.06331746029551,-5.532034,2350000,234,0.02175283432006836,44004.301486968994,3.055555658432247,-53.14114569922196,100.29469394683838,2.5955889225006104
4.78498911857605,102.27368807792664,100,-46.665481711871436,99.75387191772461,-129.30899110275521,0.0077609983,-38.96460405292133,-5.69513,2360000,235,0.019623756408691406,44106.59806108475,2.761549478264888,-52.12556525288152,94.54884171485901,2.4997971057891846
5.073405027389526,156.73086595535278,100,-46.81484593653385,152.28011322021484,-129.6569375117796,0.016329285,-39.15070556675764,-5.803149,2370000,236,0.06146597862243652,44263.34971475601,3.226543874344433,-54.18922882915633,146.747300863266,4.387066125869751
5.323533296585083,148.4619779586792,100,-47.16595061975273,145.40669298171997,-130.44485547643868,-0.004368875,-39.592988507857484,-5.872183,2380000,237,0.02982306480407715,44411.84369301796,2.942475653624613,-54.90394651577426,139.61121678352356,3.023590087890625
4.767597675323486,116.83032703399658,100,-46.84858679390736,114.2599401473999,-129.72926272276965,-0.0031761245,-39.44686452213875,-6.0580416,2390000,238,0.023405075073242188,44528.79877281189,3.5129337776010225,-53.92644102049104,109.06392550468445,2.5454647541046143
4.765898704528809,109.2650249004364,100,-46.93267863820029,106.72284579277039,-129.9571133434582,0.017556971,-38.76510233885273,-6.0618386,2400000,239,0.06873917579650879,44638.08501291275,2.8752310062375823,-53.09071539790091,101.53254818916321,2.4730958938598633
4.720075368881226,108.32455682754517,100,-46.845859199423465,105.59621596336365,-129.76448908435276,0.0084279515,-38.95700558296889,-6.3831034,2410000,240,0.020642995834350586,44746.43181204796,3.0895325547899324,-52.671383587203415,100.45629262924194,2.707310676574707
4.718048572540283,113.3611261844635,100,-46.35886096280391,110.34740710258484,-128.67475156900827,0.005331048,-38.943587857026415,-6.5475492,2420000,241,0.023787975311279297,44859.815392017365,3.045387096506294,-52.661247017032714,105.17997646331787,2.9887187480926514
4.824580430984497,115.94268226623535,100,-47.310692489992704,112.8111207485199,-130.69446293162343,-0.011349583,-40.649811925165864,-6.7402954,2430000,242,0.026275157928466797,44975.773822784424,2.8971581264570525,-54.02299124645105,107.55505323410034,3.10373592376709
4.758382797241211,114.28869414329529,100,-47.01799770474881,110.19456100463867,-130.1544888515017,-0.010411516,-39.45742655346954,-6.949203,2440000,243,0.027083873748779297,45090.081449985504,2.8057431541760374,-52.51065379884046,105.00036311149597,4.065463066101074
5.335841178894043,412.9275939464569,100,-46.946548789020355,409.84958004951477,-129.9450663112506,0.003519255,-39.23569106195683,-6.7263494,2450000,244,0.05457592010498047,45503.03084373474,2.956978771458169,-53.54288005460083,404.0267038345337,3.0211896896362305
6.877851963043213,2136.7494411468506,100,-46.89174110371168,2132.7039058208466,-129.81810968854018,0.0012997033,-39.272984713783146,-5.162429,2460000,245,0.03678107261657715,47639.81049180031,3.0243159006633427,-53.78833626522507,2125.1869881153107,4.006321907043457
6.742865562438965,162.05766606330872,100,-46.1218470697288,158.0511610507965,-128.17205976858014,-0.0062120925,-39.02289231611215,-10.400514,2470000,246,0.06689000129699707,47801.90353679657,3.325693001442021,-53.79881406946883,150.71736812591553,3.9372599124908447
6.5884740352630615,159.36434984207153,100,-47.259214207761005,154.06471705436707,-130.6213205731033,-0.0039372863,-39.455963953809125,-994.7696,2480000,247,0.02920079231262207,47961.31584405899,3.2556976642942472,-54.233433798278526,146.90646648406982,5.268766164779663
6.777151107788086,162.59579706192017,100,-46.715039157587164,156.24652194976807,-129.4718478423543,-0.01147045,-38.55841973033165,-17543.57,2490000,248,0.030778169631958008,48123.94951081276,3.0366910479971856,-54.21197891385844,148.87376427650452,6.3169450759887695
6.764236927032471,162.88521695137024,100,-46.94271014296774,157.80931401252747,-130.00165276573347,0.013490822,-37.87654906876489,-38239.33,2500000,249,0.03625297546386719,48286.86537909508,3.069893423324896,-53.211598917734264,150.4858090877533,5.037901163101196
6.887305974960327,158.82154893875122,100,-46.74247096696324,153.72882318496704,-129.58201428623437,0.0057317843,-39.306447173206195,-4503.751,2510000,250,0.05097389221191406,48445.731900930405,3.2753615643685694,-54.321374617078476,146.27508974075317,4.970080614089966
8.325091361999512,200.47790503501892,100,-46.78996270355093,189.00705909729004,-129.54140275541556,-0.01134505,-38.257254639148485,-7168.133,2520000,251,0.15437984466552734,48646.24757695198,3.0054484330366127,-52.45918200688577,179.98741579055786,11.313655138015747
10.477946758270264,245.2313859462738,100,-146.90022619299208,237.72589802742004,-300.74656831741265,-0.0019376831,-82.67288112530176,-8802.554,2530000,252,0.05985689163208008,48891.56020593643,49.40375864519007,-360.5944719405359,226.29439783096313,7.442986011505127
9.881200075149536,214.3741431236267,100,15.760517181882392,207.75862979888916,12.048747820236834,0.020070251,73.55272264398587,-765.9271,2540000,253,0.06653785705566406,49106.06175684929,26.37570274697151,-44.64830933905585,197.0357310771942,6.546835899353027
10.554999828338623,230.176362991333,100,63.45836259257729,222.59342098236084,115.14220454560375,0.005516368,92.74214771336601,-1000.1344,2550000,254,0.2221972942352295,49336.30180597305,9.734542107770645,44.066583951826985,211.14596033096313,7.359428882598877
10.920575618743896,231.55037307739258,100,110.92940364368877,222.73302507400513,204.48115437451753,0.00027493897,131.4426930167416,-4352.75,2560000,255,0.07726192474365234,49567.91764497757,12.88402799979896,78.43070956107182,210.94817090034485,8.737672328948975
11.058940887451172,228.16193985939026,100,120.38477481939204,221.84840321540833,222.45433922693127,-0.01945935,155.6838555246575,-10905.64,2570000,256,0.059329986572265625,49796.15373682976,10.64217728632477,106.35375148962697,209.88089418411255,6.249562978744507
10.577884197235107,227.7430760860443,100,173.05796047307788,221.7970929145813,319.8466971370433,-0.015472948,186.81385857382568,-33978.777,2580000,257,0.0711660385131836,50023.95113492012,12.489750889083137,117.63936319800156,210.12870502471924,5.872495174407959
10.513232231140137,229.12494111061096,100,173.3297123346249,219.4185230731964,304.3498650461836,0.003931869,180.6131374114961,-78835.734,2590000,258,0.23627066612243652,50253.14463400841,4.532795023131227,155.4881214063683,208.0244574546814,9.468309164047241
11.526524782180786,235.91594409942627,100,148.54067181906214,228.37639808654785,242.31091155568546,0.002273961,156.33382780235922,-15605.639,2600000,259,0.08416485786437988,50489.12159085274,2.8556857088934073,142.14950213351787,215.89285349845886,7.453083038330078
11.109514236450195,219.13887786865234,100,146.67331346380615,212.97778415679932,237.2871915417226,0.0024587414,157.5452141227086,883.5655,2610000,260,0.053544044494628906,50708.32446312904,4.784862511314778,138.7316296764601,200.95084238052368,6.104739189147949
10.767558574676514,232.61524105072021,100,148.78263313814176,223.0708029270172,242.71685508530143,0.015148846,167.15356605700927,72.83109,2620000,261,0.20121502876281738,50941.03028202057,6.576009183000286,139.47863967323858,211.4735767841339,9.340975046157837
13.127832651138306,320.34779596328735,100,146.6846264674849,314.1464560031891,237.35453687276575,0.021101262,157.43664246988814,21.524618,2630000,262,0.10523271560668945,51261.457317113876,3.958611452326302,139.32103792027726,299.98295164108276,6.093736886978149
11.92966365814209,256.2383780479431,100,146.90209550180336,248.31465029716492,237.80135946774695,-0.00157173,160.9305860890938,0.110975415,2640000,263,0.11599087715148926,51517.76309800148,4.924599088467762,138.418998269698,235.23447394371033,7.804040908813477
12.109915733337402,250.88023805618286,100,148.75647231559074,242.93123507499695,242.5536963834206,-0.016546475,160.64611502879828,1.0537369,2650000,264,0.14134597778320312,51768.75203084946,5.271860966508596,130.3174152233432,229.9108498096466,7.803039073944092
11.535491466522217,252.40252113342285,100,148.9766015114061,245.6691768169403,242.9954998270726,0.027111914,165.00133107228544,0.58569837,2660000,265,0.06264305114746094,52021.285974025726,6.139340527789826,137.97640831254992,233.14450359344482,6.668698072433472
11.24756932258606,259.59016609191895,100,148.70665257182395,252.78530716896057,242.28512760355014,-0.0027046066,162.6115044189513,0.134358,2670000,266,0.0852499008178711,52280.93387889862,5.4290947594694146,138.78627761777705,240.56390500068665,6.7177629470825195
10.901533365249634,237.79908108711243,100,148.78903925952625,231.34650993347168,242.50074541693576,0.0053476365,167.51271087521525,0.02850218,2680000,267,0.07250308990478516,52518.7933909893,6.211103074269918,137.404864878941,219.63299322128296,6.3786461353302
10.432631731033325,235.1859278678894,100,149.437110187867,227.6445188522339,244.15556732824382,-0.025489423,163.50139847744464,-0.025107237,2690000,268,0.05576801300048828,52754.04969072342,5.637145502255658,138.9786255974966,216.38708972930908,7.48262095451355
10.702675819396973,235.21066689491272,100,149.19042210030364,227.91101217269897,243.50125664133796,-0.018964011,162.07358899267527,-0.020360935,2700000,269,0.15024995803833008,52989.32335782051,6.43491685155939,134.57911694790243,216.32878613471985,7.1463611125946045
10.486591815948486,240.18885493278503,100,149.83284860094258,231.4964632987976,245.15763794319432,0.008705974,164.63231598028813,0.007062225,2710000,270,0.26762914657592773,53229.58090686798,5.370162547847437,139.28059622449908,220.1087145805359,8.420315980911255
10.318985939025879,238.87198996543884,100,149.46331862231986,231.80773401260376,244.35376064486886,0.0013461334,161.60237370123315,0.0008535095,2720000,271,0.05342388153076172,53468.52050495148,5.4232387949038365,139.643540618637,220.62238907814026,7.0093770027160645
10.737741231918335,256.1657738685608,100,149.40194862046874,248.85519886016846,244.1490452409568,-0.013127726,163.08238967433488,-0.013692712,2730000,272,0.20071077346801758,53724.75113892555,5.598660475581797,137.22682493963086,237.23361253738403,7.041085958480835
10.545111656188965,250.68857097625732,100,148.9177235231963,241.4086229801178,242.84925129697055,-0.0011747994,162.15705997210807,-0.0015232544,2740000,273,0.1246500015258789,53975.53783082962,5.870621572636131,138.9022310260954,229.9839267730713,9.152642011642456
11.09093976020813,295.2213599681854,100,148.3107324161762,288.58943796157837,241.33913725825616,0.01806592,162.66920575943553,0.017678153,2750000,274,0.05913805961608887,54270.96847486496,5.306231647515691,138.00523135885393,276.6569278240204,6.56784200668335
12.008212566375732,282.0237441062927,100,147.99423602634525,265.5067048072815,240.5178597622418,-0.0013008515,160.8482413206916,-0.0016556595,2760000,275,0.2515120506286621,54553.05366277695,5.2852182209263034,138.39299276998003,252.4829728603363,16.263590812683105
12.872716665267944,257.7190008163452,100,149.07495183223432,249.2122220993042,243.2355322727942,0.009600768,163.89744398760362,0.009323601,2770000,276,0.10860896110534668,54810.86819791794,5.591182917050573,138.4730101515053,235.1253798007965,8.39122724533081
11.156775951385498,183.21768808364868,100,149.14498851189109,178.22546887397766,243.42530669338782,-0.020178437,159.6354889352167,-0.020385379,2780000,277,0.05879092216491699,54994.1416759491,5.251441350924701,137.76936254945,166.1469395160675,4.931557893753052
11.17112922668457,148.18758606910706,100,149.78793669431943,143.08026599884033,245.01577010410307,-0.0072770217,165.0500559498817,-0.007756508,2790000,278,0.0880119800567627,55142.39298772812,5.646078633527175,138.6163336691679,131.03632998466492,5.016988039016724
10.548675060272217,142.47079300880432,100,148.42808697283445,137.54733300209045,241.63533009523752,0.019857317,162.6396415153839,0.019682745,2800000,279,0.23876714706420898,55284.912668943405,5.2484902756746035,138.92320667942465,126.15836501121521,4.682837009429932
10.930215835571289,148.899676322937,100,148.92345906896398,143.76687788963318,242.82494062093286,-0.014528343,161.74931715926704,-0.0149065675,2810000,280,0.14604592323303223,55433.86033296585,5.59870040961834,138.29143082827184,131.9949221611023,4.981101036071777
10.857010126113892,148.30781483650208,100,148.62070163637173,139.50623989105225,242.04690958078507,-0.00026633454,161.3214065454996,-0.00059336546,2820000,281,0.19792795181274414,55582.227878808975,6.226694385598058,137.91000647637432,127.80416870117188,8.602716207504272
10.56291127204895,142.6670081615448,100,149.37511066122255,137.14673113822937,243.9573180920078,0.01840396,162.2257073703041,0.018142097,2830000,282,0.0536351203918457,55724.943990945816,5.909781822099556,138.3329198982797,125.75374102592468,5.464970827102661
10.894491195678711,157.0223150253296,100,149.94544138500626,151.4466233253479,245.43514737694048,0.0010878441,161.9104131022095,0.0004088173,2840000,283,0.04705810546875,55882.01417899132,5.386450349458642,139.6959782747184,139.69898533821106,5.527493000030518
10.816777467727661,153.22059392929077,100,149.6014752457132,146.99207997322083,244.55564796081453,0.023158912,163.4975379571978,0.02289881,2850000,284,0.2500591278076172,56035.30194878578,6.326814063090168,138.86485026248224,135.3487672805786,5.976648807525635
10.690215110778809,143.46900820732117,100,149.81385127858437,138.73630905151367,244.97529270433736,-0.014449045,163.48947186142485,-0.015052963,2860000,285,0.04960989952087402,56178.82719993591,6.087378058396893,137.62879357074317,127.21476936340332,4.680651664733887
10.52647352218628,145.13763785362244,100,149.33522015099766,140.09603714942932,243.83481693192294,-0.002783194,162.61978074872792,-0.003070465,2870000,286,0.06082797050476074,56324.01096177101,6.1176469656411,138.19616552867697,128.68091750144958,4.978114128112793
10.935561656951904,144.93628001213074,100,148.3962005982134,140.15545415878296,241.4922468472561,-0.0045836484,160.53733316153628,-0.005310682,2880000,287,0.04526805877685547,56468.993243932724,5.450547006498912,137.46616340004078,128.41655731201172,4.733457088470459
10.474852085113525,147.1176369190216,100,148.74942999838638,141.8990387916565,242.4069671520049,0.000974736,161.8158345842535,0.0009602386,2890000,288,0.0527799129486084,56616.21403384209,5.637992724288213,136.52256553143368,130.5691955089569,5.16417384147644
10.507880449295044,140.20822501182556,100,149.25337842807218,133.16197514533997,243.72952674773364,0.0011768051,165.76408510321903,0.00026081162,2900000,289,0.04632902145385742,56756.55951690674,5.9921383414025495,138.13301557506708,121.80475330352783,6.9975080490112305
10.082241773605347,134.04621529579163,100,150.078436718845,129.07252717018127,245.76368062267684,0.0018319931,160.5436587697565,0.001377271,2910000,290,0.21077299118041992,56890.752171993256,5.996570561046828,138.69642334060964,118.11149501800537,4.76160192489624
10.620532989501953,145.72897291183472,100,149.2258681707912,140.57206392288208,243.7062651927094,0.00761943,160.562789158381,0.0074651786,2920000,291,0.053381919860839844,57036.52736592293,5.555901995425946,139.03010283561233,129.0585527420044,5.100942850112915
10.265703916549683,145.61802172660828,100,148.93249716254698,138.8939769268036,242.93168349494235,0.004941777,164.45356087652704,0.0041674445,2930000,292,0.04016995429992676,57182.220401763916,4.907064159785578,139.03130819704862,127.73705005645752,6.681838274002075
10.450124740600586,156.91069293022156,100,149.37416559939976,151.31852293014526,244.05044095762395,-0.0062918854,162.19422298389802,-0.0065352204,2940000,293,0.17264604568481445,57339.179039001465,5.584675851375219,137.93233408769422,139.98062753677368,5.412869930267334
10.80440616607666,144.75444078445435,100,148.88426515762774,137.19075989723206,242.77537198923025,-0.0062296386,159.714467838105,-0.0066651674,2950000,294,0.05973196029663086,57484.07771682739,5.839269093853321,137.52178675658087,125.50752997398376,7.500701904296875
10.648807764053345,152.28506302833557,100,148.5479314548792,144.48594617843628,241.86459060108166,-0.0035845216,161.53162185498394,-0.0035730912,2960000,295,0.06479382514953613,57636.413017988205,5.736629950921396,138.84112374180705,132.92222571372986,7.732996940612793
10.443466424942017,144.48746395111084,100,148.91594656138994,138.8818838596344,242.83980852385284,-0.01036921,167.82569086915936,-0.010695467,2970000,296,0.049413204193115234,57780.99652981758,5.528216046185061,138.0750445223907,127.58562970161438,5.554969072341919
10.275150299072266,140.80425596237183,100,149.99911391278832,135.5914821624756,245.5448990793488,-0.016254496,163.34758388313986,-0.016890073,2980000,297,0.09436488151550293,57921.85565376282,5.433533653391831,139.6301481560962,124.4612557888031,5.11629319190979
11.394598960876465,172.57229709625244,100,149.85303418541983,164.1569049358368,245.2186451214737,0.00012729682,165.94589723540642,-0.0002419323,2990000,298,0.057383060455322266,58094.48092389107,5.652050120037932,139.86984559326248,151.88402438163757,8.356507062911987
13.604703664779663,218.19710206985474,100,149.7612375746213,211.58423399925232,244.99400940059033,-0.012376187,163.8981560554793,-0.013142235,3000000,299,0.07844996452331543,58312.734704732895,5.514961211264035,137.8458727002681,196.89637279510498,6.532033920288086
