train-EnvExecTime,Time-SampleProc,ItrTime,n_timesteps,train-MinReturn,train-AverageDiscountedReturn,train-MaxReturn,Itr,Time,train-NumTrajs,train-PolicyExecTime,train-StdReturn,LossBefore,Time-Optimization,train-AverageReturn,Time-Sampling,LossAfter
2.5192744731903076,0.0949246883392334,8.058833837509155,10000,-116.42616731229188,-40.71358151858627,39.252243494909216,0,8.058840274810791,100,4.763091087341309,30.75500583599792,1.8310548e-08,0.4228203296661377,-24.263866411570334,7.540807485580444,-2.2791135
2.4813151359558105,0.06913924217224121,7.715428352355957,20000,-142.42295495743588,-40.80636219337922,44.73752526197738,1,15.796597719192505,100,4.637589693069458,33.53672872852256,6.866455e-09,0.3033602237701416,-23.178791776166968,7.342700242996216,-0.05389588
2.4740307331085205,0.12420463562011719,7.834243535995483,30000,-101.25663529659468,-32.14652462170308,75.76523843678184,2,23.647890329360962,100,4.705624103546143,36.32663467837983,-3.0517577e-09,0.30246925354003906,-19.639919804975214,7.407312393188477,-0.06709071
2.480618953704834,0.11331987380981445,7.787437200546265,40000,-108.21772556057515,-40.690082913725476,79.40907038999812,3,31.45343589782715,100,4.557034969329834,32.925052244948006,-3.0517577e-09,0.40694189071655273,-24.185624906705,7.266928434371948,-0.045521937
2.490553379058838,0.05510377883911133,7.860482454299927,50000,-154.61775838628157,-36.40138273305298,116.66779490802145,4,39.33209228515625,100,4.700084924697876,41.19834742213595,7.629395e-09,0.38381266593933105,-21.308348516808742,7.4213221073150635,-0.0459011
2.4351882934570312,0.08150744438171387,7.669251441955566,60000,-120.29578481659335,-45.21843128919707,88.46875919842748,5,47.01853632926941,100,4.493924379348755,38.64734762478955,1.5258789e-09,0.4304647445678711,-24.904936001623323,7.156884670257568,-0.064476214
2.476073980331421,0.0416257381439209,7.711451768875122,70000,-128.71042706001657,-24.541741528065938,87.52016626767242,6,54.74958920478821,100,4.541718482971191,37.78927808565979,-0.0043599564,0.4170057773590088,-11.859905389982885,7.2525482177734375,-0.040185682
2.434298276901245,0.09699034690856934,7.685552597045898,80000,-113.42388937952919,-33.521131103806376,109.19816960801398,7,62.45970153808594,100,4.58540678024292,38.61996958188742,-6.4849854e-09,0.3410501480102539,-17.466607320008784,7.247251272201538,-0.02466041
2.4542911052703857,0.04280972480773926,7.775332450866699,90000,-108.71184166380341,-20.656537740218074,83.81962184922489,8,70.25705027580261,100,4.645862817764282,37.51622007855335,-1.5830993e-08,0.4021577835083008,-9.718592130708139,7.330116510391235,-0.0279565
2.446826696395874,0.04378533363342285,7.671412467956543,100000,-143.90296283529472,-19.9758930953956,116.2476361256691,9,77.95034527778625,100,4.608316898345947,42.36232539719104,3.3569336e-08,0.3325819969177246,-9.248337944783911,7.294790983200073,-0.0275928
2.4957284927368164,0.10204386711120605,7.76757287979126,110000,-193.30717779536488,-33.01101635783957,99.88585991217624,10,85.74360346794128,100,4.624328374862671,47.82740132652252,-0.0015545975,0.31775927543640137,-14.319810463042336,7.347477912902832,-0.023416877
2.4317402839660645,0.07361888885498047,7.711445569992065,120000,-97.33511247198459,-10.145290190436256,137.00312300926214,11,93.47677493095398,100,4.69063663482666,40.67875441480684,-0.0016137573,0.28992700576782227,-3.972528663385308,7.347601413726807,-0.025780374
2.4552173614501953,0.10321283340454102,7.7002058029174805,130000,-105.84053984566029,-7.729851449896222,83.13731389211279,12,101.21184539794922,100,4.573026418685913,45.40735751916798,2.4414062e-08,0.33951759338378906,-4.028713959487571,7.257227659225464,-0.036337513
2.4343228340148926,0.0760347843170166,7.675630331039429,140000,-104.88520652743718,-6.093399624229544,112.97742736939804,13,108.90522480010986,100,4.589087724685669,40.69969439804595,-1.525879e-08,0.34490299224853516,-2.495575493248883,7.254383563995361,-0.031232331
2.4694840908050537,0.08319330215454102,7.8183534145355225,150000,-96.78875410834033,-4.037246449857771,99.05576658055334,14,116.74769234657288,100,4.670015811920166,42.42567506919773,2.5939942e-08,0.3554401397705078,-1.1768003514398913,7.379483461380005,-0.055579975
2.4150989055633545,0.04011821746826172,7.630969285964966,160000,-69.47880513193056,-5.130501869022708,112.9697492738061,15,124.39953446388245,100,4.674943208694458,37.70546597455804,-0.002327649,0.2738356590270996,-1.4313358534885992,7.31673526763916,-0.04035449
2.4393763542175293,0.061150312423706055,7.755802154541016,170000,-103.77042669512169,3.064466602260303,123.82526386627389,16,132.1726369857788,100,4.758014917373657,39.29560628553723,-0.0073794494,0.26692652702331543,0.5339560787433018,7.427495002746582,-0.06842603
2.4435131549835205,0.04078793525695801,7.718354225158691,180000,-123.10562155128144,21.22663374036138,150.0982493335667,17,139.90969038009644,100,4.725194931030273,38.77562833191669,-0.00016667176,0.2778737545013428,9.54931843054342,7.397079706192017,-0.035283368
2.4267871379852295,0.046221256256103516,7.716484069824219,190000,-92.19913720732673,-5.5656341187696805,108.81130005815204,18,147.64344310760498,100,4.732073068618774,38.96532388066408,1.0681152e-08,0.2778198719024658,-3.4032356566839583,7.392210960388184,-0.045752812
2.513273000717163,0.10124945640563965,7.950291156768799,200000,-92.2797740712453,-3.943606632379726,93.56917944397985,19,155.6115312576294,100,4.781682729721069,36.62167941485794,4.577637e-09,0.3197004795074463,-2.6577542332350443,7.52908182144165,-0.036225628
2.522526979446411,0.06981801986694336,7.839697360992432,210000,-125.06990781278283,-0.785189157122237,123.46549656301654,20,163.47100257873535,100,4.739511966705322,42.58839318460568,-1.2207031e-08,0.2736701965332031,-1.9786530383906449,7.49599552154541,-0.04436941
2.4456987380981445,0.06888198852539062,7.682187795639038,220000,-162.07014820084837,-12.265424342960964,87.83151238627562,21,171.1719093322754,100,4.647934198379517,37.16836112647495,-6.1035155e-09,0.27399778366088867,-7.6416174674503585,7.339054346084595,-0.07171189
2.423391819000244,0.044693946838378906,7.6758623123168945,230000,-98.9161652048947,-7.699669650523504,76.48585185894432,22,178.86833667755127,100,4.7033374309539795,38.81848247586972,-1.0681152e-08,0.2741832733154297,-7.332047925573481,7.3567516803741455,-0.026824297
2.46494460105896,0.07154107093811035,7.744117259979248,240000,-94.18474620023841,-20.806138473492428,58.582441717995756,23,186.63115096092224,100,4.707667350769043,29.631940728508155,-6.1035155e-09,0.2673459053039551,-14.493095212316497,7.404910087585449,-0.03478196
2.4307563304901123,0.06635260581970215,7.74344277381897,250000,-157.50120849116766,-53.37236514519089,99.04484162950266,24,194.3911316394806,100,4.747276067733765,43.58377297168584,-0.0033237305,0.26631784439086914,-31.497393890943904,7.4105305671691895,-0.051621094
2.4398937225341797,0.06789493560791016,7.725951194763184,260000,-190.0781954790732,-36.43364648236347,55.49278822214423,25,202.13591313362122,100,4.723570346832275,40.84646061617482,3.0517577e-09,0.2643470764160156,-22.194432147156558,7.393442869186401,-0.03154887
2.4549190998077393,0.06936526298522949,7.741520881652832,270000,-167.78128430866587,-32.82555001723533,80.99403908275778,26,209.89832854270935,100,4.707386493682861,44.04638481694371,1.2207031e-08,0.27657651901245117,-20.41805893354715,7.395334243774414,-0.095801815
2.420746326446533,0.0827169418334961,7.759079217910767,280000,-155.6067576175684,-7.845617494917661,108.7667073718856,27,217.67563128471375,100,4.766017913818359,45.995094039213555,3.0517577e-09,0.2554738521575928,-7.21310889022621,7.420640468597412,-0.09165609
2.4130029678344727,0.04047513008117676,7.627506256103516,290000,-121.45342445462617,18.918406511798214,150.2739066146631,28,225.32272577285767,100,4.671266317367554,46.888132636969644,-3.0517577e-09,0.27255988121032715,10.114057024019777,7.314229965209961,-0.29186845
2.4220423698425293,0.0691533088684082,7.662447214126587,300000,-87.21604720573794,10.6214031442208,103.5696830800671,29,233.0050323009491,100,4.676565885543823,43.76631420594907,1.525879e-08,0.26181745529174805,6.797825316879315,7.331246614456177,-0.031530898
2.404604196548462,0.04856371879577637,7.628730297088623,310000,-111.44409050787785,38.95864319561837,121.40532910968169,30,240.651629447937,100,4.679458856582642,48.31071199340845,-6.1035155e-09,0.26966428756713867,21.636963494284302,7.310267925262451,-0.04187763
2.434607744216919,0.048578739166259766,7.767984867095947,320000,-122.84283411880756,59.829809811711,151.2304171799505,31,248.4389238357544,100,4.771307468414307,51.126801770835165,-1.525879e-08,0.28482842445373535,31.764917568713702,7.434345483779907,-0.08495176
2.4830403327941895,0.04352164268493652,7.79946494102478,330000,-67.7463329648619,76.4990315464732,163.9524115328275,32,256.25814414024353,100,4.752875089645386,45.81814224336424,0.0015632813,0.28638291358947754,38.56416594728401,7.469343900680542,-0.47181195
2.447678804397583,0.05069613456726074,7.835026741027832,340000,-88.5914969037099,49.157392316149455,132.213775535275,33,264.11095428466797,100,4.824214935302734,43.258245615026794,3.6621095e-08,0.2745206356048584,24.3250598031366,7.5095508098602295,-0.07062599
2.4794540405273438,0.07996487617492676,7.87651252746582,350000,-87.00218158486396,-5.1119735217620565,67.10355505012615,34,272.00599670410156,100,4.8151514530181885,32.78464289710841,-3.0517577e-09,0.2630119323730469,-6.507012678947413,7.533248424530029,-0.049619116
2.4605765342712402,0.04561352729797363,7.8107476234436035,360000,-101.65340286481636,-34.138027495157964,69.94693493756752,35,279.83514499664307,100,4.794861555099487,34.14746066479824,-1.5258789e-09,0.26933789253234863,-20.942858147470098,7.49554967880249,-0.02093561
2.44789719581604,0.06839871406555176,7.903416395187378,370000,-80.5970795424302,-30.511450529053697,47.36548441560969,36,287.75960087776184,100,4.885668992996216,27.17067432016758,3.0517577e-09,0.2660365104675293,-20.396912705695087,7.568711280822754,-0.024899054
2.433856964111328,0.06572937965393066,7.681085109710693,380000,-90.08291705684668,-24.877593704860043,42.714944576075965,37,295.4573485851288,100,4.712940454483032,30.11947002460337,-9.155274e-09,0.2407820224761963,-15.668309542170714,7.374364376068115,-0.043009344
2.39128041267395,0.06538701057434082,7.505331039428711,390000,-94.03027634417144,-4.2372469946715565,53.09226704999631,38,302.9796905517578,100,4.563087463378906,27.50338454356461,1.5258789e-09,0.2536201477050781,-3.5867108530622818,7.186084508895874,-0.066044964
2.4058024883270264,0.043070077896118164,7.5067219734191895,400000,-65.14876779926995,18.380074560693625,88.4328684785267,39,310.50315260887146,100,4.568278789520264,32.757797098099154,2.4414062e-08,0.257584810256958,8.456019958704763,7.205810785293579,-0.08652309
2.4139392375946045,0.03325986862182617,7.578831434249878,410000,-69.68027520054709,23.245858854048883,98.92076721762733,40,318.09906458854675,100,4.649658441543579,36.7593933136883,-1.0681152e-08,0.2486555576324463,10.674524563141041,7.2966673374176025,-0.07126934
2.457292318344116,0.06824564933776855,7.5877439975738525,420000,-80.9726188211144,28.083890508030482,77.51804613680949,41,325.7037103176117,100,4.604673147201538,36.65147107459475,-1.2207031e-08,0.22130298614501953,13.48297078500887,7.297951698303223,-0.09835129
2.453989028930664,0.048818349838256836,7.574772596359253,430000,-75.62760510197161,7.698439771522857,64.58974574716272,42,333.29474210739136,100,4.599159240722656,34.85807385765612,-1.2207031e-08,0.23840880393981934,2.136711365350546,7.287281036376953,-0.05618547
2.4676125049591064,0.03943681716918945,7.5870184898376465,440000,-105.94864090852205,-26.104235733639403,74.14147661059158,43,340.8966209888458,100,4.5892860889434814,32.725232083006624,1.0299683e-08,0.25045299530029297,-16.41064867534164,7.296903133392334,-0.020683473
2.4807920455932617,0.0361790657043457,7.600543260574341,450000,-109.07498601433045,-44.730347693854895,48.50891087142286,44,348.51381182670593,100,4.604137420654297,29.9972758985165,5.340576e-09,0.24024653434753418,-26.075388142686926,7.32392430305481,-0.05018495
2.502007484436035,0.04056596755981445,7.705285310745239,460000,-134.53220311694594,-28.847720847740533,87.57975552289417,45,356.2343394756317,100,4.7045207023620605,38.04650208139079,-1.2207031e-08,0.21831536293029785,-17.211439664445876,7.44616961479187,-0.06757684
2.634052276611328,0.04561114311218262,7.938509702682495,470000,-135.32419768486736,-9.374550673581453,75.60911137152705,46,364.19022154808044,100,4.79934549331665,34.93508366749438,-2.5939942e-08,0.2077648639678955,-7.724877718843832,7.6848790645599365,-0.05017616
2.632326126098633,0.07815146446228027,7.978989601135254,480000,-148.40064726138093,-18.98082326631402,80.4189617279251,47,372.18340849876404,100,4.809856653213501,34.16277053053549,3.4332275e-09,0.20507049560546875,-11.164277202266625,7.695518255233765,-0.028619122
2.6171205043792725,0.04655718803405762,7.926771879196167,490000,-103.07238754339366,-22.626697369332373,73.10062545124909,48,380.124263048172,100,4.797061443328857,34.665596503574534,1.2207031e-08,0.21657681465148926,-12.443556957411575,7.6633734703063965,-0.02027569
2.620393753051758,0.04543709754943848,7.905677080154419,500000,-89.35877170478474,-25.856791102262218,77.48520907466855,49,388.04386377334595,100,4.778655529022217,33.27617711021008,2.1362304e-08,0.20974111557006836,-15.249115532082534,7.650272846221924,-1.0502523
2.647357225418091,0.043401241302490234,7.994123458862305,510000,-153.8974391249648,-44.10862937856737,89.78561843904629,50,396.05168080329895,100,4.822515487670898,39.57687206893716,-1.9836426e-08,0.21601557731628418,-25.417092586058423,7.73450779914856,-0.62340903
2.6418895721435547,0.04251813888549805,8.007220268249512,520000,-138.50969965474496,-58.159449174212696,71.92559667488626,51,404.0729217529297,100,4.842211008071899,38.297747363462385,4.9591065e-09,0.22995543479919434,-33.596705635865995,7.734517812728882,-0.3785209
2.6339149475097656,0.040863990783691406,7.962280988693237,530000,-142.46501554841373,-57.14213560712022,47.30712465409308,52,412.05116391181946,100,4.808084964752197,39.56039326466453,3.6621095e-08,0.2281792163848877,-33.98464618983934,7.692985773086548,-0.25711876
2.625171422958374,0.07656025886535645,7.93562912940979,540000,-110.65712638963339,-40.04786830534265,55.64757341482989,53,420.0004439353943,100,4.783557653427124,35.73050296996942,1.9073487e-09,0.20020341873168945,-25.15374047728622,7.658641338348389,-0.08703233
2.6496665477752686,0.03964519500732422,7.994069576263428,550000,-123.2102922902458,-45.718260859351815,43.43134907642477,54,428.00871205329895,100,4.833811044692993,34.15894823254181,-0.00020377197,0.22101783752441406,-27.102342640688025,7.733168601989746,-0.012902454
2.696831703186035,0.04887890815734863,8.0556960105896,560000,-137.15468056222463,-53.319344947903346,60.15875526846997,55,436.08012557029724,100,4.816835403442383,38.70387529701692,1.5258789e-09,0.23608636856079102,-31.939638673893764,7.770500659942627,-0.041487586
2.6817729473114014,0.03953242301940918,7.984269142150879,570000,-147.442924244865,-49.858665441265615,40.44305948579532,56,444.07815527915955,100,4.801041603088379,31.357200458293587,9.918213e-09,0.20986628532409668,-30.566958741603777,7.734627723693848,-0.026508842
2.636286497116089,0.044425249099731445,7.937858581542969,580000,-122.2688160460545,-39.813181944332484,56.610267443266274,57,452.02983498573303,100,4.786203622817993,32.529574860959805,-6.1035155e-09,0.21639323234558105,-24.501895052716353,7.676822662353516,-0.053886354
2.6794347763061523,0.04038357734680176,8.003793954849243,590000,-111.96630629589879,-51.27893830212938,59.047365546790644,58,460.04757714271545,100,4.809622526168823,34.347199005871424,6.866455e-09,0.22262215614318848,-31.096401023275863,7.740556716918945,-0.084880084
2.6559557914733887,0.08324384689331055,8.004431009292603,600000,-125.76049708580315,-58.34857959826011,41.67282330083761,59,468.0662455558777,100,4.817545652389526,31.279172281628988,3.0517577e-09,0.19562435150146484,-34.89789100707939,7.725300073623657,-0.196093
2.671172857284546,0.04390120506286621,8.053825616836548,610000,-133.19748818472624,-42.963375719345215,56.10957327163224,60,476.13381838798523,100,4.860458135604858,35.3246447092992,1.8310548e-08,0.22454524040222168,-25.483433108042554,7.785151958465576,-0.08549488
2.6545698642730713,0.04506182670593262,7.9218909740448,620000,-154.08408911152608,-29.304498912369972,68.30073897197055,61,484.06976222991943,100,4.768224716186523,36.08573351784301,-1.2207031e-08,0.20496273040771484,-17.671064904656756,7.671649217605591,-0.0387224
2.6750996112823486,0.08008193969726562,8.055837154388428,630000,-130.82806536526203,-31.670209240860835,71.18885308367982,62,492.1398558616638,100,4.84357213973999,38.913579226097085,-0.00053110963,0.20571613311767578,-18.331005529961057,7.769798517227173,-0.034336682
2.656033515930176,0.0787804126739502,7.983403921127319,640000,-116.76845484956415,-32.940770578305184,71.01217967588133,63,500.1374862194061,100,4.797118663787842,36.485737555088015,-0.0021233642,0.2007143497467041,-18.560269675669307,7.703647613525391,-0.049746208
2.6511855125427246,0.044951438903808594,8.027997255325317,650000,-109.86409202530271,-39.07678201197294,85.91721467486713,64,508.184716463089,100,4.850932836532593,35.04956987705573,-0.002118239,0.22861218452453613,-22.819036261179694,7.754171133041382,-0.08962158
2.6763417720794678,0.04016923904418945,8.012326717376709,660000,-133.00030260104913,-37.284403206243326,54.036224231079196,65,516.2112050056458,100,4.821097135543823,37.31507545526014,-2.4414062e-08,0.22223448753356934,-21.105534806060383,7.74970269203186,-0.034067243
2.6702187061309814,0.0764772891998291,8.007451295852661,670000,-108.3186006116867,-27.18618106283891,80.89355115097844,66,524.2330965995789,100,4.801155090332031,35.79848192009468,7.324219e-08,0.20844316482543945,-16.150742221730724,7.722098112106323,-0.059215505
2.6741280555725098,0.03985118865966797,8.009563207626343,680000,-114.85943258497974,-38.328826774939664,62.93016595137947,67,532.2571091651917,100,4.8325300216674805,34.99592950748412,-6.1035155e-09,0.21243548393249512,-21.2998781070844,7.757079124450684,-0.06368566
2.689429521560669,0.06993627548217773,8.03474235534668,690000,-129.63561165992547,-32.149151445719966,72.59355821901589,68,540.3061764240265,100,4.815270900726318,38.4193226028794,1.8310548e-08,0.2108783721923828,-17.922398544981164,7.7537195682525635,-0.05850351
2.6641645431518555,0.04345202445983887,8.032506704330444,700000,-97.44887349251434,-32.15884814208718,51.67848458977206,69,548.352578163147,100,4.8444859981536865,36.16987888351047,-0.0045508547,0.2298574447631836,-18.873008689217553,7.758960485458374,-0.066190846
2.6807799339294434,0.07923269271850586,8.004755973815918,710000,-119.49095862202354,-46.517386347927534,76.07105194178651,70,556.3715512752533,100,4.789256811141968,37.9591553446462,-1.2207031e-08,0.20277667045593262,-27.386961365404304,7.72249698638916,-0.06334304
2.6948132514953613,0.0437469482421875,8.042270421981812,720000,-136.38150536727142,-34.24896987953825,65.01738661114072,71,564.4314806461334,100,4.816392421722412,39.614783349772594,-3.4332275e-09,0.2352445125579834,-21.00073116320983,7.763010263442993,-0.065963194
2.689063310623169,0.045119524002075195,8.004141569137573,730000,-100.61436295148474,-36.10342143802881,79.09395116544711,72,572.4493498802185,100,4.80191445350647,38.65080190016011,-7.629395e-09,0.21640634536743164,-21.552866426667332,7.74237060546875,-0.049952596
2.6954784393310547,0.04201674461364746,8.056171894073486,740000,-138.44719030386725,-28.072011274020596,76.7136951395089,73,580.5191872119904,100,4.8516459465026855,37.92716458034008,-0.0028105224,0.21489739418029785,-15.079526826739661,7.799057960510254,-0.089235686
2.73598051071167,0.0750432014465332,8.10407543182373,750000,-117.45964118571268,-31.522462969103096,69.43023277592869,74,588.6372113227844,100,4.826793193817139,35.59886185851044,-1.2207031e-08,0.20488572120666504,-17.545044332881076,7.823894023895264,-0.08266309
2.7037880420684814,0.08055329322814941,8.000134706497192,760000,-117.68061013034064,-27.473864849462885,78.69394349094509,75,596.6550104618073,100,4.765006065368652,37.63404292179745,1.525879e-08,0.20156168937683105,-14.390737405715942,7.717785835266113,-0.08030758
2.6891391277313232,0.04529261589050293,8.018667697906494,770000,-125.89724786177726,-28.507223553438212,104.62035325508782,76,604.6883025169373,100,4.804984092712402,40.372043646259726,-2.4414062e-08,0.2274637222290039,-14.859697152876583,7.745676517486572,-0.06593791
2.69271183013916,0.04405927658081055,7.9671430587768555,780000,-109.37492072481825,-27.29678643818371,89.82415793071532,77,612.6690952777863,100,4.766377210617065,40.01074149575168,-0.0031987946,0.21301817893981934,-15.946135540962189,7.70984411239624,-0.04376298
2.699275493621826,0.08474302291870117,8.0357027053833,790000,-158.7930628944614,-40.84549682483103,111.21265333756648,78,620.7191882133484,100,4.794266939163208,47.343455592376266,3.3569336e-08,0.20487403869628906,-21.85243846521715,7.745848655700684,-0.04106177
2.731982469558716,0.043929338455200195,8.086140155792236,800000,-146.2881252659121,-35.28559942978368,69.00773975427538,79,628.8189370632172,100,4.825682878494263,42.40283630383394,-1.8310548e-08,0.23222994804382324,-21.172076867390285,7.809746742248535,-0.025445014
2.699021339416504,0.04677629470825195,8.048897743225098,810000,-149.32836315846902,-49.577581159170535,77.88990243208187,80,636.8822650909424,100,4.825174570083618,44.36973109399695,-0.0015607696,0.22368860244750977,-29.02171831575919,7.778212308883667,-0.03203592
2.6930949687957764,0.08732032775878906,8.067208051681519,820000,-123.40953047898235,-32.15055781739016,64.40659821406176,81,644.964949131012,100,4.833966970443726,36.21055701565104,-8.773804e-09,0.19887924194335938,-18.549930304577764,7.780779838562012,-0.042757507
2.714235782623291,0.05262327194213867,8.047362804412842,830000,-135.20252770353395,-21.35342332334117,84.71300479598278,82,653.0261552333832,100,4.815701007843018,36.929424276805506,-6.1035155e-09,0.21277594566345215,-11.598018140302802,7.7817463874816895,-0.034728356
2.7004239559173584,0.051410675048828125,7.998222589492798,840000,-150.78617269526444,-21.1891065647521,119.99075824382662,83,661.0378575325012,100,4.7795844078063965,44.31991155112679,-3.0517577e-09,0.21602511405944824,-11.615526388946138,7.730549097061157,-0.037034523
2.731351852416992,0.0799415111541748,8.054265975952148,850000,-88.47281187254154,-21.414597468198025,71.86990746761649,84,669.1060705184937,100,4.787658929824829,39.866545498760495,-3.0517577e-09,0.203383207321167,-10.377055601824654,7.770710229873657,-0.050882734
2.694329261779785,0.0442357063293457,7.989170789718628,860000,-74.03078324874102,-22.58227559060089,119.98121200338124,85,677.1091260910034,100,4.782928705215454,34.320250575308144,-1.373291e-08,0.2172400951385498,-12.511810846036886,7.727467775344849,-0.048640843
2.7165000438690186,0.04577302932739258,8.085556030273438,870000,-106.21040906181574,-28.71773909610434,71.44598379019858,86,685.2085764408112,100,4.847484350204468,40.528613684242856,-1.2207031e-08,0.22237658500671387,-14.437335142489239,7.817164897918701,-0.048638083
2.713447093963623,0.04607224464416504,8.047577142715454,880000,-111.43791063135829,-30.619930000274298,77.61653014837121,87,693.2700226306915,100,4.82067608833313,39.885557056251685,-1.2207031e-08,0.2177131175994873,-16.51247588031658,7.78354811668396,-0.055117864
2.675076723098755,0.046680450439453125,8.012505769729614,890000,-120.9163981324739,-36.078142674267944,54.10738169144925,88,701.2964959144592,100,4.825413703918457,39.12843940828078,1.8310548e-08,0.21549296379089355,-19.00834380883079,7.750094890594482,-0.03112161
2.672922134399414,0.07691550254821777,8.028717517852783,900000,-89.71053442110137,-19.231537413619552,72.28611214224,89,709.340490102768,100,4.819124460220337,37.27404438805807,1.8310548e-08,0.20841455459594727,-10.480095345905532,7.743163347244263,-0.06071101
2.6969401836395264,0.08255720138549805,8.063743829727173,910000,-142.98946274271265,-21.66394198438499,109.6384777919911,90,717.4178838729858,100,4.8254523277282715,40.96200826028423,7.629395e-09,0.20773744583129883,-13.466541728246026,7.7732062339782715,-0.04390575
2.6737966537475586,0.03911948204040527,8.034820795059204,920000,-98.60950321554003,-23.02024299791995,115.77066563083046,91,725.4679057598114,100,4.845556259155273,39.90846961193848,3.967285e-08,0.2249317169189453,-14.36587179025754,7.770547866821289,-0.0959484
2.656585216522217,0.04046177864074707,7.981143236160278,930000,-99.99558648853657,-16.7856147178731,97.84593820819217,92,733.4630701541901,100,4.812843322753906,37.345765250051286,-0.008123752,0.21946382522583008,-11.387612205127168,7.720990896224976,-0.17223443
2.6643574237823486,0.04499411582946777,7.972217798233032,940000,-133.82446070674524,-34.580165283771414,79.15636567010299,93,741.4494235515594,100,4.794849395751953,42.361890648277225,-1.2207031e-08,0.21779370307922363,-22.37386375453048,7.709198713302612,-0.103390306
2.6674790382385254,0.04091477394104004,7.9629065990448,950000,-92.06714307470301,-12.367523544022381,67.71064991666002,94,749.4291820526123,100,4.788471221923828,36.783359239840365,-2.6130676e-08,0.21710443496704102,-7.342605908513081,7.70469069480896,-0.10213874
2.6977314949035645,0.04626584053039551,8.04548978805542,960000,-76.59332649621292,-14.099070105228925,96.81207288862018,95,757.4884195327759,100,4.835915565490723,34.89465236313458,-6.1035155e-09,0.2149333953857422,-5.497691910352073,7.784060001373291,-0.0586048
2.699960947036743,0.043595075607299805,8.039419412612915,970000,-81.11351535564104,-11.002299115008338,93.18390002289817,96,765.5437934398651,100,4.823489665985107,38.14432220304918,-0.0030835846,0.2174983024597168,-4.26662232237428,7.778091669082642,-0.06827453
2.678077459335327,0.0377497673034668,7.942918300628662,980000,-94.73708716084492,-17.12707945127187,73.32183967232052,97,773.5017518997192,100,4.754385471343994,38.26015476133385,6.1035155e-09,0.22269940376281738,-7.97043798311701,7.682244062423706,-0.08190034
2.710197925567627,0.045601844787597656,8.074397563934326,990000,-147.17962409921924,-16.832987515313818,134.03686936813116,98,781.5909407138824,100,4.848286390304565,45.858490192629446,1.6784668e-08,0.21746063232421875,-6.755158211565476,7.811094284057617,-0.087464735
2.692492723464966,0.08134174346923828,8.033448934555054,1000000,-88.63693118221852,-18.144455871884265,99.90420512108257,99,789.6385977268219,100,4.811892032623291,38.74419083918968,-3.0517577e-09,0.19681715965270996,-7.132234182820831,7.755066156387329,-16.845167
2.716395854949951,0.04228329658508301,8.086243152618408,1010000,-114.72641759994839,-24.83106958238851,132.21250514261826,100,797.7388479709625,100,4.842290639877319,46.20868027140467,6.1035155e-09,0.23128700256347656,-11.134964660288203,7.812406063079834,-0.8143157
2.701794385910034,0.04226207733154297,8.078555822372437,1020000,-112.38901655143778,-34.723064021302214,95.52337029357876,101,805.831640958786,100,4.849733114242554,45.73005271610764,7.6293943e-10,0.2328782081604004,-15.878434021023113,7.80320143699646,-0.1693791
2.728762626647949,0.0436098575592041,8.068922281265259,1030000,-125.03412989524435,-23.397788141776868,143.32963104133083,102,813.9139273166656,100,4.829455614089966,51.18072839991922,2.4414062e-08,0.21248769760131836,-10.687633378600855,7.812598705291748,-0.05368985
2.730431079864502,0.07288527488708496,8.12089204788208,1040000,-114.58814087444146,-34.60823226963642,99.45299744653967,103,822.0484445095062,100,4.850789546966553,45.150823067478186,-6.1035155e-09,0.21368408203125,-16.33188078114497,7.8340842723846436,-0.080080286
2.71244215965271,0.03999185562133789,8.0379638671875,1050000,-115.9357354629213,-23.803242697135158,102.6183576898934,104,830.100691318512,100,4.812385320663452,43.80802825016771,-0.002341449,0.22293305397033691,-8.136573285133727,7.774803638458252,-0.09686834
2.727461814880371,0.0392603874206543,8.046746730804443,1060000,-129.33587037622857,-25.729659944984306,174.84348084867045,105,838.1608166694641,100,4.805861473083496,54.01788769879926,-1.525879e-08,0.22012734413146973,-10.225933869170188,7.787149429321289,-0.09940623
2.734696626663208,0.04223442077636719,8.118191480636597,1070000,-140.99605103312962,-1.9007556117613458,123.8218190324905,106,846.2936964035034,100,4.859543323516846,52.40679117818264,1.373291e-08,0.228837251663208,1.9389138900247707,7.846891164779663,-0.27323663
2.7735111713409424,0.07902908325195312,8.154405117034912,1080000,-117.91333458969766,11.323655541701582,182.71657027147174,107,854.4615981578827,100,4.842214345932007,61.396282534722005,2.4414062e-08,0.20515799522399902,10.391014266606126,7.869978666305542,-0.06790083
2.7276718616485596,0.060407400131225586,8.100751161575317,1090000,-110.91153659715499,5.806939388660246,216.3374581884118,108,862.5767598152161,100,4.852208614349365,58.16903416809933,-6.1035155e-09,0.20612740516662598,8.734456550660283,7.833995580673218,-0.033244304
2.7352969646453857,0.04332709312438965,8.00406002998352,1100000,-102.94765205963888,9.765814167539009,192.0224079852548,109,870.5950832366943,100,4.761726140975952,63.81683856910905,-3.0517577e-09,0.2136077880859375,10.869916121447787,7.746880769729614,-0.041014574
2.7128214836120605,0.04250836372375488,7.99360466003418,1110000,-116.4009641542528,37.38719540805717,195.75772701342981,110,878.6025881767273,100,4.7688210010528564,69.44483003986682,6.1035155e-09,0.2187201976776123,25.099273271407252,7.732145309448242,-0.033300627
2.731393814086914,0.045359134674072266,8.069974184036255,1120000,-112.18088599688954,40.95864642108322,172.5674698772552,111,886.6867060661316,100,4.828125953674316,60.79715013110664,-2.746582e-08,0.21121954917907715,28.470927205668477,7.813159704208374,-0.04148371
2.697783946990967,0.06122565269470215,8.02428674697876,1130000,-120.98351114215565,35.87816687284967,214.5737649265367,112,894.7251679897308,100,4.799274206161499,69.297830671241,-1.8310548e-08,0.2120985984802246,24.234519538693444,7.750763893127441,-0.025361747
2.7396090030670166,0.049744367599487305,8.072007179260254,1140000,-130.90675834747066,40.27405728983499,186.56646817359334,113,902.8109993934631,100,4.823118448257446,64.32176243051688,-1.8310548e-08,0.20916247367858887,28.254275804302146,7.812859535217285,-0.04140628
2.7337443828582764,0.03973865509033203,8.072474718093872,1150000,-154.296076049886,47.427185838054065,194.7778618102794,114,910.9017868041992,100,4.8330018520355225,65.4750588186065,9.155274e-09,0.21511435508728027,32.42762141201517,7.817413568496704,-0.050405204
2.7095108032226562,0.03271842002868652,8.068063735961914,1160000,-85.43422321808676,61.97692931884314,200.34620847342248,115,918.985666513443,100,4.846611261367798,58.08190889996642,1.8310548e-08,0.22954368591308594,40.909939034501456,7.80559515953064,-0.030182965
2.7182414531707764,0.04651308059692383,8.051214694976807,1170000,-87.9283962314055,64.98514634598916,264.65559017689856,116,927.0506792068481,100,4.816808223724365,73.39085083691782,2.5939942e-08,0.21913361549377441,44.378284896113065,7.785346508026123,-0.026486233
2.7359514236450195,0.0814521312713623,8.115143060684204,1180000,-72.41551179155726,56.74083121573692,205.66135232005777,117,935.1801881790161,100,4.830438137054443,63.11279019444663,6.1035155e-09,0.2127985954284668,40.61535782839968,7.820661544799805,-0.0297287
2.722228765487671,0.07860779762268066,8.073381662368774,1190000,-89.8620218180836,54.772682628613175,232.07100833347678,118,943.2681529521942,100,4.810144424438477,65.64192542240359,-6.1035155e-09,0.21060705184936523,38.06271647926931,7.783950328826904,-0.023442352
2.7178895473480225,0.036847829818725586,8.064261436462402,1200000,-76.97999630562,62.21682151401997,230.87681920439516,119,951.3462467193604,100,4.84128737449646,67.715740403653,3.8146974e-09,0.21596717834472656,41.66971354170488,7.811230659484863,-0.028884677
2.704770565032959,0.041851043701171875,7.972959280014038,1210000,-92.86848770615356,45.010835693017476,235.0309674656585,120,959.3332934379578,100,4.757797479629517,62.707878827688006,-1.2207031e-08,0.21894407272338867,32.0034029212665,7.711916446685791,-0.040159035
2.7179269790649414,0.0642085075378418,8.020094871520996,1220000,-127.22305837676744,71.57374981658648,202.3914602755449,121,967.3668625354767,100,4.783996820449829,68.42295861046838,-9.155274e-09,0.19847965240478516,46.88736029591305,7.757177114486694,-0.13686934
2.7376465797424316,0.04729342460632324,8.101627826690674,1230000,-81.34223480947877,42.79249469588639,216.488967435394,122,975.4824721813202,100,4.8496904373168945,61.5457844266601,-4.8828124e-08,0.21514606475830078,32.569884940984316,7.8389880657196045,-0.79125583
2.7183029651641846,0.04522275924682617,8.04714059829712,1240000,-95.42652507942624,14.012367690989652,205.82323654193257,123,983.545211315155,100,4.788039207458496,64.52906370690543,-2.4414062e-08,0.2254469394683838,16.367683109897595,7.776230335235596,-0.06996032
2.7237377166748047,0.04729294776916504,8.056541442871094,1250000,-93.7386759787536,30.77477855839363,209.97373277027577,124,991.6156604290009,100,4.814324855804443,65.181167341992,-2.5177002e-08,0.21932506561279297,25.869152157336256,7.7896647453308105,-0.16431972
2.760495901107788,0.03585243225097656,8.180147171020508,1260000,-98.88685814465227,5.6282091637280764,198.53876293934016,125,999.8097238540649,100,4.850823879241943,56.02447187283329,1.525879e-08,0.2787768840789795,13.485069292005676,7.865285396575928,-0.021837497
2.7096893787384033,0.04463672637939453,8.018423080444336,1270000,-128.35651557012193,-2.0484014151543706,134.67071588440763,126,1007.8447053432465,100,4.75675368309021,56.32591409915399,-4.577637e-09,0.2568550109863281,8.644100845009795,7.716648101806641,-0.031511582
2.71529483795166,0.03945302963256836,8.146401643753052,1280000,-75.63951433978895,4.6231701315721345,189.01456597693252,127,1016.0109612941742,100,4.80789041519165,54.23887132052881,-1.525879e-08,0.3313748836517334,11.6180767981045,7.77531623840332,-0.040922638
2.70621657371521,0.11898970603942871,8.120584726333618,1290000,-75.57050220959583,14.582325586736303,186.37709388783583,128,1024.1505029201508,100,4.736321449279785,58.87954800218419,3.0517577e-09,0.30839085578918457,18.014823690950188,7.692959547042847,-0.023712005
2.7054014205932617,0.08660244941711426,8.084155082702637,1300000,-85.22840400033257,24.676950666357076,204.9702738861908,129,1032.2481696605682,100,4.773001670837402,56.6475809267969,3.0517577e-09,0.2697937488555908,23.91760728472649,7.727533340454102,-0.02076224
2.74198317527771,0.1062779426574707,8.152151823043823,1310000,-97.46756965625517,8.80712244402024,180.9878632138179,130,1040.4140093326569,100,4.8169472217559814,63.02476498350302,3.0517577e-09,0.23289203643798828,14.04773359813506,7.8127477169036865,-0.03946989
2.7252492904663086,0.05293130874633789,8.08771824836731,1320000,-75.21778044798036,8.404758415943135,216.27794721583973,131,1048.5168704986572,100,4.8241798877716064,59.13569278860235,9.155274e-09,0.23568010330200195,15.017411215321859,7.798888683319092,-0.026035083
2.752450704574585,0.04396390914916992,8.11395263671875,1330000,-88.37338977810846,28.318352671900588,240.6927876289869,132,1056.6447670459747,100,4.842828750610352,67.02343237063761,-3.967285e-08,0.21899700164794922,24.5428043026342,7.850780487060547,-0.039166853
2.7447898387908936,0.04590868949890137,8.105746746063232,1340000,-77.3198107689871,48.21085852131598,201.39019327037832,133,1064.7648622989655,100,4.840410232543945,70.81773363710295,-2.89917e-08,0.22109413146972656,33.897298964886566,7.838524103164673,-0.017011661
2.7416718006134033,0.04138898849487305,8.085163116455078,1350000,-67.82385004441517,35.60080782032564,231.9554411337205,134,1072.864111661911,100,4.822733402252197,62.022801804597556,-1.926422e-08,0.22817468643188477,28.978874449360454,7.815359592437744,-0.02477823
2.725200653076172,0.039374351501464844,8.054835796356201,1360000,-80.81598330944948,20.445165800843238,142.35697283296943,135,1080.9345653057098,100,4.817734003067017,51.305634589217085,3.0517577e-09,0.22122526168823242,19.6279825993789,7.793978214263916,-0.030493451
2.7171905040740967,0.04447317123413086,8.007152318954468,1370000,-100.58424795054091,18.007499746107044,243.42722763316877,136,1088.9569640159607,100,4.779038429260254,70.48113511003487,9.918213e-09,0.21194171905517578,20.158360771657613,7.750534772872925,-0.038275987
2.734955310821533,0.055144309997558594,8.069819927215576,1380000,-110.35504523993843,23.293287949004355,190.08445663603354,137,1097.0401220321655,100,4.81303596496582,52.39433919819291,3.6621095e-08,0.21410322189331055,23.22861194668618,7.800338983535767,-0.029792398
2.7303614616394043,0.07981276512145996,8.05338168144226,1390000,-85.2439459450366,14.34552760681675,177.99211086055018,138,1105.1069569587708,100,4.7905497550964355,56.04284332414585,-0.0016821106,0.2025744915008545,18.97886522027209,7.770767688751221,-0.019679498
2.7489376068115234,0.08394265174865723,8.12363600730896,1400000,-101.65673580204019,17.73681283055893,216.95166918513334,139,1113.2445092201233,100,4.830931186676025,59.128017261322626,-4.2724608e-08,0.20551419258117676,20.412416480394366,7.83392071723938,-0.028795367
2.73702335357666,0.08405494689941406,8.146925687789917,1410000,-71.23447238317748,-2.1338886235584793,230.19384158448392,140,1121.405185699463,100,4.873676538467407,57.53475334578699,-2.4414062e-08,0.20257949829101562,8.689022976456428,7.860043525695801,-0.02786903
2.710249423980713,0.06572794914245605,8.021436214447021,1420000,-89.14959160441396,16.06630977174666,225.67605609992745,141,1129.4417555332184,100,4.78604793548584,55.42758493518814,-0.002280304,0.2082972526550293,19.11890324856277,7.747193098068237,-0.02469848
2.7349116802215576,0.05467033386230469,8.076155424118042,1430000,-78.5224829393681,31.02042377052662,225.64619071791634,142,1137.5329835414886,100,4.808312177658081,61.11344195687821,-4.2724608e-08,0.22491121292114258,26.118889842789084,7.796318531036377,-0.024244359
2.728494644165039,0.07413172721862793,8.069726943969727,1440000,-149.76935038097972,13.899267323539283,174.98924535105758,143,1145.6167311668396,100,4.810426473617554,61.007086307171534,-1.8310548e-08,0.20567774772644043,16.956246803188275,7.789707660675049,-0.0249926
2.7390198707580566,0.04035067558288574,8.016476154327393,1450000,-72.12529263624565,8.8190022914596,205.74633261420706,144,1153.646659374237,100,4.753920555114746,54.57388014568291,1.373291e-08,0.2308812141418457,13.841564942806686,7.745027542114258,-0.041419007
2.70967173576355,0.039438486099243164,8.009336233139038,1460000,-75.6236134340167,32.36238241723438,213.5330630213062,145,1161.6700603961945,100,4.7813880443573,57.72586370272968,6.713867e-08,0.21901464462280273,25.839429661978528,7.750649452209473,-0.062408764
2.7522659301757812,0.07494807243347168,8.17355751991272,1470000,-99.72240419787123,27.844389566152717,179.4238789430856,146,1169.857845544815,100,4.882390737533569,60.360143503000366,-3.3569336e-08,0.21177172660827637,23.937837571471345,7.886613845825195,-0.04511958
2.7241809368133545,0.04283261299133301,8.064090728759766,1480000,-102.73754030403053,16.326651320111438,208.8286773310126,147,1177.9374043941498,100,4.830834627151489,57.921842607330014,-6.1035155e-09,0.21543169021606445,18.4598066734147,7.805591821670532,-0.054732885
2.7289340496063232,0.035109519958496094,8.079411029815674,1490000,-103.49025719081439,18.6106203878214,252.65505799122457,148,1186.0310578346252,100,4.812703847885132,57.66904462538417,-9.155274e-09,0.24500679969787598,20.065448406204517,7.7990882396698,-0.049216338
2.746694326400757,0.04407525062561035,8.104835033416748,1500000,-83.04697187669963,16.627148549041713,163.92190209558777,149,1194.149542093277,100,4.8331475257873535,59.156533423799225,-2.4414062e-08,0.2269444465637207,18.544796378511435,7.833545207977295,-0.033175588
2.7194716930389404,0.0434114933013916,8.075618028640747,1510000,-100.90824806924505,17.86852949346032,150.3503287734138,150,1202.2392690181732,100,4.831416130065918,54.677510594152665,2.89917e-08,0.2280738353729248,20.353252653913014,7.803918361663818,-0.13524468
2.7301414012908936,0.06249570846557617,8.045248746871948,1520000,-135.12976613644275,11.4016857156975,201.02334282121186,151,1210.298600435257,100,4.793652534484863,57.780163543522754,3.8909914e-08,0.20014142990112305,14.661230627551213,7.782408952713013,-0.061358485
2.715388298034668,0.04104256629943848,8.056423664093018,1530000,-100.56830244209853,37.78025284889401,257.1169649262768,152,1218.3689391613007,100,4.826035499572754,66.31333594309663,2.1362304e-08,0.21950244903564453,29.65846875976235,7.7956578731536865,-0.008875498
2.7035505771636963,0.04455161094665527,7.982635736465454,1540000,-132.31839369626934,27.558250199613568,207.78306765674603,153,1226.3657488822937,100,4.7642505168914795,63.258304574157144,-1.2207031e-08,0.2175900936126709,23.03683065552632,7.720257759094238,-0.029416265
2.7587525844573975,0.04346442222595215,8.08906602859497,1550000,-103.98172069490221,30.88312864285496,162.54020966474278,154,1234.4688701629639,100,4.801684617996216,63.52939004061285,4.2724608e-08,0.23290395736694336,25.88118007206274,7.812471866607666,-0.04158802
2.7188429832458496,0.042862653732299805,8.032262086868286,1560000,-102.22628832223855,40.207384371239584,204.9467662768466,155,1242.516657114029,100,4.801926612854004,60.6373085752533,-4.5776368e-08,0.21790218353271484,29.619844646156068,7.771276473999023,-0.048710264
2.743788957595825,0.0757451057434082,8.124720811843872,1570000,-116.16247397393164,34.035651193079985,178.58655593042204,156,1250.655241727829,100,4.847144365310669,61.106318949120954,1.373291e-08,0.2046976089477539,27.750918246862593,7.844015836715698,-0.23461314
2.7071869373321533,0.04583430290222168,8.02350926399231,1580000,-82.2772011319792,27.736222680852524,239.23259300587122,157,1258.6935963630676,100,4.795736789703369,64.89346147575174,2.4414062e-08,0.22293448448181152,24.862202033258665,7.7545294761657715,-0.03395539
2.7173984050750732,0.03901338577270508,8.02271294593811,1590000,-97.29592233381487,-9.338648046892402,156.95332602651771,158,1266.731198310852,100,4.791759252548218,55.15968165824996,2.1362304e-08,0.22103214263916016,2.858052580908031,7.762444019317627,-0.09952664
2.7054858207702637,0.049559831619262695,8.060563087463379,1600000,-98.30436155121848,-3.4468678404918136,142.39072278093676,159,1274.8052425384521,100,4.83817982673645,56.73461617394748,-3.0517577e-09,0.21462392807006836,5.059495929724359,7.796102046966553,-0.0046855835
2.713313102722168,0.04465317726135254,8.04613208770752,1610000,-109.91515445159476,-48.406201197409615,160.16546558472206,160,1282.8656616210938,100,4.809263229370117,53.36193345578047,-2.1362304e-08,0.22402286529541016,-21.017331674335082,7.777177095413208,-0.035167113
2.7195427417755127,0.042867183685302734,8.030369281768799,1620000,-169.57922253551357,-43.178072123785675,138.56544269123785,161,1290.9104466438293,100,4.793046951293945,58.26939568299953,1.8310548e-08,0.22245240211486816,-15.84274755145977,7.76479172706604,-0.029504346
2.702286958694458,0.07932281494140625,8.055554389953613,1630000,-148.0895975742827,-31.687203458483232,114.16888413082734,162,1298.9869015216827,100,4.811765909194946,59.99244140489988,3.810425e-05,0.20530009269714355,-12.562058091087602,7.770715951919556,-0.030975405
2.724796772003174,0.05374932289123535,8.064335107803345,1640000,-137.6336567427444,-46.80715058527482,123.96758004502549,163,1307.0667712688446,100,4.810557126998901,53.000525964549844,-6.1035155e-09,0.2229478359222412,-20.805024502347305,7.787392616271973,-0.03118232
2.7268178462982178,0.05257987976074219,8.118326425552368,1650000,-185.21296367513926,-35.6107485375275,120.06670752372173,164,1315.1987009048462,100,4.863668918609619,56.389960633605895,2.6130676e-08,0.22251582145690918,-14.534307228158559,7.843001842498779,-0.032066662
2.729215383529663,0.04470252990722656,8.055100917816162,1660000,-128.46085349379635,-17.575960785099788,150.17489495740332,165,1323.267172574997,100,4.812965154647827,61.60809961276322,1.2207031e-08,0.2144017219543457,-5.505980045925875,7.795762777328491,-0.26672944
2.724504232406616,0.04305267333984375,8.094656944274902,1670000,-109.81225224752464,-20.75947088020707,110.80718572623968,166,1331.3760385513306,100,4.855493545532227,53.74649494490766,1.8310548e-08,0.21982860565185547,-6.763668182175045,7.831545352935791,-0.073927365
2.72360897064209,0.04621577262878418,8.084263563156128,1680000,-107.8944422072854,-17.845961468637196,143.57658523185182,167,1339.4741761684418,100,4.847903490066528,54.48599503696359,-2.4414062e-08,0.21245360374450684,-3.9049732040137624,7.8253703117370605,-0.03931046
2.7267537117004395,0.04154539108276367,8.061131238937378,1690000,-142.68577978502853,-19.691535259020995,176.52763808168731,168,1347.548772096634,100,4.816961765289307,58.54210065951442,1.2207031e-08,0.22340965270996094,-4.61862470287465,7.795959949493408,-0.02297201
2.703184127807617,0.043805599212646484,7.988681316375732,1700000,-120.5335048408205,-10.16766194513114,161.9626197503056,169,1355.5518424510956,100,4.779505491256714,55.205634182463164,-2.4414062e-08,0.21535754203796387,-0.9689396832188427,7.7292962074279785,-0.09491811
2.6936705112457275,0.04650235176086426,7.995711088180542,1710000,-187.83697842953302,-13.808606141805512,145.42419451615672,170,1363.5614824295044,100,4.778433799743652,57.671138616883425,-9.155274e-09,0.21772360801696777,-1.8287418260965886,7.73124098777771,-0.03555425
2.7113757133483887,0.04440927505493164,8.021361589431763,1720000,-145.12735461606349,-26.945795966566898,183.58708333894188,171,1371.5988705158234,100,4.801981687545776,62.36703999502296,-9.155274e-09,0.21417808532714844,-9.79160971242817,7.762527704238892,-0.02974471
2.711569309234619,0.028584957122802734,8.088144779205322,1730000,-98.52973176704539,-5.429548090078382,149.3484407083953,172,1379.7008452415466,100,4.860551595687866,57.91059022325402,-4.005432e-08,0.23774385452270508,3.9167543817348394,7.821596622467041,-0.022056153
2.715815544128418,0.04268836975097656,8.119214057922363,1740000,-143.2913142080992,6.22429899463905,213.79221197119165,173,1387.8347153663635,100,4.883944988250732,66.85310793524543,-0.004683731,0.22391796112060547,8.221581481064895,7.852373838424683,-0.048416417
2.7162857055664062,0.03970193862915039,8.023020505905151,1750000,-109.89611428447179,9.842871630327148,206.48014063737781,174,1395.8722343444824,100,4.794399976730347,65.74723336650274,-2.89917e-08,0.2163257598876953,10.107980677163034,7.766789436340332,-0.07529828
2.6854395866394043,0.06320428848266602,7.975126028060913,1760000,-188.50140772003616,0.25020484471595067,145.7000691387074,175,1403.8620965480804,100,4.771080732345581,63.03330675847432,-1.525879e-08,0.20471596717834473,6.374813172983304,7.706986904144287,-0.063131966
2.7046098709106445,0.0429840087890625,8.042232751846313,1770000,-129.58783319611254,-1.8138738522644464,167.60894117352439,176,1411.918414592743,100,4.815513372421265,56.67936360027139,-6.1035155e-09,0.22592711448669434,5.680992319672605,7.7730724811553955,-0.01881892
2.6884562969207764,0.0482327938079834,7.989532947540283,1780000,-148.52334434903827,5.44205203998263,246.31508336483114,177,1419.925136089325,100,4.783113718032837,65.11407201133898,3.051758e-08,0.2121422290802002,7.205294931793089,7.728813648223877,-0.049049992
2.7091317176818848,0.043023109436035156,8.07178544998169,1790000,-187.64391741997557,-3.3018185675207494,245.57945305791446,178,1428.0125133991241,100,4.841238021850586,78.42259588013142,2.4795532e-09,0.22643685340881348,3.1097863884745887,7.802117824554443,-0.03977209
2.703246831893921,0.07070541381835938,8.068086624145508,1800000,-152.1356083966835,-10.753235239940691,205.8989196063946,179,1436.0948848724365,100,4.825061082839966,69.81937143706011,3.3187867e-08,0.21656107902526855,-1.0968202089999013,7.78054666519165,-0.050105933
2.718257188796997,0.0774385929107666,8.060631036758423,1810000,-112.77972936563857,0.016835193047858896,148.66475916753046,180,1444.1705949306488,100,4.802154779434204,57.128272434818655,2.746582e-08,0.21230387687683105,6.620874117727808,7.770670413970947,-0.01519048
2.706899642944336,0.04182887077331543,7.996196985244751,1820000,-126.85574928506378,20.348250677463597,230.03273156841826,181,1452.180181980133,100,4.781677722930908,65.36045684608317,-4.2724608e-08,0.21479082107543945,15.960186422642495,7.739331960678101,-0.032213863
2.7049877643585205,0.04726767539978027,8.04615569114685,1830000,-158.053890509147,-3.155402085841822,149.66877804660507,182,1460.240390777588,100,4.81644868850708,59.77938362220148,2.9945372e-08,0.22254395484924316,3.268257040060162,7.7760910987854,-0.031669367
2.7084405422210693,0.0280153751373291,8.01044511795044,1840000,-114.14633453192764,4.2198894350543235,204.84464711515392,183,1468.2653856277466,100,4.792750835418701,63.127133850974374,6.103516e-08,0.2316746711730957,10.374497162484623,7.750540494918823,-0.101855844
2.740600109100342,0.08171653747558594,8.119455099105835,1850000,-118.48932320925536,-1.061585664791543,270.1137127220568,184,1476.39901471138,100,4.841857433319092,62.65975277610396,-4.119873e-08,0.20300626754760742,6.866481615933261,7.834458112716675,-0.040696073
2.7003002166748047,0.044066429138183594,7.995970010757446,1860000,-199.9680189059976,33.927741751579354,177.2520862833805,185,1484.4088616371155,100,4.771177768707275,62.32264675977937,-7.324219e-08,0.23034930229187012,24.834901219597786,7.721328258514404,-0.123376355
2.7132160663604736,0.04210305213928223,7.996291637420654,1870000,-115.63944937266716,-3.516004110680392,205.58971730773507,186,1492.4189369678497,100,4.760925531387329,62.21673663255181,-2.2125244e-08,0.22931146621704102,4.01945798653532,7.724642038345337,-0.07811144
2.73291277885437,0.044396400451660156,8.066150903701782,1880000,-138.61973745419314,28.251864928710315,160.8558584988846,187,1500.4989092350006,100,4.824167966842651,63.79577889997928,-6.1035155e-09,0.21351337432861328,19.400568775663476,7.807995557785034,-0.032277826
2.71689772605896,0.08158469200134277,8.133391380310059,1890000,-116.66986703149766,12.67128283604238,216.82367988532673,188,1508.6473772525787,100,4.870315074920654,62.93815492405021,2.4414062e-08,0.21285557746887207,12.649546759645393,7.8387110233306885,-0.032056663
2.7110800743103027,0.07714271545410156,8.032118320465088,1900000,-116.19612530534602,13.363336001319695,182.9553591532281,189,1516.6930968761444,100,4.783097505569458,63.46716174627595,6.1035155e-09,0.21136069297790527,12.753388157135284,7.743405818939209,-0.0033337462
2.718364953994751,0.07746744155883789,8.123523473739624,1910000,-111.386224117781,16.680737174994842,190.27346605989285,190,1524.8307201862335,100,4.874894618988037,66.16809639485456,-4.8828124e-08,0.19840025901794434,13.792587896400791,7.847421169281006,-0.4740557
2.685134172439575,0.040079355239868164,7.947141885757446,1920000,-132.6781192434411,18.75197955693117,145.00043750080903,191,1532.7918179035187,100,4.758124113082886,60.60860094390548,-1.2207031e-08,0.21373963356018066,15.21616468008866,7.693115711212158,-0.045542486
2.724804401397705,0.044602394104003906,8.040098190307617,1930000,-184.89938972149884,-4.7300586868006205,146.96979714294682,192,1540.8459424972534,100,4.800452947616577,65.71246642787523,7.629395e-09,0.2173628807067871,2.2021062491759027,7.7778871059417725,-0.3123725
2.691659688949585,0.04429912567138672,8.018537759780884,1940000,-140.62480252240306,-5.503670585700493,155.61144319506215,193,1548.879343032837,100,4.813048601150513,62.739086652736574,1.6784668e-08,0.2186887264251709,0.6131198454833005,7.755337953567505,-0.10469049
2.6975841522216797,0.04273247718811035,7.998279571533203,1950000,-150.0166162107692,-29.053653614936497,113.02371719363599,194,1556.8912105560303,100,4.778685569763184,60.37705750129243,-2.1362304e-08,0.22804927825927734,-11.854670684197709,7.72708797454834,-0.06752902
2.6832826137542725,0.04372358322143555,7.985974311828613,1960000,-141.01147668619072,2.4809123004811147,115.47340319051924,195,1564.8914425373077,100,4.786438465118408,54.049326377429196,9.155274e-09,0.2203378677368164,6.626239571083544,7.721651315689087,-0.43070278
2.7180824279785156,0.031728267669677734,8.068525314331055,1970000,-146.5872505270885,6.245758762539128,132.00415385384,196,1572.9755458831787,100,4.847815275192261,67.99831237499029,4.577637e-09,0.21772265434265137,6.287830257160534,7.818870544433594,-0.14849667
2.7030866146087646,0.04735612869262695,8.071284055709839,1980000,-139.59534933580835,12.548467648261946,159.6440463794564,197,1581.0608093738556,100,4.847829818725586,63.30214525943019,-3.5095216e-08,0.22254180908203125,10.04578472110672,7.801149845123291,-0.16883315
2.7455925941467285,0.03917527198791504,8.082895994186401,1990000,-145.01035053069722,-6.745635695096952,145.9199279848027,198,1589.157422542572,100,4.8265016078948975,57.71061053505491,-0.003608078,0.21623587608337402,1.722522616710257,7.827249526977539,-0.031365834
2.7000715732574463,0.041792869567871094,7.9950315952301025,2000000,-113.95444064238531,15.065517485693766,117.86223208883041,199,1597.166274547577,100,4.7859907150268555,57.99986385096552,4.501343e-08,0.21482467651367188,14.262806766968247,7.738175630569458,-0.02755263
2.6656765937805176,0.0820767879486084,7.993309736251831,2010000,-111.29368050905951,17.71815890680669,180.32911658629166,200,1605.173403263092,100,4.783875942230225,63.22515275213077,-2.4604798e-08,0.21335601806640625,15.258088548920732,7.697672367095947,-0.06320775
2.7036242485046387,0.0818479061126709,8.068598747253418,2020000,-166.40139509176876,22.349191540240536,185.34734272847902,201,1613.256709575653,100,4.82500433921814,59.800417694296975,-5.493164e-08,0.20656371116638184,19.17299350684702,7.779927968978882,-0.01881283
2.7073938846588135,0.04051613807678223,8.037674903869629,2030000,-171.67938713406758,-0.5500052501399351,145.80114922887498,202,1621.3084330558777,100,4.819648027420044,58.489601851708386,3.6621095e-08,0.21844196319580078,6.455870809152231,7.7785139083862305,-0.08018802
2.720923662185669,0.0415799617767334,8.024503707885742,2040000,-122.29668521720542,8.032599913146086,133.10140503919942,203,1629.3476963043213,100,4.790711879730225,55.011330572991476,-3.0517577e-09,0.21749615669250488,9.7209158533024,7.765204191207886,-0.030425958
2.703725814819336,0.05695199966430664,8.06936240196228,2050000,-179.36108343260332,8.436680141938602,144.7517363152769,204,1637.4343395233154,100,4.845844984054565,63.23706770356054,-3.0517577e-09,0.20934820175170898,10.173224147557228,7.802812099456787,-0.036233302
2.719245195388794,0.03802490234375,8.073609828948975,2060000,-261.2324093673877,25.193266975006935,170.45840307026603,205,1645.5212512016296,100,4.843986749649048,70.5080206084858,3.3569336e-08,0.21643495559692383,18.857707978802203,7.818948030471802,-0.027997622
2.73730731010437,0.04158329963684082,8.093414545059204,2070000,-193.28966331021957,13.504757530661582,146.86150743850337,206,1653.6289246082306,100,4.829559803009033,65.76714808793636,5.493164e-08,0.23325300216674805,11.22721113422313,7.818331003189087,-0.026416788
2.7069456577301025,0.042450904846191406,8.069966793060303,2080000,-177.47206825697037,13.921800169057752,118.61330254191991,207,1661.7127430438995,100,4.852241277694702,57.81644705740981,-1.2207031e-08,0.21809601783752441,13.74552835023995,7.809211015701294,-0.026854064
2.723721504211426,0.06748127937316895,8.069962501525879,2090000,-161.54302822701197,18.10985507059736,187.683586046236,208,1669.7965841293335,100,4.815384149551392,62.04949114133728,5.1116942e-08,0.21117520332336426,13.832958689896119,7.791080713272095,-0.027151108
2.742694854736328,0.08238077163696289,8.088016510009766,2100000,-134.05987561338935,12.205502807126994,162.4722537278089,209,1677.8983449935913,100,4.8140668869018555,59.32111562427493,1.373291e-08,0.19584083557128906,13.621402050182335,7.809570550918579,-0.10135243
2.6945834159851074,0.04349994659423828,8.020565509796143,2110000,-230.21757204128113,-1.5424755716798495,187.36640441877663,210,1685.9325098991394,100,4.806156873703003,68.71410988361514,2.2888184e-08,0.22653555870056152,2.9503768661792065,7.750311374664307,-0.02222643
2.7129876613616943,0.08287572860717773,8.059030532836914,2120000,-174.0584681904829,25.32642679514918,189.30642190629686,211,1694.0064442157745,100,4.80628228187561,60.33485422327205,-1.2207031e-08,0.2041616439819336,19.371386117197094,7.771749496459961,-0.03917412
2.7266123294830322,0.02982640266418457,8.087414741516113,2130000,-133.44825139490672,9.111186203124765,149.3587971608143,212,1702.1074242591858,100,4.851264476776123,62.066894310864214,-4.2724608e-08,0.2281191349029541,9.793389148179758,7.829256296157837,-0.023613999
2.720811128616333,0.04637002944946289,8.0937020778656,2140000,-132.6857368100255,23.555178902431486,151.63788371497716,213,1710.2150814533234,100,4.858961343765259,64.22013820664276,1.2207031e-08,0.21354174613952637,17.873588907580018,7.8335206508636475,-0.03002784
2.718397617340088,0.043036460876464844,8.085817337036133,2150000,-151.56265973540212,5.966980396759613,148.884121627257,214,1718.315182685852,100,4.839606046676636,60.66098434978647,6.1035155e-09,0.22948122024536133,8.89028024660268,7.81307315826416,-0.03949824
2.6900486946105957,0.0450437068939209,7.9702677726745605,2160000,-180.369448819064,17.185242677198097,168.35364951421528,215,1726.298959493637,100,4.760504722595215,65.0203625770467,-6.1035155e-09,0.22233271598815918,14.793271529845201,7.702673435211182,-0.04033574
2.7200980186462402,0.04411935806274414,8.030227184295654,2170000,-226.83098634313882,9.23461819390091,159.28187177516452,216,1734.345514535904,100,4.790158748626709,65.1595353198088,1.1062622e-08,0.22339653968811035,11.69135864988054,7.762455463409424,-0.033726495
2.72048020362854,0.06712460517883301,8.099690437316895,2180000,-90.74051318375248,25.326028407804746,213.34580223525177,217,1742.4615592956543,100,4.841609001159668,62.54069857642239,1.9836426e-08,0.21291160583496094,19.275461161738107,7.819449424743652,-0.06025777
2.702671527862549,0.055921077728271484,8.05574083328247,2190000,-99.30287431678138,16.085717634377417,152.06847295545896,218,1750.5310645103455,100,4.8250343799591064,53.958567951016676,-6.866455e-08,0.22264695167541504,15.216112704816096,7.776929140090942,-0.06389462
2.7143352031707764,0.029949188232421875,8.05725622177124,2200000,-121.257871932719,22.004617567720693,163.32076154764505,219,1758.6035225391388,100,4.836567163467407,60.34360474599915,3.4475327e-08,0.22264719009399414,16.86701145494763,7.804450988769531,-0.038164776
2.7240424156188965,0.04575920104980469,8.08144211769104,2210000,-125.77507447817918,20.253684384918653,136.8401475271874,220,1766.6988334655762,100,4.843613386154175,58.24702133778905,-1.2207031e-08,0.20567870140075684,15.984894245858168,7.8297975063323975,-0.021939222
2.664477586746216,0.04419589042663574,7.991580009460449,2220000,-79.38384962920026,11.52041183161811,201.1001273736501,221,1774.704006910324,100,4.795732021331787,53.44197752000894,-1.8310548e-08,0.23789143562316895,11.848642114067516,7.709254264831543,-0.07759088
2.7164156436920166,0.04510068893432617,8.010804414749146,2230000,-115.03977227337045,7.982756820961664,175.29560181932794,222,1782.728512763977,100,4.777154922485352,59.25758132899603,-1.2207031e-08,0.22319555282592773,10.784053781501152,7.742282390594482,-0.09884682
2.7042183876037598,0.033210039138793945,8.07594609260559,2240000,-86.02654160391367,14.977201331756355,163.8969416811838,223,1790.8181834220886,100,4.852341890335083,54.520985122377745,-2.4414062e-08,0.23567795753479004,14.043091389010447,7.806840181350708,-0.035676412
2.721050500869751,0.07768487930297852,8.093235969543457,2250000,-85.51478578911183,18.413895407811427,169.61761363827029,224,1798.9248967170715,100,4.8403074741363525,58.02539584028176,-3.967285e-08,0.20314693450927734,15.641972446968103,7.812200546264648,-0.021739792
2.764479637145996,0.04640030860900879,8.136996507644653,2260000,-159.72571375618986,-12.515713907870804,105.01171857047196,225,1807.0776994228363,100,4.848424673080444,51.390561811298404,1.5258789e-09,0.2257845401763916,-0.622381103926734,7.864589691162109,-0.09810858
2.735525369644165,0.046392202377319336,8.094488143920898,2270000,-84.53096683281315,6.02788750563951,141.08271569686764,226,1815.1860795021057,100,4.842048645019531,54.102726746992104,-3.3569336e-08,0.21747398376464844,8.88532777411028,7.830390453338623,-0.2694978
2.728754758834839,0.045140743255615234,8.145605564117432,2280000,-108.15983851015632,17.090319887582574,170.33755784526429,227,1823.3451445102692,100,4.8971617221832275,53.10888975138483,1.2207031e-08,0.22203326225280762,14.83703774450193,7.878183126449585,-0.14724447
2.7573819160461426,0.038421630859375,8.124048471450806,2290000,-105.80738395414582,21.039173982850073,198.05803616517682,228,1831.4835767745972,100,4.849195957183838,55.16639757920612,1.8310548e-08,0.22636842727661133,17.715085686405764,7.859021186828613,-0.07784851
2.7519397735595703,0.045883893966674805,8.177779912948608,2300000,-136.83582384520028,22.39264493553221,165.88843906403616,229,1839.6753463745117,100,4.90684962272644,59.292779289951994,6.9856645e-09,0.21634316444396973,19.4292857206213,7.915328741073608,-0.028001904
2.750629186630249,0.044854164123535156,8.149672508239746,2310000,-74.88918201811916,35.15694577218183,169.20710802929003,230,1847.840443611145,100,4.875563144683838,52.269055584874714,4.2724608e-08,0.21736693382263184,23.728234811792067,7.887199401855469,-0.0502463
2.733092784881592,0.0406794548034668,8.101387739181519,2320000,-98.25185827089454,23.2078228139816,186.718196522295,231,1855.955706834793,100,4.845230340957642,56.5533853130331,9.155274e-09,0.2288494110107422,18.58337961681211,7.831636667251587,-0.039063018
2.7579104900360107,0.06047987937927246,8.180811882019043,2330000,-95.95532200840175,34.281436174760216,141.5092358255787,232,1864.1508610248566,100,4.882613897323608,55.59423984636748,9.155274e-09,0.2247912883758545,23.910861500496836,7.895290374755859,-0.019996967
2.753150701522827,0.08574366569519043,8.17667269706726,2340000,-110.68268510983174,-4.466924905813712,121.52123872742455,233,1872.3429055213928,100,4.87502384185791,48.91060876927906,2.2888184e-08,0.20592975616455078,4.769344855463551,7.8847784996032715,-0.013599208
2.762981414794922,0.04401659965515137,8.111332893371582,2350000,-92.41152113064861,5.242421654968601,178.4363245720411,234,1880.4710640907288,100,4.827587604522705,54.75211410212743,1.8310548e-08,0.22250723838806152,10.365608465617363,7.844576597213745,-0.07315152
2.715787410736084,0.04586386680603027,8.121731519699097,2360000,-107.77182152110608,31.70815874398538,158.69647928250464,235,1888.6066892147064,100,4.880633354187012,57.27879779444272,-4.4250488e-08,0.2260901927947998,23.458648630585234,7.849518775939941,-0.085129425
2.721338987350464,0.04562258720397949,8.103625059127808,2370000,-96.34352351702965,21.343220079544857,122.31432159698905,236,1896.7250361442566,100,4.8644163608551025,48.022669578858135,6.1035155e-09,0.2200937271118164,17.82500865051685,7.837671279907227,-0.02461368
2.717360258102417,0.06819319725036621,8.127355337142944,2380000,-85.16821615725217,10.079408232689252,177.25520689522438,237,1904.8661673069,100,4.8766028881073,51.69070683211991,-1.8310548e-08,0.20759844779968262,12.41015099123079,7.8513569831848145,-0.019819349
2.7412803173065186,0.07818818092346191,8.122567415237427,2390000,-144.65799515623112,28.658628483761323,121.29118855784952,238,1913.0019857883453,100,4.847616672515869,50.12665852077258,-1.2207031e-08,0.20303797721862793,22.445097024496953,7.841099977493286,-0.015396918
2.7403364181518555,0.044486045837402344,8.104026317596436,2400000,-91.3937435169225,35.61434317765259,131.92658635311645,239,1921.1212656497955,100,4.845006465911865,53.08074359863734,2.746582e-08,0.22093701362609863,26.67640677857662,7.8383355140686035,-0.043028444
2.7271971702575684,0.046346187591552734,8.116260290145874,2410000,-97.69754508451764,27.366225308710355,169.9230954138383,240,1929.2527935504913,100,4.8724822998046875,56.05973386501932,2.0599366e-08,0.21550297737121582,23.000614089646856,7.8541905879974365,-0.05479849
2.729449510574341,0.0492403507232666,8.082474708557129,2420000,-86.86349422672725,40.77300981347013,177.24744285574494,241,1937.3492486476898,100,4.839772701263428,59.213733977757066,-0.0016491822,0.21066689491271973,29.123182175561514,7.822326183319092,-0.03769182
2.7093350887298584,0.042757511138916016,8.001132488250732,2430000,-85.49251763771535,24.57104241411106,168.54769987810727,242,1945.3635303974152,100,4.779987096786499,55.805120040636425,-2.670288e-09,0.21665143966674805,21.99879740681201,7.741498947143555,-0.025510216
2.714184284210205,0.04437756538391113,8.03188443183899,2440000,-156.58469454449724,11.622186549058132,159.86775940123584,243,1953.4094908237457,100,4.783841848373413,56.096763923708195,1.373291e-08,0.22861790657043457,14.175635529085486,7.758659601211548,-0.16276547
2.697632074356079,0.03929424285888672,7.992049217224121,2450000,-91.35874443571248,10.128238276662591,129.83051126982227,244,1961.416342496872,100,4.785968065261841,52.55900513786273,-5.493164e-08,0.21903276443481445,12.137233743407608,7.7335124015808105,-0.08428187
2.7130062580108643,0.04733133316040039,8.058203220367432,2460000,-98.44122984716745,33.55820280619286,178.99581043895355,245,1969.4881963729858,100,4.821504831314087,52.067015152948414,-0.00087809755,0.22475385665893555,25.81712347458646,7.78589391708374,-0.043507215
2.7020375728607178,0.03964519500732422,8.01220178604126,2470000,-107.49330615638576,12.114293877164195,190.01145624984784,246,1977.5171320438385,100,4.7980406284332275,52.52049426393568,-6.1035155e-09,0.21982955932617188,16.26921967740657,7.752504825592041,-0.04102802
2.7058136463165283,0.08735418319702148,8.038889169692993,2480000,-96.29126799811166,19.31952392875199,185.1461996321612,247,1985.570433139801,100,4.781761169433594,56.29730411551459,3.2043456e-08,0.2124941349029541,17.197495855011137,7.738774299621582,-0.037811127
2.7159245014190674,0.04683828353881836,8.10191535949707,2490000,-104.01247993675189,34.260559135312334,208.77184500971734,248,1993.6861264705658,100,4.853248596191406,56.50510145476054,-5.493164e-08,0.2315678596496582,25.0696222513749,7.823256492614746,-0.006776834
2.7227632999420166,0.04634714126586914,8.04098653793335,2500000,-97.1438285127682,13.48779873319666,164.3271766703152,249,2001.7416656017303,100,4.806688547134399,51.918723049371735,3.051758e-08,0.21341943740844727,16.43633245832972,7.780967712402344,-0.025420412
2.7376978397369385,0.08133125305175781,8.091091871261597,2510000,-91.8090532723667,18.202801500695667,187.35486251280602,250,2009.8459708690643,100,4.82123589515686,57.18364486719958,-2.4414062e-08,0.1996626853942871,18.166652350956138,7.809868812561035,-0.032255854
2.7224464416503906,0.0818934440612793,8.078191041946411,2520000,-80.22160222886384,33.5542445436623,188.03186310897587,251,2017.9377131462097,100,4.811169147491455,53.740346670835706,-2.4414062e-08,0.21152925491333008,26.642671989490204,7.784543991088867,-0.02726708
2.7399418354034424,0.04292130470275879,8.103423357009888,2530000,-148.19275722792446,7.393515437934802,140.57347411740832,252,2026.0585153102875,100,4.844847679138184,54.30243185659106,1.6784668e-08,0.21997952461242676,13.772681573986455,7.840275764465332,-0.23717979
2.7374932765960693,0.04966568946838379,8.059795379638672,2540000,-105.52582186157159,26.77424543448474,154.96438735074238,253,2034.1318900585175,100,4.800210237503052,53.30182618197292,-0.0024403748,0.21955060958862305,22.23881013132332,7.790321350097656,-0.03638545
2.7083075046539307,0.07480907440185547,8.030192375183105,2550000,-127.10519293802382,14.473974996450046,160.15361991042627,254,2042.1755843162537,100,4.773556232452393,58.12740993805468,1.8310548e-08,0.19778847694396973,15.54841606858563,7.757359027862549,-0.007882242
2.702144145965576,0.07932853698730469,8.025211334228516,2560000,-124.355118693023,22.32337934187504,180.08683934770048,255,2050.2143688201904,100,4.7934980392456055,49.810188881558574,-5.340576e-09,0.1928572654724121,19.848172956568146,7.752776145935059,-0.11330186
2.7423062324523926,0.043869733810424805,8.09764313697815,2570000,-136.7934373724235,-5.877443251858875,109.10806712331674,256,2058.327071428299,100,4.847043514251709,50.45392755026933,-6.1035155e-09,0.21168088912963867,3.271075372325186,7.841849088668823,-0.058083672
2.730942726135254,0.043814897537231445,8.084481716156006,2580000,-99.25485060268055,22.697888616312458,164.93856636651142,257,2066.425557374954,100,4.8167805671691895,53.58089885125026,1.6784668e-08,0.23915600776672363,19.34463064264871,7.801210165023804,-0.018337203
2.705979824066162,0.04105377197265625,8.005274057388306,2590000,-94.73254117365443,15.966323763564803,140.22668551381327,258,2074.4450640678406,100,4.783323287963867,42.31144003625338,2.4414062e-08,0.22292137145996094,15.3459309910126,7.74107551574707,-0.033955585
2.7156929969787598,0.0455021858215332,8.054890871047974,2600000,-124.25756571200391,5.123566059262242,99.66462574471511,259,2082.514245033264,100,4.8225789070129395,50.07390994097281,-9.155274e-09,0.22082090377807617,8.489161955630603,7.7883522510528564,-0.029774481
2.697277307510376,0.0833425521850586,8.082822799682617,2610000,-129.3392900502777,-1.6617389094950863,132.25809639100154,260,2090.611328125,100,4.845698356628418,48.938218289237874,-5.340576e-09,0.20437240600585938,5.022699519119319,7.79486608505249,-0.014592238
2.716054677963257,0.038654327392578125,8.062097072601318,2620000,-123.18825012455252,4.886000014619456,153.64016152854313,261,2098.6873342990875,100,4.830764055252075,50.43288435671629,-5.1116942e-08,0.2249753475189209,8.383108736649802,7.798254013061523,-0.017211497
2.71832275390625,0.046834707260131836,8.03519320487976,2630000,-153.48194348997154,-4.24097474817158,107.6328635211477,262,2106.7360620498657,100,4.79410719871521,49.602446468140286,-6.1035155e-09,0.22231078147888184,2.2199314156487953,7.765811204910278,-0.021066522
2.718898296356201,0.04490494728088379,8.009291648864746,2640000,-125.82122026367367,-0.6133469107131749,211.4994195068013,263,2114.7616262435913,100,4.774606704711914,56.16849754746261,1.525879e-08,0.21942615509033203,6.954864413495635,7.744744062423706,-0.02207551
2.720787763595581,0.047331809997558594,8.094932079315186,2650000,-107.81119391849202,10.942736823612004,131.8658776814557,264,2122.870336294174,100,4.829465389251709,55.45703193353507,5.3405763e-08,0.2358388900756836,11.036175757601384,7.811523675918579,-0.017015124
2.709381341934204,0.04807615280151367,7.993192672729492,2660000,-134.97839601439227,12.891590015614725,140.31101431787027,265,2130.8777005672455,100,4.774350643157959,54.146126742501,-2.9754638e-08,0.21332883834838867,12.00155641858047,7.731572866439819,-0.022025226
2.709064483642578,0.04645681381225586,8.030880212783813,2670000,-142.31292015232697,19.055991869649382,119.70675002158842,266,2138.9220526218414,100,4.805650949478149,54.392018554473,2.4414062e-08,0.2221672534942627,13.123862790857904,7.762034177780151,-0.025437366
2.725574493408203,0.07357144355773926,8.08827829360962,2680000,-125.69075804778353,14.663592483669522,161.25603049456814,267,2147.0238354206085,100,4.829226732254028,56.15072531988308,-3.0517577e-09,0.20962071418762207,12.132099740252606,7.804853677749634,-0.032245178
2.717543125152588,0.04353785514831543,8.058763265609741,2690000,-137.8891712186414,0.6358846059456238,143.93719300520246,268,2155.096762418747,100,4.813659429550171,51.270721197219366,-0.0007213867,0.23029708862304688,3.94045753894932,7.784682989120483,-0.0163315
2.6925110816955566,0.037093400955200195,8.008507013320923,2700000,-107.38103059012495,-11.418151296764744,161.31866660306144,269,2163.119012117386,100,4.806358098983765,57.173912719733174,-2.4414062e-08,0.22309494018554688,0.6436783985643624,7.748120546340942,-0.02506828
2.7156264781951904,0.07284140586853027,8.07134199142456,2710000,-122.42358773747449,14.750070913506548,147.64530900085782,270,2171.203682422638,100,4.813961505889893,57.556186872833756,-3.051758e-08,0.21745038032531738,14.226448771100113,7.780821800231934,-0.02227236
2.7087388038635254,0.042029380798339844,8.05778980255127,2720000,-112.88866459761807,-2.9445294759709713,165.89189200999033,271,2179.2750334739685,100,4.841105699539185,54.57982364445856,-1.525879e-08,0.217559814453125,2.218885643748644,7.797969102859497,-0.013286928
2.7123522758483887,0.042432546615600586,8.003875732421875,2730000,-147.23708167163764,9.47391551178436,134.07842119104149,272,2187.300134897232,100,4.779459476470947,52.46466335184007,-2.4414062e-08,0.2187340259552002,9.582908892782577,7.742460489273071,-0.027710287
2.7191524505615234,0.09823131561279297,8.07323431968689,2740000,-117.07118975090376,4.814139729011719,164.6687955528281,273,2195.3887956142426,100,4.795156478881836,56.823533639221885,4.2724608e-08,0.19825267791748047,7.042101762961247,7.776529788970947,-0.022737069
2.7345166206359863,0.04349565505981445,8.093170166015625,2750000,-106.34709410539666,-3.5040471386155003,161.2223958253327,274,2203.4972472190857,100,4.825433969497681,50.96549297235709,-1.525879e-08,0.22673368453979492,3.563319779739002,7.822685956954956,-0.3490436
2.719249963760376,0.0420379638671875,8.015921354293823,2760000,-80.86874538574433,13.25670917288209,206.24843890213208,275,2211.5279746055603,100,4.788592100143433,55.404683537283226,-6.866455e-09,0.21410703659057617,11.309626006794003,7.759519338607788,-0.046505746
2.6920719146728516,0.07158088684082031,8.005523443222046,2770000,-148.76384786721948,-4.26950951882096,118.95199439259596,276,2219.5475640296936,100,4.784077882766724,53.12900535437094,1.525879e-08,0.20719671249389648,4.0653289601561085,7.7265050411224365,-0.03260584
2.6886136531829834,0.08175468444824219,7.990715503692627,2780000,-116.32810551370311,11.70908896275661,176.58276744059575,277,2227.5524158477783,100,4.770880699157715,54.29421269730055,-2.1362304e-08,0.19762539863586426,11.985579333240661,7.711101531982422,-0.019136157
2.7411935329437256,0.0817253589630127,8.103411674499512,2790000,-104.77986853769436,14.823431627752846,140.2610655256529,278,2235.670350551605,100,4.820925712585449,52.459426125169074,-1.2207031e-08,0.20401287078857422,14.324771286278146,7.817423105239868,-0.034573283
2.6981379985809326,0.04669523239135742,8.00275468826294,2800000,-102.46592692848787,32.18463090418372,152.09378394773714,279,2243.687026977539,100,4.783560514450073,51.90829494842816,1.9836426e-08,0.22222113609313965,24.29415826173652,7.733591556549072,-0.031641442
2.719353437423706,0.03954029083251953,8.031386375427246,2810000,-117.93307751348759,7.20728100105634,141.55518243244185,280,2251.7318511009216,100,4.7892351150512695,58.357561002015544,7.6293943e-10,0.23108911514282227,8.770614435977187,7.760530471801758,-0.023311183
2.7131824493408203,0.030665159225463867,8.003520011901855,2820000,-121.19472491849946,20.997767086113267,238.38648539620536,281,2259.748864889145,100,4.768185138702393,56.87790291033227,-4.7683717e-08,0.24019360542297363,16.085695964381497,7.732439756393433,-0.024487432
2.7245047092437744,0.0399777889251709,8.079936504364014,2830000,-103.8044188283448,32.827752849623835,188.71605826667175,282,2267.843292951584,100,4.838765382766724,58.63456851241626,2.1362304e-08,0.22570538520812988,23.879104657739507,7.814033269882202,-0.040885843
2.7384145259857178,0.08150124549865723,8.090396165847778,2840000,-80.93244055005682,21.003746561765933,146.39495161898876,283,2275.947390317917,100,4.818391561508179,52.05469130793212,-0.004112308,0.20169854164123535,16.262616666279154,7.806969881057739,-0.033608954
2.715823173522949,0.04534482955932617,8.063543558120728,2850000,-115.34541448361125,3.581427226978983,168.15170337021425,284,2284.024834394455,100,4.832847356796265,59.27259505776326,4.501343e-08,0.21900296211242676,9.106542471697187,7.798930883407593,-0.030106695
2.7103402614593506,0.05216622352600098,8.084691524505615,2860000,-97.44557263897346,23.649391217101215,179.68558945554642,285,2292.1229479312897,100,4.807929039001465,53.485121901089386,1.2207031e-08,0.2605764865875244,19.57349383937484,7.7717390060424805,-0.0374189
2.71516752243042,0.044457435607910156,8.088942050933838,2870000,-104.99648540915754,30.788305611612962,268.70016834597067,286,2300.2289826869965,100,4.789043664932251,61.368517756889624,-1.2207031e-08,0.2895050048828125,24.00896929227632,7.754720449447632,-0.034281764
2.7215723991394043,0.07425999641418457,8.21421480178833,2880000,-128.13405446048603,13.146200945663985,161.2224305029808,287,2308.4629261493683,100,4.829752683639526,57.59726203801523,3.2043456e-08,0.33553528785705566,13.93373821725657,7.804168462753296,-0.028580222
2.726910352706909,0.062267303466796875,8.130772113800049,2890000,-108.37135005452701,25.15265781155923,186.0897591789304,288,2316.6148619651794,100,4.785971403121948,59.5805905554144,4.5204164e-08,0.30434083938598633,20.46191764221113,7.763834476470947,-0.039893217
2.7046737670898438,0.04457712173461914,8.078640222549438,2900000,-88.5911754957835,32.35128490768432,154.91966739169897,289,2324.708155632019,100,4.738447427749634,56.279986196386176,-0.006192566,0.3255302906036377,24.602632558344638,7.708258390426636,-0.06591891
2.714627504348755,0.06817054748535156,8.106342315673828,2910000,-108.6417865123428,20.189545968302127,137.41125553499066,290,2332.832500934601,100,4.817874431610107,55.24485251490661,4.196167e-09,0.25247955322265625,19.158577401262185,7.78548264503479,-0.14466856
2.7206642627716064,0.06561732292175293,8.077203273773193,2920000,-93.4502523703068,21.939656057313833,179.74286330599645,291,2340.9240210056305,100,4.827868461608887,50.94029641576727,1.2207031e-08,0.21101021766662598,20.53516537949629,7.800345182418823,-0.027240833
2.7145066261291504,0.04230070114135742,8.043195247650146,2930000,-123.29774035593934,16.41088121773498,200.3894669941326,292,2348.981518507004,100,4.8068554401397705,59.35565556461467,-1.8310548e-08,0.22714495658874512,14.712374185727194,7.773521661758423,-0.040579744
2.7098371982574463,0.043251991271972656,8.018483877182007,2940000,-131.10224953151905,14.391792885749597,170.14646752625436,293,2357.0147545337677,100,4.790134429931641,57.478242183994524,-3.051758e-08,0.21987175941467285,13.686796739352182,7.755107402801514,-0.03178052
2.745047092437744,0.0752556324005127,8.135462284088135,2950000,-92.39136155670859,25.862612338909713,138.79227939940216,294,2365.164590358734,100,4.859092950820923,50.96305099239088,7.019043e-08,0.20221352577209473,21.38699615753101,7.857741355895996,-0.06745884
2.740208148956299,0.04137587547302246,8.056220293045044,2960000,-111.53072177378529,19.743414917374462,133.71191960081154,295,2373.237300157547,100,4.797767400741577,53.48044129767989,-1.2207031e-08,0.22251510620117188,15.759173230913891,7.7921142578125,-0.12656276
2.728785514831543,0.04342031478881836,8.02845287322998,2970000,-119.73039444967849,24.903420528328976,180.51116077302729,296,2381.2795975208282,100,4.7767250537872314,55.33390246647485,-6.713867e-08,0.22542834281921387,21.60379170804812,7.7593536376953125,-0.04519887
2.7006289958953857,0.04439401626586914,8.003455877304077,2980000,-132.7008716017969,21.80458739251148,166.5379795602419,297,2389.2969255447388,100,4.797433137893677,54.45180203389037,-1.6403199e-08,0.21376872062683105,18.340494406847856,7.745051860809326,-0.06303172
2.793947696685791,0.04488039016723633,8.16149616241455,2990000,-133.38143744121948,13.461609150459683,148.22911987625838,298,2397.473474740982,100,4.85127329826355,55.65828183175124,2.4414062e-08,0.21361136436462402,14.70177524695547,7.902775287628174,-0.06791748
3.0484566688537598,0.0586848258972168,8.9463210105896,3000000,-111.7610311334417,26.396135931174317,190.9726812531646,299,2406.4335718154907,100,5.369524955749512,56.33309967565903,4.5967102e-08,0.19257736206054688,21.772258892598963,8.694853067398071,-0.04181416
