Time-Optimization,ItrTime,train-PolicyExecTime,train-AverageDiscountedReturn,Itr,n_timesteps,train-NumTrajs,train-EnvExecTime,train-StdReturn,LossBefore,LossAfter,train-MaxReturn,train-MinReturn,Time-SampleProc,Time,train-AverageReturn,Time-Sampling
13.482945919036865,156.40531826019287,137.57162523269653,-1.1524872622965934,0,10000,100,4.7476887702941895,3.1971234942085203,0.0042200196,-1.5187527,8.04900087611365,-8.845885603088973,0.03384685516357422,156.40532207489014,-1.1288877250303344,142.8877317905426
3.677988052368164,133.990070104599,125.13474082946777,10.143044145065822,1,20000,100,4.341048717498779,3.754597035454536,-0.007285498,0.07814106,16.176704045571988,-4.334893261611165,0.16039085388183594,290.6604449748993,5.589862578451809,130.15028715133667
3.309960126876831,136.74214696884155,129.06022310256958,13.959485398805011,2,30000,100,3.887683391571045,4.275444386819897,0.013682526,0.016612183,23.558595210275058,-0.5340540529148312,0.022221088409423828,427.56013917922974,7.484562983387168,133.40832209587097
3.2690298557281494,137.94043588638306,130.47042512893677,25.60781036483947,3,40000,100,3.730055570602417,7.513277771510589,-0.015445623,-0.13075714,29.779946853058046,-0.5262990646929417,0.02279806137084961,565.5241422653198,14.013947807475061,134.6447217464447
3.0537731647491455,134.19414710998535,126.53571152687073,38.80940619955541,4,50000,100,4.15033745765686,4.666181566758983,-0.011084571,-1.7854502,32.489315045467954,9.227965141792616,0.020242929458618164,699.7397561073303,24.747505772647628,131.11862587928772
4.034621000289917,130.55274510383606,122.20694756507874,24.338795846062695,5,60000,100,3.8820741176605225,3.594923350204579,0.016356457,-2.5396113,26.688585965285057,8.580786244242004,0.019247055053710938,830.463415145874,18.996083089473515,126.49732398986816
4.406777858734131,128.97752690315247,120.06130456924438,6.123080393305709,6,70000,100,3.84770131111145,3.7173100776699775,0.013309405,-2.37801,21.458395083605122,-0.8996952062173831,0.19478797912597656,959.462648153305,8.669864644733968,124.37540030479431
3.872652053833008,134.32438611984253,126.11240768432617,-7.424556605339339,7,80000,100,3.868669271469116,3.3105638496492427,0.0027753601,-2.3275497,10.651742407660885,-7.199314246013952,0.019453763961791992,1093.8083801269531,-0.7706397590325317,130.40136790275574
2.8866660594940186,133.91377806663513,126.3003499507904,-13.321249648447612,8,90000,100,4.25733208656311,2.1385867381791646,-0.001029982,-5.3164186,2.3004269040425425,-11.49554021562719,0.022152185440063477,1227.786649942398,-6.50126457748758,131.00335001945496
2.8011996746063232,130.15028500556946,122.93338561058044,-11.994858850532813,9,100000,100,3.9781334400177,2.009505988332271,-0.012542005,-8.39914,-2.377079569229613,-11.211976386157858,0.02241802215576172,1357.9589331150055,-7.563433595585418,127.32596206665039
3.571929931640625,127.25492095947266,119.38233351707458,-0.19412599348586831,10,110000,100,3.861762523651123,7.454061047780049,0.0012749756,-3.6581087,9.299511962145694,-15.701570205842287,0.01887202262878418,1485.2343981266022,-3.8472976512306722,123.6632719039917
3.277387857437134,129.64259219169617,122.07613277435303,-2.591116671595056,11,120000,100,3.831608533859253,6.332403057898558,0.010962216,-0.66051877,8.922372343230679,-13.835486072009903,0.05250883102416992,1614.9227740764618,-5.151494897445522,126.31150674819946
2.4895191192626953,111.06771302223206,104.23472714424133,-7.759974766918423,12,130000,100,3.8976686000823975,5.444095682823563,0.00060120237,-0.017312206,5.288353414296359,-13.822818924967118,0.019464969635009766,1726.0142521858215,-5.58700423961705,108.55731892585754
3.2617809772491455,95.55103588104248,88.16364216804504,0.3304013004692324,13,140000,100,3.6767585277557373,3.563920114353389,-0.012872583,-0.0008979858,6.956241610371068,-11.721293485649628,0.018563032150268555,1821.585823059082,-0.8513584641756367,92.26914882659912
3.130764961242676,93.81108093261719,86.54341006278992,0.3034815495856124,14,150000,100,3.6924033164978027,3.339226789266263,0.0027130553,-0.42041224,2.8340334508110914,-14.980839944108213,0.01890420913696289,1915.4144132137299,-0.908464924777848,90.65993094444275
3.785006284713745,93.75520515441895,85.77970218658447,-9.721030855719743,15,160000,100,3.747779607772827,6.26060611378156,-0.0017666381,-0.5779919,3.456114272699773,-15.72211761140356,0.019308090209960938,2009.187958240509,-6.3618953501219835,89.94948887825012
2.1125690937042236,97.19072723388672,90.598797082901,-19.682226882003555,16,170000,100,4.022584915161133,1.673955359708659,-0.0017211487,-0.030466022,-8.820275070443735,-16.70267075691064,0.019927024841308594,2106.3999812602997,-13.272094127126708,95.05670976638794
2.2544801235198975,95.888258934021,89.12719750404358,-19.40155954268628,17,180000,100,4.055199861526489,1.6784206515528952,-0.010221818,-0.03817158,-9.965652019094394,-17.201829947870635,0.019849061965942383,2202.3091270923615,-13.291068000645778,93.60632109642029
2.024812936782837,95.74906897544861,89.13723182678223,-19.164439061442042,18,190000,100,4.142881631851196,1.5550689839066212,-0.008956369,-0.037569404,-9.601997470763907,-16.34191596114866,0.019002199172973633,2298.079122066498,-13.16275680114201,93.7039122581482
2.2371811866760254,95.5259108543396,88.6758337020874,-19.43039038022192,19,200000,100,4.032844066619873,1.7983547138866454,-0.008123683,-0.028449353,-8.614295753201846,-17.0876514172384,0.15578508377075195,2393.6276450157166,-13.35969552524027,93.13147902488708
2.2115750312805176,94.02909183502197,87.40308022499084,-19.248825282436496,20,210000,100,3.9743340015411377,1.7276378304653546,-0.025005214,-0.04262447,-9.36512777355658,-17.435601371927277,0.019355058670043945,2487.6790010929108,-13.17035445462642,91.7964551448822
2.2322559356689453,94.8965528011322,88.19438242912292,-19.055229936941622,21,220000,100,4.020341396331787,1.6371107243710443,-0.0029148872,-0.020952081,-9.764094312692663,-16.965931750987682,0.01964592933654785,2582.5963830947876,-13.164027882135459,92.64326882362366
2.0545220375061035,93.11471819877625,86.64691424369812,-19.394091610344177,22,230000,100,3.976285696029663,1.6214506010053527,-0.0027327545,-0.014108634,-8.703240037906163,-16.99818558536204,0.01912689208984375,2675.732365131378,-13.282666591232623,91.04066300392151
2.3564417362213135,95.11287784576416,88.30264234542847,-19.040038079415407,23,240000,100,4.011813163757324,1.5621561300670896,0.003446022,-0.0037800903,-10.699793380096725,-16.28465769512131,0.018316984176635742,2770.935182094574,-13.150821524057614,92.73772692680359
2.232311964035034,95.67936515808105,88.94373297691345,-19.5071738882041,24,250000,100,4.056735038757324,1.5305657716356262,-0.0059653562,-0.01775971,-10.647089473770789,-17.461037740456405,0.020420074462890625,2866.640077114105,-13.457700353539266,93.42489314079285
2.2220458984375,95.99999213218689,89.26606798171997,-19.25037634315001,25,260000,100,4.069340705871582,1.6372473566295598,0.0035879791,-0.018127251,-10.125624381762035,-16.61920617880505,0.01884913444519043,2962.6591880321503,-13.259615153643066,93.75877571105957
2.1174840927124023,95.70198822021484,89.09709000587463,-18.98073708215112,26,270000,100,4.041087865829468,1.7055582468585744,0.007285908,-0.015449957,-8.443162795327353,-16.621628907344885,0.018600940704345703,3058.3819489479065,-13.042578976201883,93.56423926353455
2.2161788940429688,95.97305488586426,89.2191367149353,-19.498931550905098,27,280000,100,4.090866327285767,1.453780968797037,0.012871196,-0.024226617,-9.250371087058733,-16.834886368326895,0.020831823348999023,3154.376302242279,-13.417574359119614,93.73464274406433
3.412899971008301,103.89297103881836,95.90221428871155,-19.269184154567203,28,290000,100,4.1313157081604,1.6247214720465986,0.004833997,-0.03526357,-9.293453452925753,-16.746642089240982,0.01973700523376465,3258.2900319099426,-13.135366128017731,100.45894074440002
3.0346500873565674,95.70991015434265,88.1413938999176,-19.62823078467375,29,300000,100,4.02696418762207,1.5799237653393527,-0.011306693,-0.049314164,-9.353553835178197,-17.00362513529074,0.06831884384155273,3354.0219321250916,-13.423094896009992,92.60663771629333
2.3999998569488525,96.05829882621765,89.1953182220459,-19.542692380952055,30,310000,100,4.018090724945068,1.5285137189647662,-0.0039956053,-0.039924383,-10.047466952766124,-16.757012358760484,0.01878809928894043,3450.1502752304077,-13.464654447832581,93.63522815704346
2.3838257789611816,93.6817741394043,86.79077911376953,-18.96312497089939,31,320000,100,4.065617084503174,1.5931860926747405,0.002541098,-0.032905716,-10.091615792164282,-16.271547238681578,0.01862192153930664,3543.8690841197968,-13.050914908062191,91.27772808074951
2.170719861984253,95.89461612701416,89.22925519943237,-19.063985826803297,32,330000,100,4.044893980026245,1.6932936865169186,-0.01047523,-0.055938426,-8.978661180659442,-17.07992097350106,0.021672964096069336,3639.7854940891266,-13.149094299917378,93.70066690444946
2.1628000736236572,95.30832386016846,88.66488647460938,-19.574417842306552,33,340000,100,4.037379264831543,1.6380373106778434,-0.0018134861,-0.034898587,-9.657033487094273,-17.60682180369563,0.018897056579589844,3735.1322000026703,-13.364830340851295,93.1262559890747
2.932814121246338,96.8924810886383,89.42319130897522,-19.53694820229857,34,350000,100,4.070351600646973,1.7225447866503454,0.009110659,-0.037012845,-8.897572459882877,-16.717330946767845,0.01988816261291504,3832.0443320274353,-13.406298912982484,93.9383533000946
2.125025987625122,100.27305102348328,93.38651061058044,-19.446664136216615,35,360000,100,4.277791261672974,1.4977703069694788,-0.00083650206,-0.07769031,-10.179604089697515,-16.988171850426923,0.0272676944732666,3932.335186958313,-13.370495423259044,98.11869621276855
2.2055811882019043,96.14159297943115,89.49023914337158,-19.48049525016323,36,370000,100,3.9922170639038086,1.6473493047485734,-0.0023592673,-0.10560525,-9.632980800762905,-16.71458933678652,0.020750045776367188,4028.50408411026,-13.385093345970834,93.9148211479187
3.3869457244873047,112.60650205612183,104.73371982574463,-19.36351022195074,37,380000,100,4.042336702346802,1.8098272811893061,0.006724597,-0.10059601,-9.591818916083938,-17.007706654819295,0.01865220069885254,4141.1323301792145,-13.346403795133519,109.20030093193054
2.4234039783477783,110.80987405776978,103.75300288200378,-18.902838142194447,38,390000,100,4.144756317138672,1.787094692537443,0.007645308,-0.123253234,-8.218340992292893,-17.454015782408607,0.06267118453979492,4251.961315155029,-12.946646986684756,108.32232594490051
2.386685848236084,95.4268319606781,88.59922432899475,-19.570355108732358,39,400000,100,3.989696979522705,1.6713521279961518,-0.00026275634,-0.15984961,-9.910163518358827,-16.753560633740697,0.021953105926513672,4347.407804965973,-13.421359045977944,93.01719808578491
2.4294681549072266,95.75386309623718,88.74635124206543,-19.204494936898243,40,410000,100,4.132848739624023,1.7409531484521035,0.0050882874,-0.23226729,-8.964015579034841,-16.765896738170092,0.019595861434936523,4443.182641983032,-13.156687820975746,93.30422186851501
3.2581441402435303,96.11107397079468,88.38591647148132,-18.969230280382526,41,420000,100,4.025150775909424,1.4966526040772854,-0.0033650985,-0.24901167,-9.902799158518382,-16.981525966397765,0.01664113998413086,4539.315487146378,-13.04779072072047,92.83593225479126
2.1778860092163086,95.48703908920288,88.83259558677673,-19.1619925109096,42,430000,100,4.021800994873047,1.5949856118814119,-0.013598609,-0.3777333,-9.690109645782417,-16.695589943457485,0.021706104278564453,4634.8226199150085,-13.14582571504321,93.28700113296509
2.252800941467285,94.4251139163971,87.66467833518982,-19.223483270715306,43,440000,100,4.058058500289917,1.7391910067013283,0.0030546158,-0.44517353,-8.23907230304577,-17.284986951906472,0.018715858459472656,4729.331353902817,-13.260589404565405,92.15271401405334
2.2202951908111572,94.51733994483948,87.85306477546692,-19.409086582372485,44,450000,100,4.0031421184539795,1.5077414175577868,-0.0026814973,-0.55887234,-10.334648512675427,-16.960266053589127,0.01854705810546875,4823.869197130203,-13.313329218759316,92.27813386917114
2.174454689025879,94.8764898777008,88.23207473754883,-19.217252775725008,45,460000,100,4.025571823120117,1.725055988413281,-0.004867122,-0.66668075,-9.624507733063092,-17.060791007554528,0.020548105239868164,4918.8101761341095,-13.195471923801886,92.6801540851593
2.646646022796631,95.99508881568909,88.94243240356445,-19.40002215107915,46,470000,100,3.966989755630493,1.665671695958065,0.0011111298,-0.8714699,-9.55539448933583,-16.919524946990933,0.018954992294311523,5014.8255450725555,-13.268403981433615,93.32867622375488
2.1186611652374268,95.7994589805603,89.24475526809692,-19.355685347903865,47,480000,100,3.9920809268951416,1.6123470242839413,4.868164e-05,-1.0267681,-9.90546106496282,-16.704966163061112,0.019740819931030273,5110.6438710689545,-13.206645974687277,93.65971302986145
2.24257493019104,93.8272340297699,87.15417575836182,-19.110253555197545,48,490000,100,3.98936128616333,1.634002555997808,-0.0040138275,-1.2620593,-9.51369449722269,-16.908447928081017,0.024315834045410156,5204.494997024536,-13.20691287851459,91.55995512008667
2.5434510707855225,95.99315094947815,88.82765102386475,-19.438620737349176,49,500000,100,4.003462553024292,1.5454926538334322,-0.01590357,-1.4651201,-9.930788814567668,-16.520705253525968,0.18417000770568848,5300.50862121582,-13.361580994124592,93.26420283317566
3.134956121444702,94.67800378799438,87.05928635597229,-19.05095942940565,50,510000,100,4.0047478675842285,1.6703434745530443,-0.001476651,-1.6375059,-9.543733149447,-16.98476968433178,0.020595312118530273,5395.205273151398,-13.015178878598414,91.51922392845154
3.152559757232666,93.93319296836853,86.29514288902283,-19.11114396476384,51,520000,100,4.041204452514648,1.792591179691899,0.008634349,-1.7055557,-8.226498623299946,-16.34721800968997,0.01795506477355957,5489.159278154373,-13.17197471899551,90.7573652267456
3.4583640098571777,95.48239779472351,87.52661228179932,-18.627823469274727,52,530000,100,4.048848867416382,2.26738514917286,-0.0022825622,-1.6726129,2.890803754369059,-16.166127200104995,0.023059844970703125,5584.661486148834,-13.009623797396754,91.99887013435364
2.751805067062378,98.53923988342285,91.34033203125,-17.82079794780622,53,540000,100,3.997792959213257,3.288608137600785,0.0020144044,-1.383794,12.672903429457042,-17.25016509062385,0.02216506004333496,5683.222190141678,-12.632910193994867,95.76380491256714
2.9825189113616943,93.4966127872467,86.07138776779175,-18.180612048503953,54,550000,100,3.9956748485565186,2.4933789189395075,0.00028794556,-1.4141709,3.054656689313613,-16.77753201063465,0.02945566177368164,5776.7392699718475,-12.737482116948673,90.48336410522461
3.074108839035034,95.2671160697937,87.55954933166504,-17.19644749637853,55,560000,100,4.190491437911987,3.8179067910682845,0.015293128,-0.9698953,9.721628684341642,-16.575366083409833,0.017045974731445312,5872.027760028839,-12.475027472565063,92.17453622817993
2.7398388385772705,96.20408511161804,89.00843334197998,-15.430144636359676,56,570000,100,4.005614995956421,5.399362445705966,-0.008348016,-0.6598135,11.876109680431163,-17.054724436112277,0.01887989044189453,5968.25248003006,-11.687652919956244,93.44395613670349
2.1802139282226562,94.32202196121216,87.67325949668884,-15.578768030353967,57,580000,100,4.026578664779663,4.857862296094539,-0.000779834,-0.49729413,11.576652031803034,-16.499850744933948,0.019473791122436523,6062.594875097275,-11.7784128668067,92.12096118927002
2.396843910217285,96.07065796852112,89.22380805015564,-14.069805733700672,58,590000,100,4.002689361572266,6.180222971162408,0.0023103273,-0.3259152,11.355828140298165,-17.402670146071646,0.021944046020507812,6158.686188220978,-11.252351419949404,93.65047979354858
2.104469060897827,96.22553181648254,89.67080044746399,-15.178894300596683,59,600000,100,4.004718065261841,5.335348335692688,0.0055838013,-0.26136306,11.526929610563442,-16.493515848344337,0.01834702491760254,6254.932590961456,-11.614190648851539,94.10135197639465
2.174583673477173,96.69446611404419,90.04709267616272,-13.626990834787934,60,610000,100,4.022367238998413,5.613171426945671,-0.014659198,-0.1734128,11.592567762739908,-16.854185228602123,0.019594192504882812,6351.647702217102,-10.982008637796893,94.49903893470764
2.3310630321502686,94.60297679901123,87.81048130989075,-14.165516354582074,61,620000,100,4.0223610401153564,5.29400923861362,0.011088393,-0.10866068,12.280137980998347,-16.729934795249584,0.018671751022338867,6446.27157998085,-11.162013987840849,92.25175285339355
2.24074125289917,94.03859996795654,87.37089586257935,-17.05976512397884,62,630000,100,3.988719940185547,4.229140377378688,-0.008630133,-0.11667331,12.4500399776034,-17.135237209624663,0.02069687843322754,6540.3390691280365,-12.369962544603538,91.77624201774597
2.193336009979248,95.2263753414154,88.62607407569885,-14.302535155504511,63,640000,100,3.9671947956085205,5.738779193793385,-0.012475769,-0.09578267,11.074664139853057,-16.07871702101656,0.019430160522460938,6635.599755048752,-11.234372090918175,93.01313591003418
2.376657009124756,97.20586490631104,90.33306431770325,-15.84972482708065,64,650000,100,4.053320646286011,4.9509599411560385,-0.0056028627,-0.06575917,12.138435072758611,-15.820870574916755,0.018805980682373047,6732.823441982269,-11.894715763171682,94.80659985542297
2.2004501819610596,98.65361785888672,91.92714834213257,-14.342781928444685,65,660000,100,4.0753092765808105,5.800371055854162,0.0042120363,-0.025757777,11.741580435545984,-15.897849657340739,0.020336151123046875,6831.4977350234985,-11.169610804085188,96.4307599067688
2.2633440494537354,95.65074276924133,88.81063890457153,-9.657634295390665,66,670000,100,3.9827890396118164,7.437705821551157,0.017249903,0.009856568,12.053390306282393,-17.01476075447437,0.1684248447418213,6927.170510292053,-9.5160749870782,93.2174940109253
2.2413010597229004,96.6631669998169,89.96422147750854,-13.811113320755698,67,680000,100,4.0142295360565186,5.700789725200658,0.014972369,0.0039254026,11.550374024566274,-16.83109670279342,0.01951289176940918,7023.854380130768,-11.191104868255458,94.40100598335266
2.1912829875946045,94.9757649898529,88.26748609542847,-13.444943547889208,68,690000,100,4.064461946487427,6.0137881274534015,-0.018823637,-0.028664514,11.284292572182464,-16.583815823808386,0.020277023315429688,7118.850753068924,-10.994065937664013,92.76270008087158
2.408116340637207,97.81754612922668,90.89917373657227,-10.870871432775067,69,700000,100,4.055080890655518,6.76025815936532,-0.0041811736,-0.007319156,12.021252457166453,-16.23415721928266,0.019468069076538086,7216.689113855362,-9.971864962143947,95.38892412185669
2.240787982940674,103.942214012146,97.15012884140015,-8.407104949187477,70,710000,100,4.080186128616333,7.870658170885445,0.010711352,0.010353296,12.343537763110735,-16.412012643096503,0.022895097732543945,7320.653667211533,-9.138143380613233,101.67736673355103
2.1695621013641357,96.73282384872437,90.11071157455444,-10.21975794717239,71,720000,100,4.004313230514526,7.381870384729341,0.0054245177,0.005586676,12.575096960801458,-16.653278151376583,0.019224882125854492,7417.407428979874,-9.722714294317205,94.54358792304993
2.3643248081207275,98.42042922973633,91.64087891578674,-10.643463868851288,72,730000,100,3.9656379222869873,7.197009269316444,-0.0023597337,-0.003041571,11.063330763879277,-16.188987623109178,0.018602848052978516,7515.848917007446,-9.774918920791501,96.03609800338745
2.4502499103546143,95.31329798698425,88.36779379844666,-11.29960429217826,73,740000,100,4.04335618019104,6.4402399314800896,-0.0040691406,-0.004241174,10.042988982635944,-16.319051942245572,0.018296003341674805,7611.182693004608,-10.112272812029177,92.84219074249268
2.2570059299468994,94.35170197486877,87.66983199119568,-11.29149297569633,74,750000,100,3.960968494415283,6.374147621265635,0.0024079345,0.002254187,10.691324420943847,-16.201694833512008,0.018583059310913086,7705.558025121689,-10.048444804036576,92.07568168640137
2.240821123123169,94.63380026817322,87.93814253807068,-10.059997656805319,75,760000,100,4.008330583572388,7.195748444103591,-0.0052714357,-0.006871399,11.05914756071308,-16.557660735484905,0.01970386505126953,7800.213355064392,-9.695630967244238,92.37183284759521
2.16573166847229,94.40826606750488,87.75784635543823,-11.980731358008482,76,770000,100,4.023059606552124,7.010680164181515,0.009092212,0.0078260135,12.355168262623124,-17.00659093198947,0.04054665565490723,7894.642102241516,-10.181234339718017,92.20039892196655
2.246255874633789,96.99027609825134,90.24620819091797,-12.479017890431814,77,780000,100,4.051357746124268,6.756628642069171,0.0056481813,0.0044970154,11.016401432193533,-16.49394216578812,0.01812911033630371,7991.651562213898,-10.421383884042573,94.72504496574402
2.2591421604156494,94.68923807144165,87.95339846611023,-9.834429696652196,78,790000,100,4.0234668254852295,8.04409288837992,0.008006067,0.007406689,11.888029255485504,-16.064608738581324,0.02588176727294922,8086.36093211174,-9.491631497780476,92.4026780128479
2.131584644317627,96.66814088821411,90.10021352767944,-7.9186474678333,79,800000,100,3.986436128616333,8.26132136812592,0.010154492,0.00794411,12.398994933681541,-16.399542214303622,0.019151926040649414,8183.051301002502,-8.897105662809523,94.5159101486206
2.4054861068725586,95.53636884689331,88.7347640991211,-9.828633785677317,80,810000,100,3.9573864936828613,7.79143628013387,-0.0048063537,-0.0054657226,12.096470784567563,-16.24009965438517,0.018672704696655273,8278.622993946075,-9.621236989868672,93.11182689666748
2.23382306098938,95.15927767753601,88.37644553184509,-12.669109415611693,81,820000,100,4.104943513870239,6.185374528768238,0.006801642,0.0062215393,11.796817492587726,-16.295897851673146,0.020067930221557617,8373.802414178848,-10.574242217367301,92.90385007858276
2.3549981117248535,97.20010089874268,90.30732655525208,-10.93639648181309,82,830000,100,4.087924957275391,6.856698987124674,0.0055443696,0.0038951293,10.582710685692918,-16.285798144857335,0.01850295066833496,8471.023920059204,-10.07815095573443,94.82423281669617
2.476466178894043,97.9707760810852,90.93464589118958,-8.474256319595193,83,840000,100,4.0428338050842285,8.228790150032259,0.005451187,0.005201114,11.000019479023285,-17.022727842943457,0.01930713653564453,8569.044522047043,-8.884264559979494,95.39862585067749
2.2198331356048584,95.0315170288086,88.30971145629883,-11.58335794990645,84,850000,100,4.053009033203125,7.068605841540459,0.017041076,0.015661145,12.808652345582823,-15.815268603637701,0.0207369327545166,8664.096649169922,-10.3032606921648,92.79045677185059
2.0825729370117188,94.72493886947632,88.14935350418091,-11.271332281928215,85,860000,100,4.03203010559082,7.584786603556107,0.003060083,0.002060901,12.46246057995022,-16.005802975294184,0.02120804786682129,8758.841840028763,-10.135966705679394,92.61954426765442
2.225583076477051,96.92272305488586,90.2647533416748,-10.419965635693297,86,870000,100,3.9852399826049805,7.046769045345324,-0.012955469,-0.01430448,11.958331340058795,-15.667899393609217,0.01934981346130371,8855.7858440876,-9.639123016418749,94.67599296569824
2.238213300704956,94.74775123596191,88.08664536476135,-11.827762968564338,87,880000,100,3.9757142066955566,7.183092940126021,0.00838731,0.0066755256,12.281683993077769,-16.49596056088417,0.023939132690429688,8950.555520057678,-10.349705588347739,92.48403286933899
2.096182107925415,95.32944202423096,88.73675680160522,-13.950678560303189,88,890000,100,4.045426607131958,5.505533378323775,-0.0013721557,-0.0059562256,8.673418264836283,-16.784015779641656,0.018440961837768555,9045.906242132187,-11.2288867672397,93.21348309516907
2.250854730606079,94.17176222801208,87.46300435066223,-10.208691980606792,89,900000,100,4.018700361251831,6.8080367070042955,-0.0028292236,-0.0030753845,10.416009493237961,-15.932972312157077,0.018028974533081055,9140.100661039352,-9.639083057507879,91.90145587921143
2.75600004196167,97.13934326171875,89.96575856208801,-15.33247273067857,90,910000,100,3.9795055389404297,4.7035604954995085,-0.014959177,-0.013595877,11.00862348582556,-16.005972498254916,0.01106715202331543,9237.261558055878,-11.445007446441197,94.37082695960999
2.0181407928466797,93.57390093803406,87.02503705024719,-9.519051488331444,91,920000,100,4.075271368026733,7.5098116980558975,-0.0038586243,-0.00482948,12.499874363068482,-15.921063304783708,0.027506351470947266,9330.85664486885,-9.319976292400536,91.52677297592163
2.2536141872406006,95.22239375114441,88.45593500137329,-11.923991246288283,92,930000,100,4.035658836364746,6.497886448049793,-0.01265968,-0.011508483,11.123818402836987,-16.232297114033372,0.05269789695739746,9426.097667217255,-10.112263399543172,92.91361999511719
2.2429311275482178,97.7995970249176,91.00968956947327,-14.285722658101271,93,940000,100,4.053166389465332,5.821146741336355,-0.0011145172,-0.00031289062,11.371222231903143,-16.60811986305185,0.01867818832397461,9523.917645215988,-11.286739935052685,95.53650999069214
3.940340995788574,159.63154196739197,150.55618929862976,-13.918637863417313,94,950000,100,4.564566135406494,5.506662257515319,-0.001034491,-0.0035144286,12.113235176027146,-16.27801022567997,0.03557586669921875,9683.569758176804,-11.073589924101793,155.65409994125366
2.6252641677856445,157.61212706565857,149.44977855682373,-12.58350981655183,95,960000,100,4.943829536437988,6.435962493664159,-0.003437256,-0.006112891,11.43849577081265,-15.966965132655282,0.047354936599731445,9841.250229120255,-10.651359557373063,154.93852996826172
2.19762921333313,105.1110610961914,98.06357979774475,-9.646400942909976,96,970000,100,4.342831611633301,7.0249426595809945,0.0008442314,-0.0018424247,10.879419224974116,-15.196133129439605,0.0212249755859375,9946.39180111885,-9.287307393769309,102.89037322998047
2.346376895904541,109.99051904678345,102.68997311592102,-8.826353373924283,97,980000,100,4.299856424331665,7.3498466275975005,0.023151418,0.023032183,9.826778719052145,-16.798807308170176,0.1984710693359375,10056.40409708023,-9.049928204756473,107.44432210922241
2.340425968170166,100.20346117019653,93.1521327495575,-10.526024891886584,98,990000,100,4.235774755477905,7.60211733887843,-0.017605206,-0.018046942,12.019633954022984,-16.471444043213932,0.021178007125854492,10156.628598213196,-9.723650100597805,97.83990812301636
3.5763370990753174,99.98369979858398,91.73686981201172,-12.419168386648808,99,1000000,100,4.204203367233276,6.552455375518839,0.0005880615,-0.00023378906,12.291340848866737,-16.377420257291796,0.01970982551574707,10256.633094072342,-10.385842151644708,96.38630080223083
2.1926910877227783,99.14356589317322,92.18782114982605,-12.231062214058648,100,1010000,100,4.290514707565308,7.066750661055883,0.00063392334,-0.0025214173,11.2157785555455,-16.127747038883687,0.019908666610717773,10355.856865167618,-10.389889439167437,96.92881107330322
2.247968912124634,101.26406502723694,94.32382535934448,-8.211436094207091,101,1020000,100,4.221628904342651,7.886144683751598,-0.0030828065,-0.0063668885,11.9998056618788,-16.12453043716898,0.02156996726989746,10457.14154291153,-8.810943466602382,98.99314188957214
4.19755482673645,147.59045577049255,137.77936387062073,-11.28385934577207,102,1030000,100,4.87506365776062,6.56201860582244,0.0014600403,-0.00383266,10.253344152154302,-16.14192093081246,0.04153013229370117,10604.752685070038,-10.132800207304546,143.3495900630951
3.3069589138031006,123.43736505508423,114.34746623039246,-9.096354143521792,103,1040000,100,5.237084627151489,7.7475198563867345,-0.0043522827,-0.010949268,12.345640814303536,-15.867640005870106,0.02233290672302246,10728.219810247421,-9.200635857970573,120.1071949005127
2.1707260608673096,91.15498876571655,83.16334056854248,-13.774839789999355,104,1050000,100,5.246435880661011,5.684426770903513,-0.0050005186,-0.012877264,10.169990164141076,-17.012703921611866,0.027952194213867188,10819.396686077118,-11.126159392982157,88.95522975921631
2.2669389247894287,94.76264595985413,87.5446548461914,-11.426253658834582,105,1060000,100,4.458101749420166,6.968170762036099,0.0059512937,0.0029384887,11.692426203728937,-16.47951954973311,0.02000713348388672,10914.189427137375,-10.216611236128493,92.47426676750183
2.5107810497283936,102.68253803253174,95.29995727539062,-9.971910029821364,106,1070000,100,4.34679913520813,7.5505622890478135,-0.01212764,-0.017001433,10.502765025861553,-16.59259258574826,0.04555201530456543,11016.894613027573,-9.402115559022521,100.12477087974548
2.358386993408203,113.53119826316833,105.55859327316284,-12.255467852521202,107,1080000,100,4.8472678661346436,6.721974057732865,0.007620502,0.004174933,11.265048719278653,-16.531465847487606,0.03645491600036621,11130.446986198425,-10.560296058613604,111.13565802574158
2.5090818405151367,102.34715414047241,94.98932600021362,-11.534426515300988,108,1090000,100,4.358975648880005,7.2376307720675666,-0.00578071,-0.008030655,11.899584870089766,-16.301318615565442,0.023898839950561523,11232.824532032013,-10.050765722586545,99.81098484992981
2.191227912902832,101.46702432632446,94.37076139450073,-12.083323127520002,109,1100000,100,4.392563819885254,6.690221971888216,-0.018188685,-0.020139374,11.701932513122838,-16.179203151368736,0.028242111206054688,11334.312978982925,-10.496307572532347,99.24605393409729
2.243242025375366,95.7316210269928,88.584068775177,-11.97068125708758,110,1110000,100,4.410828113555908,6.250930824775524,-0.0026548705,-0.004244147,11.751498193683727,-15.898738447828967,0.01932525634765625,11430.075241088867,-10.342859087768723,93.46694493293762
2.1927542686462402,95.5887098312378,88.53439903259277,-11.713611867205293,111,1120000,100,4.377208948135376,6.881971378740563,-0.0022984496,-0.0031223998,12.458322367679626,-16.416913120561528,0.02029109001159668,11525.69191813469,-10.457391717765315,93.37402176856995
2.2612340450286865,92.6886351108551,85.54967451095581,-10.444563827727256,112,1130000,100,4.39347243309021,7.371826872561037,0.02038667,0.019177904,13.219882625580235,-15.841264731384593,0.02404189109802246,11618.403069019318,-9.822005891532712,90.40132522583008
2.1599032878875732,92.22641396522522,85.2691240310669,-12.923434497467278,113,1140000,100,4.317760467529297,6.013580607493929,-0.0043707644,0.009527137,10.531523581995296,-15.767190195177307,0.019951820373535156,11710.659857034683,-10.668752069760819,90.0450668334961
2.1376378536224365,91.66580295562744,84.63327479362488,-13.089791861311458,114,1150000,100,4.398833274841309,5.988050548053564,-0.005509619,0.026092017,12.220600965162225,-15.834052747309803,0.021615266799926758,11802.350494146347,-10.726159322212748,89.50367736816406
2.095254898071289,90.6759181022644,83.74453854560852,-11.526821985306423,115,1160000,100,4.345415115356445,7.129037412885521,-0.0064054322,-0.009307544,11.021712663374169,-16.50239732478828,0.02006816864013672,11893.05355811119,-10.12805817693013,88.5564341545105
2.1462137699127197,88.52988386154175,81.51992344856262,-13.411276631225224,116,1170000,100,4.364331483840942,5.630825569031595,0.0012633911,0.028381048,9.264679722408646,-16.127340954440207,0.018149137496948242,11981.60594701767,-10.764564534048029,86.36354899406433
2.888702869415283,87.51855683326721,79.80823612213135,-13.23903175239269,117,1180000,100,4.340488910675049,5.479329603391416,0.007910035,0.022099061,7.239779671738798,-15.914847905771278,0.02219390869140625,12069.149245023727,-10.958931781833606,84.60575008392334
3.2163429260253906,85.61119794845581,77.40933537483215,-13.939812714423534,118,1190000,100,4.320298671722412,5.206420770314753,-0.0039370116,-0.006192114,10.33976513899258,-17.163892321223713,0.20055198669433594,12154.778491020203,-11.26650054134082,82.1928129196167
2.815392017364502,90.62307691574097,82.91963529586792,-12.962943388165073,119,1200000,100,4.39215612411499,5.785931974658567,0.0033643371,0.058027185,12.270948369858447,-16.01942852633988,0.025683164596557617,12245.420231103897,-10.677782930863128,87.78005480766296
2.126328945159912,88.00038409233093,81.01706409454346,-13.470682045083803,120,1210000,100,4.365959167480469,6.074306983610528,-0.00598808,-0.00032965088,10.86944030821396,-16.75737118978653,0.0234830379486084,12333.448822021484,-11.011367686104052,85.85006880760193
2.0729598999023438,90.77296209335327,83.8167405128479,-12.883192263890589,121,1220000,100,4.392375469207764,6.496194941578072,-0.0011103393,-0.005161957,11.30657597416462,-16.269791561220842,0.020174026489257812,12424.243704080582,-10.84554341195322,88.67598819732666
3.9068148136138916,98.65745902061462,89.74358177185059,-16.852627152556593,122,1230000,100,4.511297225952148,3.7515542162736524,-0.008165039,-0.015248175,9.629576201671096,-16.7622769904678,0.0207366943359375,12522.9227809906,-12.381324652052374,94.72837281227112
2.3467588424682617,99.76988697052002,92.51222944259644,-12.988262243220122,123,1240000,100,4.414218902587891,6.194397336776038,0.00023534852,-0.0027129608,10.547663391858944,-16.45679861792798,0.02059197425842285,12622.715385198593,-10.821000516477552,97.40036273002625
2.5453598499298096,103.49985218048096,95.97558927536011,-14.671059083761326,124,1250000,100,4.471282243728638,5.524297385852982,0.0018447022,-0.001266919,11.991013435807767,-16.77773050264776,0.021596908569335938,12726.23641705513,-11.459068226714141,100.93090200424194
5.06883692741394,113.37345576286316,103.28769540786743,-14.470460933173321,125,1260000,100,4.517558336257935,4.618760819337219,-0.0062063355,-0.00733125,9.190447061776952,-16.522308759007576,0.023862838745117188,12839.632015943527,-11.259306077851736,108.27890205383301
2.52331280708313,118.27714991569519,110.62367725372314,-11.727484415739177,126,1270000,100,4.607914686203003,7.101527774215172,0.0029438355,0.0013444214,11.762192289029562,-17.05780973297394,0.032156944274902344,12957.928885221481,-10.40498863004479,115.72033095359802
2.716567039489746,118.70716500282288,110.80925130844116,-15.519860794648055,127,1280000,100,4.639370679855347,4.441448271749833,-0.0061336183,-0.008675348,13.085298456715746,-16.364110900908912,0.020229816436767578,13076.660905122757,-11.671742257718416,115.96890091896057
2.1514968872070312,113.37273502349854,106.13544988632202,-14.303813222237451,128,1290000,100,4.597132921218872,6.0577799934862675,0.007397064,0.0065977233,12.036706536680786,-16.46549409380979,0.019101858139038086,13190.058862924576,-11.26314264520562,111.20050096511841
2.2201690673828125,105.90073132514954,99.02128887176514,-15.903125825638426,129,1300000,100,4.197795629501343,4.562645814893064,0.008232153,0.0038271546,9.713620247765615,-16.47963182265736,0.019820213317871094,13295.981832027435,-11.925620535286816,103.65932393074036
3.170513868331909,102.842768907547,95.04560375213623,-15.654124039546371,130,1310000,100,4.168282985687256,3.942996579788072,0.02254086,0.015796667,11.742545618755518,-16.619125706399483,0.017933130264282227,13398.847160100937,-11.672777562754872,99.65275025367737
2.365442991256714,103.55500102043152,96.38574504852295,-15.142323694065997,131,1320000,100,4.340101957321167,5.044559009609987,0.0005021179,-0.011847971,12.307987637295168,-16.683182529575475,0.019511938095092773,13502.42377614975,-11.648468485059228,101.16938900947571
2.2749969959259033,105.48375606536865,98.50500845909119,-15.141236354257295,132,1330000,100,4.2298736572265625,5.079572921124236,-0.0012261353,-0.0070931334,11.008277625827215,-16.6211694566333,0.019052982330322266,13607.929490089417,-11.647329583124103,103.18907189369202
2.2852182388305664,103.99373579025269,97.02773833274841,-14.820136852251975,133,1340000,100,4.222316265106201,5.426282012146668,0.0072499025,0.0016705566,10.197790350712236,-16.64638222942135,0.019524097442626953,13711.9487991333,-11.561826414428447,101.68857002258301
2.4627392292022705,104.14944672584534,96.79454398155212,-14.366747181250034,134,1350000,100,4.213608503341675,5.691892679506289,-0.004570715,-0.011880542,12.135202502715464,-16.07665474195494,0.020158052444458008,13816.170706033707,-11.440758452110318,101.51748204231262
2.561939001083374,104.83160996437073,97.49724555015564,-14.876688757660773,135,1360000,100,4.302866220474243,4.9314376076713415,-0.006473462,-0.02691715,9.466882383761801,-16.40347132877142,0.02030467987060547,13921.026552200317,-11.563169041595,102.24783205986023
2.4213809967041016,116.70890593528748,109.64045667648315,-13.690698421698121,136,1370000,100,4.1749513149261475,5.745219617183716,-0.015220319,-0.037150078,12.5771762438363,-15.928494267194564,0.02692389488220215,14037.75724029541,-11.158544083889911,114.25915908813477
2.7970781326293945,108.67863512039185,101.27594900131226,-15.821687541809725,137,1380000,100,4.155864238739014,4.928557238370495,-0.012524365,-0.032649256,11.090902486308881,-16.208793709389067,0.01851797103881836,14146.457143068314,-11.706375310706303,105.86248397827148
2.275874137878418,111.47187304496765,104.34259057044983,-13.87302834268418,138,1390000,100,4.397152900695801,5.39132486594708,0.00080507813,-0.012272943,12.608886722198557,-16.312034320758624,0.020220041275024414,14257.95050406456,-11.223553105664642,109.17442512512207
2.2965729236602783,106.59052395820618,99.55051231384277,-12.997741979288326,139,1400000,100,4.283598899841309,6.006943902866964,0.0062812134,-0.006114343,11.488756500633697,-16.12341544222895,0.01967906951904297,14364.580497026443,-10.83271588086617,104.27388286590576
2.342564821243286,106.00537085533142,99.04451537132263,-11.870563766169896,140,1410000,100,4.162441968917847,6.677963651365547,-0.0055060484,-0.017173307,11.558883013477175,-17.198947999039433,0.01930713653564453,14470.607024908066,-10.285057780739384,103.64295697212219
2.9092297554016113,107.7904462814331,100.2360532283783,-15.075726108584087,141,1420000,100,4.180666208267212,5.1475413746021035,0.0048967195,-0.0136678,11.133469211842097,-17.096535639999807,0.020319223403930664,14578.431084156036,-11.584686407768602,104.85950112342834
3.9790899753570557,185.56322717666626,175.83159565925598,-14.204082658434022,142,1430000,100,5.021314382553101,5.967541407828243,0.017562293,0.0022185852,12.087855750003483,-16.74972152277804,0.03532123565673828,14764.01666212082,-11.242610193270302,181.5477888584137
3.722876787185669,163.6742479801178,154.4258964061737,-14.898076904285235,143,1440000,100,4.887058734893799,5.524616245034385,0.01919624,-0.0062601683,13.119524887417105,-16.315120992486996,0.037798166275024414,14927.719526052475,-11.422198437650168,159.91247582435608
2.525178909301758,127.70723009109497,119.97828149795532,-13.900816752861829,144,1450000,100,4.68903923034668,6.336339366521334,2.9052735e-06,-0.031875975,11.062526934264838,-17.136405129560842,0.023311138153076172,15055.45894908905,-11.127474038113958,125.15794396400452
2.5818350315093994,123.26200985908508,115.74059653282166,-11.186636913202651,145,1460000,100,4.454154968261719,7.050200478945733,-0.011527344,-0.03249431,12.45297055405019,-16.404787331843362,0.020632028579711914,15178.742639064789,-10.182692444499855,120.6580216884613
2.969815969467163,121.08409810066223,113.21628141403198,-9.823314205151465,146,1470000,100,4.4104509353637695,7.453971155620604,0.0105530275,0.000234198,12.445708726873983,-16.671892277881028,0.018539905548095703,15299.848176002502,-9.42826193352226,118.09486198425293
3.974515914916992,118.74047684669495,109.81089806556702,-16.51142735492527,147,1480000,100,4.464858055114746,3.6963572836643404,0.0057386477,-0.00853584,9.337231280276304,-16.682172200155737,0.022405147552490234,15418.610926151276,-12.2323817995633,114.74002695083618
3.1769521236419678,113.11860609054565,105.26453447341919,-14.974121256918117,148,1490000,100,4.207272529602051,5.189336940929135,-0.00035147707,-0.029465038,10.418776542115154,-16.63125378272024,0.01955890655517578,15531.749271154404,-11.579003849451436,109.92064189910889
3.8285739421844482,110.99159407615662,102.5623881816864,-14.784393820939009,149,1500000,100,4.13798451423645,5.564536127840862,-0.0006389038,-0.03389193,12.907449452761133,-17.30476257174636,0.019201993942260742,15642.758152961731,-11.484745051902022,107.12993001937866
2.451504945755005,109.64995503425598,102.60696363449097,-13.916489437503147,150,1510000,100,4.136342763900757,5.668653658440293,0.001523291,-0.033552602,11.96016765041106,-16.251251509538573,0.018159866333007812,15752.427319049835,-11.05744891108868,107.17851901054382
2.323853015899658,111.75913596153259,104.8741545677185,-14.397040000605758,151,1520000,100,4.099865913391113,6.059668339041074,-0.0012490723,-0.045312904,13.757992066306391,-16.34917785354366,0.022600173950195312,15864.208591938019,-11.371667946936588,109.41227221488953
3.1059398651123047,112.03368496894836,104.37907195091248,-16.0527730679001,152,1530000,100,4.09868860244751,4.47256186715725,-0.0053611756,-0.07103228,11.35169516677287,-16.697079560005626,0.01960015296936035,15976.2626080513,-12.067921666151157,108.90676808357239
3.3007280826568604,114.10244584083557,106.25545620918274,-13.510743009056096,153,1540000,100,4.090913534164429,5.518522898300516,0.00760553,-0.05411571,12.123599829643583,-16.163270354678932,0.019868850708007812,16090.383693218231,-11.030841540721608,110.78005981445312
2.2966229915618896,111.94041299819946,105.08546781539917,-16.297403379041,154,1550000,100,4.109070301055908,4.262078268898247,0.0036158143,-0.05272034,10.339144377394756,-16.801722167436502,0.02008223533630371,16202.34995508194,-12.086495062107005,109.62231588363647
2.551038980484009,108.93506908416748,101.76563835144043,-13.572928878719464,155,1560000,100,4.094672441482544,6.456532266441186,0.0007119629,-0.051003966,11.3038783639895,-16.47486807254357,0.09390592575073242,16311.304878950119,-11.138303986247088,106.28956532478333
2.2268519401550293,108.01986408233643,101.2211344242096,-15.797071079774309,156,1570000,100,4.114909887313843,4.996562400012373,0.017103687,-0.06311392,9.523085402033956,-17.22759340359922,0.018237829208374023,16419.343954086304,-12.000092886545747,105.7734739780426
2.2801220417022705,107.81255173683167,100.95571756362915,-16.29031505524365,157,1580000,100,4.11895489692688,4.799910275505564,-0.003264331,-0.08888045,13.491227443386524,-16.448208812084935,0.020289897918701172,16527.17765903473,-11.914090972633181,105.5116810798645
2.267815113067627,103.87209391593933,96.98080611228943,-16.11133059426228,158,1590000,100,4.17033314704895,4.226893973951059,0.007030347,-0.12534969,10.283102650678696,-16.857951555477843,0.021045923233032227,16631.0706281662,-11.961538527036145,101.58188605308533
2.260601043701172,104.00015997886658,97.14967823028564,-14.460042689349619,159,1600000,100,4.100056409835815,5.6482063233721105,0.0072993776,-0.112296864,12.563290700843856,-16.353818680592678,0.018815040588378906,16735.094046115875,-11.519679594344112,101.71937274932861
2.3555891513824463,103.18898582458496,96.21112275123596,-13.24142845414563,160,1610000,100,4.159212350845337,7.116230201120809,0.003921002,-0.08370134,13.127132473678769,-16.74656790077923,0.02012324333190918,16838.305114030838,-10.948353958449834,100.81188106536865
2.177279233932495,100.61345100402832,93.83593773841858,-15.102972577082333,161,1620000,100,4.150196313858032,4.168399628341882,-0.0042187744,-0.14147992,7.613055451316595,-16.99307890885249,0.019453048706054688,16938.94025826454,-11.676480496768978,98.41558384895325
2.1988730430603027,98.60354399681091,91.84625339508057,-16.332618396790522,162,1630000,100,4.095633506774902,4.359468070567912,-0.00074685056,-0.1917606,10.216047121134366,-17.214062367482317,0.018645048141479492,17037.564523220062,-12.276450545410016,96.38559293746948
2.3154351711273193,98.78531289100647,91.88559103012085,-14.9970848406755,163,1640000,100,4.132686614990234,5.852710504123133,-0.009973059,-0.20896992,12.20519982500809,-16.434047339099372,0.019256114959716797,17136.371843099594,-11.597885624519224,96.44995880126953
2.3225948810577393,101.23894715309143,94.35486340522766,-16.57550409652703,164,1650000,100,4.108464241027832,3.6062521060861816,-0.00490199,-0.33440322,6.888625187987005,-16.81887449508606,0.019575119018554688,17237.630849123,-12.172733490446758,98.89480495452881
2.3367648124694824,105.74654722213745,98.79093718528748,-15.049430443363732,165,1660000,100,4.1668126583099365,5.9716265477842745,0.008130957,-0.23724848,15.218466747954729,-16.792720666219928,0.020251989364624023,17343.399576187134,-11.633405500572614,103.38812112808228
2.4879300594329834,105.24992489814758,98.09838271141052,-16.544289926424955,166,1670000,100,4.172450065612793,4.993653277103555,0.0031906678,-0.30027333,14.417389418061767,-16.56159329920132,0.023266077041625977,17448.667834043503,-12.258906660792793,102.73827195167542
2.347036123275757,106.58633208274841,99.62782692909241,-16.536483959458213,167,1680000,100,4.15631365776062,4.431808035884397,0.00044383545,-0.44927275,11.36076417355524,-17.218990739542374,0.020226001739501953,17555.271586179733,-12.13551092181989,104.217689037323
3.4618279933929443,149.45307326316833,140.2723081111908,-16.19166707270808,168,1690000,100,4.9203245639801025,5.000344851060771,0.006180719,-0.51826936,13.461449991080967,-17.09149497416393,0.2740638256072998,17704.744245052338,-12.047355890409658,145.7146120071411
3.170651912689209,154.97143006324768,145.61846351623535,-17.270547603000647,169,1700000,100,5.596814393997192,4.472101181984991,-0.012697083,-0.733841,12.779323051233463,-16.887968172525294,0.02621603012084961,17859.752855062485,-12.54770158524321,151.77265310287476
3.7479159832000732,155.5668261051178,145.99905395507812,-18.194990975719744,170,1710000,100,5.193521022796631,3.4194582176965036,-0.0075751464,-1.0371258,11.910027989423499,-16.903598660554245,0.04981207847595215,18015.348477125168,-12.92974307334649,151.76742506027222
5.732593774795532,129.1848168373108,118.19863295555115,-17.85018051925188,171,1720000,100,4.72726035118103,3.19312284113332,-0.0029112305,-1.5334909,13.11130180172698,-15.830556304770086,0.03741002082824707,18144.56494307518,-12.460994566398478,123.41205883026123
2.8158178329467773,143.94507217407227,135.7042646408081,-11.975007254214967,172,1730000,100,4.851587533950806,7.6305568950209475,0.0042202575,-1.4935219,29.407953128580754,-14.40345523928866,0.027342796325683594,18288.55931711197,-6.72350444846977,141.10012316703796
2.953791379928589,118.88265895843506,110.9125382900238,20.0423263446239,173,1740000,100,4.508100509643555,4.530264771596106,0.012519201,-0.7506299,30.230578514788977,8.08877359767844,0.027252197265625,18407.478023052216,16.404218344791833,115.89932680130005
3.736528158187866,112.17781805992126,103.66006922721863,17.47042225671497,174,1750000,100,4.299496412277222,3.2115450767596645,0.0029846588,-0.7931096,22.53705990495443,6.298692978473642,0.023263931274414062,18519.677441120148,14.858229427113963,108.41611313819885
2.501220226287842,109.06395816802979,101.79702043533325,17.118204608987625,175,1760000,100,4.277011156082153,3.504651797229616,-0.00032512512,-0.809042,21.009265209596332,6.357290736151825,0.020943164825439453,18628.76171398163,14.560703027139986,106.54040288925171
3.5019712448120117,109.05002498626709,100.83667850494385,17.061549576082186,176,1770000,100,4.226964950561523,3.006546187119065,-0.007026836,-0.89951974,20.498397032196404,7.805280737134321,0.019318819046020508,18737.831966161728,14.5526273546914,105.52271914482117
2.290797233581543,104.06179475784302,97.10995721817017,16.56552441100908,177,1780000,100,4.191061973571777,2.7327467772906604,-0.0032411895,-1.1650393,21.051329052632777,7.8737066740381945,0.01970696449279785,18841.91474699974,14.266460401132571,101.74988198280334
2.8856959342956543,155.17883968353271,146.99858736991882,17.44970334804761,178,1790000,100,4.723742961883545,2.9690842101223582,0.008010149,-1.8422011,23.37761801217189,9.557322335622926,0.034954071044921875,18997.114626169205,14.917543952344863,152.25639295578003
2.9540250301361084,173.19227385520935,165.1016387939453,16.339477607856033,179,1800000,100,4.596940279006958,3.153224893673876,0.009576147,-2.8441093,21.600557643983752,7.373486445021329,0.023822784423828125,19170.329159021378,14.14189011075662,170.21170115470886
2.714162826538086,164.47817707061768,156.93636465072632,16.318809224812743,180,1810000,100,4.330853462219238,3.1040326762913697,0.005091304,-4.286706,20.863053985819153,7.254547608188816,0.024714946746826172,19334.832386255264,14.133434740719856,161.73740696907043
2.932860851287842,162.641184091568,154.7959485054016,17.059633347340267,181,1820000,100,4.325243949890137,2.9748653550834128,-9.260407e-05,-5.846653,22.438937746965927,8.025887656189559,0.09653091430664062,19497.496506929398,14.607360512655605,159.60993790626526
4.607940912246704,165.84343194961548,156.52422428131104,16.133053872361433,182,1830000,100,4.2356483936309814,2.9828695930619933,-0.020444898,-7.3283267,21.21628373553438,7.935627366799252,0.02016305923461914,19663.361309051514,13.989810596765698,161.21358704566956
3.7565159797668457,164.5740931034088,156.11953258514404,17.45751376447376,183,1840000,100,4.230844974517822,3.2870646887664696,-0.0018258896,-8.497027,29.58301033295003,7.342338524587548,0.018291950225830078,19827.956135988235,14.836797820139719,160.79731607437134
5.498689651489258,166.24579906463623,155.97347497940063,17.0938624965273,184,1850000,100,4.267732381820679,2.8876637534513776,0.0048250123,-9.149573,21.29948560620955,8.226374097592045,0.018345117568969727,19994.222051143646,14.610199622342455,160.7273988723755
2.9236271381378174,160.0794370174408,152.5317497253418,17.215636846849016,185,1860000,100,4.160998106002808,3.030416664700365,0.0048426357,-9.4380045,22.67201981498702,7.454370840245704,0.02037191390991211,20154.320414066315,14.629660134261153,157.13496279716492
4.069118976593018,182.0378839969635,172.92794179916382,17.33032192890355,186,1870000,100,4.541151762008667,2.887070317717849,0.016913341,-9.338153,21.427879144922983,6.4432675439583695,0.01905989646911621,20336.37737107277,14.787911565865816,177.94824504852295
3.1563451290130615,167.514573097229,159.474848985672,17.051936221924805,187,1880000,100,4.395220994949341,3.0754323573310747,0.0043414766,-8.894585,20.884979028287017,7.588041271613729,0.019308805465698242,20503.91543006897,14.564235952962957,164.33728504180908
2.67297101020813,152.3682291507721,145.109281539917,16.755764189404363,188,1890000,100,4.123649597167969,3.255390044924785,-0.013001093,-7.7912374,22.553524133898826,6.731864454005594,0.021879911422729492,20656.305280208588,14.46383311210979,149.67103219032288
3.234039068222046,152.77639484405518,144.84455251693726,17.5508334590709,189,1900000,100,4.231866836547852,3.247963716776766,0.013652818,-7.571377,22.4287496434941,7.704665009043605,0.02222728729248047,20809.115545988083,14.988797299388207,149.5180459022522
2.80955171585083,157.5649709701538,150.16084218025208,17.30484393501157,190,1910000,100,4.127741098403931,3.3800203975813763,-0.002555304,-7.1418977,30.565246421754722,7.754643209095516,0.021488189697265625,20966.703265190125,14.687968518707743,154.73208379745483
4.852330923080444,162.30848717689514,152.8246989250183,17.576767764961456,191,1920000,100,4.1540751457214355,3.0973025938506744,-0.010757229,-6.630239,21.053651533505914,7.719523561642209,0.02066779136657715,21129.05263018608,14.96192903624756,157.43393802642822
3.8754539489746094,172.2508099079132,163.64010977745056,17.092637753092063,192,1930000,100,4.253958463668823,3.298307695262975,0.004490866,-6.0319138,22.0768361788294,7.92779131039444,0.019662857055664062,21301.324386119843,14.584178428000525,168.35496282577515
3.7398059368133545,259.62789821624756,250.49923372268677,16.59020681206282,193,1940000,100,4.851206064224243,2.737933308880125,0.019850064,-5.5808086,21.49816730268895,7.559674711213224,0.028392314910888672,21560.980479002,14.328826894872911,255.85812306404114
5.416242837905884,482.5239448547363,470.95612049102783,16.39744090976929,194,1950000,100,5.414381265640259,3.210560214101087,0.00016962891,-5.065185,26.274233086693233,7.577235467952151,0.06264805793762207,22043.53494000435,14.14256893995347,477.0436511039734
4.742815971374512,342.31547689437866,331.97925877571106,17.85866462752469,195,1960000,100,4.917608022689819,3.3927074685747596,0.0071686357,-4.5960093,28.20245772834939,7.764348867349346,0.06160593032836914,22385.878689050674,15.099692336858833,337.50999116897583
3.41076397895813,219.82271099090576,211.7577679157257,17.55543819531293,196,1970000,100,4.138960599899292,3.304858571874106,-0.0018552918,-4.2135944,29.328112606064966,6.49553434626881,0.04139208793640137,22605.743177175522,14.959552230825098,216.3626778125763
3.0383260250091553,196.416424036026,188.93424248695374,17.090549169539113,197,1980000,100,3.953348398208618,3.503160783759812,-0.00089786685,-3.770527,30.718799797883864,6.166341359620582,0.04783511161804199,22802.177992105484,14.672314980382463,193.32877731323242
3.06724214553833,180.84950923919678,173.3596658706665,17.476866119503253,198,1990000,100,3.783628463745117,3.19450008476329,0.005137964,-3.4385884,27.61272348804893,7.942275822825063,0.10135984420776367,22983.04989027977,14.999482266258093,177.56916880607605
2.688506841659546,175.0807909965515,168.12233638763428,18.260593741476214,199,2000000,100,3.822873115539551,3.7362104750435403,0.0075918394,-3.086159,30.159970169921863,7.759385910065881,0.02068305015563965,23158.177372932434,15.439596115484441,172.37033581733704
2.841294765472412,175.7438247203827,168.59191942214966,16.577810868674657,200,2010000,100,3.8606278896331787,3.2443827801580056,0.013186868,-2.64363,28.70415307779012,7.4177456511230915,0.02323603630065918,23333.94867515564,14.246529862136844,172.87789106369019
2.7512688636779785,171.77150297164917,164.6089677810669,17.39976232889819,201,2020000,100,3.876429796218872,3.64479186408656,-0.010157666,-2.5587227,31.052587125751,8.006370646942706,0.02338695526123047,23505.738752126694,14.795519322774744,168.99530601501465
2.9686219692230225,193.42539501190186,185.65667629241943,17.855551549399895,202,2030000,100,4.233494281768799,3.5684839984074377,-0.010151194,-2.0173032,28.394831145642836,6.765771284054982,0.03979802131652832,23699.185608148575,15.147838345230634,190.41427206993103
2.952662944793701,184.31270503997803,177.10828113555908,17.430159211004096,203,2040000,100,3.8148040771484375,3.7549302202705945,-0.010006324,-2.082976,29.92038303866195,7.466402972247567,0.02268385887145996,23883.529548168182,14.755703982866311,181.3368878364563
2.868316888809204,185.2106478214264,178.05727624893188,17.76590817603163,204,2050000,100,3.8542628288269043,3.665255390613807,0.016567592,-1.8706256,30.39384350660882,6.557008699501315,0.019248008728027344,24068.75968503952,15.143843887039738,182.32249903678894
3.186404228210449,192.88472080230713,185.39269018173218,17.481195822432866,205,2060000,100,3.875894784927368,3.2215656188528548,0.00089720916,-1.7973324,21.07884979403338,6.945135205306088,0.020407676696777344,24261.664894104004,14.8368555725951,189.67620301246643
2.9388349056243896,199.87313103675842,192.6376359462738,17.22355983958167,206,2070000,100,3.837857246398926,3.3762168799905137,0.00401766,-1.6335652,28.857154720268248,8.105369031655535,0.018766164779663086,24461.557386159897,14.733847649140076,196.9148817062378
3.351199150085449,210.21367979049683,202.55269742012024,18.062101557453467,207,2080000,100,3.877687454223633,4.0123774174673965,-0.0059283874,-1.4664071,30.84405245884424,8.652124773121685,0.01979374885559082,24671.82036614418,15.332150821660623,206.84143090248108
2.955885171890259,220.33652687072754,213.1134798526764,16.7776657605384,208,2090000,100,3.8242006301879883,3.9145140190447907,-0.011027948,-1.343537,30.60410604263939,8.13754479015884,0.024979114532470703,24892.177510023117,14.377501897021336,217.35387802124023
3.649312973022461,224.9968090057373,216.93568205833435,18.01036561772464,209,2100000,100,3.8337042331695557,3.6130178792619536,-0.007918052,-1.2582444,30.257892945657584,7.66975676242418,0.07801604270935059,25117.245966911316,15.23478326431688,221.20461583137512
3.1847848892211914,221.06171226501465,213.5875279903412,18.281770156882065,210,2110000,100,3.8480148315429688,4.15835255077388,0.008427466,-1.0986209,31.378704041890565,7.180636099450233,0.020181894302368164,25338.327934980392,15.42472773000988,217.85538816452026
3.36470103263855,238.40864491462708,230.42411637306213,17.243404955549103,211,2120000,100,4.042004108428955,2.922833165010428,-0.0065247985,-1.06887,22.223476865726525,8.119005707585817,0.09691691398620605,25576.757593154907,14.605334973624913,234.94611978530884
3.1111459732055664,213.09836792945862,205.71391606330872,18.576414027520954,212,2130000,100,3.831228017807007,4.227249328555273,-0.004335408,-0.9303498,30.09152952999265,7.536463559549668,0.029079914093017578,25789.943315029144,15.576228315886047,209.95775485038757
4.975152015686035,222.5712959766388,213.31142044067383,17.829814178966316,213,2140000,100,3.8409230709075928,3.7597292877963997,-0.0009853424,-0.84968954,28.612686394105797,6.431360981739698,0.021049976348876953,26012.533961057663,15.1501825865836,217.57360982894897
3.3414390087127686,253.31889700889587,245.6859166622162,17.963169043739967,214,2150000,100,3.8390727043151855,3.4949998384781504,-0.011283447,-0.835104,30.1449871689915,6.641323208831635,0.0397028923034668,26265.87274312973,15.040774409776166,249.93644618988037
3.166208028793335,217.451162815094,210.0541546344757,17.78097335921353,215,2160000,100,3.7991786003112793,3.514787892448153,-0.0045703277,-0.79331315,28.31446212499091,6.860954084883197,0.019963979721069336,26483.34932899475,14.950758486998408,214.26324009895325
3.1816558837890625,208.7789921760559,201.33258891105652,17.582933116350265,216,2170000,100,3.8385744094848633,3.980288175732235,0.011008009,-0.73778886,30.791878560573632,5.91316501366648,0.018843889236450195,26692.149066209793,14.877418745363927,205.5776948928833
3.23642897605896,211.91357803344727,204.44821763038635,19.159137534138594,217,2180000,100,3.7973811626434326,4.344223881164916,0.0033475342,-0.6562419,30.231540413981023,7.96232282093853,0.019251108169555664,26904.083913087845,15.978001840813121,208.65662479400635
3.3077402114868164,219.02920484542847,211.28132915496826,17.76430423740194,218,2190000,100,3.8189754486083984,3.671568139075661,0.0029799622,-0.64716965,29.83977068799901,8.691785775031393,0.20244312286376953,27123.134275197983,15.043200284479406,215.51649808883667
3.197136163711548,227.83791208267212,220.09757709503174,18.532247840695444,219,2200000,100,4.102796792984009,4.8572236853798465,0.004546823,-0.5853129,30.680842865663205,6.941813307795835,0.02303481101989746,27350.995381116867,15.677338886155505,224.6162669658661
4.5340049266815186,234.50501704216003,225.72223925590515,17.518961758156887,220,2210000,100,3.787893295288086,3.8906044628814773,0.0023397766,-0.56097883,29.996307676041223,4.952693132660496,0.027620792388916016,27585.527690172195,14.930484542463175,229.94116187095642
3.0920426845550537,232.6995677947998,225.36589980125427,17.38748732661061,221,2220000,100,3.8119027614593506,3.2930085132927016,0.0041355044,-0.5572745,29.117834035834413,9.194982128336235,0.021556854248046875,27818.246621131897,14.779224861418566,229.58558106422424
3.518462896347046,224.15900015830994,216.38486909866333,17.74239311137631,222,2230000,100,3.8079347610473633,3.923523684634581,-0.0032520508,-0.53226656,29.484465501841576,7.9784492245545495,0.023849010467529297,28042.426413059235,14.99161185701042,220.60838413238525
3.5388169288635254,226.01408195495605,218.14878177642822,18.180549237199642,223,2240000,100,3.894219398498535,4.051141128483314,-0.006488736,-0.51667774,29.191640142196903,6.059157804288764,0.01948094367980957,28268.460064172745,15.400913459293108,222.45386290550232
3.5052521228790283,223.08268094062805,215.2361364364624,16.74311722451967,224,2250000,100,3.904888868331909,3.5052941013214904,-0.015523655,-0.4837619,29.80197864352114,6.718686422927143,0.019898176193237305,28491.56385588646,14.309529218509986,219.55607891082764
3.4755961894989014,208.7159059047699,201.00831961631775,18.085507795037415,225,2260000,100,3.8023998737335205,4.032847897090167,-0.0030198516,-0.4615147,31.981476363413567,8.657112550666536,0.019089221954345703,28700.30117416382,15.306800534861322,205.21964693069458
3.1282219886779785,206.04546213150024,198.55759525299072,19.25802560666709,226,2270000,100,3.912220001220703,4.396291482364417,-0.0017407715,-0.40777567,30.836793029718102,6.642766612992556,0.02380228042602539,28906.36863398552,16.03420287599766,202.89162492752075
3.001005172729492,197.2903299331665,189.93719291687012,17.420844883693142,227,2280000,100,3.889068126678467,4.523631281901947,-0.024766235,-0.4118337,29.948696449563908,6.526209027763769,0.022471904754638672,29103.774276018143,14.830230605430714,194.26550793647766
2.9356539249420166,189.40085911750793,182.19606566429138,17.289989858049257,228,2290000,100,3.8336915969848633,3.9653508929324137,-0.00790858,-0.38750026,30.548008439875744,6.913176754810683,0.02486586570739746,29293.20043706894,14.624506755785738,186.43985295295715
3.0585579872131348,196.80700516700745,189.45768284797668,18.75026813658465,229,2300000,100,3.858163833618164,4.5868284223456355,-0.008962684,-0.36676803,30.899417947176634,7.869655385082603,0.020048141479492188,29490.02806520462,15.795530914789305,193.72705698013306
3.309115171432495,205.67394399642944,198.01410698890686,18.716664377350867,230,2310000,100,3.8090195655822754,4.03868369002937,-0.0056766174,-0.3755272,28.91020976913599,8.141674133465612,0.04163312911987305,29695.724092006683,15.585254816008648,202.23151421546936
3.115866184234619,217.52122592926025,210.13235688209534,16.96237800445398,231,2320000,100,3.831920623779297,3.546100919653022,-0.008100751,-0.35862628,29.976611939507176,7.856119032858328,0.0192720890045166,29913.26739525795,14.620435604441038,214.38456797599792
3.1369521617889404,222.28989601135254,214.87455224990845,18.720531484299705,232,2330000,100,3.8341588973999023,4.311855801930276,-0.0030557099,-0.35029352,29.044301182520776,6.557059314344452,0.028376102447509766,30135.57805800438,15.712849731422377,219.1164710521698
4.056910991668701,219.97223806381226,211.68129563331604,17.90943245179302,233,2340000,100,3.799060106277466,4.184132303998473,0.008743518,-0.30904862,30.667586328956205,7.875188921368149,0.02082991600036621,30355.572775125504,15.137092245854587,215.89282083511353
5.184854030609131,233.37549901008606,223.86562490463257,17.87073397787522,234,2350000,100,3.8920814990997314,3.1805990167140994,0.0014142456,-0.3343219,26.786715994235973,7.919820229222323,0.019369840621948242,30588.96986103058,15.103418723128529,228.1653401851654
4.36880898475647,242.63545608520508,233.3183629512787,18.245280851333657,235,2360000,100,4.261913299560547,4.169999819569978,-0.011935605,-0.33770055,30.658526074707105,7.569992331178801,0.0489039421081543,30831.62450528145,15.35872124867397,238.2165229320526
3.85196590423584,233.94246006011963,225.71034455299377,18.19877107051648,236,2370000,100,3.897214889526367,3.7823217510840954,-0.0071804887,-0.35312006,29.900827794853925,7.850208711586794,0.03893303871154785,31065.700735092163,15.383024051559321,230.0512080192566
3.634981155395508,234.29283905029297,226.34867548942566,18.120452491439305,237,2380000,100,3.8714447021484375,3.879620102224077,0.011254843,-0.3025737,30.213966802092777,6.930083843435914,0.02320098876953125,31300.015309095383,15.26477571984463,230.63427186012268
3.31594181060791,228.6205632686615,221.00781512260437,17.86713863376936,238,2390000,100,3.8518247604370117,4.153507178384578,-0.0068130754,-0.21777718,31.40175897095283,7.485544918935323,0.023198843002319336,31528.658157110214,15.08434650262128,225.2810332775116
4.672315835952759,219.2790126800537,210.29062604904175,19.35546084999796,239,2400000,100,3.858283042907715,4.60262171947064,0.0044184965,-0.18680166,30.192468681009267,7.499509768846013,0.029206037521362305,31747.958457946777,16.04640760706188,214.5758819580078
3.001807928085327,206.89694690704346,199.5141544342041,18.665066669476822,240,2410000,100,3.836885929107666,4.349723171108248,-0.012494005,-0.21400288,31.491154537224357,7.82213762264421,0.07949519157409668,31954.87924003601,15.73770032952905,203.77433800697327
3.482264995574951,201.87287878990173,193.99674439430237,17.91743476734662,241,2420000,100,3.956505537033081,4.095344372865373,0.012471103,-0.20924175,29.644193798401215,7.146725221799944,0.019234180450439453,32156.79774403572,15.093249316117465,198.36999988555908
4.360674142837524,198.17606568336487,189.5010325908661,18.313557942713956,242,2430000,100,3.8790602684020996,4.272856974790708,-0.012177276,-0.2777741,29.802041150044854,8.63310055817101,0.018635034561157227,32354.99389219284,15.392845618287335,193.79598188400269
2.7781450748443604,191.02303409576416,183.8975431919098,16.379616055963957,243,2440000,100,3.91328763961792,3.0463149318028093,-0.013951129,-0.3175206,21.408927231631793,6.405146228440518,0.019027233123779297,32546.040226221085,14.17484886391174,188.22407412528992
3.275038957595825,194.91649174690247,187.28133273124695,18.321961051640223,244,2450000,100,3.8776166439056396,4.124990505181928,0.011766666,-0.28902358,32.065147243776764,6.5973362306998755,0.022823810577392578,32740.977602243423,15.486807003615466,191.61724472045898
3.1512460708618164,196.67455005645752,189.2945418357849,18.516549049854618,245,2460000,100,3.7960753440856934,4.4836072488621,-0.0038620727,-0.2852497,31.022493294282825,8.157033218801976,0.021250009536743164,32937.67725801468,15.501429122873228,193.50059914588928
3.979275941848755,205.8013482093811,197.5211477279663,17.46194046116876,246,2470000,100,3.869262933731079,3.83112997318588,0.0015242493,-0.30196393,29.622429853479208,7.06788417060246,0.01980280876159668,33143.49753808975,14.87947872443062,201.80081939697266
4.335773229598999,210.93618488311768,202.33148050308228,18.374156389453614,247,2480000,100,3.819296360015869,4.799053290420953,-0.006001306,-0.28890678,30.22089848605695,6.83713399424205,0.02074909210205078,33354.485337257385,15.514134740021039,206.57926988601685
3.9142966270446777,217.66881895065308,209.42019033432007,18.200974605265195,248,2490000,100,3.8193247318267822,4.034742678439973,-0.0021059203,-0.28919327,31.13964295557618,5.89864395729688,0.10690617561340332,33572.1734752655,15.392219780136216,213.64595794677734
3.4780349731445312,226.08373308181763,218.36807441711426,18.88779451804979,249,2500000,100,3.805821418762207,3.970659896913431,0.00030443954,-0.30285472,29.774843089257008,7.959963316162091,0.021898984909057617,33798.28380703926,15.77761593113059,222.58138704299927
3.7623629570007324,226.41534733772278,218.342768907547,18.388986374367477,250,2510000,100,3.8794288635253906,4.296679228269472,0.013835095,-0.280341,30.82411047136368,8.068345393020152,0.021149873733520508,34024.71989607811,15.481040723461215,222.62947511672974
3.6753039360046387,217.87987399101257,209.9532036781311,17.015598025225945,251,2520000,100,3.801274538040161,3.4125350264586087,-0.0036318954,-0.30908346,28.354802942940346,7.2144878201022395,0.028378963470458984,34242.62366914749,14.509252107220554,214.17442297935486
3.453709840774536,219.46614980697632,211.73774027824402,17.766553568951636,252,2530000,100,3.8342199325561523,4.0637240793383596,-0.0015188446,-0.29143843,31.11984632777018,7.931536531604268,0.023766040802001953,34462.11161208153,15.081316773468266,215.98699307441711
2.9781436920166016,210.78914713859558,203.50638437271118,18.948160915950517,253,2540000,100,3.7939984798431396,5.116293325067456,0.0056153894,-0.29087147,31.682257373767577,6.694458277629515,0.0210111141204834,34672.921844005585,15.829213145168287,207.78960013389587
3.193403959274292,209.23812794685364,201.73632383346558,17.033703251788907,254,2550000,100,3.8703267574310303,3.7047994839024305,-0.016950874,-0.3357268,29.5922244454321,7.671833025723421,0.01946401596069336,34882.180207014084,14.600637022067826,206.02387881278992
3.1426639556884766,212.56136083602905,205.18025040626526,18.186935026376876,255,2560000,100,3.801785469055176,5.139780590127856,-0.01399682,-0.3255645,31.875767668605807,7.900661490323961,0.01947498321533203,35094.806607961655,15.39466954258457,209.39783096313477
3.441746950149536,219.78959321975708,211.96963834762573,18.174140532071874,256,2570000,100,3.870058298110962,4.389234904267369,0.0028002532,-0.31880304,31.629732065253386,7.653890279362779,0.0843050479888916,35314.61499500275,15.372919733337392,216.26270294189453
3.580565929412842,223.43829703330994,215.58691811561584,19.402928351032624,257,2580000,100,3.8381266593933105,5.123806453433881,0.019893764,-0.31680176,32.027720251731125,7.9315138288863585,0.02194523811340332,35538.073758125305,16.15034939747893,219.83388686180115
4.240328788757324,229.86562371253967,221.36534810066223,17.750470016282566,258,2590000,100,3.830500364303589,4.093896897100596,-0.0022276856,-0.35100895,30.478574476144534,6.942492144240748,0.01827692985534668,35767.960793972015,14.991086996102974,225.605703830719
3.8544981479644775,224.85154366493225,216.66686630249023,19.059468234967632,259,2600000,100,3.8673806190490723,4.674525761332721,0.0022494965,-0.34405342,31.40667619749727,7.947443240717244,0.019371986389160156,35992.83067202568,15.976551576312747,220.9759349822998
2.9151082038879395,223.1030240058899,215.85259819030762,17.13451311069982,260,2610000,100,3.8940329551696777,3.8788033134555095,0.0043387697,-0.34559244,29.610093491695086,7.136188101647789,0.02063584327697754,36215.95445418358,14.6265722038842,220.1648030281067
3.0043749809265137,211.8555188179016,204.61793565750122,17.840061474972497,261,2620000,100,3.8003573417663574,3.7516796221203665,0.012234985,-0.356797,29.835286166329258,8.191363652403709,0.018902063369750977,36427.83191514015,15.15846086554271,208.83074712753296
3.361398935317993,209.19010305404663,201.58813571929932,19.44381428879656,262,2630000,100,3.807199239730835,4.535788994029431,-0.008931643,-0.3694189,31.512560774797265,9.18595375259483,0.020229101181030273,36637.04272317886,16.262298095923004,205.80707097053528
5.019615888595581,221.48262190818787,212.1089789867401,17.766519955908553,263,2640000,100,3.853084087371826,3.861931054204021,0.009179639,-0.3776662,28.689889516619075,5.907014818415747,0.08878707885742188,36858.54633617401,15.000001901843337,216.3726577758789
3.3393850326538086,218.7920687198639,211.152747631073,19.151078778964308,264,2650000,100,3.857948064804077,5.285279542361738,0.008455295,-0.3564926,31.0800609819263,9.162119168799933,0.020854949951171875,37077.35677218437,16.025981170683107,215.43020582199097
3.33127498626709,215.20386815071106,207.5734829902649,17.94438702462112,265,2660000,100,3.8304874897003174,4.664959813972847,0.0044388426,-0.35299587,29.701514685671615,6.616154665339495,0.029250621795654297,37292.581386089325,15.15381409080323,211.84278917312622
4.901573896408081,213.94675207138062,204.76756477355957,18.09635767288742,266,2670000,100,3.8213744163513184,4.145540033181885,0.024668336,-0.32569164,31.04374050245681,6.99068259667593,0.04770207405090332,37506.54812812805,15.2340104121109,208.99619102478027
3.4604289531707764,204.26491904258728,196.5038366317749,18.101708414312412,267,2680000,100,3.8516480922698975,4.667357087801076,0.014854134,-0.3967978,29.627051190846654,7.5281794635778425,0.02156805992126465,37710.83416604996,15.257557412774744,200.7807822227478
3.3803582191467285,219.41640710830688,211.75054955482483,16.88065377032785,268,2690000,100,3.840550184249878,3.737822354243734,-0.017245619,-0.4717347,30.103157360116427,8.045610322666379,0.02254796028137207,37930.26889204979,14.416608933233032,216.01139903068542
3.685847043991089,227.1049268245697,218.96273589134216,17.89376941415071,269,2700000,100,3.9117772579193115,4.312876500058274,-0.018457502,-0.4887167,30.11211206749951,7.474164553939619,0.13243603706359863,38157.39587807655,15.158757617046,223.28517293930054
3.843322992324829,209.31221199035645,201.25416922569275,18.40567411697718,270,2710000,100,3.7812111377716064,4.108820202785397,-0.009042943,-0.52284807,31.087099119836445,8.613151525950352,0.01990199089050293,38366.79771208763,15.506292856474117,205.44857716560364
3.6155190467834473,227.6765341758728,219.82446193695068,18.345516181664845,271,2720000,100,3.797104597091675,5.196197565861239,0.006102411,-0.49523634,32.05441704477584,7.140074419915945,0.01923394203186035,38594.493247032166,15.498775622041423,224.03957414627075
3.63521409034729,224.40273785591125,216.5010633468628,18.813952696819857,272,2730000,100,3.8338212966918945,4.293730874301513,-0.004951108,-0.55509686,30.871496122702485,8.370962611365513,0.020744800567626953,38818.91560316086,15.724613379261799,220.74502897262573
3.384989023208618,205.3156280517578,197.71510219573975,18.390044845628967,273,2740000,100,3.7812089920043945,4.322819280999934,-0.012407184,-0.5803859,29.932374678268747,7.064184395875003,0.02027106285095215,39024.25201797485,15.458141527953485,201.9069859981537
2.5810210704803467,204.77321219444275,197.9140191078186,18.617914766469188,274,2750000,100,3.8396170139312744,4.578195726811979,0.017789777,-0.6396467,30.680921687765487,6.6553766232044635,0.021134138107299805,39229.04643416405,15.59702083010888,202.16894602775574
3.0996947288513184,191.26655912399292,183.9309573173523,18.349336261300884,275,2760000,100,3.80617618560791,4.302822443153451,-0.0042559244,-0.67820525,30.613978799634197,7.598604784875178,0.017594099044799805,39420.33438920975,15.461442900257913,188.14796996116638
3.454667091369629,204.68195605278015,196.90637063980103,17.49357650500184,276,2770000,100,3.892805814743042,4.589069202715506,0.008453589,-2.2158055,30.545882201764456,6.759208188505254,0.018555879592895508,39625.036563158035,14.871398792056674,201.20704293251038
5.335738897323608,206.16330099105835,196.51486206054688,17.503589434714844,277,2780000,100,3.877124786376953,4.460607604722972,0.009991545,-30.283075,29.840980559683164,7.386118677020213,0.019694089889526367,39831.21887207031,14.917946451727135,200.80648708343506
3.6026508808135986,218.27003073692322,210.37346744537354,18.515949739755857,278,2790000,100,3.8585140705108643,5.353701565236924,-0.011205522,-2.2371335,31.31845148313493,6.6024871890561965,0.02143573760986328,40049.50783395767,15.583484410458638,214.64556193351746
5.089409828186035,209.28158712387085,199.90743327140808,19.005241496219288,279,2800000,100,3.8550899028778076,4.657359224152028,0.0020638183,1.3839924,30.653847977371672,8.081281496569822,0.020502805709838867,40258.8100502491,15.93903678517014,204.1713306903839
2.929335117340088,206.9763560295105,199.8251051902771,19.56005670045878,280,2810000,100,3.7937803268432617,5.172161007882019,0.024050532,-0.7116292,31.018911752913468,8.227884397049415,0.02360081672668457,40465.807794094086,16.302115740580227,204.02304792404175
5.714624881744385,207.34616088867188,197.38270115852356,19.081205695609764,281,2820000,100,3.7977564334869385,5.337527492562331,0.0013484802,-818.515,31.928541969793585,6.48936699645726,0.020664691925048828,40673.17229604721,15.94989117937466,201.60879611968994
3.4311602115631104,203.24943900108337,195.572167634964,19.143717485367336,282,2830000,100,3.8142828941345215,5.132140238608493,0.008284588,-5859.502,30.255054148810828,8.34732554521662,0.022243976593017578,40876.44090294838,15.951617715139921,199.79221081733704
3.07792592048645,198.25612425804138,190.95089054107666,18.16186903848131,283,2840000,100,3.7889394760131836,4.481152663747806,-0.0012666011,-57.462437,30.891075589378808,7.5678510353091655,0.019835233688354492,41074.71622419357,15.256440406039468,195.15757608413696
3.815751791000366,202.9310691356659,194.6145327091217,20.274554812221393,284,2850000,100,4.036057710647583,5.957333902581327,0.0075160097,-7.6740236,30.97143818179401,8.12444388804655,0.018163204193115234,41277.668184280396,16.67621647474975,199.09560012817383
3.475883960723877,191.79024004936218,183.97171330451965,18.921870824536644,285,2860000,100,3.913602113723755,5.259517261730771,0.006711862,-2.4260325,31.587081304157568,7.730913737636135,0.01902914047241211,41469.478394031525,15.848596302097642,188.29399418830872
3.3167409896850586,197.57023215293884,190.0221724510193,18.800777773164683,286,2870000,100,3.799470901489258,4.935843840483709,0.0021665466,-0.8627505,31.347315167746,5.706587385606313,0.01842784881591797,41667.07077097893,15.7801282597851,194.2333869934082
2.8305678367614746,192.02342915534973,184.8245131969452,19.13832769420981,287,2880000,100,3.882652521133423,4.656219288358431,0.003009897,-0.40934095,30.84375097424395,7.0043334808290325,0.022625207901000977,41859.11458206177,15.951764668867117,189.1686360836029
3.321384906768799,193.13164901733398,185.53725838661194,18.92504474186841,288,2890000,100,3.8449127674102783,5.802210737250034,0.004670717,-0.15805192,31.639818080303908,7.841752482175772,0.018687963485717773,42052.26718592644,15.940389534323792,189.78937482833862
5.120820999145508,199.09771704673767,189.58933472633362,19.836761074007814,289,2900000,100,3.946322202682495,5.601878035093433,0.005326749,-0.051821332,31.61612266029729,7.58708958089282,0.02152395248413086,42251.384174108505,16.462503758664926,193.954735994339
3.095306158065796,221.07242107391357,213.43395328521729,19.044264755894716,290,2910000,100,4.090956211090088,5.756528073738293,0.0055865175,-0.021331714,31.235654153731343,7.923437779979691,0.019524097442626953,42472.515968084335,15.895300418029422,217.95683193206787
2.599982976913452,207.45361995697021,200.29919481277466,19.821750431746633,291,2920000,100,4.104249477386475,5.068675782783175,-0.027271472,-0.03729866,31.269247403894674,6.55194104634768,0.01956796646118164,42679.99106121063,16.394509819085556,204.83224391937256
3.12113618850708,190.43714308738708,183.07702708244324,19.319796581480272,292,2930000,100,3.810224771499634,5.068983988000245,-0.015892422,-0.020654427,31.514128323722083,7.510141207250392,0.02228403091430664,42870.449562072754,16.068037473399677,187.2931251525879
2.4828243255615234,184.19051885604858,177.42168188095093,20.213803669187733,293,2940000,100,3.8593199253082275,5.768481338432251,-0.014954041,-0.016414098,30.87853396623376,8.220147734172974,0.015376091003417969,43054.65824699402,16.71935055098564,181.69200015068054
3.1306748390197754,182.65932893753052,175.13601422309875,18.895463183990042,294,2950000,100,3.926236391067505,5.622346983541931,-0.00024180909,-0.00023659058,31.5761139401724,6.205876210549396,0.02048516273498535,43237.3372759819,15.898731116322098,179.50574493408203
3.8011608123779297,179.52566409111023,171.4286825656891,18.570568834053784,295,2960000,100,3.846233606338501,4.69398410533702,-0.0054569603,-0.0052469536,31.999922007661542,7.376413662309733,0.020688772201538086,43416.88214302063,15.602522188437609,175.7004861831665
2.9428279399871826,175.77233791351318,168.56545400619507,19.562262636659394,296,2970000,100,3.836683511734009,5.318000689302537,0.0169268,0.018416535,30.653351992592587,7.16278866387783,0.016562938690185547,43592.67438292503,16.250706814379907,172.81240797042847
2.6740448474884033,169.105975151062,162.16977381706238,18.66539643851166,297,2980000,100,3.8234763145446777,4.420864563001976,0.0030259048,0.004298337,31.43883250773641,7.224763752015813,0.0236968994140625,43761.79844403267,15.697639372075864,166.4067678451538
4.75658917427063,157.26222491264343,148.26824569702148,19.572816271508646,298,2990000,100,3.808316469192505,6.3730867663416575,-0.0046519684,-0.001394104,33.14180102489301,5.766084487703329,0.01988697052001953,43919.0821621418,16.31756322120275,152.48519611358643
3.114272117614746,144.77811288833618,137.29204201698303,20.421925646158073,299,3000000,100,3.934345245361328,5.996434595805853,-0.0025906495,-0.0008786194,31.9280139448737,6.417449306819618,0.018236875534057617,44063.879194021225,16.8240506769862,141.644268989563
