train-NumTrajs,train-MaxReturn,ItrTime,n_timesteps,train-MinReturn,train-PolicyExecTime,train-StdReturn,LossAfter,train-AverageReturn,train-AverageDiscountedReturn,Time-SampleProc,Time-Sampling,Time-Optimization,Itr,train-EnvExecTime,Time,LossBefore
100,28.991613327733315,9.202954292297363,10000,-6.669759927252729,5.719366550445557,8.131527602945425,-0.2272051,9.719581693397933,15.815863598320123,0.09990429878234863,8.598164319992065,0.5045938491821289,0,2.629601001739502,9.202958345413208,0.012950252
100,31.067717174019805,9.308826446533203,20000,0.5804351571544497,5.7362847328186035,5.272963932937609,-0.21422236,23.05029110868434,32.79658631469087,0.08601903915405273,8.912699222564697,0.30903077125549316,1,2.927475690841675,18.53931999206543,-0.004236331
100,29.378849175938637,9.431691884994507,30000,7.582937255110203,5.936929702758789,3.9971202098689433,-0.05147685,23.783842378604753,37.93800886905388,0.07169127464294434,9.034999132156372,0.3247799873352051,2,2.8508269786834717,27.987749814987183,0.0127458
100,26.41422603800764,9.234724760055542,40000,12.187277916015969,5.668505668640137,3.0102736173171425,-0.3830213,20.949056107055707,34.622949165176195,0.0655519962310791,8.803826570510864,0.3650674819946289,3,2.8799638748168945,37.239338636398315,0.005596167
100,29.524650870745052,9.405406475067139,50000,23.376495526691546,5.737155199050903,1.38012093250812,-1.4313809,26.455910726360784,38.99316947573715,0.11417317390441895,8.908742189407349,0.382260799407959,4,2.9160332679748535,46.66606068611145,-0.0062248018
100,29.04620249144658,9.319610118865967,60000,0.934091665076737,5.7227208614349365,6.68404029688623,-0.37545425,24.831177537075344,40.3569618565775,0.10212063789367676,8.822743892669678,0.39449214935302734,5,2.8586487770080566,56.00368404388428,0.009475369
100,28.714686787271077,9.400440692901611,70000,2.9684740485582988,5.821098804473877,7.244652594349378,-0.085604325,23.134642340708602,36.542809724925796,0.10825228691101074,8.994474172592163,0.2974972724914551,6,2.9244096279144287,65.42428255081177,-0.0004259102
100,28.839875022376365,9.570273399353027,80000,24.899769401275456,6.010406494140625,0.8848402389914122,-0.11703885,26.921664563607877,38.14402853847888,0.04322671890258789,9.2186861038208,0.30812954902648926,7,2.9536986351013184,75.01149821281433,-0.0067212493
100,29.109944886436107,9.557326316833496,90000,24.490478358543005,5.9585466384887695,0.8784042735707184,-0.18332227,26.785384845592453,37.546473498856216,0.047118425369262695,9.176626443862915,0.33335256576538086,8,2.9720311164855957,84.58698964118958,-0.003926282
100,29.355790460598893,9.522277593612671,100000,24.15808430847878,5.918483257293701,0.9233716266021336,-0.2572517,26.23226686985881,39.30417599445793,0.04153752326965332,9.167531251907349,0.3129918575286865,9,2.9890809059143066,94.12890601158142,0.01437225
100,-7.137727778076266,9.611012935638428,110000,-15.454631888204778,6.0492260456085205,2.03271341160583,-0.0064582275,-11.385733466642938,-16.428537449266937,0.033239126205444336,9.261414527893066,0.31615209579467773,10,2.966813564300537,103.75969290733337,0.0064537534
100,-8.899965724996477,9.433786630630493,120000,-17.01784274788862,5.768577575683594,1.7100381282092796,-0.13529858,-13.259734218619206,-19.207959985469095,0.08831429481506348,9.03384804725647,0.3044276237487793,11,3.00227427482605,113.21400547027588,-0.013054915
100,-9.423054162152381,9.703795671463013,130000,-16.909265164003113,6.048116445541382,1.5887206090047366,-0.07374097,-13.035331071029068,-19.014103445236856,0.09732937812805176,9.300659894943237,0.30559778213500977,12,3.0020668506622314,122.93637132644653,-0.017867578
100,-9.72894293409524,9.479212284088135,140000,-17.36222339549924,5.861160039901733,1.5485258371520694,-0.018270133,-13.033345156518934,-19.072605654470948,0.08202266693115234,9.103670120239258,0.2932910919189453,13,2.9794678688049316,132.43586087226868,-0.0054732743
100,-9.578178462972831,9.45861005783081,150000,-16.949888942235983,5.865307092666626,1.3971900908596706,-0.03926049,-13.337784050542883,-19.43099534443096,0.05675101280212402,9.107534408569336,0.29407811164855957,14,2.9957633018493652,141.91178727149963,-0.0013784119
100,-8.424954624390567,9.57245922088623,160000,-16.997850300428453,5.730087518692017,1.807253649011308,-0.0017464111,-13.306380223262149,-19.368362901736848,0.13311433792114258,8.977141380310059,0.4619936943054199,15,2.9864845275878906,151.50382733345032,-0.0073943236
100,-9.935174719075867,9.585318088531494,170000,-16.809599220904428,5.8546271324157715,1.5597307348419418,-0.0153861325,-13.025925439058387,-18.985051677609196,0.0707852840423584,9.094681978225708,0.4193243980407715,16,3.0004940032958984,161.11446404457092,-0.014145361
100,-9.72576142811667,9.344785451889038,180000,-17.062182920569885,5.734995603561401,1.6559692654573068,-0.0019610748,-13.284676411557108,-19.35091639948898,0.09789013862609863,8.934359073638916,0.3117504119873047,17,2.9436488151550293,170.48023343086243,0.0011701554
100,-8.356036312918265,9.628371953964233,190000,-16.595292116948077,5.901254892349243,1.6749619392369755,-0.02642359,-13.18326403973524,-19.148639019050194,0.11227822303771973,9.211017608642578,0.30486106872558594,18,3.0579140186309814,180.12510180473328,-0.020139713
100,-9.809425387659346,9.464154958724976,200000,-16.930175287166378,5.844630479812622,1.572766827588703,-0.03977977,-13.368856570166374,-19.332010322353778,0.09458136558532715,9.068902254104614,0.300443172454834,19,2.960254192352295,189.6090636253357,-0.007098004
100,-9.140821943610277,9.460383415222168,210000,-16.894564862166096,5.860350847244263,1.745006201016322,-0.022378327,-13.324334728773167,-19.27146365173295,0.09798479080200195,9.06211543083191,0.3000617027282715,20,2.942830801010132,199.08746647834778,0.0046190917
100,-8.637536828106438,9.475032567977905,220000,-16.714313812513637,5.843093156814575,1.678587455653334,0.0033581604,-13.493574969683959,-19.62886265609918,0.0651099681854248,9.104422092437744,0.30527758598327637,21,3.008352041244507,208.57886624336243,0.008198036
100,-9.081454127155087,9.42313289642334,230000,-17.25763633048135,5.763853549957275,1.7278791224392616,-0.0018338623,-13.329338024488322,-19.429701200012026,0.052576303482055664,9.049266576766968,0.3210451602935791,22,3.007678508758545,218.02000522613525,0.009112659
100,-9.643701349960553,9.435611963272095,240000,-17.274867454446515,5.726111173629761,1.5962030570714667,0.002777945,-13.165173418218016,-19.137453227297314,0.12266993522644043,9.01539921760559,0.2973344326019287,23,3.018468141555786,227.4703860282898,0.020959936
100,-9.104819752788423,9.251761198043823,250000,-17.234476755443357,5.674644231796265,1.6015744334813222,-0.011485507,-13.074145002036412,-18.995674990834196,0.0533905029296875,8.891357183456421,0.3068103790283203,24,2.969388008117676,236.74064588546753,0.0035697047
100,-8.65349921713933,9.310159921646118,260000,-16.53431246831732,5.7492945194244385,1.643373508695913,0.00884812,-12.672011166449163,-18.544841541281833,0.060913801193237305,8.923887491226196,0.3251368999481201,25,2.9284284114837646,246.06995224952698,0.009216565
100,-9.315249681251892,9.703429222106934,270000,-16.605404505964902,5.864409923553467,1.704780374975562,-0.013750952,-13.335625810038112,-19.324780713824175,0.10943794250488281,9.149907112121582,0.4437880516052246,26,2.9961206912994385,255.79159021377563,-0.005536627
100,-9.079802816016574,9.68319320678711,280000,-16.37108646594887,5.832030773162842,1.8923052165043688,-0.0006616333,-13.258638182663308,-19.270270773706734,0.10635972023010254,9.082006216049194,0.49457573890686035,27,2.9875528812408447,265.496951341629,0.006868079
100,-9.290068660895225,9.419944763183594,290000,-16.247286963796167,5.755921363830566,1.6264147746837363,0.0098209595,-12.82546645025733,-18.729844104686936,0.10157346725463867,9.015812158584595,0.30190157890319824,28,2.9815375804901123,274.9338731765747,0.015035032
100,-9.483889278838177,9.462788820266724,300000,-17.157689969730907,5.878610610961914,1.6463814862031056,0.0008237747,-12.97336986258718,-18.9257294011058,0.0994417667388916,9.08022427558899,0.28289341926574707,29,2.9494569301605225,284.41562366485596,0.009512005
100,-8.961772194486864,9.477452993392944,310000,-16.912342382964333,5.825350046157837,1.6235730921720832,-0.029361987,-12.805156970030177,-18.74087068128107,0.03586316108703613,9.126070499420166,0.31531262397766113,30,3.0389857292175293,293.91295289993286,0.0021548767
100,-9.293441136904995,9.352246284484863,320000,-16.229738257033617,5.80760645866394,1.5339243280911319,0.0024641724,-13.10863829767998,-19.12054228611008,0.07106733322143555,8.990747451782227,0.29021310806274414,31,2.9330291748046875,303.282053232193,0.0068217316
100,-9.164068666995139,9.432663679122925,330000,-16.222380608719355,5.826325178146362,1.7127425081782595,-0.025083594,-12.992968763943113,-19.005362273930483,0.035317182540893555,9.074685335159302,0.32242774963378906,32,3.006126880645752,312.73381662368774,-0.0027194305
100,-7.50701245201946,9.511754512786865,340000,-16.26953139324387,5.836262226104736,1.890812351981958,-0.009164117,-12.501441765559118,-18.293013062338137,0.09605813026428223,9.100170850753784,0.3153069019317627,33,3.0081706047058105,322.2621293067932,0.020985937
100,-7.338571899211393,9.826675415039062,350000,-15.751819667710087,6.134570837020874,1.8460270816196578,-0.01894107,-12.25132408956754,-17.922252258410794,0.09165716171264648,9.4542396068573,0.28055357933044434,34,3.060563325881958,332.11681938171387,0.011328045
100,27.582385834590223,9.45547604560852,360000,-14.505411254554113,5.846630334854126,6.700026542088999,-0.06714226,-9.16482417304931,-13.148595567533407,0.06794977188110352,9.086576461791992,0.3007385730743408,35,2.9636807441711426,341.59016013145447,0.006858133
100,28.437437346883108,9.54849362373352,370000,25.36775194030597,5.755796194076538,0.624930304785741,-3.1936748,26.897863035389296,36.55893472314198,0.13111019134521484,9.013110399246216,0.4040555953979492,36,2.995924949645996,351.1585500240326,-0.00027767333
100,30.835373283704087,9.283481121063232,380000,9.41738512057993,5.75855565071106,6.384416149407573,0.1910931,24.29329837606727,37.62153296798336,0.060149192810058594,8.906219959259033,0.3168776035308838,37,2.899317979812622,360.46243929862976,0.0010082077
100,31.78212287754587,9.416234254837036,390000,-1.9554092783482917,5.8978352546691895,9.184939116319141,-0.5257001,16.938830420324088,19.48184932610512,0.1098170280456543,9.007060289382935,0.2991340160369873,38,2.860661029815674,369.8958225250244,0.0016117706
100,27.71445633810973,9.515719652175903,400000,8.053563712598603,5.825785398483276,3.919923937083733,-3.325907,16.05952158380593,19.504635843093137,0.09941291809082031,9.011179447174072,0.4049112796783447,39,2.935274124145508,379.4305753707886,0.017486898
100,24.726828525318606,9.395110845565796,410000,1.209018047928088,5.9212799072265625,5.734675757823049,0.0249958,11.929138896201218,12.565803090163985,0.06845498085021973,9.032527446746826,0.2939009666442871,40,2.8347504138946533,388.84621143341064,-0.016648352
100,17.767600287406513,9.175426721572876,420000,8.791425370139049,5.821213960647583,2.2207225834291044,-0.025306568,12.996110256447075,23.452501521348264,0.09527993202209473,8.753398895263672,0.32651281356811523,41,2.6885459423065186,398.0398585796356,-0.025557104
100,32.628102187205414,9.26403546333313,430000,0.7941327832897105,5.92644476890564,4.929041257896086,-0.05613218,9.66909378790522,12.97163760843203,0.03529930114746094,8.899316310882568,0.3291966915130615,42,2.7245781421661377,407.3212330341339,-0.0023311279
100,31.43083363946056,9.39142632484436,440000,-1.8158577193647703,5.93343448638916,7.356962013134501,-0.04939973,12.173374582884572,15.11233238108237,0.06332635879516602,9.015908002853394,0.3119657039642334,43,2.8284401893615723,416.7307913303375,-0.014691333
100,34.38866805847778,9.197411298751831,450000,3.2480047490212725,5.691231966018677,7.10295276993182,-0.002594477,17.060869968470918,23.47182990483324,0.07172918319702148,8.748416662216187,0.3770477771759033,44,2.8065125942230225,425.94528889656067,-0.010909135
100,30.7810146134631,9.27226972579956,460000,1.5130454179088755,5.736745595932007,5.685644262042591,-0.037436146,18.13396588196641,23.99913772796154,0.07384395599365234,8.808808088302612,0.38938069343566895,45,2.8268651962280273,435.2348210811615,-0.003912671
100,29.70274211888921,9.12521481513977,470000,1.5575105579704047,5.68011474609375,7.426868651015069,-0.030011958,16.09312781721381,22.690789853939396,0.08183550834655762,8.741382122039795,0.3017311096191406,46,2.815711259841919,444.38772344589233,-0.0063837585
100,27.285990641212553,9.288479804992676,480000,2.0083205682704364,5.844810724258423,5.965619389834186,-0.021655634,11.723678567330898,18.731054084009887,0.10117411613464355,8.88464093208313,0.30242204666137695,47,2.7920520305633545,453.69668674468994,-0.008172943
100,29.0249623954853,9.298290014266968,490000,0.2185113158089732,5.864811182022095,5.602367106265543,-0.017976074,11.198770080214144,19.68424563468293,0.1033167839050293,8.878708839416504,0.3159666061401367,48,2.766249656677246,463.0117857456207,-0.0044670654
100,26.02422712998356,9.267719507217407,500000,-0.6236923539325441,5.8408753871917725,5.6372623454900594,-0.04088235,11.572047398486383,21.46113794991041,0.04435443878173828,8.870060682296753,0.3530573844909668,49,2.787524700164795,472.297571182251,-0.0077981567
100,28.265361792036654,9.24813961982727,510000,-2.416803343302374,5.827850580215454,5.763365668997669,-0.052608594,10.894388689554253,20.743727554948435,0.09229731559753418,8.862322807312012,0.29329538345336914,50,2.7858991622924805,481.566828250885,-0.0020207153
100,25.85112905091097,9.223866701126099,520000,-4.592959248763605,5.8497560024261475,4.4579214506337905,-0.024639454,10.435124226087495,22.095537985074884,0.05837440490722656,8.86789321899414,0.29737257957458496,51,2.761721611022949,490.80903911590576,0.0036245696
100,24.06075045891187,9.266968250274658,530000,1.5812391782843869,5.811559438705444,3.46545023473141,-0.008474329,7.271809224709418,16.045817310859675,0.0779259204864502,8.891091346740723,0.2974553108215332,52,2.822725296020508,500.09420800209045,0.011034253
100,10.391378205377611,9.272588014602661,540000,1.6835641276093911,5.853168964385986,2.0509080388696646,-0.03515408,6.563033178815837,15.354569444690119,0.06030869483947754,8.899272203445435,0.3127720355987549,53,2.7941341400146484,509.38592433929443,-0.0038647095
100,24.82773586687635,9.16513442993164,550000,4.783422439675854,5.830317735671997,3.5189814518889317,-0.07816354,11.316245263841804,26.147928899608914,0.07025980949401855,8.804325342178345,0.2902946472167969,54,2.7179906368255615,518.5692181587219,-0.009266327
100,32.7814625527458,9.300413608551025,560000,-5.840419970892852,5.835358142852783,5.621343758738234,-0.023383057,18.382513261266723,28.28817598419101,0.10166811943054199,8.908350944519043,0.2893493175506592,55,2.8258824348449707,527.889235496521,0.0026994874
100,31.98548079212552,9.24143934249878,570000,11.512689896944268,5.7486467361450195,2.7225762199346595,-0.044137355,20.353280986062426,26.756546813656154,0.08639192581176758,8.851690530776978,0.303088903427124,56,2.8588614463806152,537.1495871543884,-0.0130686145
100,31.009485360157694,9.461236476898193,580000,7.285157095034741,5.908890247344971,3.935454300131525,-0.029809594,18.547056855827353,23.17042638858449,0.06503605842590332,9.091318368911743,0.30467724800109863,57,2.926680326461792,546.6295688152313,0.011632886
100,31.966349044261023,9.33195447921753,590000,13.431145996426354,5.735715389251709,3.4191427831510293,-0.031800862,20.593913956328944,28.011085484119295,0.09610986709594727,8.799906015396118,0.4357032775878906,58,2.8110833168029785,555.9768283367157,0.011726083
100,25.6285115775291,9.271157026290894,600000,12.01435743202206,5.738925218582153,2.494661072122937,-0.020641528,18.10057526267751,41.11146524305115,0.11374831199645996,8.691428899765015,0.46572160720825195,59,2.6960511207580566,565.2968401908875,0.004253711
100,25.015692775277138,9.141985416412354,610000,11.351616127670516,5.702775239944458,2.2900295649161224,-0.14001052,17.301496310469656,40.27109357712922,0.06725883483886719,8.632685422897339,0.44058656692504883,60,2.683816909790039,574.4678773880005,-0.013943777
100,32.75696540444097,9.236659526824951,620000,13.977615105856392,5.847684860229492,4.48595699856467,0.0070539764,21.98727805667646,38.60325209070451,0.0677492618560791,8.87069582939148,0.29791927337646484,61,2.774545431137085,583.722903251648,-0.014607709
100,32.19058025198233,9.294029474258423,630000,13.614239598851906,5.878607511520386,5.169844330197102,-0.010266333,21.883973212143463,36.079947131350195,0.03468155860900879,8.944166421890259,0.3147468566894531,62,2.7923049926757812,593.0360021591187,0.014401331
100,33.85357253940631,9.264782905578613,640000,17.505662485647623,5.874179840087891,3.4786762010386765,-0.044396836,23.821269498227966,51.941546467753305,0.06215500831604004,8.895832538604736,0.3065667152404785,63,2.7488174438476562,602.31969165802,-0.0014771698
100,23.18504347225379,9.138514757156372,650000,10.643555975872097,5.778955698013306,2.353763952348957,-0.005221643,18.18472769694572,42.598187905763865,0.06499457359313965,8.771965980529785,0.3013322353363037,64,2.7383410930633545,611.4775366783142,-0.013201761
100,20.808652135633505,9.31537652015686,660000,8.954793361418846,5.911438226699829,2.2309466487099674,-0.043201942,15.510645701445195,36.18917616952353,0.07262158393859863,8.937472343444824,0.3050518035888672,65,2.734153985977173,620.8121852874756,0.011697619
100,24.679641113529097,9.161708354949951,670000,15.248752209354565,5.863534450531006,2.0697042332045537,-0.12771155,20.318834946876716,47.18850399791835,0.04903244972229004,8.808015584945679,0.3029036521911621,66,2.6955792903900146,629.9915657043457,-0.01689939
100,32.86775189028566,9.180776834487915,680000,14.46374019845001,5.885918378829956,3.5034426990281053,0.00099552,24.86365332125642,51.171265882315254,0.05435800552368164,8.8261559009552,0.3000352382659912,67,2.693394422531128,639.1895661354065,0.008230493
100,29.707948194316902,9.392203092575073,690000,13.540848219423983,5.935293674468994,3.878366684722598,-0.082960434,23.861300551170235,44.07700558907573,0.10578274726867676,8.991897344589233,0.2943229675292969,68,2.7670352458953857,648.5988352298737,0.011194281
100,28.77048547863039,8.983408451080322,700000,12.692079835445918,5.601738214492798,3.543737861691333,-0.19772944,23.027966011349477,45.19262138871639,0.08355545997619629,8.585628032684326,0.31400060653686523,69,2.732421875,657.5988874435425,-0.007927856
100,26.622668242386716,9.304543495178223,710000,5.481629739666341,5.93788480758667,4.825393852452511,-0.015509204,16.845369759696197,31.115142200108433,0.061229705810546875,8.921984910964966,0.32110095024108887,70,2.738142728805542,666.9221563339233,0.002567871
100,26.223588372396886,9.17406964302063,720000,12.603108939802611,5.8591015338897705,3.021754981592264,-0.0015152832,20.450604541921564,38.78859355078493,0.06612372398376465,8.806355237960815,0.3013589382171631,71,2.702526569366455,676.1144554615021,0.008446472
100,26.05559612176752,9.086033821105957,730000,10.604171254713133,5.75976300239563,3.6394837444563106,-0.092311405,18.295962076775908,34.995504344461935,0.0868215560913086,8.68696665763855,0.31203413009643555,72,2.6795806884765625,685.2187185287476,0.008438306
100,27.677667854117132,9.074096918106079,740000,-8.10621552681486,5.794855833053589,7.294652551963302,0.012914514,14.078017268156735,28.042926814535054,0.0669095516204834,8.702190399169922,0.3047482967376709,73,2.660879611968994,694.3102617263794,-0.010696839
100,25.966977339105973,9.210121154785156,750000,-8.148104161990673,5.733279466629028,7.414270671048024,-0.005342604,7.689044889007652,13.446235483670243,0.10739779472351074,8.648714303970337,0.4537851810455322,74,2.6625096797943115,703.5394017696381,0.012774037
100,22.234331539160713,9.050596237182617,760000,-2.0284579323594665,5.738835334777832,6.232863707941189,-0.0051926267,6.992261888149982,10.771014273808186,0.09528565406799316,8.661254167556763,0.2938075065612793,75,2.6652393341064453,712.6069831848145,0.001989392
100,24.981134076535966,9.129128694534302,770000,-2.60717022249476,5.794276475906372,7.191590656760886,-0.026467225,10.847127426061327,19.808357739093978,0.06118011474609375,8.76950478553772,0.29819178581237793,76,2.719189167022705,721.7540781497955,-0.0025089378
100,26.214816708085934,9.13107681274414,780000,-1.2781976728341347,5.8485426902771,7.299948233989624,-0.029616449,12.145608240602053,23.94935050416843,0.07192778587341309,8.755090475082397,0.3038294315338135,77,2.6693522930145264,730.9034938812256,-0.014012286
100,27.201132359957974,9.12852692604065,790000,-4.930630559213961,5.78787636756897,6.799882637719918,-0.07238164,17.460254875156114,35.58563810712477,0.06257247924804688,8.75687026977539,0.30886292457580566,78,2.7098441123962402,740.050238609314,-0.019033862
100,28.517453075959583,9.100316524505615,800000,-0.7629824494051203,5.824801683425903,5.516190492068949,-0.028771227,19.228951835588784,40.58668387810925,0.047551631927490234,8.721066236495972,0.33148622512817383,79,2.647847890853882,749.1696207523346,-0.012720288
100,29.056934472629635,9.257161140441895,810000,11.899436798106212,5.90932822227478,3.7801440491097518,-0.012838165,19.996648311745254,39.85176468153263,0.04661130905151367,8.899317026138306,0.31099963188171387,80,2.729377508163452,758.4477453231812,0.0014796386
100,26.79292717109615,9.333579301834106,820000,14.422868188596727,5.866502046585083,2.269577682943281,-0.09201379,22.15531887524013,41.46379229589982,0.11055254936218262,8.857923030853271,0.3648850917816162,81,2.745060682296753,767.8021199703217,-0.00094536133
100,25.675809078407582,9.117551565170288,830000,15.317611205237279,5.686875104904175,2.166022040984457,-0.5811266,21.60808093716124,38.06195407532923,0.08947563171386719,8.714919090270996,0.31292724609375,82,2.7750449180603027,776.93865442276,-0.0026622117
100,24.373360453084665,9.32343339920044,840000,13.481401431844509,5.907040357589722,2.3589061369349507,-1.9227582,19.412056435405955,30.99069647887018,0.06464838981628418,8.937902688980103,0.3206474781036377,83,2.7689616680145264,786.2810714244843,0.005954834
100,27.687517007446544,9.328532457351685,850000,7.832796916087118,5.965586423873901,4.234132631256757,-3.7849655,21.29518045013513,37.43209901317873,0.0330815315246582,8.98513412475586,0.31009674072265625,84,2.768324851989746,795.6274621486664,0.0017878235
100,30.7022013552368,9.371032476425171,860000,12.866870598890273,5.814473867416382,3.7417656149815426,-3.4603117,24.000623911542693,31.24849731110291,0.07108473777770996,8.983047485351562,0.31656575202941895,85,2.9182310104370117,805.0157196521759,-0.010166065
100,21.657173345819523,9.71131944656372,870000,7.146726244713214,5.893510341644287,2.922993281499234,-1.7080522,14.32074024017311,16.763699316214485,0.12386250495910645,9.102080345153809,0.4851713180541992,86,2.959192991256714,814.7455060482025,-0.015523279
100,21.601053336350283,9.587834596633911,880000,6.844209133980887,5.922979116439819,2.83285645203486,-0.22289726,14.4325525840419,16.83478617827468,0.07523512840270996,9.12769079208374,0.38289809226989746,87,2.950809955596924,824.3658871650696,0.012282285
100,21.665832748963446,9.379998683929443,890000,6.56830559368144,5.83196234703064,3.209268232417566,-0.1263205,14.600723586158072,17.099395622962373,0.10893797874450684,8.976300954818726,0.2945432662963867,88,2.891406536102295,833.7639617919922,0.0038533723
100,21.268910069861445,9.289485454559326,900000,7.431250565015025,5.761554956436157,3.063822372400073,-0.057366077,14.680023767898946,17.144905690290173,0.08223342895507812,8.89882516860962,0.3076004981994629,89,2.883401870727539,843.0727677345276,0.027308322
100,22.428636260251636,9.330710172653198,910000,7.891643828128937,5.67803430557251,3.1901030584194063,-0.067849085,14.598588708655011,17.013723839879606,0.03609609603881836,8.84173846244812,0.45265960693359375,90,2.905310869216919,852.4218859672546,-0.0049331514
100,22.209863335019048,9.19218921661377,920000,7.709736788298167,5.679456472396851,3.23555769644547,-0.037793566,14.239199474906272,16.682589944565926,0.03247261047363281,8.859728813171387,0.2998034954071045,91,2.9358017444610596,861.6330165863037,-0.007193515
100,21.901970758238722,9.561014652252197,930000,7.461479786700129,5.841293573379517,3.0743119080668806,-0.012594586,14.258078642602289,16.65782523696877,0.10046529769897461,9.06088662147522,0.3994433879852295,92,2.958179235458374,871.2120893001556,0.0005407074
100,22.03908368131765,9.552191257476807,940000,7.731792380939078,6.048099994659424,2.9998349455018376,-0.04501161,14.78332501406344,17.36110654209375,0.0325925350189209,9.223795652389526,0.2955636978149414,93,2.9276857376098633,880.7835042476654,-0.010718128
100,21.66003450017953,9.377359390258789,950000,8.394269493385021,5.751926422119141,2.783009357860616,0.007808011,14.6426652703081,16.954456147357455,0.08850407600402832,8.985417366027832,0.3032047748565674,94,2.971555233001709,890.1783173084259,0.0063115293
100,21.43150022473664,9.602354288101196,960000,8.592177996493923,6.045116662979126,2.884459720407017,0.018712742,14.732540177614744,17.24949339039799,0.06462645530700684,9.225757360458374,0.3117334842681885,95,2.907552719116211,899.7982995510101,0.019764649
100,22.93088508295743,9.576122522354126,970000,8.240909727421512,5.912112712860107,2.798909211931741,-0.0011325638,14.570691553121646,17.2538836648678,0.09744548797607422,9.089052438735962,0.38941359519958496,96,2.9299519062042236,909.3899617195129,0.0022037567
100,21.071926502070266,9.47182583808899,980000,6.207933930086353,5.811756134033203,2.973882418652954,-0.014022247,14.54541849357527,16.98719268104963,0.10978055000305176,8.957881450653076,0.4039287567138672,97,2.898632287979126,918.8835823535919,-0.0099176755
100,21.89997474250697,9.529266119003296,990000,6.642169603886577,5.99904990196228,3.094319696731907,-0.0032713166,14.830218957490015,17.259294777706632,0.04139971733093262,9.179794788360596,0.30783581733703613,98,2.9282643795013428,928.4314079284668,-0.00058012846
100,22.748393242745333,9.487879991531372,1000000,6.179634862680171,5.898604869842529,3.1881668950578033,-0.0062550446,14.232249001577534,16.55936885290373,0.06822633743286133,9.123523950576782,0.2959327697753906,99,2.9663243293762207,937.9374384880066,-0.004757437
100,21.48143449925308,9.436914682388306,1010000,7.2983062473934615,5.871201992034912,3.171394367327029,0.0013255066,14.772164005564399,17.40452325886945,0.10796022415161133,9.050450801849365,0.27822208404541016,100,2.921114444732666,947.3917384147644,0.002219049
100,20.808950266880814,9.349924325942993,1020000,8.546255656350784,5.825988531112671,2.8425841338126165,-0.0048695747,14.510686498460577,16.959916407875006,0.0565793514251709,8.998375654220581,0.2946803569793701,101,2.9216625690460205,956.7605493068695,0.0007820969
100,22.896497628021255,9.472047328948975,1030000,7.824279336057238,5.873342752456665,3.175471877466791,0.012134942,15.084106616994857,17.820766915882587,0.05280447006225586,9.101888418197632,0.31710243225097656,102,2.9764719009399414,966.2520341873169,0.014927194
100,21.342410897020475,9.269544124603271,1040000,7.541358608438589,5.678381681442261,3.2008352114285668,-0.0031637328,14.27093559869632,16.551235498091174,0.05882120132446289,8.876920461654663,0.3335740566253662,103,2.9562792778015137,975.5380153656006,-0.0014957276
100,21.382060484804118,9.445258617401123,1050000,7.103844477843308,5.862523317337036,3.392321719427065,0.0048892,14.236066865822243,16.572348102271487,0.10409188270568848,9.040928602218628,0.3000302314758301,104,2.9333245754241943,985.0043432712555,0.009141324
100,21.251076432575957,9.504258632659912,1060000,7.549835852694373,5.972596168518066,3.1699404611965516,-0.0028996277,14.884986199798098,17.40093386891777,0.06579089164733887,9.13364028930664,0.3045811653137207,105,2.903474807739258,994.5265920162201,0.006058026
100,21.489334906682817,9.359265089035034,1070000,7.890375724983669,5.828811407089233,3.095387569551471,-0.0022295471,14.293336108323142,16.64624434236741,0.024926185607910156,8.991792440414429,0.34231114387512207,106,2.8982458114624023,1003.9030058383942,-0.0022441223
100,21.967356182211738,9.559182167053223,1080000,7.154183305168751,5.959089517593384,3.10619986785138,-0.00911308,14.92318469080635,17.66910890907728,0.09839653968811035,9.151662588119507,0.30890917778015137,107,2.946636915206909,1013.4821231365204,-0.0026956482
100,21.328243056911262,9.418911695480347,1090000,6.313340762894015,5.826977252960205,3.047797589091134,-0.029667154,14.687886262063932,17.100474051965186,0.06157064437866211,8.96648621559143,0.3906087875366211,108,2.874650478363037,1022.9184322357178,-0.016169697
100,21.328548771067318,9.680605173110962,1100000,7.679729365733525,5.917093753814697,3.2553571302247963,-0.035664324,14.346471173520543,16.747001645176574,0.0921010971069336,9.088665008544922,0.49962782859802246,109,2.915605068206787,1032.618241071701,-0.005442206
100,22.25550168137005,9.359232664108276,1110000,6.249879370869231,5.764209747314453,3.476228036685291,-0.016580032,14.949596726596228,17.603286383605962,0.09297704696655273,8.970969676971436,0.2950618267059326,110,2.953052520751953,1041.9984073638916,-0.0047256956
100,21.1288204328286,9.431823015213013,1120000,6.716729268805448,5.7082295417785645,3.4760453936471922,-0.0038837646,14.482052872799489,16.89220255870028,0.11321520805358887,8.891323804855347,0.42708349227905273,111,2.935004234313965,1051.445909023285,0.008994298
100,22.923109263141363,9.477036476135254,1130000,7.577489671469692,5.914633274078369,3.2401695741123087,0.003385048,14.665179021639368,17.15077699998262,0.05061006546020508,9.096447944641113,0.32953691482543945,112,2.9245128631591797,1060.9784669876099,0.020511193
100,21.774177779897155,9.406872272491455,1140000,8.504209493302106,5.731454610824585,3.358743567265002,-0.016278936,14.489383539432959,16.913276716172973,0.10967683792114258,9.007028341293335,0.2899298667907715,113,3.012329339981079,1070.402753829956,-0.01130754
100,22.836712811761377,9.474677324295044,1150000,6.906189559112085,5.9261980056762695,3.2869708004810776,-0.025162527,14.916326466961104,17.536001759051313,0.060613155364990234,9.114232301712036,0.29866623878479004,114,2.9248595237731934,1079.8935961723328,-0.010427688
100,21.22831142981798,9.260647296905518,1160000,7.041722496888988,5.658031463623047,3.161272888299108,0.0006549698,14.43701300776474,16.839171210451422,0.03675580024719238,8.80225682258606,0.4214022159576416,115,2.8920695781707764,1089.1731131076813,0.0055058687
100,21.142805349541728,9.26234769821167,1170000,7.91758485125053,5.6809611320495605,2.9190529766607582,0.0038210265,14.35393220541156,16.767738701257507,0.09905433654785156,8.861583948135376,0.3014380931854248,116,2.937343120574951,1098.459239244461,0.009370794
100,20.757398540502695,9.431567668914795,1180000,8.59822702856116,5.841095924377441,2.69105594784206,-0.0060615507,14.631824547539736,17.146435959268075,0.053865671157836914,9.063165664672852,0.3143320083618164,117,2.972627878189087,1107.9081745147705,-0.0057286774
100,22.094516102804942,9.483550071716309,1190000,7.976128274636705,5.789034366607666,3.151436400257549,-0.0045225373,14.66617559494869,17.158959094663157,0.04733896255493164,8.95859146118164,0.47737979888916016,118,2.9222733974456787,1117.407569885254,-0.0034188423
100,21.996116944631147,9.566112279891968,1200000,6.828374051015561,5.819692850112915,3.4387457105074075,-0.008297036,14.694922468202458,17.124487855966915,0.12540864944458008,9.005040407180786,0.4354228973388672,119,2.9361279010772705,1126.9928567409515,-0.0035932648
100,20.67992326509532,9.60663914680481,1210000,8.746804311929647,6.042918920516968,2.939718479489804,-0.024426633,14.502541450963985,16.94234499239793,0.09679245948791504,9.213340759277344,0.296276330947876,120,2.922274351119995,1136.6189424991608,-0.0012435127
100,22.40696352764901,9.294387340545654,1220000,8.194146421016564,5.831161260604858,3.192064601689062,0.0079162065,14.540320224987067,17.097708896139373,0.03336954116821289,8.95060420036316,0.31017446517944336,121,2.8743457794189453,1145.929934978485,0.011043998
100,21.056151648892065,9.51957106590271,1230000,7.632724820042263,5.940727233886719,2.869775186076737,0.0053626555,14.02451835396561,16.27160211795461,0.11656045913696289,9.098063707351685,0.3047215938568115,122,2.911770820617676,1155.4666538238525,0.0154136475
100,21.354321895137243,9.45667815208435,1240000,6.606748646934767,5.920325994491577,3.0579688368780884,-0.003723059,14.235686224710356,16.57664549355023,0.05268526077270508,9.093932151794434,0.3098318576812744,123,2.926917314529419,1164.9413316249847,0.0016450195
100,19.96767120202954,9.317054033279419,1250000,7.220920454163779,5.713767766952515,2.7122835912651935,-0.010217261,14.704465252623848,17.423318300323913,0.06541109085083008,8.943286180496216,0.3081395626068115,124,2.9794328212738037,1174.274625301361,-0.008127388
100,21.140915461082688,9.387420177459717,1260000,7.560110818557146,5.816400051116943,2.8230317334929205,-0.0051760008,14.325420437923436,16.84395709273423,0.07918405532836914,9.004353284835815,0.302356481552124,125,2.9298367500305176,1183.6817955970764,0.0008072998
100,22.92949690721809,9.454392194747925,1270000,6.813177756600413,5.929950952529907,3.1459011174236395,0.009665215,14.521702444858697,17.00316050844128,0.06359672546386719,9.086939096450806,0.3036174774169922,126,2.8909480571746826,1193.1529281139374,0.011889515
100,21.340572434871657,9.468797206878662,1280000,8.731601231935752,5.82544732093811,2.966309441338562,-0.022120563,14.772605376945355,17.26171689151437,0.09552431106567383,9.058545351028442,0.3145122528076172,127,2.964923858642578,1202.6409077644348,-0.003765657
100,22.410460335381764,9.150686025619507,1290000,7.969037326054525,5.643480062484741,3.1159158233661075,-0.025747346,14.836690155589363,17.489645472090064,0.06922554969787598,8.770692348480225,0.31046032905578613,128,2.871945858001709,1211.808884859085,-0.008181331
100,20.656333102203224,9.497820854187012,1300000,7.928654492068734,5.854613780975342,2.824640550688185,-0.03397075,15.03071532118405,17.764857899453556,0.03522014617919922,9.139261960983276,0.3231034278869629,129,3.012885570526123,1221.3263666629791,-0.0051933075
100,20.96383490763072,9.622074365615845,1310000,7.755641713725137,5.926124095916748,2.9586767811731733,-0.011423901,14.37551399820105,16.800725894673462,0.06774568557739258,9.166433334350586,0.3773801326751709,130,2.997225046157837,1230.966381072998,9.295273e-05
100,19.903060794644016,9.463836193084717,1320000,6.326975240668412,5.846574306488037,3.027579596850095,-0.0066369385,14.166498431917939,16.593290661669585,0.1005713939666748,9.017607688903809,0.3454296588897705,131,2.9182324409484863,1240.4492809772491,0.00673125
100,21.151227018297522,9.268460750579834,1330000,7.581136112463917,5.6423609256744385,3.1902399603701914,-0.017661627,15.276883304992397,17.94675374502839,0.054941415786743164,8.817262887954712,0.3960297107696533,132,2.930011749267578,1249.734853029251,-0.007939856
100,21.644290164386575,9.341952800750732,1340000,8.210815302381324,5.80979585647583,3.075153459803563,-0.041822147,14.588661277973694,17.092105830609924,0.09301447868347168,8.926501989364624,0.32214927673339844,133,2.8520078659057617,1259.0958676338196,-0.01552793
100,22.00589933864928,9.631733894348145,1350000,8.244996334469894,5.9388697147369385,3.110925475479803,-0.044533327,15.067098449630059,17.681573934845304,0.07543325424194336,9.126973390579224,0.42910027503967285,134,2.936025857925415,1268.7493534088135,0.011392804
100,22.654701014326175,9.335288763046265,1360000,7.962204195536658,5.821940183639526,3.132651013086441,-0.014353802,14.3749615833509,16.893869275043286,0.03425312042236328,8.946366310119629,0.3544583320617676,135,2.8790535926818848,1278.1050944328308,0.0034173522
100,22.15903739290572,9.475796222686768,1370000,6.9271474433465405,5.880105257034302,2.936365013804078,-0.030007923,14.860049711450975,17.556707672672903,0.060990333557128906,9.040739297866821,0.3738367557525635,136,2.903970718383789,1287.6006422042847,-0.016112959
100,21.62022693446887,9.407116889953613,1380000,6.61163690341073,5.734228849411011,2.9306587266362643,0.013899873,14.841512523143413,17.44323141091291,0.09703803062438965,8.906179666519165,0.4036695957183838,137,2.9278810024261475,1297.0273215770721,0.021478944
100,21.746617898929863,9.716479778289795,1390000,6.553873156753158,6.111851215362549,3.1682690811866174,-0.012916015,14.725547062125965,17.26362171115652,0.03666877746582031,9.347721338272095,0.3318612575531006,138,2.9769766330718994,1306.7631409168243,0.006773895
100,19.850706719145155,9.429811000823975,1400000,8.198178525531914,5.847906112670898,2.7543915657386235,-0.004225175,14.577953387792606,17.119427861663468,0.06896686553955078,9.045029640197754,0.31558799743652344,139,2.9348955154418945,1316.211027622223,0.012842946
100,22.356059878586827,9.58861517906189,1410000,6.345134974206869,5.958551645278931,3.3124635243577534,0.0053573945,14.091708583910737,16.374210075960104,0.09906506538391113,9.202847003936768,0.28647446632385254,140,2.9695324897766113,1325.8169901371002,0.006509413
100,21.066256005674784,9.431245803833008,1420000,6.570120882222832,5.821153402328491,3.0617709648971254,-0.004459711,14.600733040879895,17.054684048087054,0.07335162162780762,9.061746835708618,0.29593467712402344,141,2.9831185340881348,1335.2653839588165,0.0053649717
100,21.723748520754935,9.434078931808472,1430000,6.095512586170115,5.710944414138794,3.424998694763857,-0.012969461,14.161776528433451,16.491376600666634,0.1152181625366211,8.86131477355957,0.4573369026184082,142,2.90051531791687,1344.7167003154755,0.0088901585
100,22.05065657028608,9.355326175689697,1440000,7.806693386195931,5.663992643356323,3.220671153668512,-0.042782363,14.97051776513784,17.707778096805203,0.1259932518005371,8.845407247543335,0.3836534023284912,143,2.9310102462768555,1354.0904099941254,0.0025689239
100,20.63262762421096,9.351726531982422,1450000,8.253354325582151,5.806802272796631,3.1248312915210916,-0.019608704,14.804980682382094,17.287434169055203,0.062313079833984375,8.965247631072998,0.32395410537719727,144,2.8766748905181885,1363.4611284732819,0.012703028
100,21.90193871506202,9.450004577636719,1460000,7.514822394124011,5.871784448623657,3.1862564209561803,0.010988748,14.409863333279906,16.907638125736053,0.08144640922546387,9.077913761138916,0.2904350757598877,145,2.944779396057129,1372.9299867153168,0.022658838
100,21.835841849004822,9.42270565032959,1470000,7.845129400317077,5.857945203781128,3.1484337369880304,-0.014809346,14.594436671675387,16.94237401423301,0.09470772743225098,9.036394357681274,0.291379451751709,146,2.912405252456665,1382.3696339130402,0.0007930447
100,20.511368156687837,9.36116647720337,1480000,8.195862324717957,5.888887882232666,3.006757076109853,-0.003064447,14.66849381879041,17.204967070093673,0.04094362258911133,9.004514932632446,0.31522440910339355,147,2.863826274871826,1391.7496190071106,0.007338428
100,22.36977339849889,9.35256838798523,1490000,7.806352318775776,5.804633855819702,3.2066182367166856,-0.01963039,14.633321641997,17.0317998607951,0.09349393844604492,8.949570417404175,0.3092763423919678,148,2.884603977203369,1401.1195504665375,0.00051825563
100,22.937126997891767,9.466372013092041,1500000,6.715463932223386,5.8479015827178955,3.52859685812518,-0.029999493,14.531150531703577,16.858937846921243,0.09261345863342285,8.953662395477295,0.41986727714538574,149,2.842491388320923,1410.6022238731384,-0.015593153
100,22.54293958876882,9.623028993606567,1510000,6.885422087372844,6.000523090362549,3.475922881555043,-0.0047223754,14.705571999461386,17.203495939235143,0.07662272453308105,9.202907085418701,0.3432152271270752,150,2.9378700256347656,1420.2475299835205,-0.00035481568
100,21.613983608695143,9.460082054138184,1520000,8.357211402333562,5.861855745315552,2.902388820381049,-0.011613488,14.372978157120817,16.728144879660586,0.09641456604003906,9.041854619979858,0.3215925693511963,151,2.932438850402832,1429.7245421409607,-0.0065139616
100,21.159682406254472,9.318192481994629,1530000,8.170199748760087,5.750421047210693,2.8788763231080763,-0.020981835,14.603902928577021,17.140127849244017,0.09626650810241699,8.910892724990845,0.31081509590148926,152,2.8942527770996094,1439.0599133968353,-0.016328296
100,23.066642063195225,9.35964584350586,1540000,7.759728721452426,5.6923606395721436,3.481819332932003,-0.0069515076,14.484211860205681,17.080424846219977,0.06764411926269531,8.932169675827026,0.35961270332336426,153,2.9840199947357178,1448.4386024475098,0.00694935
100,22.553360265545283,9.355925559997559,1550000,7.5042064984505155,5.786013603210449,3.0080295639170314,0.0063957334,14.690028244284315,17.375596775335566,0.09125876426696777,8.936887979507446,0.3267357349395752,154,2.888410806655884,1457.814212322235,0.011061405
100,23.955753511339392,9.274418354034424,1560000,6.122131556077459,5.713906288146973,3.5276488383465137,0.011404181,15.637436702416801,18.7095631990726,0.0698091983795166,8.898921489715576,0.30547451972961426,155,2.940835952758789,1467.107174873352,0.03678342
100,27.769645236147273,9.420502185821533,1570000,8.072064815182719,5.8114776611328125,4.526510638935718,-0.091840655,18.53338062490022,23.443497902289554,0.09311294555664062,9.025038242340088,0.3021364212036133,156,2.965913772583008,1476.5474345684052,0.029020172
100,28.873840585929123,9.519155979156494,1580000,24.454109928152743,5.912734508514404,0.9672523249929699,-0.55960596,27.022849732448094,34.510782807240645,0.07117652893066406,9.155343770980835,0.29236459732055664,157,2.969804525375366,1486.0839493274689,0.0009427002
100,28.112267816717644,9.618687868118286,1590000,24.850934711158814,5.922168493270874,0.7890560499215113,-4.032162,26.634628920917102,38.722712599695015,0.09691572189331055,9.228084087371826,0.2934715747833252,158,3.0421628952026367,1495.7221009731293,0.0008158981
100,-8.814172024756346,9.408034324645996,1600000,-17.14811269573749,5.8348388671875,1.5509725929730145,0.01303711,-13.022120377981684,-18.96112564807467,0.09659957885742188,9.011958599090576,0.29926347732543945,159,2.9313502311706543,1505.1479942798615,-0.0025715453
100,-8.660127789804115,9.555254220962524,1610000,-17.02721224794573,5.946725606918335,1.7758134961918965,0.031625245,-13.31617390917201,-19.443368993812765,0.10131096839904785,9.14473271369934,0.308901309967041,160,2.945798397064209,1514.72220993042,0.03107295
100,-8.865098054019455,9.561138153076172,1620000,-17.261032727102034,5.851862192153931,1.6907471114260588,-0.034456518,-13.073878246838335,-18.992318159754912,0.09186506271362305,9.153426885604858,0.31563282012939453,161,3.0545783042907715,1524.3022899627686,-0.003806079
100,-10.12164462287897,9.4589262008667,1630000,-16.34959245464673,5.83911395072937,1.3471302529461568,0.0025910598,-13.198687308934838,-19.27118917476762,0.0650181770324707,9.098342180252075,0.2952744960784912,162,3.0030410289764404,1533.7806923389435,-0.00028058013
100,-9.270325096335103,9.375376462936401,1640000,-17.106825504269942,5.8289794921875,1.7126934081791259,0.003813112,-12.90808504410462,-18.755221890425595,0.02486872673034668,9.018232822418213,0.3320612907409668,163,2.9356091022491455,1543.1732313632965,0.0014982651
100,-10.458183858538751,9.567391633987427,1650000,-16.591263366307867,5.954299688339233,1.4253830960645233,-0.0032907655,-13.28411822033915,-19.238018800619862,0.0627601146697998,9.201630592346191,0.3027808666229248,164,2.9869766235351562,1552.756413936615,0.008754816
100,-9.01407705162019,9.530224800109863,1660000,-16.677397771788353,5.9161903858184814,1.47941855875647,-0.027328735,-13.119673414045002,-18.973702314150113,0.09908699989318848,9.136831521987915,0.2940802574157715,165,2.970964193344116,1562.302446603775,-0.001867749
100,-9.433450648914825,9.557286262512207,1670000,-16.884839316318743,5.7681591510772705,1.6468021519954077,0.0029987427,-13.184874389153242,-19.12640670573902,0.09951663017272949,9.016505479812622,0.44101452827453613,166,2.976841926574707,1571.875955581665,0.013178015
100,-9.714561901572079,9.536635398864746,1680000,-16.52310566635141,5.898275375366211,1.5362276825027972,-0.0059833312,-12.906882625800401,-18.85734881624628,0.10765242576599121,9.12782335281372,0.3009202480316162,167,2.9643630981445312,1581.437034368515,0.0034666383
100,-9.226684268693488,9.553752660751343,1690000,-16.07676534221261,5.915514707565308,1.4693693991734667,0.0005954712,-13.287855680774328,-19.359410869034278,0.09750604629516602,9.14788007736206,0.3081068992614746,168,2.9702696800231934,1591.0110051631927,0.006895651
100,-9.738696207506587,9.298182487487793,1700000,-17.30866551645556,5.601030111312866,1.6339923389776978,-0.029711036,-13.170857952108731,-19.268677417873086,0.06668877601623535,8.783355951309204,0.4479031562805176,169,2.9286510944366455,1600.3254089355469,-0.01954707
100,-8.825318912218854,9.201285362243652,1710000,-17.49679747584856,5.60607123374939,1.8244568070767466,-0.005302771,-13.292198600577153,-19.315985001503233,0.057975053787231445,8.848637819290161,0.2944176197052002,170,2.986334800720215,1609.5524106025696,-0.0007728516
100,-8.188065407157955,9.45449185371399,1720000,-16.919981839305535,5.839097023010254,1.7080259945601561,0.0011430787,-13.05024032258391,-18.963877092389197,0.0848684310913086,9.06246829032898,0.306917667388916,171,2.973219871520996,1619.0258483886719,0.0010968506
100,-9.459658910905242,9.348002195358276,1730000,-16.94411790059629,5.792665243148804,1.5761434009330217,-0.004416754,-13.45955257826157,-19.480994237864063,0.06972718238830566,8.970036506652832,0.3080110549926758,172,2.9330596923828125,1628.39359664917,-0.0017013977
100,-9.73000861791903,9.340598583221436,1740000,-17.007677231785333,5.759921073913574,1.571584192852328,0.0037620605,-13.420782334120158,-19.4590056443757,0.031469106674194336,8.988195419311523,0.32071375846862793,173,2.974548816680908,1637.7527163028717,0.0066795717
100,-8.552842907433421,9.590550661087036,1750000,-17.37132378093994,6.012780427932739,1.7976190818230082,0.012172852,-13.413478871052835,-19.371595004668453,0.05612897872924805,9.221998453140259,0.3122117519378662,174,2.949544906616211,1647.361627817154,0.0141923465
100,-9.148115051048302,9.6026291847229,1760000,-17.49164105508188,5.839970827102661,1.6287971366781646,-0.03372193,-13.089492547747204,-19.059157975727224,0.09992432594299316,9.136612892150879,0.3658447265625,175,3.0459625720977783,1656.9825630187988,-0.032011725
100,-9.342498161972387,9.300755500793457,1770000,-17.30211380213852,5.7235565185546875,1.524958959552547,-0.0009821899,-13.430130560047985,-19.53859130376182,0.03421592712402344,8.931443214416504,0.33485889434814453,176,2.957494020462036,1666.3006682395935,0.0007884277
100,-10.795946328979278,9.419585466384888,1780000,-16.86721702578018,5.7921302318573,1.4771305391133955,-0.014627906,-13.319831562160802,-19.407445852354662,0.0857079029083252,9.041382551193237,0.2922496795654297,177,2.998788833618164,1675.7385308742523,-0.007091736
100,-9.12194787522708,9.60663914680481,1790000,-16.824007266703575,5.875227928161621,1.6632595229000682,-0.006641626,-13.037146530237717,-18.8346420183631,0.05037546157836914,9.136463403701782,0.41957736015319824,178,3.005352258682251,1685.3629004955292,0.0015707763
100,-9.444637367691222,9.433879375457764,1800000,-17.72250221464227,5.825750350952148,1.7174505013068215,0.0022455994,-13.167449950309571,-19.32836555303205,0.06446337699890137,9.062702178955078,0.30647778511047363,179,2.983778238296509,1694.815085887909,0.0041373167
100,-9.132485968193848,9.521209001541138,1810000,-17.870171527890374,5.860424995422363,1.6278184672369855,-0.017555859,-13.277051933925035,-19.291355023604027,0.09256792068481445,9.11179518699646,0.31661224365234375,180,3.007016897201538,1704.3540971279144,-0.0010643433
100,-9.679984565931841,9.475987434387207,1820000,-16.840516834198965,5.8319783210754395,1.5650363586299385,0.00924234,-13.259660594990986,-19.209707346282272,0.07171320915222168,9.015809535980225,0.388225793838501,181,2.9349467754364014,1713.8481571674347,0.011870353
100,-9.75232338748691,9.331520080566406,1830000,-17.714822242531522,5.665279865264893,1.597759142812574,-0.030845713,-13.180624404363128,-19.176728620408035,0.034999847412109375,8.882652759552002,0.4136509895324707,182,2.968111753463745,1723.2087759971619,-0.020700883
100,-8.862539306627626,9.416404485702515,1840000,-17.123726586991296,5.670775890350342,1.692043342191804,-0.024169963,-12.998623275991553,-18.774269795314165,0.049495697021484375,8.938126802444458,0.4285433292388916,183,3.000113010406494,1732.6472346782684,-0.019166429
100,-9.150819078850375,9.538044929504395,1850000,-16.937838518862776,5.9247307777404785,1.7898066208077703,-0.011005533,-13.222551141789229,-19.288657894650903,0.0762796401977539,9.168701410293579,0.2928273677825928,184,2.988215684890747,1742.2020387649536,-0.011414868
100,-9.327571382898666,9.73912787437439,1860000,-17.727235433366957,6.0471885204315186,1.6223991116954302,-0.0030781615,-13.289242614385769,-19.39658224127723,0.060501813888549805,9.320804595947266,0.3573784828186035,185,3.0071377754211426,1751.9603018760681,0.0012428345
100,-10.166522296406463,9.353291273117065,1870000,-17.297609776129168,5.664003372192383,1.6120696065948243,-0.0135462405,-13.222971449914946,-19.240979790138887,0.054535865783691406,8.885867595672607,0.41256189346313477,186,2.9713308811187744,1761.3396201133728,-0.0020140137
100,-9.910440325846842,8.543913125991821,1880000,-16.97098033910953,5.133941888809204,1.4822340925469049,-0.006032959,-13.22083541627304,-19.106166921547796,0.11163854598999023,8.165013074874878,0.2670609951019287,187,2.788027286529541,1769.901742696762,-0.005580896
100,-9.25439701822674,8.86159610748291,1890000,-16.970640376678695,5.409576892852783,1.7290990784840747,0.011197305,-13.114169052112324,-19.141752874960055,0.11567473411560059,8.47894811630249,0.2667546272277832,188,2.8198885917663574,1778.780267238617,0.018630955
100,-9.102539986296252,8.570548295974731,1900000,-16.733298258983048,5.159465312957764,1.682927134076927,-0.007059911,-12.967142649275033,-18.898104525720946,0.09457230567932129,8.201663970947266,0.27408385276794434,189,2.808021068572998,1787.3683273792267,0.0016987198
100,-8.844032322929484,8.553507566452026,1910000,-17.782797985304036,5.142896413803101,1.7091135634465202,-0.0027777222,-13.10808052536258,-19.101255997542292,0.06261348724365234,8.209135055541992,0.2815439701080322,190,2.8179454803466797,1795.939751625061,-0.0032399842
100,-9.428586588492118,7.7475385665893555,1920000,-16.80574975228077,4.599891424179077,1.626802811917106,0.0068494384,-13.207072527996033,-19.24860171991995,0.06549596786499023,7.440394639968872,0.24139928817749023,191,2.613795757293701,1803.7030146121979,0.006729492
100,-8.856860486521533,8.023544549942017,1930000,-17.108733453143536,4.7373223304748535,1.7725157070673345,-0.016453393,-13.252978005749764,-19.37029169796188,0.044115543365478516,7.7173686027526855,0.26168155670166016,192,2.7424063682556152,1811.7427418231964,-0.01308168
100,-9.433330297629775,8.058050155639648,1940000,-16.80301460907846,4.638830184936523,1.592170905204667,0.0019269165,-13.134625475157506,-19.13674507595319,0.040474891662597656,7.617648124694824,0.3995232582092285,193,2.7495570182800293,1819.8177742958069,0.003536206
100,-9.87662430526751,8.005917310714722,1950000,-16.33216124567382,4.684673070907593,1.4998089045971692,0.0021190185,-13.025399207798023,-18.971015213269414,0.026448488235473633,7.698698043823242,0.28052783012390137,194,2.780203104019165,1827.8427119255066,0.0025281128
100,-8.856192118016084,8.096031665802002,1960000,-16.883784598889562,4.80471658706665,1.6242932639721535,0.0071314573,-13.263729806454938,-19.296851051220056,0.07042336463928223,7.761896848678589,0.2634916305541992,195,2.7225983142852783,1835.955897808075,0.009757922
100,-9.888792030833569,8.113361835479736,1970000,-17.123172256857547,4.715789794921875,1.69258459466414,0.004996939,-13.151094047718427,-19.098647546000997,0.06795692443847656,7.685196876525879,0.3525984287261963,196,2.7344274520874023,1844.0857224464417,0.008750739
100,-9.342528702027497,8.854332685470581,1980000,-16.962341434851627,5.234573125839233,1.7908188435747465,0.003475598,-13.060210978177027,-18.954489558843477,0.12190604209899902,8.300276041030884,0.4246046543121338,197,2.8291096687316895,1852.9596548080444,0.005009436
100,-9.96235074718856,9.3370943069458,1990000,-17.055815991809588,5.713242530822754,1.6044789157326695,0.007790454,-13.206879805309338,-19.134208359257553,0.09743094444274902,8.933300495147705,0.3051478862762451,198,2.9640145301818848,1862.3138647079468,0.009327844
100,-8.771903302007889,9.434954404830933,2000000,-16.834514959280952,5.809174299240112,1.8557007452277243,0.009361877,-13.373711671100134,-19.496521824587983,0.058199405670166016,9.052291631698608,0.31587696075439453,199,2.993800401687622,1871.765627861023,0.012194513
100,-9.739926021904022,8.895703792572021,2010000,-16.98887269061014,5.420371770858765,1.6407823103813097,-0.027149377,-13.369567416230858,-19.536103052685714,0.0844118595123291,8.555554151535034,0.2555117607116699,200,2.8906090259552,1880.6789953708649,-0.018747913
100,-9.504336518195165,7.915526866912842,2020000,-16.60995439012996,4.71362566947937,1.7609294638724637,-0.0012218106,-12.97473744677327,-18.94011716502165,0.04806995391845703,7.599315404891968,0.26791954040527344,201,2.6645164489746094,1888.6105222702026,0.014814577
100,-9.431621996303507,8.12174105644226,2030000,-17.209471134526375,4.770336866378784,1.697231090012355,-0.0041490174,-13.103710611414318,-19.030532112896648,0.11336231231689453,7.7562782764434814,0.25182390213012695,202,2.751676082611084,1896.7475454807281,0.0013038696
100,-9.357718291609094,8.342593908309937,2040000,-17.113014675420146,4.853058338165283,1.6356398201923794,-0.033367954,-13.262704521728553,-19.325689670575276,0.12296581268310547,7.867410659790039,0.3519735336303711,203,2.780242443084717,1905.107099056244,-0.03044837
100,-8.459097755594954,8.990915060043335,2050000,-17.138517635739806,5.473006248474121,1.700480343256963,0.008113318,-13.292606538574727,-19.378667489120158,0.03722882270812988,8.627722978591919,0.3257179260253906,204,2.8906748294830322,1914.1178317070007,0.011323377
100,-8.743048507171347,9.679777383804321,2060000,-16.00445412207478,5.979282379150391,1.5563793075213115,-0.021297742,-13.171170019253923,-19.268519275578484,0.1019124984741211,9.25217318534851,0.3254668712615967,205,3.01591157913208,1923.8152241706848,-0.0112850405
100,-9.270768781067206,9.431989669799805,2070000,-16.829585962876585,5.737220287322998,1.7468264839505223,-0.025461905,-12.79480073598504,-18.652460634937803,0.10756587982177734,8.933143615722656,0.3910329341888428,206,2.9479596614837646,1933.3060374259949,-0.012823941
100,-9.33000411854074,9.555364608764648,2080000,-16.6268480552173,5.8912341594696045,1.5364533483378808,0.004575653,-13.183442045602254,-19.27891401350222,0.09338045120239258,9.092180967330933,0.3695664405822754,207,2.9422214031219482,1942.8786795139313,0.0070858216
100,-8.720016503929035,9.521849155426025,2090000,-16.239835238991958,5.81359076499939,1.7302163263388632,0.018627439,-13.074774883267905,-19.118084697169937,0.09013199806213379,9.110301494598389,0.32119083404541016,208,3.0352072715759277,1952.418654203415,0.02128573
100,-9.576158980304664,9.158021688461304,2100000,-17.245306749204502,5.5049004554748535,1.8303524300734624,-0.0076072877,-12.988658338582356,-18.933397258269228,0.08008670806884766,8.70137071609497,0.37619757652282715,209,2.9547946453094482,1961.5954976081848,-0.0027444093
100,-9.454936328041363,9.225667715072632,2110000,-16.252713492544494,5.688278436660767,1.470938229852515,0.0039384984,-13.075597236944182,-19.17941593978536,0.03678131103515625,8.886385202407837,0.30227160453796387,210,2.948275566101074,1970.8391799926758,0.010800908
100,-8.619778300590507,9.538371324539185,2120000,-16.356724493794058,5.902780532836914,1.5637547398393072,-0.0017288086,-13.32067077830894,-19.40726309375991,0.06876826286315918,9.159771203994751,0.30957841873168945,211,2.993283271789551,1980.3952884674072,-0.0013901214
100,-9.981977273266978,9.469076156616211,2130000,-17.590207599052558,5.904188632965088,1.6553301258272535,-0.011340777,-13.2724455677422,-19.295337951626163,0.05351424217224121,9.116065263748169,0.2992594242095947,212,2.9567649364471436,1989.8818991184235,-0.011569
100,-9.455539736983631,9.601128816604614,2140000,-16.33863084610918,5.961146593093872,1.7301410617486654,-0.014595414,-13.398656993760687,-19.544494965660213,0.0765380859375,9.206932067871094,0.3174147605895996,213,2.982404947280884,1999.50133395195,-0.013312213
100,-10.197366995300792,9.541775226593018,2150000,-17.058850044317488,5.969727993011475,1.6032533150450052,0.019869344,-13.37124430047976,-19.468717120958928,0.09027767181396484,9.155425786972046,0.2958054542541504,214,2.94258975982666,2009.0612251758575,0.020359527
100,-9.920259352894172,9.797208070755005,2160000,-16.96602392050598,6.126976013183594,1.5956201309581504,-0.00079610595,-13.391101534117254,-19.612041052527896,0.061411380767822266,9.419022798538208,0.3165626525878906,215,3.045161008834839,2018.8738930225372,0.006528424
100,-9.636387407919575,9.514834642410278,2170000,-16.607396189877495,5.889095067977905,1.4908796319332789,0.0014582275,-13.452766700740938,-19.44252462478214,0.055709123611450195,9.151132583618164,0.30768418312072754,216,3.016605854034424,2028.407977104187,0.00081651
100,-9.312393845391217,9.797844171524048,2180000,-16.946671442503458,5.882240056991577,1.7483990139557148,0.00057734986,-13.22519537878257,-19.29166774656778,0.11111330986022949,9.157947778701782,0.5285615921020508,217,3.0209381580352783,2038.2225859165192,0.0030716797
100,-9.088624976001073,9.43407416343689,2190000,-16.741011986923883,5.823125123977661,1.6884100028078017,-0.0050284485,-13.026997992410838,-19.01255279593102,0.10785841941833496,9.002412796020508,0.32357215881347656,218,2.9265990257263184,2047.6757111549377,-0.004073779
100,-8.493127441642784,9.545582056045532,2200000,-16.58012042465176,5.912176609039307,1.9059524989048373,0.0006847534,-12.97385310153945,-18.964316444526425,0.09977173805236816,9.142014980316162,0.30356502532958984,219,2.981938123703003,2057.23935008049,0.008475268
100,-8.424301594111316,9.590150117874146,2210000,-17.531632454043166,5.988001585006714,1.9574568700992347,-0.0007048294,-12.963826530123574,-18.788123173912354,0.0518345832824707,9.215231895446777,0.32286667823791504,220,2.966824769973755,2066.849193572998,0.0031037505
100,-8.72304857420774,9.302127838134766,2220000,-16.925185548914154,5.706412076950073,1.8073330719751506,-0.018714722,-13.198528575544037,-19.283644974681337,0.0842585563659668,8.90730333328247,0.31032443046569824,221,2.9476747512817383,2076.1696836948395,-0.016323768
100,-9.410707445158826,9.471079587936401,2230000,-17.010447596208778,5.82678747177124,1.5883491946586927,0.010653097,-12.930046227155605,-18.832640269002518,0.0949549674987793,9.093231201171875,0.2826557159423828,222,3.017772912979126,2085.6569180488586,0.012390158
100,-10.372722227718553,9.531765222549438,2240000,-16.933497808631166,5.852118730545044,1.53918053417847,-0.00655542,-13.357327599973416,-19.511197685612657,0.09651064872741699,9.140994548797607,0.29403066635131836,223,3.0396478176116943,2095.2068331241608,-0.0029731202
100,-9.831839175944541,9.487977027893066,2250000,-17.048935913913787,5.8886473178863525,1.6771031857369576,-0.01354502,-13.17757273930929,-19.073379791742795,0.06177926063537598,9.132034063339233,0.29394054412841797,224,2.9903721809387207,2104.7125656604767,-0.01177229
100,-9.795212161985987,9.470896005630493,2260000,-17.50379415269741,5.801303863525391,1.7949171520621288,0.006984216,-13.321911627208586,-19.432587601724073,0.08718323707580566,9.062396049499512,0.3210728168487549,225,3.018669366836548,2114.2023589611053,0.012363305
100,-8.823343596527533,9.479692697525024,2270000,-17.035297584424697,5.731060743331909,1.7725468599355865,-0.009183174,-13.110356228455927,-19.156879077041793,0.09702825546264648,8.93536901473999,0.44705772399902344,226,2.9562957286834717,2123.702248811722,-0.0077987825
100,-8.49320126391958,9.597880601882935,2280000,-17.318910485095053,5.899571895599365,1.848204579855277,-0.007208319,-13.191652984580902,-19.247670404658894,0.09511256217956543,9.184775114059448,0.31775784492492676,227,3.0366854667663574,2133.3189857006073,-0.00620838
100,-8.490642277780623,9.566024541854858,2290000,-17.051597757616932,5.8165123462677,1.6874308818918937,0.011085089,-13.276705167219175,-19.347769305254054,0.11399555206298828,9.057038307189941,0.3947312831878662,228,2.9949593544006348,2142.9063749313354,0.014700811
100,-9.326435141255708,9.51139235496521,2300000,-16.610248041660185,5.869272232055664,1.5421303799588693,-0.0049276305,-13.154909562735439,-19.14607445100988,0.06238698959350586,9.135718822479248,0.3130061626434326,229,3.012586832046509,2152.436588525772,-0.0036340714
100,-9.282508945922487,9.482926368713379,2310000,-16.99508550537897,5.80481481552124,1.6514677090016356,-0.0036204376,-13.160540948088691,-19.080449751458808,0.06153750419616699,9.089314460754395,0.3318459987640381,230,3.0179483890533447,2161.9367847442627,-0.0027762817
100,-9.90161404289557,9.36828064918518,2320000,-16.90905341089968,5.767174959182739,1.5956759552802098,-0.023748392,-13.36373247674586,-19.382718166040107,0.06190657615661621,8.996594905853271,0.3095393180847168,231,2.98521089553833,2171.322612285614,-0.013180479
100,-9.898253465790681,9.37352991104126,2330000,-16.425215797059096,5.7357566356658936,1.557464809345398,-0.0030032287,-13.198279352946491,-19.150583944778045,0.09493732452392578,8.96555233001709,0.3128318786621094,232,2.9913105964660645,2180.712841272354,-0.00047770995
100,-9.234071795768331,9.38589072227478,2340000,-17.306311836734288,5.782813549041748,1.8334849876996873,-0.01317294,-13.314097118718134,-19.405464949533062,0.05570387840270996,9.035577774047852,0.29438114166259766,233,3.0074026584625244,2190.115264892578,-0.007931079
100,-9.972722627887586,9.563358306884766,2350000,-16.568733141850288,5.947683572769165,1.7062666550354977,0.0066172555,-13.104454134289044,-19.066602315830316,0.07646989822387695,9.166000843048096,0.320629358291626,234,2.965465545654297,2199.698361635208,0.007133625
100,-9.41567028828677,9.690727472305298,2360000,-17.683226529156002,6.018256425857544,1.7851739824531891,-0.009208344,-12.972714265583658,-18.93477564045762,0.09645748138427734,9.292911767959595,0.3011155128479004,235,3.0307884216308594,2209.4126040935516,-0.0071160034
100,-9.191602521525644,9.401322603225708,2370000,-16.922919810842263,5.771320104598999,1.8514739241826765,-0.0025275603,-13.535157723397173,-19.576621356545086,0.1100616455078125,8.938890218734741,0.35213565826416016,236,2.9214353561401367,2218.831362962723,0.002615091
100,-9.890345376537203,9.392317295074463,2380000,-17.458977626723286,5.842743635177612,1.6933814579373863,0.016819555,-13.320616150636603,-19.352580877063406,0.06329965591430664,9.018357753753662,0.31042003631591797,237,2.928882598876953,2228.2402687072754,0.015969086
100,-9.30187692865432,9.61926555633545,2390000,-16.6461457012048,5.9169909954071045,1.6965707686758624,-0.00088493654,-13.150375186991411,-19.167709114383186,0.11090755462646484,9.134198665618896,0.3738856315612793,238,2.9585611820220947,2237.878080844879,-0.00017354736
100,-8.523066628965555,9.625333070755005,2400000,-16.75557968345065,5.863689422607422,1.6625492842613625,0.0036245515,-12.999131165748999,-19.047141877926656,0.04695868492126465,9.117791652679443,0.459827184677124,239,3.0086872577667236,2247.52064204216,0.013764252
100,-9.500840957516914,9.438215970993042,2410000,-16.816991875468776,5.821860074996948,1.6393620761407355,-0.0034198577,-12.946472129966862,-18.797093084499906,0.07586979866027832,9.026633739471436,0.3353898525238037,240,2.9504005908966064,2256.9783806800842,-0.003989685
100,-9.799519463622332,9.402926206588745,2420000,-16.80687437579624,5.77744460105896,1.5432273095581288,-0.010311927,-13.227252863737702,-19.222626500909026,0.09786224365234375,9.003481149673462,0.301316499710083,241,2.9751219749450684,2266.3995525836945,-0.009485522
100,-10.0200009254604,9.507782697677612,2430000,-16.24778648065806,5.845086336135864,1.518266649317328,0.0014506195,-13.306357184703513,-19.334697797093916,0.10890960693359375,9.0801362991333,0.31850361824035645,242,2.9658448696136475,2275.9262084960938,0.00473851
100,-9.0579191183966,9.352475881576538,2440000,-16.841336273689294,5.8156232833862305,1.6003208596314697,-0.011749206,-13.286539953185963,-19.33878739237447,0.05272626876831055,9.0226891040802,0.2768397331237793,243,2.9549307823181152,2285.2965095043182,-0.0071171373
100,-9.483158428170237,9.596550226211548,2450000,-16.582941530156962,5.848833799362183,1.7328619976917983,-0.0074157403,-13.139595898219518,-19.093662558810678,0.10056471824645996,9.118667364120483,0.3770895004272461,244,3.023498058319092,2294.9105036258698,-0.0076490585
100,-9.562178403087929,9.347821712493896,2460000,-17.350556465733806,5.74036431312561,1.754262690072312,0.0004672119,-13.258770212879247,-19.229616133681155,0.04224753379821777,8.97502088546753,0.33034372329711914,245,2.97818660736084,2304.2741436958313,0.007899048
100,-9.439057135766838,9.486172676086426,2470000,-16.57548108673921,5.892387866973877,1.5670151208471208,0.007809988,-13.240971912121022,-19.28248555342388,0.06189584732055664,9.101348400115967,0.3227076530456543,246,2.9493653774261475,2313.7771813869476,0.0122947255
100,-9.851616227852134,9.47208023071289,2480000,-17.200076281709872,5.8095879554748535,1.6882536414380849,0.008976867,-13.326227443790222,-19.40437385235095,0.08170175552368164,9.07561206817627,0.3145408630371094,247,2.9920473098754883,2323.269450187683,0.021985749
100,-8.656967940759102,9.487494707107544,2490000,-17.6666967058892,5.814338684082031,1.8715583487981975,0.005037085,-13.131264127660632,-19.10413567425122,0.08866024017333984,9.063132762908936,0.3354623317718506,248,2.980642557144165,2332.774670124054,0.007824499
100,-9.042843675531627,9.573991775512695,2500000,-16.765858606169985,5.948442220687866,1.7368839797900824,-0.0016550842,-12.997079359158674,-19.05381995005519,0.0976099967956543,9.18217396736145,0.29341936111450195,249,2.970959424972534,2342.3702471256256,-0.0026868873
100,-8.017072748503605,9.656757116317749,2510000,-17.360224095691546,6.00530219078064,1.893791013587996,-0.03596494,-13.07033564173434,-19.014101791957092,0.06809043884277344,9.290363311767578,0.29807233810424805,250,3.032430648803711,2352.0465953350067,-0.020560395
100,-9.769782245712012,9.280995607376099,2520000,-17.08819608758225,5.69068455696106,1.5561163472520265,-0.00051875,-13.331345764782448,-19.25729195150615,0.05267953872680664,8.916073083877563,0.31200504302978516,251,2.9780361652374268,2361.3468725681305,-0.00020479737
100,-8.9874397577243,9.724098443984985,2530000,-17.99428455902459,5.999424695968628,1.8821058585397272,0.009301016,-13.427226000088792,-19.48627414258948,0.11358785629272461,9.261956691741943,0.34830713272094727,252,2.998087167739868,2371.089015483856,0.009855423
100,-9.754836736678268,9.617241382598877,2540000,-17.731570983019452,5.899494171142578,1.629735357027528,-0.01710057,-13.221013301848181,-19.220414667955307,0.10793805122375488,9.196462154388428,0.3126053810119629,253,3.0492489337921143,2380.7254779338837,-0.015166394
100,-9.24384405625818,9.571933031082153,2550000,-17.036426345486692,5.799910545349121,1.7709467055078978,0.00034482422,-13.596173833656023,-19.61871870983039,0.12568902969360352,9.001296520233154,0.4445035457611084,254,2.943333625793457,2390.3143651485443,0.0021651
100,-8.702085752139451,9.348334550857544,2560000,-17.13484206170819,5.767746448516846,1.7667738363554528,-0.011309925,-12.985740101819745,-18.958392694122722,0.06259965896606445,8.943554162979126,0.3419456481933594,255,2.928337574005127,2399.679713010788,-0.008301056
100,-9.172950664467875,9.33732795715332,2570000,-16.46044075362766,5.733123779296875,1.7090462309299101,-0.010726123,-12.881164574535934,-18.896269915218678,0.10014104843139648,8.921795845031738,0.3151581287384033,256,2.9336166381835938,2409.0363466739655,-0.002383374
100,-10.154761328784605,9.296817779541016,2580000,-16.834601797304384,5.732605218887329,1.5870885022176497,0.003007747,-13.165784147853326,-19.14044730425616,0.03761100769042969,8.94078540802002,0.31818723678588867,257,2.961510181427002,2418.3507750034332,0.003909958
100,-9.78289056935229,9.527315855026245,2590000,-16.586713701860113,5.824686288833618,1.5378114096041606,0.005470276,-13.306931874095607,-19.34319539197906,0.06792449951171875,9.144039154052734,0.3150908946990967,258,3.0526797771453857,2427.896610021591,0.0062740357
100,-10.433277879972353,9.47838830947876,2600000,-17.05017497771289,5.821285963058472,1.5112314790211612,0.0027416504,-13.7679954070076,-19.98328501330219,0.07000255584716797,9.106646060943604,0.3015103340148926,259,3.026618719100952,2437.3902587890625,0.0035830627
100,-8.767515579122415,9.612197160720825,2610000,-16.98148116271674,5.897066116333008,1.7241375149234117,-0.0068687196,-13.332141405188647,-19.376752117462374,0.03634524345397949,9.25949478149414,0.3161303997039795,260,3.075256109237671,2447.0221467018127,0.0053334474
100,-9.622174273234048,9.591990947723389,2620000,-17.302624804827968,5.886086463928223,1.7087930062077676,0.023032354,-13.299488687801832,-19.363452075908228,0.09519505500793457,9.096721172332764,0.39983487129211426,261,2.948781728744507,2456.6327109336853,0.020218799
100,-9.594314594710088,9.545702695846558,2630000,-16.857630069924646,5.915772438049316,1.6112146456708236,-0.010196405,-13.142640987842913,-19.189672006452028,0.07905435562133789,9.139603614807129,0.32683539390563965,262,2.978924036026001,2466.2014474868774,0.0064243805
100,-9.10026544040915,9.452959537506104,2640000,-17.0824091347687,5.84278678894043,1.6970305915770525,0.016806519,-12.964119060422988,-18.990581986122987,0.0338740348815918,9.082617044448853,0.33623337745666504,263,2.9763548374176025,2475.6712679862976,0.014646948
100,-9.1689198643952,9.606733798980713,2650000,-16.18931799084258,5.9071149826049805,1.4609289356391881,-0.014950683,-13.168274224318623,-19.22065860954235,0.10896039009094238,9.156529426574707,0.3410036563873291,264,3.00390362739563,2485.2954816818237,-0.010174233
100,-9.35217592294372,9.339696168899536,2660000,-16.59823745746402,5.747727394104004,1.6563406539383312,-0.02569353,-13.293711503497192,-19.262148001926118,0.06039547920227051,8.9654860496521,0.3135709762573242,265,2.973684072494507,2494.654129743576,-0.024311572
100,-9.261575212449467,9.390038013458252,2670000,-17.65311896533095,5.809354543685913,1.5727032137637174,0.009033387,-13.515270224825223,-19.58637920593449,0.03427720069885254,9.040665864944458,0.3148632049560547,266,2.963704824447632,2504.0622203350067,0.013011841
100,-9.046503516149652,9.669243335723877,2680000,-16.44086388961609,5.8988683223724365,1.5571624787819751,-0.0052551026,-13.291090392878708,-19.293654905819807,0.08993935585021973,9.175181865692139,0.40388941764831543,267,3.0198092460632324,2513.7602739334106,-0.00562258
100,-10.109462737866172,9.362759351730347,2690000,-17.488516916614998,5.7198967933654785,1.63215048222418,0.0044504697,-12.977888850719888,-19.004459144132266,0.12530016899108887,8.922538757324219,0.3145308494567871,268,2.9569358825683594,2523.14005112648,0.0054546385
100,-9.35663839862749,9.351064920425415,2700000,-16.70346983326688,5.728195667266846,1.706973491118755,-0.01644646,-13.382607787599971,-19.408982642953667,0.10753941535949707,8.93887734413147,0.30443239212036133,269,2.9659221172332764,2532.509012937546,-0.0060230102
100,-9.300478392959299,9.470563173294067,2710000,-16.537932761040746,5.79447340965271,1.4825097285309934,-0.0038536896,-13.433624304376492,-19.565758409082626,0.07314014434814453,9.064086437225342,0.329939603805542,270,3.002894163131714,2541.995578765869,0.007844905
100,-9.250280198526111,9.353210687637329,2720000,-16.377599626696153,5.78080940246582,1.6900392736690868,0.010242419,-13.162204655244564,-19.285501449871543,0.05975842475891113,8.997240781784058,0.2959764003753662,271,2.9492299556732178,2551.3669538497925,0.007873841
100,-9.050895813454238,9.553262710571289,2730000,-17.202142525531166,5.933131217956543,1.6970583500015302,0.0024756577,-13.068664293645986,-18.990341929103522,0.06365418434143066,9.181446075439453,0.30794286727905273,272,2.997710704803467,2560.9405195713043,0.0026430832
100,-8.81271138613119,9.481990575790405,2740000,-16.253759943475817,5.8640196323394775,1.6840138158053413,-0.004425717,-13.309718365092046,-19.305304637558333,0.05938839912414551,9.113157272338867,0.30919742584228516,273,2.96090030670166,2570.440810441971,-0.0031026353
100,-9.328191711753526,9.49860167503357,2750000,-16.954854219259918,5.91283917427063,1.6267696254762583,-0.024418928,-13.42076260183383,-19.41885414705394,0.03685903549194336,9.143005132675171,0.31850481033325195,274,2.9653329849243164,2579.9567823410034,-0.010590737
100,-10.022553712883093,9.437655210494995,2760000,-16.49755202333629,5.825887203216553,1.600317847847272,0.0004052002,-13.32107420088629,-19.30793562916251,0.06890559196472168,9.036497831344604,0.33202695846557617,275,2.96252179145813,2589.4108493328094,-0.0022292237
100,-10.174620274154424,9.572858333587646,2770000,-18.07509901420338,5.902558088302612,1.6055819946539371,0.0031099182,-13.465514592881366,-19.599635525019398,0.06213665008544922,9.105910539627075,0.4045908451080322,276,2.94321870803833,2599.00345826149,0.015175091
100,-8.993837484637154,9.541535377502441,2780000,-16.91130822825984,5.966880559921265,1.6527834427629557,-0.017923731,-13.123357887460632,-19.16086567454512,0.0494844913482666,9.201671838760376,0.2901301383972168,277,2.9817235469818115,2608.576596260071,-0.01819425
100,-8.328318823549173,9.444746732711792,2790000,-16.27132579126825,5.8766443729400635,1.5824370723271157,-0.022153197,-13.424297079682638,-19.459412679295486,0.030782222747802734,9.099989652633667,0.31377220153808594,278,2.974456310272217,2618.0403673648834,-0.004582662
100,-8.407284360586544,9.587743759155273,2800000,-16.90130262824777,5.977745294570923,1.5728325650999277,-0.007729541,-13.196081464970444,-19.21213732042461,0.09388208389282227,9.172815084457397,0.3208296298980713,279,2.95190691947937,2627.6466085910797,-0.0024889312
100,-9.235982995422273,9.45402216911316,2810000,-17.352168498091736,5.8558948040008545,1.4784868939501319,-0.0014027222,-12.929331012582121,-18.861100850267373,0.062417030334472656,9.06574034690857,0.3256032466888428,280,2.9556996822357178,2637.119553565979,-0.0015385773
100,-9.1675894782779,9.325459718704224,2820000,-17.157619607316935,5.779860019683838,1.7305951492467464,-0.012964514,-13.011014882730514,-18.794982625340975,0.062484025955200195,8.962262153625488,0.30047011375427246,281,2.9343087673187256,2646.4616355895996,-0.0020619752
100,-9.102431613507406,9.529589891433716,2830000,-16.524659982102893,5.879374027252197,1.6591395379658944,-0.010815668,-13.09411872137103,-19.171348475428797,0.05684781074523926,9.142125844955444,0.32134222984313965,282,3.0156984329223633,2656.0110375881195,-0.0116634015
100,-9.240670580690402,9.476338386535645,2840000,-16.90897956543013,5.780050039291382,1.6910015949400214,0.0012998169,-13.104753601220766,-18.991128101474867,0.08187508583068848,8.996427774429321,0.3905818462371826,283,2.953293561935425,2665.5071976184845,0.0011359863
100,-9.861748612234459,9.54357099533081,2850000,-16.96019099396195,5.732529878616333,1.7105445933987045,0.00081586913,-13.501212694430917,-19.48797227220686,0.11665105819702148,8.983755588531494,0.44291114807128906,284,2.989238977432251,2675.0696234703064,0.006242163
100,-9.28914217594028,9.266572952270508,2860000,-17.608384972554024,5.717058181762695,1.7878549089138749,-0.019407641,-12.93463623671834,-18.901299915172782,0.04177236557006836,8.918442726135254,0.3061201572418213,285,2.9421446323394775,2684.354117870331,-0.018892065
100,-9.930693074624063,9.518977880477905,2870000,-17.503668267406322,5.906568765640259,1.5470896407249024,-0.013742218,-13.028029062462007,-18.968281492865007,0.10439872741699219,9.133420705795288,0.28096747398376465,286,2.980729103088379,2693.8901047706604,-0.005996066
100,-9.703636309978895,9.725783824920654,2880000,-17.417132729219052,5.846513032913208,1.6848321628541771,-0.0020310914,-13.371886130364404,-19.44751510701449,0.097564697265625,9.123594522476196,0.504401445388794,287,3.0135936737060547,2703.634280204773,8.526001e-05
100,-9.67307442160763,8.77895998954773,2890000,-16.96374022292673,5.159379959106445,1.6298899990917244,-0.012158996,-13.252262514952939,-19.24506410258834,0.06458592414855957,8.282176494598389,0.43194079399108887,288,2.875005006790161,2712.4323840141296,-0.0121986065
100,-8.33261209747728,8.71216368675232,2900000,-16.609886578777587,5.292603015899658,1.679883143336968,-0.0127126705,-12.977951057695009,-18.93692429738455,0.12185192108154297,8.299928188323975,0.2901492118835449,289,2.77364444732666,2721.1630532741547,-0.008771729
100,-9.769816431647149,8.676792860031128,2910000,-16.446665271353638,5.252633094787598,1.5520552615287155,0.004133313,-13.477480651934023,-19.530232291245834,0.03629326820373535,8.334925651550293,0.3053607940673828,290,2.840724229812622,2729.8580932617188,0.0032951415
100,-9.638045970232684,8.318615436553955,2920000,-16.81891043225102,5.0748207569122314,1.6194846510499814,0.011160752,-13.50438761455107,-19.648836811403296,0.03511381149291992,8.024826288223267,0.258350133895874,291,2.722500801086426,2738.193930387497,0.014295136
100,-9.14041177992243,7.864260673522949,2930000,-17.2149817685567,4.6925458908081055,1.7945987555229652,-0.0019401123,-13.18880306634435,-19.070825932250866,0.03236675262451172,7.576868295669556,0.25470781326293945,292,2.663511037826538,2746.075646877289,0.0037682983
100,-9.63567472816419,7.899611234664917,2940000,-16.80029074525252,4.6935341358184814,1.6749626182191275,0.008260141,-13.313960148045085,-19.298280626058478,0.03864455223083496,7.576780557632446,0.28397583961486816,293,2.66217303276062,2753.991905927658,0.014935193
100,-10.201668345081854,7.846805095672607,2950000,-17.160990605748488,4.711697340011597,1.7528941355542538,0.00019631347,-13.303452591533905,-19.31623494221434,0.031708478927612305,7.560452222824097,0.2544088363647461,294,2.625901699066162,2761.856987953186,-0.0012033753
100,-8.593543453846433,7.843828916549683,2960000,-16.46794836167133,4.636621713638306,1.5802617423840053,-0.0025589354,-13.09116187177626,-19.019368790301133,0.05957913398742676,7.518859148025513,0.2651798725128174,295,2.655318260192871,2769.7159440517426,-0.0016528565
100,-8.874926002936615,7.955943584442139,2970000,-16.974555094226073,4.749211549758911,1.8252139269204999,-0.016764916,-13.053201971816655,-19.019438221864284,0.05265092849731445,7.648576259613037,0.254443883895874,296,2.6745235919952393,2777.6874899864197,-0.01485589
100,-9.270904855456777,8.007721424102783,2980000,-17.024342893865835,4.789784669876099,1.7591653773171037,-0.00538421,-12.840826677470421,-18.7249293850812,0.036576271057128906,7.7090301513671875,0.2618691921234131,297,2.6886630058288574,2785.713257074356,-0.0048625004
100,-9.062158352464436,7.987859487533569,2990000,-17.36591123931319,4.709776878356934,1.818305225582839,-0.008492118,-13.074823891328565,-19.037387903429877,0.08996772766113281,7.543741226196289,0.34472155570983887,298,2.615654468536377,2793.7161507606506,-0.0068789185
100,-9.110534842727668,7.8577234745025635,3000000,-17.007955029655974,4.643595457077026,1.5706804185422587,-0.0040591066,-13.325265382638039,-19.36283948821541,0.10604476928710938,7.503979206085205,0.24730849266052246,299,2.6324880123138428,2801.5907027721405,-0.0021758971
