train-MinReturn,train-NumTrajs,Time-SampleProc,Time-Optimization,train-EnvExecTime,LossAfter,train-AverageDiscountedReturn,train-AverageReturn,ItrTime,train-MaxReturn,train-StdReturn,train-PolicyExecTime,n_timesteps,Time,Time-Sampling,Itr,LossBefore
-4.536831081909064,100,0.14095830917358398,1.022859811782837,2.6855127811431885,0.070016555,16.26314130937363,9.838603369821907,17.469907760620117,28.386191219100716,8.220413989326966,13.346879005432129,10000,17.469911813735962,16.29860520362854,0,0.06767628
-9.00003331969692,100,0.1532590389251709,0.5550849437713623,2.8227322101593018,0.0637703,19.77366235056077,10.347981730191428,16.431333303451538,28.83736463363546,9.400766937543942,12.624606609344482,20000,33.95775556564331,15.72275710105896,1,0.067425705
9.626900661354895,100,0.09685230255126953,0.5963172912597656,2.849078416824341,0.054474663,38.66275153922393,23.606617957148565,16.283379554748535,30.89997561382307,3.8989617995115755,12.423718929290771,30000,50.29467415809631,15.589970588684082,2,0.0560802
9.679800781921118,100,0.08635497093200684,0.46258544921875,2.849043130874634,0.048615724,38.635370602862956,22.689382006897652,14.746089696884155,29.223404292806865,3.7321585244316875,11.08391261100769,40000,65.06942987442017,14.196861267089844,3,0.050338507
4.741012101599676,100,0.14513206481933594,0.3944377899169922,3.077601909637451,0.03394597,39.98379131916161,24.827721832599437,16.640022039413452,30.717410742118698,3.6378717713701323,12.704511165618896,50000,81.73052954673767,16.10022521018982,4,0.037098188
19.746550362071044,100,0.12128591537475586,0.6814103126525879,3.133394956588745,0.05573252,40.82190878305661,26.078425460661137,17.303531646728516,31.930072874447827,2.390429138883567,13.0699622631073,60000,99.08362102508545,16.493970155715942,5,0.057039306
10.079009339792108,100,0.16791081428527832,0.6520969867706299,2.8982203006744385,0.03856829,41.75094766409087,25.594559237687655,16.084880113601685,30.70324986083873,3.0417281140386834,12.091517686843872,70000,115.18926572799683,15.264599323272705,6,0.040133443
14.297388974582514,100,0.1396787166595459,0.6478431224822998,2.990725517272949,0.06024538,42.24953605312274,25.33713856931196,15.652595281600952,30.44521335230248,2.8201615814797982,11.595453262329102,80000,130.87279844284058,14.86459732055664,7,0.062159594
-1.0281969952744239,100,0.14125919342041016,0.5192410945892334,2.8079066276550293,0.012828894,42.98819588944279,23.919943725018353,16.69209337234497,32.46802065538573,5.850980437833772,12.930189371109009,90000,147.597576379776,16.02564239501953,8,0.014907077
6.037487663395014,100,0.12926840782165527,0.5535285472869873,2.950099468231201,0.038810357,43.45415106567741,26.02457561448213,14.778440713882446,31.48155654204987,3.385653108255052,10.863835334777832,100000,162.40324926376343,14.081172227859497,9,0.040097576
16.584637287903455,100,0.12637615203857422,0.5060403347015381,3.0651426315307617,0.065420724,44.16119728504058,26.69116853189269,17.33976650238037,31.70429926833449,2.4553463946734286,13.286622762680054,110000,179.76607155799866,16.707130670547485,10,0.0674822
19.856130125123684,100,0.09180784225463867,0.4191775321960449,3.135239601135254,0.065638684,43.910441016316675,26.477402270576448,16.883851289749146,30.554675497099254,2.323425175366451,12.871769428253174,120000,196.6689112186432,16.37230086326599,11,0.06697012
2.654685949813916,100,0.06428384780883789,0.5163352489471436,2.9604339599609375,0.035519343,43.63941536012183,25.156114656811464,16.147719144821167,30.158658017144674,3.8035508247447583,12.312118291854858,130000,212.8465497493744,15.5652174949646,12,0.03607683
-4.070966852292074,100,0.11540484428405762,0.5407872200012207,3.055893659591675,0.008649756,43.09231961639704,24.103532545818442,18.25261378288269,30.458662624036666,4.766595972561992,14.207435131072998,140000,231.1160728931427,17.58391046524048,13,0.010408951
12.369822104399349,100,0.06187033653259277,0.7284419536590576,2.8857693672180176,0.048168443,43.5950014484886,25.079279758462317,17.208727598190308,31.05863398281996,3.2968195458114966,13.248828887939453,150000,248.36140513420105,16.416576147079468,14,0.0511116
17.20458252425729,100,0.0838930606842041,0.5302631855010986,2.8371334075927734,0.063568786,43.737997182995976,25.814377518048136,14.454341173171997,31.32015231953216,2.6368951335135176,10.744874477386475,160000,262.846462726593,13.839953422546387,15,0.06605913
12.545152717634316,100,0.09659934043884277,0.6006031036376953,3.0040457248687744,0.036908336,45.549824016551646,25.267769666806263,16.64689588546753,31.600268424680568,3.2959100611635246,12.64481258392334,170000,279.5212514400482,15.949419736862183,16,0.039080434
2.2109572211658675,100,0.1226353645324707,0.66349196434021,2.9981565475463867,0.013141852,44.33428985145736,24.143045546285208,17.68773603439331,31.095431791649002,5.181305771596206,13.612106561660767,180000,297.2425901889801,16.901362419128418,17,0.014446454
5.792838573920842,100,0.09880375862121582,0.7217612266540527,2.951575994491577,0.021912422,46.4376804016274,24.585870202118155,15.090142965316772,30.459985513903057,3.43811609569256,11.053035736083984,190000,312.3466646671295,14.26624321937561,18,0.023612592
19.88333173065348,100,0.14893579483032227,0.7495250701904297,2.9914419651031494,0.041214272,46.16113576318184,25.966729675196035,18.53931975364685,31.192653488841426,2.3346399523539567,14.329331636428833,200000,330.90546917915344,17.640621423721313,19,0.043475464
18.82411492528667,100,0.1409287452697754,0.7300825119018555,2.9670236110687256,0.047608986,47.387988624987265,26.03923968675108,17.37117028236389,30.952121978515134,2.5981995239170352,13.244688987731934,210000,348.3059160709381,16.499616861343384,20,0.050406504
13.205557452621122,100,0.1546642780303955,0.6438860893249512,2.924635171890259,0.026395887,47.69233983277584,25.47137375176336,18.774940490722656,31.44605363445446,2.7618673674857668,14.763230800628662,220000,367.1052942276001,17.975916624069214,21,0.028350305
18.94170512710029,100,0.0972449779510498,0.6382231712341309,2.8232007026672363,0.042785216,49.10338296437053,26.589226443575498,15.519528865814209,31.955619065552913,2.527927490263838,11.667755842208862,230000,382.6433537006378,14.78382134437561,22,0.044304144
-8.444545355823756,100,0.1585085391998291,0.505007266998291,2.7501139640808105,0.021634132,49.145320940741406,25.394027231396404,15.80388331413269,30.809524714199252,4.748544444724796,12.123877763748169,240000,398.5079731941223,15.140097379684448,23,0.024135223
13.616534288405822,100,0.1744067668914795,0.6469841003417969,3.0774073600769043,0.04116791,50.24247797762535,26.33257901916173,17.260493278503418,31.61563782221857,2.9448008844141467,13.06507158279419,250000,415.7935953140259,16.438831329345703,24,0.0425229
-5.371427779580361,100,0.13171720504760742,0.6376290321350098,2.8938775062561035,0.035132777,47.93147085788944,25.863592768657213,16.263994693756104,31.402958313882262,6.134285318483529,12.303962469100952,260000,432.1077616214752,15.493223190307617,25,0.03852106
-1.4797319268144158,100,0.12540268898010254,0.4710693359375,2.8835206031799316,0.014746934,50.65397643255958,27.066944267357975,16.36600375175476,32.140075611639354,4.035904840356302,12.612800359725952,270000,448.523668050766,15.768989324569702,26,0.017725434
16.402921282244428,100,0.15070796012878418,0.5138015747070312,2.981992244720459,0.037452508,51.76299250271782,27.043992323601056,15.008752346038818,32.17766950259424,2.795533559995975,11.066153526306152,280000,463.5617434978485,14.343699216842651,27,0.03923817
9.913837249695368,100,0.07058477401733398,0.5280723571777344,2.9231550693511963,0.013704187,51.2589997730574,26.288148388408448,14.759697914123535,30.663478940236413,3.4950094422962796,10.973566770553589,290000,478.3559548854828,14.159645318984985,28,0.016181152
14.750623183662592,100,0.13356447219848633,0.6994407176971436,2.8075032234191895,0.022426235,52.114942480307334,27.146491611528408,16.214203596115112,32.2043288645198,2.681348900540622,12.298052787780762,300000,494.6026589870453,15.380955219268799,29,0.025729883
12.85634372625747,100,0.12748956680297852,0.6130766868591309,2.631359100341797,0.015180219,53.09743714436055,26.845097717821595,13.116278409957886,31.185637884559686,2.8935214981519195,9.493676662445068,310000,507.74495100975037,12.375251054763794,30,0.019146616
20.238597952220566,100,0.14364862442016602,0.6138551235198975,2.954228401184082,0.037851404,52.63400796957684,28.226885507495368,17.977038383483887,32.17149274597951,2.329035909569017,13.970381498336792,320000,525.7421355247498,17.219141244888306,31,0.040674154
-3.3530145578211026,100,0.18750262260437012,0.51607346534729,2.938652515411377,0.028370693,42.92656877314575,18.96180199756567,18.06267213821411,30.673653338045668,8.57472940795103,14.122619152069092,330000,543.8277232646942,17.358863830566406,32,0.034365486
21.0993644973256,100,0.10336947441101074,0.5492517948150635,2.926849603652954,0.027970077,50.66637983633508,29.115237480317013,17.17480707168579,33.08811461024128,1.878502589301618,13.30042314529419,340000,561.0240848064423,16.52147912979126,33,0.041434564
-5.854621915832239,100,0.1306471824645996,0.5232908725738525,2.893730640411377,0.011777375,48.001808377406405,21.960918625550168,15.950926065444946,31.975047909180315,9.080796975796606,12.1169753074646,350000,576.9997940063477,15.296749830245972,34,0.01488649
18.485159633301812,100,0.13045048713684082,0.587641716003418,2.8550212383270264,0.03592682,53.30809623496105,28.805908294292955,16.475529432296753,32.17886119484732,2.035765431763406,12.623602390289307,360000,593.50603556633,15.757205247879028,35,0.03953913
-1.2128201758390733,100,0.13860201835632324,0.5672924518585205,2.7505555152893066,0.009729505,53.98595722025007,25.91318031072481,14.072232246398926,32.79879661491433,6.733239533530044,10.336444854736328,370000,607.6162283420563,13.365404605865479,36,0.0106609315
0.42484613758960177,100,0.09138274192810059,0.5465638637542725,2.7654640674591064,0.005859822,55.876016795794925,27.313883733823253,15.920761108398438,31.696982251756147,4.130285075008527,12.233898401260376,380000,623.5576102733612,15.282588005065918,37,0.0075147445
20.817091089879234,100,0.06568694114685059,0.6489078998565674,2.847318410873413,0.034721814,57.45676775709532,28.34718653006,14.84793734550476,32.29530041369987,2.2122614933911136,11.023411750793457,390000,638.4278583526611,14.133014678955078,38,0.03788257
-1.6112994574832857,100,0.25070834159851074,0.6261076927185059,2.7222065925598145,0.0112051265,52.28846003674589,24.453160737745677,14.484736442565918,32.71440674702351,7.509568331247151,10.623700857162476,400000,652.9457633495331,13.606067895889282,39,0.016367925
25.61581395298906,100,0.12089014053344727,0.4883902072906494,3.0168213844299316,0.036201417,55.19607017658057,29.72794540514791,17.12451696395874,34.083312075901006,1.546810155624384,13.216572046279907,410000,670.0967378616333,16.51499342918396,40,0.04193442
12.046298281979636,100,0.18776297569274902,0.5311179161071777,3.1906349658966064,0.010283423,57.2567936857066,28.76514997964914,17.953080654144287,32.94454677503399,2.5164875088667804,13.746462345123291,420000,688.0690219402313,17.233962535858154,41,0.016260834
-4.303939453750441,100,0.11889100074768066,0.56648850440979,2.619053602218628,0.04175599,33.99815397490439,14.46557457750148,13.850525379180908,29.92343122643771,11.235448892669096,10.264607191085815,430000,701.9524173736572,13.16394329071045,42,0.043821625
-4.439282297825075,100,0.1053168773651123,0.5790021419525146,2.806422472000122,0.0123997005,53.773147488991754,26.336755472418208,14.475408554077148,32.85015865047834,6.893954450896662,10.690810441970825,440000,716.4632360935211,13.790350437164307,43,0.014724112
22.973053486797294,100,0.20906853675842285,0.47379302978515625,2.908626079559326,0.037553925,56.30956169180315,29.11759570211815,16.67071008682251,32.80448338842343,2.0016715984113156,12.766238927841187,450000,733.1552407741547,15.987624406814575,44,0.03979245
7.777969367090122,100,0.12353515625,0.532052755355835,3.052222967147827,0.007034186,55.85299216430861,27.427103392033462,15.753857851028442,33.63708181975077,4.574690970390181,11.749834060668945,460000,748.9339714050293,15.09804391860962,45,0.008406488
-0.7189922178989447,100,0.10281038284301758,0.6993334293365479,2.7906723022460938,0.007357814,54.96279632827369,26.134870616597958,16.832326650619507,32.1146075975166,5.967847583240565,12.960834503173828,470000,765.7917628288269,16.029959440231323,46,0.009366501
1.7305374670860376,100,0.07600998878479004,0.4730825424194336,3.0084776878356934,0.0036268432,55.37705200999979,28.14858340067519,17.48802351951599,32.704207400935786,3.6416356876346927,13.61820912361145,480000,783.3039903640747,16.938701152801514,47,0.007879429
25.208888323658822,100,0.13661670684814453,0.5458908081054688,2.871443748474121,0.041292805,54.229689828432484,29.16995119035245,14.964729070663452,33.00481496464102,1.6671110381483158,11.123413801193237,490000,798.285994052887,14.281986951828003,48,0.045834213
6.7466123362534045,100,0.10008645057678223,0.5150418281555176,2.717467784881592,0.0044371155,56.69159304202201,27.64450021662482,15.599121332168579,32.31947492925497,3.555168686878132,11.98192834854126,500000,813.9077415466309,14.98377275466919,49,0.0070679686
-1.6077516014482875,100,0.15117192268371582,0.5483577251434326,2.7280824184417725,0.008260046,52.258119384072906,24.089965747607163,15.236869096755981,32.666042529976046,7.997129013451673,11.52739691734314,510000,829.1707291603088,14.528010606765747,50,0.011831097
23.251181036368177,100,0.19719696044921875,0.6459794044494629,2.8712141513824463,0.040441718,54.84649366455652,29.385731167098907,15.83594036102295,33.107802047677524,1.7623563668622522,11.86057424545288,520000,845.0424478054047,14.992521047592163,51,0.046630517
5.115587209788481,100,0.12178206443786621,0.653465986251831,2.802276372909546,0.007954901,53.93526505898529,24.325672855324257,15.846034526824951,32.547858838455966,6.816601179593585,11.994119644165039,530000,860.9075350761414,15.070550203323364,52,0.00954986
15.161175444893063,100,0.1323566436767578,0.47913265228271484,2.7703475952148438,0.009287856,56.90216199578607,27.911088176129788,15.42715072631836,32.44450745407018,2.939639002844386,11.764934062957764,540000,876.3545010089874,14.815410137176514,53,0.010631588
23.35410062763625,100,0.14358949661254883,0.5938608646392822,2.9247448444366455,0.033608537,57.202786099734986,28.73838228813968,16.1240656375885,32.4521846577776,1.995512830753038,12.154647588729858,550000,892.5024001598358,15.386384725570679,54,0.040209558
-2.7448446286230515,100,0.12463212013244629,0.7210865020751953,2.733828067779541,0.020784417,47.33820772777885,20.983842274919944,16.80372190475464,33.42486706082755,9.179014789181606,12.93189811706543,560000,909.3285701274872,15.957776546478271,55,0.02283824
5.598356650610895,100,0.11015629768371582,0.7211692333221436,2.9299747943878174,0.0027816894,57.72133964101392,28.157371769118978,15.926612138748169,32.153386281982016,3.254801315586704,11.865494012832642,570000,925.2755222320557,15.095038175582886,56,0.003795294
5.901293408757826,100,0.14250636100769043,0.5438127517700195,3.0014376640319824,0.0003484318,56.634139506823566,26.989687187059033,16.28403663635254,32.64993589107826,4.020019337950721,12.326009273529053,580000,941.5791189670563,15.597501754760742,57,0.0051636384
22.37143370974096,100,0.1069490909576416,0.60286545753479,2.79545259475708,0.026688166,58.04797760122708,27.98860581475995,15.885188579559326,32.256784939560475,2.377980327122667,12.099156856536865,590000,957.48632645607,15.174582481384277,58,0.034246154
6.5871288502441185,100,0.1259772777557373,0.4812893867492676,2.9099507331848145,-0.0007411987,58.12167765787752,26.766170644855066,16.788755655288696,32.40320211813427,3.9032257210725416,12.975149393081665,600000,974.3135702610016,16.178184509277344,59,0.003430951
12.460001972347971,100,0.11182308197021484,0.4858591556549072,2.7586216926574707,0.008868309,58.769074330001146,27.715376106708824,15.412413597106934,32.518041025448476,3.1948943334270092,11.761960744857788,610000,989.7566344738007,14.812173128128052,60,0.009120456
23.485373459257783,100,0.13773250579833984,0.6018462181091309,2.9621007442474365,0.03253426,58.48788328976064,28.63622006759476,15.450416803359985,32.19684679743433,1.8659530505289064,11.451911211013794,620000,1005.2242290973663,14.710595846176147,61,0.037029177
7.02419459624838,100,0.1298365592956543,0.5541670322418213,2.9374840259552,0.00369214,55.66870974790261,25.01163701526254,14.658912658691406,32.43106420639663,5.040816873286855,10.740110158920288,630000,1019.9096269607544,13.974664211273193,62,0.012409616
21.94966827952024,100,0.10558819770812988,0.636707067489624,3.0756301879882812,0.027025748,57.731188182167934,28.626151220725223,17.29354238510132,32.37380100694815,1.8411895117410255,13.145999670028687,640000,1037.227079629898,16.551010847091675,63,0.029525982
24.005793525879117,100,0.10640263557434082,0.5225090980529785,2.9788906574249268,0.03630593,58.1680789169365,28.283037428953016,17.12033176422119,32.20033731194343,1.822401871738518,13.230316162109375,650000,1054.3662457466125,16.491179704666138,64,0.037920713
3.5864992529146265,100,0.13578391075134277,0.4967198371887207,2.77315354347229,0.010493855,53.24412232695818,23.888916428814774,14.739284753799438,31.993592890215506,6.000916483807096,11.019770622253418,660000,1069.1299510002136,14.106551885604858,65,0.015268887
23.424500067850925,100,0.14391326904296875,0.5449228286743164,2.824836015701294,0.038995948,58.243754371180465,28.606346249818504,16.84604048728943,32.21284102911831,1.666435544814535,13.0245201587677,670000,1085.9963059425354,16.154091358184814,66,0.042449865
6.507182169574394,100,0.11845993995666504,0.7689731121063232,2.868152141571045,0.001313684,57.23368441845942,26.371932179416653,17.515160083770752,34.59136880362799,4.554059823667123,13.446741580963135,680000,1103.5476377010345,16.627013206481934,67,0.004734387
21.293667560741998,100,0.13405323028564453,0.7201426029205322,3.0004873275756836,0.03118712,58.938959299987836,28.721376790447913,16.46961212158203,32.49497078193885,1.9360498487654896,12.249837636947632,690000,1120.0445363521576,15.615071535110474,68,0.03482822
17.41827149709765,100,0.11342144012451172,0.47554516792297363,3.128321409225464,0.011430283,58.79467122118304,27.702349615967655,17.76206398010254,31.594153206027713,2.4611833601525204,13.709497213363647,700000,1137.8650302886963,17.1728675365448,69,0.012610577
7.462082844939037,100,0.061547279357910156,0.532135009765625,3.090104341506958,-0.0005675324,57.61614367178973,26.27920989553991,17.57771062850952,32.27237696107975,4.7172211399703325,13.543981790542603,710000,1155.4773683547974,16.979238986968994,70,0.0038471222
20.96319043263167,100,0.11923670768737793,0.5080366134643555,2.9877896308898926,0.013835437,58.73108826580485,28.29793944535442,15.843257904052734,33.124212787006435,2.328305605270651,11.890602350234985,720000,1171.3394544124603,15.215739727020264,71,0.017769653
6.576560589719472,100,0.1358788013458252,0.5511360168457031,2.8034212589263916,0.006282013,57.14997931865423,25.99961652501159,17.013449668884277,32.11783094381255,4.937908915052269,13.204118967056274,730000,1188.3749375343323,16.32582449913025,72,0.009517859
21.101777601778704,100,0.12629222869873047,0.6119070053100586,2.9221816062927246,0.03855117,59.28094399837226,28.359477168188583,16.124550342559814,32.28331783055363,1.956540088207474,12.185306072235107,740000,1204.5374093055725,15.386133432388306,73,0.03747311
9.00032573887095,100,0.1369476318359375,0.7017936706542969,2.854090452194214,0.0051505617,55.80434515167813,24.873145954362112,16.7265202999115,32.434659779006516,4.685990262001186,12.713286399841309,750000,1221.286967754364,15.88752269744873,74,0.01330744
25.064044006717733,100,0.11086440086364746,0.6991298198699951,2.6903791427612305,0.02556424,57.60669232376446,28.90128496319817,13.855915307998657,32.15038323778531,1.5812468327227194,10.09837555885315,760000,1235.1980757713318,13.045307159423828,75,0.03332934
3.8807363953108966,100,0.10295367240905762,0.46615076065063477,2.6661853790283203,-0.00075163157,56.68691334610034,25.63016499532374,14.255872964859009,32.53256496250792,5.123551284438622,10.727461576461792,770000,1249.4732794761658,13.680713176727295,76,0.0049264017
25.5680239416163,100,0.1037447452545166,0.581427812576294,2.8189704418182373,0.03179309,58.349861980146926,29.079242813156302,14.766788244247437,32.39569438066841,1.4739848810865792,10.994511842727661,780000,1264.2645859718323,14.08112621307373,77,0.04293249
0.6054654241734281,100,0.08840084075927734,0.5240583419799805,2.8407421112060547,0.01850517,48.734683048424515,21.079559333107717,14.917461156845093,31.783069199328143,7.395666243831814,11.154752254486084,790000,1279.2031309604645,14.304753303527832,78,0.021597313
8.86875647009494,100,0.14632058143615723,0.5438385009765625,2.8760056495666504,-0.0013224375,59.313340604674586,27.673938016033343,271.37315011024475,32.30738010054042,3.4855694300678337,11.95904803276062,800000,1550.6096222400665,270.6826810836792,79,0.002180889
20.039087530799545,100,0.14460444450378418,0.644660234451294,3.0384769439697266,0.022977836,57.83640278898737,28.92127825815255,16.351831674575806,32.15347837620109,1.6798288928619864,12.237940073013306,810000,1566.987864971161,15.56227707862854,80,0.027993763
-0.4990472161114113,100,0.12255048751831055,0.5492343902587891,2.9950263500213623,0.0075768125,51.29859724510573,22.590966832536047,15.558345556259155,31.420061060834655,7.166456229219855,11.577787399291992,820000,1582.5754272937775,14.884948015213013,81,0.009876674
1.7427387051387344,100,0.11620020866394043,0.5374240875244141,2.864542245864868,-0.00085810473,58.10707706475743,28.284995293850198,16.745124340057373,32.63053531976738,3.4701045454300243,12.949049234390259,830000,1599.338211774826,16.090982913970947,82,0.0016596054
24.46263900276692,100,0.11859560012817383,0.5050573348999023,2.841017246246338,0.02522449,57.37722716684133,29.244434551176337,13.817312717437744,32.22467507834517,1.4846621035173708,10.078384399414062,840000,1613.1768743991852,13.189154863357544,83,0.037309065
1.466939816716064,100,0.11052584648132324,0.5993471145629883,2.7079272270202637,0.011453768,55.70360157379437,24.935724184802307,15.63940715789795,31.828104308800167,5.773589290249426,11.944390296936035,850000,1628.835678577423,14.927212238311768,84,0.012179498
10.101652488589885,100,0.1588447093963623,0.5918402671813965,2.813281536102295,0.0019130249,58.88591442376569,27.197514458827946,16.279603481292725,31.820934147397026,4.1737248013254336,12.399243593215942,860000,1645.1354331970215,15.528301000595093,85,0.0035194764
23.064070131888343,100,0.1378490924835205,0.6279690265655518,2.8310465812683105,0.021174267,58.427664699182394,28.80753584249128,15.666173219680786,32.04925311466575,1.5599270408595047,11.767412185668945,870000,1660.8286700248718,14.89755392074585,86,0.03051886
3.8005563839358776,100,0.10574889183044434,0.5035374164581299,2.816149950027466,0.021548225,49.98130638172785,21.297389152700397,15.372806549072266,30.734849653837145,6.960532801975172,11.632755994796753,880000,1676.2203493118286,14.74516749382019,87,0.023368329
9.509889609990445,100,0.12129735946655273,0.5623490810394287,2.933361291885376,0.005030687,58.586371701006016,26.694245928307346,16.16623020172119,32.21093520639139,4.147197264523609,12.224501609802246,890000,1692.4304449558258,15.47944951057434,88,0.007519852
20.907436068376015,100,0.10309600830078125,0.5477397441864014,2.8107359409332275,0.024019746,59.267905192723326,28.753215366238052,15.513907194137573,32.29948669742604,1.969018766911388,11.751820802688599,900000,1707.975096464157,14.846267223358154,89,0.027819067
2.2877359106808735,100,0.12146902084350586,0.5157830715179443,2.7754344940185547,-0.00016719513,59.286127006322104,27.331354828882237,15.766562938690186,33.20763758564891,4.172544715414947,12.08179497718811,910000,1723.779326915741,15.126378536224365,90,0.00329776
21.000683127427603,100,0.1446678638458252,0.5793485641479492,2.874596118927002,0.013316363,59.79248153337108,28.45216213884277,16.319791078567505,32.17745579720437,1.9546470292121452,12.402633905410767,920000,1740.1245365142822,15.595325946807861,91,0.017197486
6.367934332822244,100,0.09150099754333496,0.486065149307251,3.0820236206054688,0.009215692,57.47322745624124,25.760201010241715,18.302217960357666,32.206125961575204,4.976368634729031,14.362232446670532,930000,1758.4586687088013,17.722763538360596,92,0.012091309
17.834013841850567,100,0.2406613826751709,0.5660312175750732,2.7563364505767822,0.01077099,60.410177025431224,28.02662841758961,14.224591970443726,31.80207951427698,2.388843498370725,10.370266437530518,940000,1772.7009625434875,13.417345762252808,93,0.011282397
19.09601028092772,100,0.10097789764404297,0.46092796325683594,2.777958631515503,0.01685468,59.50746056967646,28.743262545070692,14.127382516860962,32.78618861097692,2.019567568969178,10.491543769836426,950000,1786.859620332718,13.55780553817749,94,0.019413644
17.945341663254315,100,0.14577698707580566,0.5524203777313232,2.903484344482422,0.011235675,60.025362851635855,28.138003360646795,16.75011372566223,32.89663720580761,2.630406357684017,12.828956604003906,960000,1803.6408841609955,16.050074815750122,95,0.013948481
4.253359679203511,100,0.15219449996948242,0.6524262428283691,3.0109310150146484,0.0055031967,58.70252316282859,26.222427992293063,16.962946891784668,32.75692867099267,4.554968561751009,12.775164127349854,970000,1820.6362493038177,16.15552520751953,96,0.008489764
22.896001170544736,100,0.1327345371246338,0.6196606159210205,2.9194283485412598,0.02677688,59.77942821741785,28.543619353333984,17.868548154830933,32.355188554785684,1.839521727223567,13.88480257987976,980000,1838.5372536182404,17.111802339553833,97,0.0319069
12.786285647906062,100,0.24716734886169434,0.6035416126251221,2.8179397583007812,0.0031779846,59.80385825995288,26.943347764567303,16.995488166809082,33.054029000612296,3.855006936278497,13.009596109390259,990000,1855.562672138214,16.143065214157104,98,0.0038583314
1.2476076974125974,100,0.09356427192687988,0.4830322265625,2.6946380138397217,0.00681969,56.76673057422724,25.175400318338276,14.27855396270752,32.76894360216784,6.1622470598649794,10.722910404205322,1000000,1869.871886730194,13.701511144638062,99,0.010783472
19.031872768099085,100,0.11925911903381348,0.5419020652770996,3.036860704421997,0.0033368468,60.22515062378073,28.657626918106487,18.687358379364014,32.83650028900857,2.310386267576498,14.66506838798523,1010000,1888.5874118804932,18.025543212890625,100,0.008201428
12.122348150770609,100,0.1427762508392334,0.5886754989624023,2.9781293869018555,0.0008232773,60.42344451400748,28.27263550470814,17.27997136116028,32.40105423314071,2.592785414017954,13.248893976211548,1020000,1905.8906569480896,16.547813177108765,101,0.0036133088
8.600597250512998,100,0.12252926826477051,0.7233328819274902,2.8407211303710938,0.0042690476,58.94721163578849,26.804427669861642,17.49750518798828,32.16485424130759,4.366190873718808,13.516225337982178,1030000,1923.4207360744476,16.650969982147217,102,0.007484349
12.201944810463695,100,0.11778879165649414,0.49135637283325195,3.109684705734253,-0.002562909,60.16937171629911,28.07743717216934,17.67451786994934,32.1802530232085,3.0087978314473602,13.604313850402832,1040000,1941.118881225586,17.054068088531494,103,0.0016132507
26.80222723679704,100,0.1530628204345703,0.5096871852874756,2.9679055213928223,0.028270965,57.09145360273035,29.312496834177928,16.4156711101532,32.78494798583569,1.347428231752922,12.49535322189331,1050000,1957.5586335659027,15.752621412277222,104,0.032401625
24.485558019742673,100,0.12671375274658203,0.4811530113220215,2.9841644763946533,0.024309987,59.772376183741045,29.008584691894104,16.404760599136353,32.52956809197746,1.663494092347679,12.492172002792358,1060000,1973.9881753921509,15.794878959655762,105,0.030104276
3.7543543757151383,100,0.15994763374328613,0.7251052856445312,2.9968888759613037,0.011453516,56.66085144048882,25.07237343680691,16.829105854034424,31.935295387666642,5.835571295790332,12.6393723487854,1070000,1990.8395280838013,15.94114065170288,106,0.013631906
18.40895916111532,100,0.10902118682861328,0.6508917808532715,2.8509044647216797,0.014977917,60.20942248191132,28.435536512862587,15.486590147018433,32.01471437388237,2.1555823889090364,11.594286918640137,1080000,2006.34326004982,14.717613458633423,107,0.01823399
15.552821673898704,100,0.10654664039611816,0.5680375099182129,3.0200819969177246,0.005633115,59.94290088383358,28.472848827939444,17.60676622390747,33.39815888431367,2.801579079847728,13.578068733215332,1090000,2024.0002400875092,16.93168020248413,108,0.0071035996
19.87564670151736,100,0.10303592681884766,0.5241727828979492,3.059494733810425,0.01245039,60.44576991851451,27.879345857016197,16.340872526168823,32.03389196804701,2.265523565013596,12.323189973831177,1100000,2040.3793268203735,15.71315884590149,109,0.0153833525
11.364857285666378,100,0.10643815994262695,0.5385394096374512,2.855489492416382,0.0026341185,59.002308185607966,28.455601891592305,15.07477879524231,31.722848728668826,2.4951165492624257,11.246209383010864,1110000,2055.487325668335,14.424866914749146,110,0.0061001587
17.53995186827933,100,0.14384245872497559,0.6597127914428711,3.0537211894989014,0.005650903,60.10236493878278,28.106042267285183,17.689581155776978,32.3367401209349,2.5632800377640277,13.49504804611206,1120000,2073.2093930244446,16.884093761444092,111,0.008246941
18.9742885654502,100,0.21080231666564941,0.5231053829193115,3.247061252593994,0.012038312,59.74883628612884,28.034640211553505,19.166412591934204,32.06997565553009,2.3331169215135277,14.843780994415283,1130000,2092.4171261787415,18.4136061668396,112,0.015692584
15.963943688249273,100,0.17736244201660156,0.6478743553161621,2.68420672416687,0.0066231093,60.19457848123654,27.82257628483344,14.613409996032715,31.921146640907242,2.8908282282691435,10.830739259719849,1140000,2107.0608220100403,13.786347150802612,113,0.0091095595
16.137602302713496,100,0.16684484481811523,0.45199036598205566,2.8467137813568115,0.0015122406,59.98391404912381,27.370681881059532,15.000215291976929,31.900629810305446,3.0885070554457448,11.231828689575195,1150000,2122.0939767360687,14.381080865859985,114,0.006219293
23.71417793111885,100,0.13317584991455078,0.8142299652099609,3.026499032974243,0.025907546,60.172329185761974,28.81611231194875,17.76058268547058,32.166093548608295,1.7792374322618378,13.39254641532898,1160000,2139.886862754822,16.8077335357666,115,0.028101297
19.70425280758248,100,0.10927629470825195,0.6302592754364014,2.8041372299194336,0.010573022,61.082178614246956,28.344069790100892,15.21017837524414,31.67719138738949,2.2208349036997603,11.386943817138672,1170000,2155.2061700820923,14.470348596572876,116,0.012725481
9.244145848889696,100,0.12734532356262207,0.515993595123291,2.752930164337158,-0.0019820516,60.06898903151828,27.10757347555801,14.894347190856934,32.14959902371923,3.63559313010393,11.2195463180542,1180000,2170.1340560913086,14.250528335571289,117,0.0020513295
19.724113067309222,100,0.13018035888671875,0.5199596881866455,2.8728511333465576,0.013184815,60.67108534246746,27.732903215929305,15.663358449935913,32.924655375162885,2.720248951613846,11.841296195983887,1190000,2185.829273700714,15.012639045715332,118,0.0139987795
23.30956047365081,100,0.15935301780700684,0.6049220561981201,3.133888006210327,0.026361503,60.58032955630304,28.966658119282116,16.98607897758484,33.30649177219106,1.7947754274784822,12.801116704940796,1200000,2202.847977399826,16.21267056465149,119,0.031133384
17.152798775109567,100,0.08716654777526855,0.4901392459869385,2.8601157665252686,0.0019316075,60.934294878954454,28.00092067982044,15.938050746917725,31.82681262450994,2.9581804522701063,12.197010517120361,1210000,2218.8336384296417,15.352564573287964,120,0.004441976
22.828204633663972,100,0.11122393608093262,0.6233878135681152,2.959056854248047,0.026232067,59.561462272948674,28.726774820178903,16.6787428855896,32.783191583252474,1.7099063953575433,12.675389289855957,1220000,2235.5416510105133,15.936882734298706,121,0.02965221
16.639404626909712,100,0.20241475105285645,0.660895586013794,2.9965765476226807,0.0053583193,60.74732964034589,28.47983476955828,17.71509051322937,31.928888163942048,2.3783515685775596,13.516818284988403,1230000,2253.2886810302734,16.849797010421753,122,0.0079407105
12.425149014703202,100,0.12405657768249512,0.521282434463501,3.1349661350250244,0.00020414886,60.18445009704506,26.899134009267186,18.179821252822876,32.30105866574082,3.8186392323432092,14.040100336074829,1240000,2271.4949247837067,17.53397560119629,123,0.0043787872
21.496873269544388,100,0.1443777084350586,0.6338226795196533,2.9215736389160156,0.014501796,61.170752689574954,28.9272319523057,15.739974021911621,31.92184612164615,1.9096756298285025,11.691726207733154,1250000,2287.266493320465,14.960026979446411,124,0.020317402
19.443021641435397,100,0.16856718063354492,0.5344107151031494,2.9210100173950195,0.011375254,61.59708599692896,28.213471661097227,17.801680088043213,32.75151657660601,2.3513866701683765,13.839141607284546,1260000,2305.097398042679,17.09646701812744,125,0.0132682035
18.35514738736111,100,0.12035894393920898,0.596076250076294,2.826892614364624,0.008857869,61.2698562885284,28.036388316481947,16.74562907218933,31.926043758780065,2.631559325348526,12.901719570159912,1270000,2321.8749005794525,16.026520490646362,126,0.0073993537
20.6655045476928,100,0.1284184455871582,0.6068775653839111,2.7883996963500977,0.015371283,61.55237805973792,28.84646272687347,15.792897462844849,33.23676291243214,2.0498533705384294,11.979995727539062,1280000,2337.702899456024,15.045181274414062,127,0.017812733
21.497567858812584,100,0.1521468162536621,0.4791862964630127,2.9162213802337646,0.013914911,62.166301798308986,28.95875833034988,17.99407982826233,32.15964787293759,2.1704343513285815,14.164829730987549,1290000,2355.743878364563,17.360700607299805,128,0.014236127
14.90507625154669,100,0.15824007987976074,0.49288487434387207,2.8503923416137695,0.0024629151,61.92927515112513,27.91082853931039,14.641488075256348,32.4014157897491,3.1538272225715915,10.846580743789673,1300000,2370.4177811145782,13.98946213722229,129,0.0042593996
20.859006610944885,100,0.12072610855102539,0.5645468235015869,3.0167160034179688,0.0171182,61.64321235709814,28.685353994328878,15.19050145149231,32.0529413282038,1.9831412618311828,11.189119338989258,1310000,2385.641521692276,14.500760316848755,130,0.02058142
11.547107093387663,100,0.0964510440826416,0.5505266189575195,2.8541054725646973,-0.0039150515,61.27396819333701,27.432277706952817,16.22753119468689,31.832188163496525,3.412292320079161,12.409667491912842,1320000,2401.8946084976196,15.580077171325684,131,0.0038891877
20.02151214434736,100,0.10894441604614258,0.44809937477111816,2.8230955600738525,0.016179817,60.17513370031182,28.723098228418756,14.23233938217163,32.350665469905984,1.964512141210334,10.573052167892456,1330000,2416.1495077610016,13.669456481933594,132,0.018742131
25.05475160972922,100,0.10027670860290527,0.5195176601409912,2.8645524978637695,0.02311543,61.0989829844657,29.231427418753967,14.37978196144104,33.43108937457788,1.5175039065104934,10.63083815574646,1340000,2430.5600950717926,13.758779525756836,133,0.025453458
16.455380559045576,100,0.10724854469299316,0.6437664031982422,2.9200313091278076,0.00022669372,61.92390056314164,28.541712627566923,14.246214389801025,32.29113253423402,2.3238796213322206,10.28861951828003,1350000,2444.8380873203278,13.49181342124939,134,0.006147232
12.133650689981474,100,0.14458727836608887,0.5297732353210449,2.866203784942627,0.0005432907,61.55192709853819,27.458503349596363,17.463231325149536,32.45770925069137,3.630940624872328,13.60411810874939,1360000,2462.333209514618,16.788389444351196,135,0.005353465
10.457228158664948,100,0.14699244499206543,0.5650749206542969,2.9769206047058105,-0.0023916198,61.870046997520475,29.055617442053247,15.969664335250854,33.24112813426722,2.9976938189428757,11.987338304519653,1370000,2478.3601770401,15.252580881118774,136,0.0019766723
24.92621997045217,100,0.1668837070465088,0.5363717079162598,2.692608594894409,0.03420793,60.58729520232977,29.807419365131388,16.031525373458862,32.84112677540595,1.5369124846585946,12.351160764694214,1380000,2494.422100543976,15.327744483947754,137,0.03585632
22.8634252607889,100,0.11100220680236816,0.6008539199829102,2.852551221847534,0.029094238,61.36985168847231,29.193155110391693,16.681689977645874,33.20000126189654,1.6984184311052606,12.774604797363281,1390000,2511.1376264095306,15.96931767463684,138,0.03242377
7.070615386038711,100,0.09670042991638184,0.6871452331542969,2.8732850551605225,-0.0012877472,60.96123387073386,28.10976471207578,15.81846809387207,32.4097438191513,3.560312880770384,11.867552995681763,1400000,2526.991495847702,15.032157897949219,139,0.0025444946
21.886758530048468,100,0.1281890869140625,0.61057448387146,3.366011381149292,0.02476044,61.65349708265924,28.608583201804585,17.218903303146362,32.77150983954565,2.0556431205921606,12.789164781570435,1410000,2544.2368018627167,16.47872281074524,140,0.028868759
8.564116251625954,100,0.15996837615966797,0.6262197494506836,2.980611801147461,-0.0031882392,61.134175899135734,27.39002434170746,16.55479860305786,33.064706315919096,3.913635573200903,12.49666428565979,1420000,2560.810201406479,15.768185377120972,141,0.0016894436
21.61033943998773,100,0.16305088996887207,0.514251708984375,2.7927112579345703,0.013635155,61.379518640228014,28.41831698379388,15.975982427597046,33.11869169954572,2.135583429216856,12.196160793304443,1430000,2576.819102048874,15.298249244689941,142,0.01901828
16.295681628966186,100,0.17862677574157715,0.688960075378418,2.890186071395874,0.010766075,61.72038680519894,27.696046288953983,17.588022232055664,33.26742355858651,3.180528623758465,13.5061616897583,1440000,2594.4302933216095,16.713371753692627,143,0.0068052276
14.745863231289729,100,0.12336468696594238,0.49637722969055176,2.8442771434783936,-0.00034091796,61.001547931121706,27.53706403289013,15.509463787078857,32.54892397214037,3.348812666173812,11.764209270477295,1450000,2610.003415584564,14.88927936553955,144,0.0031256776
23.095987290487752,100,0.11844587326049805,0.5489637851715088,3.0668764114379883,0.028442683,61.52982571650406,29.079717881599027,17.33012342453003,32.14075278697172,1.8098453044276432,13.215398073196411,1460000,2627.3634283542633,16.646175146102905,145,0.030306512
20.15336867298177,100,0.12700939178466797,0.5221772193908691,2.7742345333099365,0.014979845,61.587998271626056,29.08250393877681,15.391252040863037,32.97879747780079,2.0933996173091676,11.669119119644165,1470000,2642.7841062545776,14.740328073501587,146,0.017988076
6.026291639102187,100,0.13467860221862793,0.6271333694458008,2.8796629905700684,-0.0042121764,61.175654663537564,28.156381720050245,15.752147674560547,33.50515776331295,4.0185435025255805,11.818729877471924,1480000,2658.5688638687134,14.989403247833252,147,0.0017623901
6.262106204945878,100,0.10970211029052734,0.4953751564025879,2.920471668243408,-0.0072349366,61.356223377651986,28.829396151054944,18.59790849685669,33.14760385851912,3.3169313887881384,14.760587692260742,1490000,2677.1920795440674,17.990869522094727,148,0.001582904
22.239343104832297,100,0.16756772994995117,0.7241184711456299,2.832214832305908,0.026083436,61.51904233400845,29.480895452581255,15.882012844085693,33.80761410355306,1.9663389937815499,11.852226257324219,1500000,2693.110962867737,14.95943021774292,149,0.028174007
21.1217320545556,100,0.15443205833435059,0.71567702293396,2.72749400138855,0.020697452,61.731133741213355,29.241418040450426,15.91539478302002,34.01509743553517,2.07579366660003,12.034382343292236,1510000,2709.0564064979553,15.041563034057617,150,0.022372972
21.891134414513633,100,0.1401205062866211,0.5691580772399902,2.8596861362457275,0.016961101,61.98585638300181,29.430476130235128,17.95363473892212,32.92401255758285,1.7852708332029121,14.051538228988647,1520000,2727.0441727638245,17.235079526901245,151,0.01934544
14.41579854894003,100,0.12520551681518555,0.5529553890228271,2.8068552017211914,0.0027603516,61.64262928299303,28.505454306671673,17.902068853378296,32.718458385564354,2.8259031230336946,14.116869449615479,1530000,2744.9953422546387,17.218069553375244,152,0.006884192
19.923214198547488,100,0.12929058074951172,0.4601132869720459,2.9551162719726562,0.016377782,61.65703766863733,28.829135716445393,16.953918933868408,32.767907416014474,2.1403874673402634,13.111968994140625,1540000,2761.9834032058716,16.363993167877197,153,0.017630404
21.20656133165096,100,0.1576390266418457,0.6785707473754883,2.717989206314087,0.007349884,62.196957417768274,29.200572019619614,14.760756254196167,32.27457087246954,1.818779278719298,10.936893701553345,1550000,2776.789181470871,13.921792268753052,154,0.009338518
13.816187601335567,100,0.09971380233764648,0.5454862117767334,2.744971752166748,-0.0005406464,61.81421479061062,28.107001854317804,14.53065824508667,32.429708487743554,3.380573826595364,10.838754892349243,1560000,2791.3367433547974,13.885144233703613,155,0.004567575
22.719843708220452,100,0.15531539916992188,0.5825023651123047,2.924988269805908,0.02300611,61.93163565576944,29.332746865900145,16.134844541549683,32.94460604016275,1.710457535086614,12.200731039047241,1570000,2807.502563714981,15.392401695251465,156,0.025406428
19.54491710478744,100,0.13562679290771484,0.6838586330413818,3.0103819370269775,0.014434468,61.12189907286304,29.18889071554016,16.82483148574829,33.97815001011631,2.2011777441910225,12.707277297973633,1580000,2824.356459379196,16.005058526992798,157,0.016076919
18.864466059870324,100,0.16135692596435547,0.5013229846954346,2.7494940757751465,0.005968787,61.13254148342972,28.905868806425794,15.022103071212769,32.31471207962821,2.2383301968801756,11.339661121368408,1590000,2839.4137024879456,14.356264352798462,158,0.009486081
21.463775570350464,100,0.1193699836730957,0.5139968395233154,2.870242118835449,0.013011141,61.746702490480786,28.950227565621567,14.785060167312622,34.072010467300984,1.9374220976740688,10.951832294464111,1600000,2854.229726076126,14.148234605789185,159,0.013794724
11.842798840817254,100,0.11952519416809082,0.534996747970581,2.8084123134613037,-0.0045599975,62.41825140315019,29.168134127376174,13.799296617507935,33.56764834878568,2.5438712282765867,10.06759524345398,1610000,2868.051668405533,13.141090869903564,160,0.0028256348
15.750088618739698,100,0.11153101921081543,0.6930837631225586,2.868568181991577,0.0032260835,60.94687260544498,28.40886078199311,15.92495608329773,33.92981840745278,2.780683562272143,11.92582893371582,1620000,2884.006446838379,15.110814571380615,161,0.0063619004
6.789949911238719,100,0.117584228515625,0.5780229568481445,2.8233511447906494,0.0026302673,59.12584508986325,27.21826167001052,17.047693014144897,32.50362638114032,4.304591453230963,13.22104787826538,1630000,2901.0827662944794,16.34808659553528,162,0.00593255
16.624042630320556,100,0.12661457061767578,0.6334388256072998,3.180070161819458,0.006358914,59.9510356286331,28.35035023186648,18.212037324905396,32.843580516702175,2.5735012186090462,13.939806461334229,1640000,2919.327491760254,17.450244188308716,163,0.007914304
23.009155818894044,100,0.14770174026489258,0.4964416027069092,3.000497579574585,0.025808373,61.88697614470818,29.58373717480606,17.401973962783813,34.403080451232604,1.904460312730122,13.458415269851685,1650000,2936.7502551078796,16.7572238445282,164,0.025634924
7.56439192410796,100,0.10716080665588379,0.4608438014984131,2.871549606323242,-0.0024139814,61.28334418664306,28.790405396263942,18.301397800445557,32.84291638028294,3.5639122355157737,14.545600652694702,1660000,2955.083342075348,17.732918739318848,165,0.002196056
19.16756377970663,100,0.1341414451599121,0.5434780120849609,2.7017822265625,0.01522106,60.53759019586203,28.478215465120783,14.678770542144775,32.98222245905684,2.2937701522536096,11.027120113372803,1670000,2969.7897667884827,13.99743127822876,166,0.01622737
20.661052407330022,100,0.11501073837280273,0.5260930061340332,2.81929349899292,0.013196948,61.35729318086516,28.68825081602223,17.537025451660156,33.17655301370982,2.0299261828162147,13.769341468811035,1680000,2987.3545212745667,16.895632028579712,167,0.017263567
11.233972857311523,100,0.13214492797851562,0.552527666091919,3.0218913555145264,0.0015905761,60.15421640622818,28.959271935482505,16.57478952407837,33.14670062601306,2.8930668190449667,12.57799506187439,1690000,3003.9615507125854,15.886165857315063,168,0.0033016235
11.83307513872321,100,0.12104058265686035,0.49068212509155273,2.924975633621216,-0.0050613433,61.41558335994006,28.828256114337577,15.40243148803711,34.04898752095457,2.755173656829085,11.560433864593506,1700000,3019.4004662036896,14.789434909820557,169,0.0032875855
15.395317779798418,100,0.1568450927734375,0.6699144840240479,2.785299301147461,0.0019334046,61.37944878243928,28.002539811802972,14.938604354858398,31.931610744781015,3.1837941004596013,11.043137073516846,1710000,3034.3598296642303,14.111263036727905,170,0.003693335
18.98546427140863,100,0.11717581748962402,0.7173347473144531,2.8306195735931396,0.0052389405,62.55145637497503,29.129800407029038,16.174241542816162,33.058834110019525,2.091699790752239,12.205437183380127,1720000,3050.5569338798523,15.333378791809082,171,0.010895581
10.851604520762345,100,0.155928373336792,0.6219172477722168,2.803210735321045,0.001050592,60.41104498760987,27.531076103951026,14.753141164779663,32.56178222086762,4.079478683780942,10.883974552154541,1730000,3065.340913295746,13.971564531326294,172,0.003990337
10.468304503780656,100,0.19133639335632324,0.5465404987335205,2.849675178527832,-0.0034748963,60.69496457037199,27.47071312336028,14.691061019897461,31.839600958524716,4.086294163017456,10.790555953979492,1740000,3080.06561088562,13.9513578414917,173,0.002918814
20.687647999961307,100,0.126953125,0.45075440406799316,2.9638173580169678,0.01373107,62.19658515820347,28.543881163212873,17.342917442321777,32.85796250040608,2.1393503837867454,13.475263118743896,1750000,3097.445775747299,16.764787435531616,174,0.014216256
19.716364074404,100,0.13937020301818848,0.46004366874694824,3.038311719894409,0.011053186,62.13103471825382,28.410987840303868,16.231419801712036,32.990382631518564,2.4500066816927237,12.282986879348755,1760000,3113.7027168273926,15.62734842300415,175,0.013199701
11.469821038568357,100,0.11833977699279785,0.5218777656555176,2.8987438678741455,-0.004410707,62.30799643740166,28.998730096443833,17.101061582565308,32.85758348206678,3.1399927403424557,13.275123357772827,1770000,3130.836971759796,16.45894145965576,176,0.0020429024
11.43997014998541,100,0.13878917694091797,0.5460677146911621,2.9294910430908203,0.004776931,61.97904141664004,28.345124228116102,17.368499994277954,33.469763402774056,3.74864139810369,13.446022510528564,1780000,3148.2310638427734,16.67595410346985,177,0.0065841605
6.808435345693773,100,0.14404511451721191,0.650536060333252,2.8551533222198486,-0.0021612986,62.95835176891624,28.2548455379537,16.963931798934937,33.1259006540331,3.622026950453699,12.985740423202515,1790000,3165.2237508296967,16.16853928565979,178,0.002320041
12.12578942219415,100,0.1377875804901123,0.44893312454223633,2.850083351135254,-0.0020680176,63.2935237202099,29.132711150117984,14.693022727966309,33.89742259580568,2.5029924487576016,10.986103773117065,1800000,3179.9463381767273,14.105684757232666,179,0.0012141418
23.98130220152352,100,0.10244154930114746,0.5529088973999023,2.8553383350372314,0.017885178,63.508818090637135,29.820428431359474,18.79428458213806,33.86893856087868,1.7606144546341995,14.956194639205933,1810000,3198.7656767368317,18.138424158096313,180,0.023026627
18.351743341807076,100,0.16338253021240234,0.48981690406799316,2.9540278911590576,0.0019742218,63.78978379488532,29.349531816069266,16.884364366531372,33.6028035937135,2.3020819933996233,12.944453716278076,1820000,3215.682035446167,16.22935390472412,181,0.00495076
9.484653893260377,100,0.15839028358459473,0.5710985660552979,2.7338662147521973,-0.0019001098,62.423322677726176,28.377634666102203,14.177699089050293,32.88840600170495,3.5287511690199573,10.419007778167725,1830000,3229.878469467163,13.447239398956299,182,0.0016229126
25.77187903950123,100,0.1209719181060791,0.4597461223602295,2.777733564376831,0.025824603,62.499056804895716,30.307992782363332,16.34963083267212,33.36375853486931,1.603172637806101,12.705396890640259,1840000,3246.2535536289215,15.765753984451294,183,0.029578136
11.442295170872145,100,0.14167213439941406,0.4898970127105713,2.8986010551452637,-0.0043175276,63.34390870471034,28.924641514464145,15.408880472183228,33.120642109184864,3.302551103521316,11.611025094985962,1850000,3261.703156709671,14.776428461074829,184,0.0012262283
16.968134971270096,100,0.08800411224365234,0.5018415451049805,2.837425947189331,-0.00077220384,63.78366092421298,29.417276302570844,15.030933380126953,33.09627411270557,2.1427246039833654,11.315252542495728,1860000,3276.75403881073,14.43270754814148,185,0.0048827883
8.087542037404143,100,0.13381266593933105,0.6087675094604492,2.831287145614624,-0.007548213,64.07558104229405,29.2829209211987,16.59723973274231,34.26365031924822,2.834860213430726,12.736596584320068,1870000,3293.3753051757812,15.84503698348999,186,0.00075193023
21.97413901881824,100,0.12316203117370605,0.4563920497894287,2.8030946254730225,0.020347888,62.68337073538152,29.49677156189556,16.588988780975342,33.84231859331198,1.9769872597204663,12.893454551696777,1880000,3309.995404481888,16.007227659225464,187,0.02241062
26.283245578373513,100,0.10219144821166992,0.5156962871551514,2.888658285140991,0.01627574,63.719279574148395,30.291812471186027,16.120723724365234,34.17942047052906,1.6895797053417692,12.268984317779541,1890000,3326.137192964554,15.493129968643188,188,0.019644806
23.627419826598672,100,0.16416168212890625,0.629023551940918,2.7615749835968018,0.010344714,63.992058838557824,29.878157039303865,16.104928016662598,33.18592480195011,1.8974074935434913,12.239064455032349,1900000,3342.2753624916077,15.304251909255981,189,0.014896576
13.138617221377446,100,0.18924522399902344,0.6337437629699707,2.9122138023376465,-0.0033176849,64.110395760418,29.29476187293269,16.5291428565979,33.06106549118695,2.9064439326537532,12.47643518447876,1910000,3358.836496591568,15.705893278121948,190,0.0013729004
25.320787354896297,100,0.15252208709716797,0.4693746566772461,2.869457483291626,0.023111584,63.366088653807864,29.84121717928213,17.78739047050476,34.48054502041891,1.5532386537804044,14.010023355484009,1920000,3376.6835901737213,17.162867307662964,191,0.025275074
9.350767516041639,100,0.1574544906616211,0.5673632621765137,2.93497633934021,-0.0024572082,63.35639256643616,28.854979717753334,16.92186713218689,33.00382092709218,3.420163746954163,12.949532270431519,1930000,3393.6375143527985,16.190635442733765,192,0.0012630798
11.33558822238216,100,0.10262751579284668,0.5712027549743652,2.8753936290740967,-0.010214777,63.32500473422513,29.57840191526486,15.246414422988892,33.40264785775284,2.770504845187473,11.42350149154663,1940000,3408.9040384292603,14.570322513580322,193,0.0014863343
22.817650617287203,100,0.14198565483093262,0.5639331340789795,3.0087735652923584,0.020724047,60.55516353704874,29.258521714653803,16.924124717712402,33.24002083419228,2.037669887044337,12.891936302185059,1950000,3425.8625972270966,16.21661353111267,194,0.02765217
19.23733855823566,100,0.2462937831878662,0.6211605072021484,2.9862594604492188,0.00558454,63.56402068059255,29.30851220246102,16.157352685928345,32.42517680183064,2.1082692820204474,11.994563341140747,1960000,3442.044098854065,15.28813362121582,195,0.007995099
16.684973232163266,100,0.1318807601928711,0.4603145122528076,3.0450496673583984,0.0020405853,63.21570927870028,28.305020778033,18.935247659683228,32.43408991247834,2.9846655253429595,14.996104001998901,1970000,3461.006302833557,18.34264302253723,196,0.0037141235
16.821024378320857,100,0.11111187934875488,0.5135228633880615,2.8768205642700195,0.00032957154,62.94589495640075,28.624547345918543,17.057138442993164,32.59985279896163,2.8309288367032286,13.218403100967407,1980000,3478.0826394557953,16.432173490524292,197,0.006078046
23.50470753371911,100,0.09223246574401855,0.5585556030273438,2.962217330932617,0.018911636,62.72112831553599,29.84897480019765,17.403183460235596,33.928836975186606,1.7393203410787972,13.463327169418335,1990000,3495.516077041626,16.748907566070557,198,0.023860184
26.224657421061185,100,0.1402418613433838,0.5731406211853027,2.894719362258911,0.02879703,63.554621311411275,30.1633997036002,16.997714042663574,32.53124835042529,1.3699317360986494,13.073808193206787,2000000,3512.541911840439,16.283989667892456,199,0.03222674
17.534209719660595,100,0.13503217697143555,0.6484241485595703,2.731854200363159,0.006148416,64.11925774164224,28.945959358196106,14.44598913192749,33.239646720142005,2.4853189201477854,10.657373189926147,2010000,3527.0086154937744,13.662057638168335,200,0.009121371
23.64085239152152,100,0.14331865310668945,0.5609025955200195,3.0481104850769043,0.011478125,64.12758786172952,29.589598469075046,16.914918899536133,33.211063611995556,2.0582408116395445,12.822057008743286,2020000,3543.9453716278076,16.195056676864624,201,0.01334069
20.621671097737106,100,0.12642908096313477,0.5298917293548584,2.8777806758880615,0.011494246,63.82797742706131,29.463962756699726,15.287292957305908,32.81752445896968,2.226602934625345,11.468332290649414,2030000,3559.258987426758,14.630560398101807,202,0.012159201
20.487601221485985,100,0.061860084533691406,0.5708904266357422,2.770773410797119,0.006416419,64.37428946606664,29.66112986546688,16.25798225402832,32.38643829561667,1.6824503140680585,12.561605453491211,2040000,3575.544781446457,15.622299909591675,203,0.010699009
8.68356954518427,100,0.1176605224609375,0.5564215183258057,2.6701557636260986,-0.0025567017,64.12907828330292,28.11682374469113,14.984469652175903,32.53228658067264,3.2023614785943164,11.360141038894653,2050000,3590.550806045532,14.305186748504639,204,0.0021853393
24.03459432954249,100,0.1218416690826416,0.5743343830108643,2.8816983699798584,0.013737938,64.71366480438371,29.77545255754852,16.634124279022217,33.604901445307156,1.8520056691506483,12.778497219085693,2060000,3607.212676525116,15.934756755828857,205,0.016824685
11.236187070389398,100,0.13151907920837402,0.5489811897277832,2.948991060256958,-0.002239441,64.58639655862149,29.38583592649018,17.751033544540405,33.44839116869844,2.7472773444005743,13.782598972320557,2070000,3625.000346660614,17.063305139541626,206,0.0020781006
6.829743301658217,100,0.10912156105041504,0.5877985954284668,2.6480658054351807,-0.007547424,62.00125566888915,27.779061835280228,15.27265477180481,32.92056708379006,5.494309067202554,11.622604370117188,2080000,3640.3018057346344,14.575242519378662,207,0.0015961548
25.573126425317266,100,0.13194036483764648,0.670567512512207,2.7660341262817383,0.030664902,63.13845929250886,30.59923339036725,15.570322036743164,33.60742808941702,1.5124040391678732,11.698595523834229,2090000,3655.8949172496796,14.767313003540039,208,0.035889536
18.450748672379877,100,0.12764477729797363,0.5183484554290771,2.8298587799072266,0.0090782475,64.43913136087613,29.90203181559053,16.40978240966797,33.54533193164928,2.0551581219863246,12.649773359298706,2100000,3672.416605949402,15.763489723205566,209,0.012416187
5.24335054763,100,0.15343379974365234,0.5398962497711182,2.843989849090576,0.0020132316,61.2899553296619,26.74490374800093,15.413512468338013,33.956792443855136,5.278281486184174,11.584392786026001,2110000,3687.856840133667,14.719533681869507,210,0.0071114074
25.783679883452844,100,0.10516190528869629,0.6016175746917725,2.820338010787964,0.0202507,64.47037284156572,30.14979396187063,15.346781015396118,34.2667392701783,1.6092164511111453,11.520021200180054,2120000,3703.269710302353,14.634694814682007,211,0.024125466
7.624203575808115,100,0.13439154624938965,0.5171468257904053,2.823547124862671,-0.0077393847,64.94973722518506,29.254604296953268,14.085458040237427,33.61801951279185,3.3886462451490824,10.261332750320435,2130000,3717.3950135707855,13.432540655136108,212,0.00067448424
20.42970769994701,100,0.09529447555541992,0.43598461151123047,2.7996931076049805,0.008901446,64.48562537187296,29.016327410616313,14.677502870559692,32.91303891577181,2.54063989289721,11.062745809555054,2140000,3732.0938625335693,14.144195795059204,213,0.009832251
20.319066214115388,100,0.036278486251831055,0.4226510524749756,2.8080861568450928,0.009424762,64.96903331719119,30.05644581086151,12.823205709457397,33.639598101232345,2.0708310391509284,9.282498598098755,2150000,3744.9389097690582,12.363356351852417,214,0.012286029
10.442025606296788,100,0.0689551830291748,0.3252732753753662,2.776231527328491,-0.002481897,63.79873025815269,28.515823485581855,10.47836422920227,33.57119652628641,4.181362163804157,7.0237836837768555,2160000,3755.4368345737457,10.074873924255371,215,0.0014712159
18.63365759212566,100,0.06550288200378418,0.4037787914276123,2.645925998687744,0.0023312347,64.21631580335018,29.7596205792348,9.09367823600769,34.37358339514869,2.5130600878615605,5.717813730239868,2170000,3764.5487270355225,8.612422227859497,216,0.006085527
18.983246730487053,100,0.09419798851013184,0.39621806144714355,2.6004135608673096,0.0020116088,64.37959887204494,29.445848628302304,9.063928365707397,34.27612428318341,2.559514771614841,5.7176642417907715,2180000,3773.6282889842987,8.573259353637695,217,0.00400932
16.91817660801757,100,0.09317803382873535,0.3237948417663574,2.6236155033111572,-0.0023469909,64.32230262375624,29.329364125595756,9.060704946517944,33.587712670952016,2.534301049274712,5.765125274658203,2190000,3782.715761423111,8.64323377609253,218,0.00425997
17.86148942281487,100,0.05586981773376465,0.3193478584289551,2.6765241622924805,0.0007767685,62.73975967855312,29.798909345629035,9.092767000198364,33.487861035160535,2.216019974774642,5.784470081329346,2200000,3791.832090854645,8.715329647064209,219,0.004443602
22.78128063957106,100,0.03548479080200195,0.3911285400390625,2.70973539352417,0.019193156,62.69869741520016,29.942475427402076,9.104091882705688,33.31774707825704,1.7971891631099652,5.702603101730347,2210000,3800.952672481537,8.677061080932617,220,0.019032469
23.62721504274918,100,0.1108238697052002,0.4056220054626465,2.6528916358947754,0.016445577,62.87033070490324,30.30094158281026,9.141747951507568,34.01614522021941,1.6924166121370323,5.719618797302246,2220000,3810.115294456482,8.62485957145691,221,0.019371655
19.584351600690475,100,0.09766364097595215,0.2984485626220703,2.6776397228240967,0.005086957,63.349064663252626,28.976920016544586,9.204694509506226,32.66945391915313,2.326522141330267,5.8801116943359375,2230000,3819.339618206024,8.803907632827759,222,0.010251367
21.44749584797087,100,0.09677243232727051,0.296802282333374,2.656982898712158,0.005090326,64.13752000458044,29.506551024114124,9.206918954849243,32.82111784955879,1.9921937395041664,5.911784410476685,2240000,3828.5625262260437,8.813090085983276,223,0.009483032
12.29902260466945,100,0.061118125915527344,0.3145174980163574,2.6437771320343018,-0.002014015,62.45710262945617,28.038525857372743,9.031055450439453,32.11047013383317,3.7391984879147384,5.753186225891113,2250000,3837.6121146678925,8.652110815048218,224,0.0027579437
19.946261902385043,100,0.06433272361755371,0.3212764263153076,2.7285685539245605,0.0011968155,63.85639911219296,29.37399205437633,9.19316029548645,33.28653024807097,1.9936480858653087,5.818981409072876,2260000,3846.823388338089,8.802408218383789,225,0.006960716
16.680717449293493,100,0.07358884811401367,0.30924510955810547,2.6391406059265137,-0.0077053835,63.66520835576901,29.22477358630132,9.184305191040039,33.71064431035979,2.534967500275716,5.918366432189941,2270000,3856.0260145664215,8.799773216247559,226,0.0019718017
21.637788098392424,100,0.06739401817321777,0.3007082939147949,2.6850147247314453,0.00055633544,63.46562585510612,29.86035168551497,9.221451044082642,32.67867048025385,1.7062381734495207,5.912759065628052,2280000,3865.2648537158966,8.85245132446289,227,0.0029645446
25.07195421992268,100,0.06310224533081055,0.36800622940063477,2.7365176677703857,0.032312352,63.55938806158179,30.532025038578336,9.224035501480103,33.29812608981299,1.5280151983071093,5.765395641326904,2290000,3874.5073895454407,8.792630672454834,228,0.02098083
23.867410973880606,100,0.06922769546508789,0.3093290328979492,2.6946961879730225,0.020898398,64.11464084429349,30.030404798853475,9.22752332687378,34.28958805232586,1.8555659818665227,5.907339334487915,2300000,3883.7588155269623,8.848469018936157,229,0.023301061
10.700415221433039,100,0.0361480712890625,0.324657678604126,2.6615350246429443,0.0057086,63.41751935612853,27.86850258665473,9.097359895706177,33.71501647832165,4.380306791849459,5.827496767044067,2310000,3892.875032186508,8.736193180084229,230,0.0046883994
20.763273908139364,100,0.03424358367919922,0.33535051345825195,2.674518585205078,0.0068036406,65.5092121522484,29.317415226137097,9.097419738769531,33.26314225027536,2.2149755659208514,5.794591188430786,2320000,3901.9923193454742,8.727467060089111,231,0.00633082
11.930069004729788,100,0.0710597038269043,0.4230060577392578,2.6440234184265137,-0.002161084,64.91208882799361,28.705326537716036,9.001085758209229,33.64012653131645,3.1829338624839716,5.6062867641448975,2330000,3911.011999607086,8.506687641143799,232,0.0022549622
14.403789031386,100,0.05370020866394043,0.3386843204498291,2.6231682300567627,0.0024176391,64.54046709483207,28.89194974910181,9.129980564117432,33.61047528435007,2.885405427005437,5.850369930267334,2340000,3920.1609992980957,8.731242656707764,233,0.00668952
12.631004927194171,100,0.061337947845458984,0.3180961608886719,2.62754487991333,-0.0045658327,64.12230898882629,28.448775837725993,9.249739170074463,33.68159417922092,3.47442033514044,5.97344970703125,2350000,3929.4295625686646,8.866403341293335,234,0.0034625367
25.53105313291875,100,0.061568260192871094,0.35683417320251465,2.690537691116333,0.02437671,64.44517051124994,30.326841268931684,9.199100732803345,34.49910215101718,1.6826872196331646,5.827959060668945,2360000,3938.6477432250977,8.778505086898804,235,0.027122192
17.368347113662583,100,0.07070446014404297,0.44745659828186035,2.7076876163482666,3.4729004e-05,64.93287545756925,29.518949035119284,9.415442705154419,33.424373309570214,2.4163769288712453,5.9412336349487305,2370000,3948.086442708969,8.89685583114624,236,0.0025754638
26.630709912692495,100,0.12180876731872559,0.33495473861694336,2.633881092071533,0.019949326,65.23295714545056,30.347081662596853,9.118521451950073,33.46222882614757,1.4153726651539236,5.781712532043457,2380000,3957.229348421097,8.661396265029907,237,0.02331261
13.184161782311438,100,0.07428097724914551,0.3130917549133301,2.7101809978485107,-0.002221068,63.91533079465623,28.39335241064716,9.241017580032349,33.93850050684785,3.7662913199178214,5.895831108093262,2390000,3966.4910056591034,8.852713108062744,238,0.0028220336
13.586330928877695,100,0.06276679039001465,0.2972733974456787,2.5905323028564453,0.008726474,61.796197537463705,26.66972824262578,9.136537075042725,32.12710139809215,4.26413009774503,5.931695461273193,2400000,3975.646593093872,8.770602703094482,239,0.011705119
10.305590402931207,100,0.11323070526123047,0.2883946895599365,2.6705517768859863,-0.0054637757,64.3318061098283,28.743062991290667,8.898548603057861,33.711951998542354,3.4192237491521493,5.583065748214722,2410000,3984.5628430843353,8.496504783630371,240,0.0010235229
18.58103450183691,100,0.13736462593078613,0.43209123611450195,2.6408560276031494,0.003597136,64.83253388108578,29.365812042873973,9.23104476928711,32.60040890065704,2.0793871807363815,5.776614189147949,2420000,3993.8126645088196,8.661264181137085,241,0.006566455
7.866367536338591,100,0.07989645004272461,0.40073394775390625,2.6450488567352295,-0.0048499694,64.41357676857594,28.73077380334509,9.130240678787231,32.811970642852856,3.9904875745088124,5.751891613006592,2430000,4002.9602723121643,8.649187088012695,242,0.002170117
21.571835276529374,100,0.08467674255371094,0.35873889923095703,2.6101508140563965,0.009471606,65.84494654385797,29.81784672938518,8.890934228897095,33.24433036020679,2.157409895499647,5.597995758056641,2440000,4011.8798961639404,8.447296380996704,243,0.0106528625
11.20293463995431,100,0.07122325897216797,0.3509805202484131,2.6189281940460205,-0.0020028972,65.25608765200849,29.407636110721146,9.163664817810059,34.04873183661818,2.8593070602844057,5.8745276927948,2450000,4021.0644483566284,8.740923404693604,244,0.003609662
26.975233844469535,100,0.10753035545349121,0.31720399856567383,2.6584932804107666,0.02322892,65.44381119896971,30.281703239551426,9.172536373138428,33.60897686956585,1.5795779084980437,5.8203980922698975,2460000,4030.2590153217316,8.747541427612305,245,0.023434287
19.0192105970918,100,0.08824396133422852,0.3861253261566162,2.6875486373901367,-0.00033312073,65.4807832547871,29.78429554363915,9.250452518463135,33.412204292597,2.1892937922429434,5.798991680145264,2470000,4039.5427856445312,8.764867305755615,246,0.0052210847
18.335724415231446,100,0.0551300048828125,0.3257153034210205,2.588063955307007,-0.0030379577,65.54932034730496,30.03658953440194,9.152357578277588,34.278324019844376,2.373160625947445,5.92964768409729,2480000,4048.7141721248627,8.770941734313965,247,0.0023409058
24.821293414955665,100,0.06097579002380371,0.331251859664917,2.626552104949951,0.022765119,65.79618162307298,30.160274531231448,9.039778470993042,33.728962762428644,1.844860331599265,5.767215967178345,2490000,4057.795648574829,8.646692514419556,248,0.026367502
13.29859625580777,100,0.04263591766357422,0.31497955322265625,2.5954549312591553,0.0014052534,64.54793947037986,29.00628565374388,9.078734397888184,33.06125276310515,3.1329465499199443,5.866008043289185,2500000,4066.8920073509216,8.72055983543396,249,0.0058960468
11.668963179556973,100,0.06093478202819824,0.3139939308166504,2.658933162689209,-0.0053633605,65.47279329823824,29.43801368744005,9.256134986877441,33.1624074887941,2.6193270594534677,5.968811273574829,2510000,4076.1656165122986,8.875973224639893,250,0.001064624
19.465543539611943,100,0.09953498840332031,0.42383670806884766,2.6314218044281006,-0.0013306458,65.79426225623091,29.543666588819697,9.08461618423462,33.970453073812905,2.4695295284122074,5.678925275802612,2520000,4085.268477201462,8.561020374298096,251,0.004769116
19.375851374306258,100,0.05822587013244629,0.3110237121582031,2.700019359588623,0.0030227783,66.27225497704025,29.77128525119624,9.073335886001587,33.27431866011783,1.8711666147738677,5.738681077957153,2530000,4094.362021923065,8.695520877838135,252,0.0062716734
23.352812132211437,100,0.05871295928955078,0.3126082420349121,2.61610746383667,0.0030244018,66.12017416389112,29.909382501787764,8.950099468231201,33.92186008023411,1.8322699732117649,5.70688796043396,2540000,4103.3301866054535,8.57852578163147,253,0.010812046
17.959553975857823,100,0.06098222732543945,0.37797069549560547,2.6478610038757324,0.003804297,65.5997219750385,29.345042492194224,9.100607633590698,33.52709828788676,2.721629365946836,5.741119146347046,2550000,4112.4474329948425,8.655574083328247,254,0.0054134643
11.492591403134526,100,0.07777667045593262,0.3378567695617676,2.656968593597412,-0.0019346557,63.94459398989005,28.22509849218725,9.095622539520264,33.700840565460624,4.050173670086463,5.77014684677124,2560000,4121.56725859642,8.679516077041626,255,0.0035316253
12.13746288565677,100,0.09933114051818848,0.3110795021057129,2.6017191410064697,-0.0030395798,65.40766380570777,29.812702515219062,9.21800422668457,34.12712895469068,3.0893490226441376,5.9605796337127686,2570000,4130.801856517792,8.807275295257568,256,0.00063189695
23.498853502176086,100,0.09265899658203125,0.30893516540527344,2.655404567718506,0.014013486,65.35695249981016,29.834875136503637,9.254240274429321,33.60484321380435,1.9452365711470117,5.934459209442139,2580000,4140.073611736298,8.852272510528564,257,0.01715548
23.881808494316367,100,0.04269528388977051,0.3084540367126465,2.6103601455688477,0.020229511,65.49836511576594,29.679655366945948,9.059438943862915,33.384090626048554,1.9115935813577543,5.850572824478149,2590000,4149.149475097656,8.70773983001709,258,0.02183319
13.584397774212595,100,0.1352696418762207,0.31429290771484375,2.6317760944366455,-0.0074820677,64.12350475685963,28.509109878398974,9.17493486404419,33.78577456014618,3.466005354728733,5.8391993045806885,2600000,4158.342214822769,8.724560976028442,259,0.002050705
26.28664410120668,100,0.10290002822875977,0.3036818504333496,2.6719493865966797,0.025772687,66.24749894129371,30.4028833101988,9.312421321868896,33.30636096871163,1.5506693100748412,5.974354982376099,2610000,4167.672693729401,8.905434370040894,260,0.029024888
20.486519183034947,100,0.11457085609436035,0.3419013023376465,2.6638872623443604,0.007308838,66.08022701085788,30.00900541121985,9.066418886184692,34.091568108471606,1.9779971386863215,5.69636082649231,2620000,4176.757489442825,8.609639167785645,261,0.00868952
21.258131946354112,100,0.09462165832519531,0.49137067794799805,2.6709954738616943,0.0032534401,65.76096228862752,30.133183314486324,9.208383321762085,33.363302787484635,1.7132955344233205,5.702571868896484,2630000,4185.9836802482605,8.62090539932251,262,0.0096968515
10.335821434845158,100,0.0833280086517334,0.3301656246185303,2.62641978263855,-0.0019161071,65.92195725894823,29.20904692402416,9.154869318008423,32.98519540973372,2.879843926235187,5.865155220031738,2640000,4195.156352758408,8.741074562072754,263,0.0022641052
13.576182709374939,100,0.07831859588623047,0.3814990520477295,2.588991641998291,-0.0063141966,65.42768594488639,28.912091719711054,8.880806684494019,33.59213793099326,3.5748401406784684,5.591566562652588,2650000,4204.05597448349,8.420647144317627,264,0.0018045167
11.297662806244654,100,0.12011337280273438,0.4747433662414551,2.6953094005584717,-0.0068849,65.57594820291338,29.654175308667845,9.27297043800354,33.48588360365779,2.856193872436094,5.733211040496826,2660000,4213.3489871025085,8.675750970840454,265,0.0024244294
27.656954827432187,100,0.12193441390991211,0.39765000343322754,2.6933465003967285,0.029216882,63.77117107585189,31.04680141259464,9.230108499526978,34.02093406240157,1.4681980492973068,5.7712836265563965,2670000,4222.598311185837,8.710211515426636,266,0.03255025
26.896829015866523,100,0.06388330459594727,0.39294004440307617,2.696638822555542,0.018358225,64.92738823165314,30.64068673682285,9.169273853302002,35.107292150316695,1.4500978557868078,5.753562688827515,2680000,4231.787877321243,8.71054482460022,267,0.022079632
19.88143781194808,100,0.06417012214660645,0.31478381156921387,2.640693187713623,-0.00079325563,65.69994478332038,30.210261672367416,9.080929040908813,34.087589672987434,2.16026878043729,5.808443307876587,2690000,4240.888781785965,8.69703483581543,268,0.004232526
26.38575822380551,100,0.10703802108764648,0.30043816566467285,2.699838161468506,0.017458236,65.1025515602579,30.35274835063833,9.045499324798584,33.433788190702806,1.7029630964952343,5.6958277225494385,2700000,4249.960057973862,8.637079000473022,269,0.022749674
16.156151198839755,100,0.06386423110961914,0.30707383155822754,2.6407744884490967,-0.0022004943,65.74961330104723,29.75651486796627,9.173285484313965,34.55784659915897,2.668047912099022,5.897895336151123,2710000,4259.1533715724945,8.797574520111084,270,0.0036069152
17.4018048093467,100,0.09426403045654297,0.3070027828216553,2.628119468688965,-0.002203003,65.71187472833479,28.603925976328686,9.149873495101929,33.49443790247193,3.1151880614613225,5.8476667404174805,2720000,4268.321075201035,8.746102333068848,271,0.004226571
9.663696672104223,100,0.08863162994384766,0.30558013916015625,2.6114466190338135,-0.0045562075,65.04054953090655,28.425246474250745,8.995123624801636,33.08480513105785,3.6887355649972715,5.740691900253296,2730000,4277.3348932266235,8.600593566894531,272,0.0029077332
27.105481370237513,100,0.05898714065551758,0.29322147369384766,2.6738433837890625,0.025180163,65.50062055982599,30.706640754220743,9.258088827133179,34.40606873396813,1.641787922593068,5.984158039093018,2740000,4286.61158490181,8.90562391281128,273,0.028508198
16.35496409176794,100,0.03618025779724121,0.36562037467956543,2.4972705841064453,-0.00887005,65.79724073728077,29.990719478353448,8.22752332687378,34.53881464861042,2.1292908575591944,5.0883567333221436,2750000,4294.856927871704,7.825453996658325,274,0.0025725982
22.626957751418477,100,0.040607452392578125,0.27871155738830566,2.3543715476989746,0.015508886,65.61747689516652,30.37345109278551,7.628580331802368,33.0761106121018,1.7248716444487293,4.736533164978027,2760000,4302.5057537555695,7.309016466140747,275,0.019519227
13.3313943450755,100,0.05992460250854492,0.26491546630859375,2.3744795322418213,-0.0033692112,65.41804622471416,29.646308390353447,7.736138820648193,33.71031982404148,2.8181607745480797,4.815667629241943,2770000,4310.260342359543,7.411032199859619,276,0.00068182795
23.129851582896162,100,0.03713583946228027,0.2694382667541504,2.3753037452697754,0.015746797,66.21112334650559,30.402036476433295,7.706049919128418,34.39566064630135,1.923767524266537,4.7930262088775635,2780000,4317.985582590103,7.399219512939453,277,0.019904714
27.722214153954795,100,0.09386038780212402,0.2603640556335449,2.3558294773101807,0.01426824,66.24039063639269,30.590657977339458,7.692655324935913,33.78069611378604,1.4500534626728692,4.75069522857666,2790000,4325.69530081749,7.335891008377075,278,0.020669999
7.819942952286496,100,0.06879138946533203,0.26118969917297363,2.3459925651550293,0.011388509,62.23082011460574,26.842430310757504,7.63468861579895,34.07077916303674,5.202394862886506,4.729677438735962,2800000,4333.348521232605,7.304482460021973,279,0.013474341
14.083302859758712,100,0.033370256423950195,0.2650187015533447,2.361616373062134,0.0010933594,65.18878250231042,28.834669464038186,7.609630346298218,34.144878967225516,3.3342959029420998,4.727219104766846,2810000,4340.9757516384125,7.3110082149505615,280,0.0042270874
19.90438661165122,100,0.06401968002319336,0.24781560897827148,2.335458755493164,-0.0039853468,66.56808280894093,30.018568324308394,7.591822862625122,33.821226423722614,2.6651256537784564,4.720679759979248,2820000,4348.5835654735565,7.272716999053955,281,0.0033337632
24.16287456683047,100,0.05438423156738281,0.26306748390197754,2.4361720085144043,0.00920077,66.25477157236436,30.52309839912267,7.740895986557007,33.812483528498234,2.0626506548977113,4.758134841918945,2830000,4356.340702295303,7.423085451126099,282,0.011731915
27.781285297634042,100,0.03368210792541504,0.2748551368713379,2.422445774078369,0.013352666,66.67897971817804,30.755572182869663,7.768394231796265,33.99895033138292,1.5787229415742468,4.806687355041504,2840000,4364.126671075821,7.459642648696899,283,0.020255694
10.387262370806146,100,0.03685808181762695,0.28386497497558594,2.39866304397583,-0.0022278298,64.58279291075138,28.73605630160315,7.695451736450195,34.053052897955475,4.324293006328075,4.73388671875,2850000,4371.838822603226,7.3745057582855225,284,0.0037697295
20.740230800025508,100,0.09864139556884766,0.25083279609680176,2.465975046157837,-0.00033556213,66.24420587790401,29.975580356462316,7.80811333656311,35.124607661655865,2.2603592850191982,4.765815496444702,2860000,4379.663691520691,7.458429336547852,285,0.0076796035
18.394753255459353,100,0.06528377532958984,0.2627861499786377,2.454190969467163,-0.0017790039,65.82859348060731,29.882285947938023,7.825592994689941,33.70744989616031,2.4420673585111836,4.812660455703735,2870000,4387.504706859589,7.4972984790802,286,0.002613391
23.694794128615683,100,0.03680896759033203,0.26506781578063965,2.4555835723876953,0.017280584,66.20458771398712,30.172487185426785,7.757945775985718,33.75057069659083,1.6865351183881412,4.7696826457977295,2880000,4395.280527830124,7.455804109573364,287,0.017565314
23.952496660618287,100,0.06347346305847168,0.2571220397949219,2.4502415657043457,0.009605941,66.29480290473376,30.505715146265892,7.769291400909424,33.79896866660627,1.7029093690953339,4.763209342956543,2890000,4403.068936109543,7.448452949523926,288,0.016312057
14.791619000044923,100,0.03994297981262207,0.2942781448364258,2.432396173477173,-0.0032428573,66.58564808028628,29.521322584497206,7.782023906707764,33.9422255599618,2.8995913918742255,4.769765138626099,2900000,4410.867373466492,7.447412014007568,289,0.0018482758
15.385977307904996,100,0.07165145874023438,0.3561131954193115,2.429396629333496,0.00079371186,65.19014785435277,28.66103910743571,7.897806167602539,32.77555330401598,3.461357661504803,4.806876182556152,2910000,4418.782553195953,7.469790458679199,290,0.005535717
21.246937374799412,100,0.0412595272064209,0.3373284339904785,2.423731565475464,0.0034132567,65.29582839172708,30.33201536587346,7.669926643371582,33.7236824572555,2.08589949070564,4.636767625808716,2920000,4426.469192028046,7.2909440994262695,291,0.009846735
22.181669076690348,100,0.034482717514038086,0.35315775871276855,2.3841073513031006,0.0041365693,65.79379541276086,29.765379977277327,7.52227520942688,33.950040117970644,2.0593550874070297,4.519657611846924,2930000,4434.009196519852,7.134370565414429,292,0.0063887327
10.02310582681582,100,0.04185795783996582,0.36734437942504883,2.411426305770874,-0.0015489563,64.35986880576985,28.583093260763654,7.658125638961792,34.74234262638958,3.983430589399598,4.607184648513794,2940000,4441.688431978226,7.248702764511108,293,0.0048085935
24.196907621125497,100,0.034349679946899414,0.29767775535583496,2.3912465572357178,0.012169797,65.62037709146419,30.533799962580325,7.47504997253418,34.561364060676276,1.64162413638532,4.5149147510528564,2950000,4449.18226981163,7.142641067504883,294,0.014413181
19.62178643960114,100,0.032816410064697266,0.25161147117614746,2.400550127029419,-0.0038460083,66.06481879677709,29.957684235896707,7.475479602813721,33.0448864603783,2.4199532985356775,4.563041925430298,2960000,4456.676734209061,7.190567255020142,295,0.004800415
18.577966137762864,100,0.03774881362915039,0.234130859375,2.422820806503296,0.0012162231,66.47813970812018,30.19179273738851,7.584629774093628,34.060254992709844,1.94478751196102,4.659435510635376,2970000,4464.276269674301,7.312512397766113,296,0.0042455047
25.14567485093151,100,0.028323888778686523,0.23868632316589355,2.466334581375122,0.01221887,65.60944318860487,30.398528133749693,7.551232814788818,33.90156434012524,1.8600425363040485,4.582261085510254,2980000,4471.843733787537,7.283994197845459,297,0.016724296
12.495156048000052,100,0.03776717185974121,0.2307891845703125,2.417078733444214,-0.009172891,65.66806128081595,29.607205877348324,7.536252498626709,33.8025128226552,2.895418386606276,4.594369888305664,2990000,4479.3945553302765,7.267444372177124,298,0.00036304322
22.82101919020743,100,0.05050778388977051,0.20793724060058594,2.567326784133911,0.0040215515,62.93685809446637,30.33638877342703,7.856741666793823,33.69971162894358,1.9298139088977488,4.787619590759277,3000000,4487.26534485817,7.597923755645752,299,0.0076369448
