Time,train-AverageDiscountedReturn,Itr,train-AverageReturn,train-EnvExecTime,train-StdReturn,train-NumTrajs,Time-Sampling,train-MaxReturn,ItrTime,Time-SampleProc,LossAfter,Time-Optimization,train-PolicyExecTime,n_timesteps,LossBefore,train-MinReturn
9.07815432548523,-2.6817044995236534,0,-2.5118964311855665,2.644195556640625,4.0848657372475,100,8.51205563545227,7.838910165792728,9.07815146446228,0.1101372241973877,-0.08264591,0.45560336112976074,5.628159523010254,10000,-0.003384259,-10.208723582408554
18.514206647872925,-8.11949398164918,1,-6.168569874063667,2.815714120864868,4.459692085583783,100,8.840550661087036,6.962830143292108,9.365397214889526,0.09492015838623047,-0.05699564,0.42969727516174316,5.778826475143433,20000,-0.005556323,-13.810115368307851
28.06423854827881,-18.27866419794349,2,-12.673829866334625,2.979051113128662,1.882886460216326,100,9.141807079315186,-7.80022002399611,9.528015851974487,0.0627899169921875,-0.1320725,0.32320618629455566,5.906168460845947,30000,0.015503958,-17.031420450105387
37.58137607574463,-18.213366898462233,3,-12.58921829414242,2.868605136871338,2.187760567573927,100,9.01746654510498,-1.7025304175196478,9.495910167694092,0.07784414291381836,-0.13758574,0.40035128593444824,5.902871131896973,40000,0.008377453,-16.393878203680167
47.00626468658447,-15.969106208416164,4,-11.440325896821061,2.901128053665161,4.479562353087565,100,8.911831617355347,10.441984651595304,9.405425786972046,0.056809425354003906,-0.052179564,0.436551570892334,5.77037501335144,50000,0.020595044,-16.30695843374068
56.439096212387085,-14.287902943382589,5,-10.223300399471661,2.851320743560791,4.614792164192382,100,8.895251274108887,8.57482637169358,9.413809061050415,0.09906411170959473,-0.009848706,0.41928815841674805,5.797677040100098,60000,0.014757922,-16.17226117860557
65.63060283660889,-1.8415285380865063,6,-2.7792990974588094,2.6791317462921143,5.008135488087259,100,8.714383125305176,8.73634364210381,9.174918413162231,0.08901095390319824,-0.080084495,0.3713064193725586,5.784442186355591,70000,-0.015219775,-11.322240030126187
74.71601843833923,-8.470000863472816,7,-4.461507423170096,2.5906484127044678,2.9075431920786756,100,8.67909026145935,3.0063996216027373,9.066461086273193,0.07807230949401855,-0.016261857,0.3091127872467041,5.833944082260132,80000,-0.004522215,-11.91016274162853
83.75755405426025,-8.549512119207526,8,-4.560105819013668,2.565757989883423,2.2574752087806815,100,8.645910739898682,1.4809426390815557,9.023395538330078,0.07818055152893066,-0.32196143,0.2990710735321045,5.828111886978149,90000,0.0067577087,-9.907525982547424
92.83240985870361,-2.74106978889078,9,-1.2352031491629,2.555198907852173,4.082975117190139,100,8.657965421676636,5.829505323377236,9.055855989456177,0.09905171394348145,-0.2037601,0.2986268997192383,5.847961187362671,100000,-0.00068356626,-8.318723882909547
101.95644664764404,-3.711642204530557,10,-1.8727990942503974,2.5587778091430664,3.411823469134625,100,8.747468948364258,4.926057349628536,9.104501008987427,0.03329348564147949,-0.21472861,0.3234984874725342,5.9032301902771,110000,-0.015251508,-9.29720681776127
110.71942067146301,-1.2002362921235668,11,-0.7580732904847135,2.5094354152679443,3.568413513649213,100,8.316174507141113,5.984531070757133,8.743387699127197,0.06121253967285156,-0.35849512,0.3657705783843994,5.565770149230957,120000,-0.0034508149,-10.873110927534956
119.79352951049805,-2.5843377355924964,12,-1.732284059304752,2.56358003616333,3.9255337274355675,100,8.70412826538086,6.426468061855878,9.054970741271973,0.03684353828430176,-1.3883028,0.3137681484222412,5.884179592132568,130000,-0.0017053039,-9.915524525414416
128.84893655776978,-4.351559488302429,13,-2.795709109741667,2.5029635429382324,3.9002490008878272,100,8.46084189414978,6.168285428109807,9.035555362701416,0.08878803253173828,-2.483966,0.4857006072998047,5.707603931427002,140000,-7.333374e-06,-10.02731890829171
137.85386085510254,-2.3756054533015103,14,-1.5403460649387821,2.5316011905670166,4.358227356926464,100,8.438843488693237,7.658813231016152,8.986228704452515,0.1399517059326172,-1.8211789,0.4072237014770508,5.662444591522217,150000,0.0031138733,-8.105134400397231
146.89885687828064,-3.7024249090451335,15,-2.3366919350761637,2.546401023864746,4.236237170277181,100,8.542943716049194,6.573023375893166,9.028958559036255,0.059081315994262695,-1.4658369,0.4267401695251465,5.745379209518433,160000,6.4379885e-05,-8.222972428398966
155.97346448898315,-2.459775451792334,16,-1.570139361938045,2.5121731758117676,4.364331092142241,100,8.560086965560913,6.307671976489853,9.05662226676941,0.06041121482849121,-1.1505375,0.43590450286865234,5.802145004272461,170000,0.014618622,-9.388062500489468
165.16097140312195,-2.1580909514443913,17,-1.3991886012612955,2.557894229888916,4.900076586963959,100,8.661470651626587,7.493132772418346,9.168047189712524,0.06359291076660156,-1.1226121,0.44273877143859863,5.843833923339844,180000,-0.015166175,-9.996094676454739
174.23832392692566,-1.6242644887347857,18,-1.0545465235971205,2.619788646697998,4.822602988689662,100,8.670206308364868,7.197998493944679,9.057578802108765,0.06321167945861816,-0.87602645,0.3238849639892578,5.801984071731567,190000,0.0014131347,-9.003675539806675
183.36708164215088,-1.0147395674431747,19,-0.6045199748998112,2.5670390129089355,4.716507873188955,100,8.654982089996338,7.293429565607448,9.10064959526062,0.1128382682800293,-0.83762324,0.33258914947509766,5.844646692276001,200000,-0.017739661,-10.185415640273739
192.48301887512207,-1.335282850915585,20,-0.8510889284952945,2.524057626724243,5.051347959390104,100,8.562891721725464,7.453203320428518,9.086618661880493,0.11505794525146484,-0.65877223,0.4081308841705322,5.785027503967285,210000,-0.016386438,-9.337332303406114
201.3095269203186,-0.19769901116693897,21,-0.11263923500002225,2.535109281539917,4.923740922191177,100,8.359025239944458,7.640708943818308,8.796564102172852,0.06699252128601074,-0.6507584,0.3703474998474121,5.56192946434021,220000,-0.013405114,-9.092777737144234
210.3721079826355,-0.9115811130812355,22,-0.5614502191246982,2.555802583694458,4.508365538095219,100,8.6207594871521,7.950984357176443,9.035496473312378,0.07746744155883789,-0.5299643,0.33704566955566406,5.796525001525879,230000,0.0068327393,-9.109963243469515
219.46678352355957,-0.8496912545691353,23,-0.4942590641572431,2.585476875305176,4.42270034787646,100,8.712255716323853,7.581316232526034,9.054929256439209,0.0470426082611084,-0.41156808,0.2951948642730713,5.877013683319092,240000,0.0005246948,-9.638344681381769
228.6748116016388,-1.4407771216041245,24,-0.8212407126473761,2.5365829467773438,4.821445295465523,100,8.832092523574829,7.225898476472154,9.190028667449951,0.06439876556396484,-0.3885284,0.29331231117248535,5.9983179569244385,250000,0.007125159,-10.638370256279533
238.1687343120575,-0.4829901717524625,25,-0.24632242616236322,2.575788974761963,4.556152006234955,100,8.842902660369873,7.4949698733180625,9.47481894493103,0.10090374946594238,-0.31772318,0.5307743549346924,5.9821507930755615,260000,0.007398181,-10.918010591603963
247.0413682460785,-0.21232703591153373,26,-0.09692249565944737,2.5416781902313232,4.6538559304054665,100,8.426095962524414,7.660656285479142,8.841981172561646,0.04479789733886719,-0.35734388,0.36960935592651367,5.641855955123901,270000,-0.00062348635,-8.458938340576905
256.14927554130554,-0.9289759403628967,27,-0.5234539251183032,2.52311372756958,4.3933709294348295,100,8.52797818183899,7.899295259437725,9.074126243591309,0.10772275924682617,-0.24434277,0.4381866455078125,5.75849986076355,280000,0.0024072633,-7.662647476570335
265.14958786964417,-1.7300893139518134,28,-0.9798049340762687,2.526310443878174,4.688572955358889,100,8.596681833267212,8.083234193618159,8.977556228637695,0.06896710395812988,-0.22098257,0.31161046028137207,5.824211835861206,290000,-0.0024683105,-9.741472454482611
274.18094182014465,-0.8306847029626284,29,-0.4444693146765298,2.538748264312744,4.539087517207822,100,8.669204473495483,7.87263916763272,9.014450073242188,0.038211822509765625,-0.22113977,0.3068068027496338,5.876742601394653,300000,-0.014759082,-9.456293140959884
283.0586528778076,-1.21878745861298,30,-0.676472137016678,2.5394632816314697,4.692995565722396,100,8.49100923538208,7.151524645323576,8.859000205993652,0.03517556190490723,-0.17342308,0.3325181007385254,5.701889276504517,310000,0.008276086,-9.69667307846058
292.1500744819641,-0.745798596118406,31,-0.321199242824701,2.5698204040527344,4.637052767316796,100,8.579625129699707,7.558041550986431,9.056647777557373,0.09662747383117676,-0.1526503,0.3801615238189697,5.7485435009002686,320000,-0.0065854006,-11.89890286840637
301.0777904987335,-0.997795047451427,32,-0.541623973705174,2.5344431400299072,4.956258431811561,100,8.56099796295166,8.110742489620742,8.910161972045898,0.03427720069885254,-0.15358174,0.314655065536499,5.772547960281372,330000,0.009213648,-9.36529407807428
310.21225786209106,-1.532674553053729,33,-0.8541326716923123,2.565398931503296,4.510671081324157,100,8.747257947921753,7.732976831526301,9.117498874664307,0.06364130973815918,-0.13140336,0.3063786029815674,5.928086519241333,340000,-0.0041574463,-9.38484493948868
319.3680191040039,-1.1784602209413408,34,-0.5727720250459148,2.567471981048584,4.8547238394554215,100,8.745020627975464,7.8773839687209835,9.1370210647583,0.08214974403381348,-0.1181815,0.30964159965515137,5.927903652191162,350000,-0.015504041,-11.193120186931901
328.43759417533875,-1.345969361199671,35,-0.7478984751847336,2.578230142593384,4.952497181384495,100,8.69258737564087,7.100705002478578,9.051271200180054,0.0325160026550293,-0.101738125,0.32595157623291016,5.857605934143066,360000,0.0045500123,-9.749158298924288
337.71515440940857,-1.4420279784258918,36,-0.7684349791592038,2.5992324352264404,4.4974334853038425,100,8.893483638763428,7.229051796298048,9.26138424873352,0.05992460250854492,-0.09550222,0.30773138999938965,6.052383184432983,370000,0.004923425,-8.28212919247498
346.89169549942017,-0.4504171871949674,37,-0.21930733202232502,2.610064744949341,4.113742624249061,100,8.729013919830322,7.732394387724689,9.159305810928345,0.053281307220458984,-0.078477256,0.3767874240875244,5.875895738601685,380000,-0.0010085815,-8.061969836910666
355.9261226654053,-0.2721561035122156,38,-0.131440765730949,2.545018196105957,5.049202310361774,100,8.615323066711426,8.051569492923711,9.01395559310913,0.09372806549072266,-0.077715114,0.30460596084594727,5.81821084022522,390000,0.0025903077,-11.97527049334292
365.1354491710663,-2.5766213789356125,39,-1.5276388852248155,2.5643911361694336,4.779652688850464,100,8.76092004776001,7.376506301012351,9.190239429473877,0.11155557632446289,-0.080328345,0.3175337314605713,5.950353145599365,400000,-0.011113367,-9.61743492280779
374.1645495891571,-1.4033797516390019,40,-0.723056859798329,2.561290979385376,4.889273087127124,100,8.668696165084839,7.639502959976766,9.012961626052856,0.033873558044433594,-0.07888452,0.31015825271606445,5.854777812957764,410000,-0.008797827,-10.659940856328786
383.3227651119232,-0.4908295850562883,41,-0.17660015425468156,2.6163711547851562,4.629766749390981,100,8.787346124649048,7.678002892321903,9.13956069946289,0.02699732780456543,-0.04873987,0.32500624656677246,5.920876741409302,420000,0.011817456,-11.215787155241394
392.46076560020447,-1.5382018817011707,42,-0.826977449915379,2.6180832386016846,4.860250108756635,100,8.746151447296143,7.295482228174487,9.122432947158813,0.06613540649414062,-0.055255994,0.3099334239959717,5.868347883224487,430000,-0.0072206785,-11.352377127852685
401.6845121383667,-1.5892944384379848,43,-0.8933497337460782,2.5398459434509277,4.471448504159954,100,8.824467658996582,7.162263722614877,9.205771207809448,0.06815195083618164,-0.021058472,0.31180310249328613,6.02872896194458,440000,0.01484823,-11.176522688511055
410.8300018310547,-1.2127000677776787,44,-0.6120548766287719,2.558864116668701,4.37607348315662,100,8.688360214233398,7.199012479975301,9.127407789230347,0.11942100524902344,-0.05006056,0.31940603256225586,5.884530544281006,450000,-0.011224829,-10.681424090617499
419.8607406616211,-0.7046302512967628,45,-0.35844429032619635,2.554119348526001,4.4060867256148795,100,8.619324445724487,7.888021693018747,9.01194429397583,0.07477521896362305,-0.025201855,0.3176109790802002,5.816184997558594,460000,0.014728211,-8.75796567342111
429.1546401977539,-1.225037577279983,46,-0.6559172200461519,2.6641993522644043,4.5206924454734025,100,8.879717111587524,7.425463688043615,9.276118516921997,0.0780324935913086,-0.048102148,0.3181304931640625,5.961211204528809,470000,-0.008957153,-8.642714356624625
438.3759961128235,-2.37690015429001,47,-1.315228765300017,2.5850563049316406,4.339291596944836,100,8.821218013763428,6.766567703921137,9.198198556900024,0.0744636058807373,-0.020404309,0.30228638648986816,5.958217144012451,480000,0.0043281005,-9.584982861683178
447.5584397315979,0.647207999617118,48,0.4778442112773527,2.6527507305145264,4.6770742981473,100,8.807587623596191,7.691860933687967,9.164583921432495,0.0413820743560791,-0.04323092,0.3153984546661377,5.89444637298584,490000,-0.0058303224,-9.315221240086402
456.60873579978943,-1.7021576979801964,49,-0.9434212124978422,2.6208155155181885,4.474917468636983,100,8.67496132850647,6.818619462931571,9.034063577651978,0.03331613540649414,-0.027412048,0.3255953788757324,5.798363924026489,500000,0.0031634155,-11.001957961041127
465.6862871646881,-2.225260701648077,50,-1.2599613390947737,2.6082615852355957,4.508094700875858,100,8.587493181228638,7.442696489851474,9.05932068824768,0.1206812858581543,-0.041974425,0.35089874267578125,5.732880592346191,510000,-0.01797627,-9.016813045648439
474.6837749481201,-1.6513988675699784,51,-0.9309280944459897,2.523077964782715,4.515379097147275,100,8.591463088989258,7.371138645024484,8.978734016418457,0.09697937965393066,-0.06760304,0.28869199752807617,5.8243701457977295,520000,-0.018148499,-9.78545030208275
483.80386447906494,-1.6980076579422927,52,-0.9535463503932822,2.6029510498046875,4.703705199709071,100,8.725763082504272,7.366153845648974,9.103513479232788,0.06878924369812012,-0.02578004,0.308727502822876,5.853639364242554,530000,0.0026816283,-10.662091341746729
492.8844270706177,-1.7062626908458431,53,-0.8929091310987823,2.5538976192474365,4.418390628952581,100,8.708847045898438,7.302142166049042,9.06221055984497,0.041233062744140625,-0.016134119,0.31191563606262207,5.891186952590942,540000,-0.0002838379,-11.376233291123286
501.93891167640686,-1.1136750945993237,54,-0.6093797196786788,2.5217065811157227,4.364679498819708,100,8.650527238845825,7.2417319223739245,9.035034656524658,0.05489778518676758,-0.02073623,0.3293619155883789,5.85189151763916,550000,-0.00039702147,-9.278886476868216
511.0305953025818,-1.0652934274842367,55,-0.5713379828752732,2.535449266433716,4.550919018412217,100,8.661198377609253,7.413665749053888,9.0753173828125,0.11994409561157227,-0.053130064,0.29395127296447754,5.877102613449097,560000,-0.020600244,-11.754339113425159
520.2466316223145,-0.8955176927324089,56,-0.43281784544840823,2.6082587242126465,4.668510740633554,100,8.803614616394043,7.688985060816118,9.19832444190979,0.08050131797790527,-0.058282092,0.31398701667785645,5.931710720062256,570000,0.0015546875,-9.450455799984608
529.5796263217926,-2.4020360195796093,57,-1.3549656775781767,2.6178102493286133,4.46325715246949,100,8.76513409614563,7.28102815588999,9.314573764801025,0.08152627944946289,-0.032995313,0.4675476551055908,5.898123502731323,580000,0.0066457395,-10.001217615809527
538.6521711349487,-2.0506945930612996,58,-1.1512968471164395,2.5828306674957275,4.864428175861502,100,8.486419677734375,7.5946138572707005,9.050784587860107,0.08846235275268555,-0.033206407,0.4756186008453369,5.652018070220947,590000,-0.00010302734,-11.763808285511024
547.7171306610107,-2.0455110144098727,59,-1.0074756643784721,2.5700409412384033,4.533820679526906,100,8.504884719848633,7.576538477091733,9.046504497528076,0.07770395278930664,-0.03648836,0.4636878967285156,5.682935476303101,600000,0.0016404907,-9.423091384923927
556.8862142562866,-0.5108972070668856,60,-0.20406745264613196,2.5778446197509766,4.6293542083169426,100,8.68846321105957,7.229317579794652,9.15121603012085,0.10004591941833496,-0.028931128,0.36248159408569336,5.852768659591675,610000,0.002123755,-10.53153053291223
565.83180809021,-1.2493790669932492,61,-0.6099731061079101,2.5896904468536377,4.03605527678679,100,8.45410966873169,7.307736582781085,8.92595911026001,0.08251023292541504,-0.017977655,0.3890972137451172,5.6161699295043945,620000,-0.011626746,-7.460345206145865
574.7533657550812,-0.4990317441865719,62,-0.16167263762045617,2.5453429222106934,4.710233164586296,100,8.392999410629272,7.595797482566966,8.90464973449707,0.09811592102050781,-0.011858264,0.4132986068725586,5.596839666366577,630000,0.019219471,-8.014356597730703
583.6836948394775,-0.8376982333619563,63,-0.31184473843226285,2.580585479736328,4.764214626156646,100,8.522086381912231,7.637189548530989,8.911723852157593,0.11166954040527344,-0.046491675,0.27771639823913574,5.669739007949829,640000,-0.022613512,-10.603935840046042
592.7634131908417,-1.1026848279543773,64,-0.5136802352946452,2.542310953140259,4.1670858323057915,100,8.653239488601685,6.850098386190771,9.060365200042725,0.10904169082641602,-0.034876805,0.29783082008361816,5.843733549118042,650000,0.0015457642,-9.180761367050646
601.7913398742676,-1.816196713683355,65,-1.0204185207273364,2.5674538612365723,4.861931308800625,100,8.610323667526245,7.434861612291647,9.007616758346558,0.08394241333007812,-0.036731176,0.3129589557647705,5.791214227676392,660000,-0.014482032,-10.828931130255706
610.8997871875763,0.2889618259853208,66,0.2426903453005058,2.529864549636841,4.370091653712345,100,8.676383256912231,7.103699721552179,9.092135667800903,0.10749435424804688,-0.038933717,0.3080425262451172,5.8863208293914795,670000,-0.0060552,-7.212927033780003
620.0279955863953,-1.7763355251620867,67,-1.029226839271087,2.5395402908325195,4.407554071165741,100,8.743058681488037,7.173350476371682,9.110048770904541,0.07033085823059082,-0.055068005,0.29645252227783203,5.945823907852173,680000,0.0050753783,-8.988573867462746
629.0410313606262,-2.256258712338865,68,-1.2658602515503212,2.5163464546203613,4.0451043386988115,100,8.607927322387695,7.361125133272012,8.996993780136108,0.08991813659667969,-0.078427434,0.29892492294311523,5.847893476486206,690000,-0.011246789,-8.997907848833306
637.8574993610382,0.4574961103488515,69,0.38603369551285577,2.4984185695648193,4.3984237981583725,100,8.392515897750854,7.393591215068134,8.801526308059692,0.0744619369506836,-0.05685326,0.3343384265899658,5.646569013595581,700000,0.0032310241,-10.466696285098612
646.9408180713654,-1.814730782156704,70,-1.000922804168898,2.57930850982666,4.477775837455911,100,8.702646255493164,7.558666148129005,9.06680965423584,0.06604576110839844,-0.08250997,0.297926664352417,5.874777317047119,710000,0.00046098634,-8.19423994935218
656.1416206359863,-1.5224378172747026,71,-0.7440228643023196,2.5516839027404785,4.216182372568156,100,8.80274486541748,7.696803750123853,9.183974742889404,0.07578182220458984,-0.0924424,0.3052253723144531,5.997697353363037,720000,0.0032401856,-10.408251100308856
665.2315776348114,-0.33763923066902685,72,0.003847655418391285,2.565062999725342,4.318957805344561,100,8.706814527511597,7.694195176522767,9.071520328521729,0.05487680435180664,-0.11171487,0.3095874786376953,5.887866973876953,730000,-0.013608008,-7.35828252138243
674.3944599628448,-0.8601289785960918,73,-0.38353866318934776,2.5296356678009033,4.404589010180887,100,8.621545791625977,7.361164527226962,9.144188642501831,0.1264028549194336,-0.055947926,0.3954746723175049,5.843757629394531,740000,0.024977611,-10.533664288695464
683.3838081359863,-1.0491755852938005,74,-0.5396330871407506,2.500203847885132,3.766064230335927,100,8.55866813659668,6.9676076465946455,8.970742464065552,0.09503650665283203,-0.11427739,0.31679296493530273,5.801347970962524,750000,-0.0053235595,-7.446037939550887
692.5602777004242,-1.062152911146456,75,-0.47292321533155374,2.5748324394226074,4.272047407009948,100,8.746953010559082,7.162059620454905,9.158060789108276,0.10633206367492676,-0.073567905,0.3045229911804199,5.9264795780181885,760000,0.018405657,-9.272079402338239
701.7596204280853,-0.8575842804659434,76,-0.43400485888230667,2.5935237407684326,4.177661990699355,100,8.774778842926025,7.6720186294771615,9.18149995803833,0.09370875358581543,-0.15753895,0.31279468536376953,5.934791326522827,770000,0.008741711,-7.101291982994916
710.799718618393,-0.9252509902178848,77,-0.48272363259296797,2.5635926723480225,4.4007692124529445,100,8.618343353271484,7.4325042387227285,9.022070169448853,0.09422492980957031,-0.17385615,0.3092610836029053,5.791543960571289,780000,-0.005377362,-9.37120042492503
719.8120756149292,-0.43849807202992,78,-0.18576335287556592,2.5329196453094482,4.328742352152815,100,8.598507165908813,7.502915616603195,8.993695974349976,0.09899330139160156,-0.235812,0.2959787845611572,5.808631181716919,790000,-0.003182492,-11.031507922227842
728.8074293136597,-1.7051070404859003,79,-0.91403979950613,2.5391905307769775,3.822873261242563,100,8.571579217910767,7.6205228330236565,8.980051040649414,0.09478116035461426,-0.28625005,0.3088972568511963,5.789462566375732,800000,0.0013829529,-9.231275797154186
737.7161355018616,-0.9733830210017232,80,-0.49255998035643495,2.5900962352752686,4.231735752139607,100,8.527307987213135,7.458438312512686,8.892123222351074,0.0510256290435791,-0.34497347,0.31359195709228516,5.696216583251953,810000,-0.004105048,-7.844016041847633
746.7708895206451,-0.7921178383702981,81,-0.4183212616064392,2.5129480361938477,4.10168219011064,100,8.653968095779419,6.394564529556078,9.035072326660156,0.08162426948547363,-0.44565028,0.2992391586303711,5.8904523849487305,820000,-0.017496636,-8.425057920672453
755.9729018211365,-1.2216889613094926,82,-0.5913977791462816,2.5743532180786133,4.095451626263729,100,8.76129937171936,7.084356290371504,9.185914516448975,0.10585546493530273,-0.3492773,0.3185405731201172,5.940104961395264,830000,-0.0110539915,-7.317880175330836
764.9426527023315,-1.0353830971820421,83,-0.5276712101488024,2.5508527755737305,3.864705199193502,100,8.579323053359985,6.852926423760293,8.950430631637573,0.06369137763977051,-0.3678302,0.3071897029876709,5.783765077590942,840000,0.0011239136,-6.923734225562412
774.0000388622284,-0.8703942639071891,84,-0.4417439827748331,2.5436058044433594,4.075135294691336,100,8.66304874420166,7.657806980369852,9.039722442626953,0.08126664161682129,-0.6166196,0.29518556594848633,5.855889558792114,850000,-0.0076263673,-7.435593504933329
783.0179643630981,-1.9984772076513264,85,-1.0843629134164212,2.53312087059021,4.240835638588369,100,8.599468469619751,7.528055424413311,8.999385595321655,0.10206127166748047,-0.54741955,0.2976374626159668,5.810379266738892,860000,-0.0029450867,-8.295195256091638
792.0213792324066,-2.079806782610854,86,-1.1636919415599913,2.521949291229248,4.114074227971868,100,8.596392154693604,7.1193778865599215,8.981194972991943,0.09499955177307129,-0.46371913,0.2893521785736084,5.819087505340576,870000,0.004309267,-8.114453577810831
801.2783629894257,-0.5582475624441436,87,-0.23361581876208273,2.6045031547546387,4.279321401998019,100,8.834700584411621,7.370562112130423,9.240560054779053,0.09671831130981445,-0.5197928,0.3089151382446289,5.970369577407837,880000,0.0053733396,-7.153917515578632
810.391627073288,-0.8536558182961442,88,-0.4087881265434181,2.5766942501068115,4.230558239581446,100,8.737791776657104,7.343761925847615,9.095271587371826,0.062258243560791016,-0.66818595,0.29499244689941406,5.915173053741455,890000,-0.010282696,-7.566583614940214
819.5404450893402,-2.3581644658861642,89,-1.327842339000402,2.5757734775543213,3.8775895157582325,100,8.722851991653442,6.500442115317472,9.131574869155884,0.09011483192443848,-0.67424977,0.31841421127319336,5.886165380477905,900000,0.004450714,-7.146006003450407
828.6327645778656,-0.21300451565899273,90,-0.03301155339080817,2.6087563037872314,3.6961621752678706,100,8.567616701126099,6.952397251002979,9.075899124145508,0.05939054489135742,-0.50853896,0.44865846633911133,5.713104248046875,910000,0.00895459,-7.173133260940726
837.5519251823425,-1.2832945638694966,91,-0.6653588274157016,2.5754027366638184,4.061653576625192,100,8.45416784286499,7.540843033088987,8.900731325149536,0.059259891510009766,-0.545823,0.387068510055542,5.6374595165252686,920000,-0.0099017825,-7.604014254463411
846.5429277420044,-1.5925330075434019,92,-0.8484289573252226,2.5687124729156494,4.295551679404097,100,8.609256267547607,7.323976368453515,8.973360538482666,0.06358027458190918,-0.5349074,0.30029988288879395,5.7645344734191895,930000,-0.0013949067,-8.054160835518465
855.7849972248077,-0.09022201369990981,93,0.06867441690137666,2.5353870391845703,4.1766547427357965,100,8.800757884979248,7.587538787546179,9.225757837295532,0.1029825210571289,-0.3933678,0.3218042850494385,6.008414268493652,940000,-0.0046744263,-8.376859867978798
864.9172911643982,-1.3354479259046153,94,-0.6906681892223442,2.6084237098693848,4.128243027526738,100,8.743940353393555,6.994146842370913,9.1142737865448,0.06569051742553711,-0.41103446,0.30442118644714355,5.884538650512695,950000,-0.020962058,-7.863842041259468
873.804078578949,-2.4352863448593696,95,-1.3884715385049686,2.5299456119537354,3.7968995446989164,100,8.52783203125,6.880243694676793,8.868221998214722,0.04057788848876953,-0.41509545,0.29960107803344727,5.732094764709473,960000,0.006816461,-7.3881185411223855
882.8982198238373,-1.5486659743543225,96,-0.8394100864433988,2.55782151222229,4.176198635679398,100,8.57007908821106,7.789913860209542,9.078885316848755,0.09766745567321777,-0.3753914,0.41091322898864746,5.767321586608887,970000,0.0004602661,-7.314866927616277
891.9373741149902,-1.7287660111434258,97,-0.942379111592009,2.5520997047424316,4.274954647187896,100,8.621365308761597,7.745778559660673,9.021516561508179,0.09912300109863281,-0.3505372,0.30060315132141113,5.817209720611572,980000,0.003022032,-7.296978842413259
900.9710764884949,0.011952832233008723,98,0.12197907356733743,2.549156427383423,3.5900610991400055,100,8.655227422714233,7.664313694255356,9.015068531036377,0.0641026496887207,-0.26088515,0.29549360275268555,5.861989974975586,990000,0.010302369,-6.719069696893551
909.9928591251373,-1.4252052876589891,99,-0.6757496195868934,2.550394296646118,3.7325704301032503,100,8.575812101364136,6.321947303467597,9.007200717926025,0.08126020431518555,-0.24013193,0.34991979598999023,5.778481721878052,1000000,-0.0155976685,-7.267268538865071
919.1573760509491,-2.0500547676459617,100,-1.1461929124906667,2.5703585147857666,3.2325164590885196,100,8.673019409179688,6.299351735254994,9.146882057189941,0.06267738342285156,-0.20558618,0.41095590591430664,5.8582117557525635,1010000,0.001546399,-6.857030865165922
928.1686985492706,-0.5215164613283548,101,-0.20603872163992307,2.6396241188049316,4.017722318651076,100,8.621683597564697,7.20585654651149,8.99181604385376,0.058742523193359375,-0.22724682,0.31118202209472656,5.73278284072876,1020000,0.002826941,-7.5797802416902
937.3544816970825,-0.9843830303729232,102,-0.49948483392786225,2.556002616882324,3.8722894042197002,100,8.692803621292114,7.311963252469809,9.167823076248169,0.08877825736999512,-0.23240848,0.3860044479370117,5.878204584121704,1030000,-0.016850598,-7.138700456456071
946.4247863292694,-1.094444848600391,103,-0.5482852188497063,2.5747759342193604,4.041295856919888,100,8.663795948028564,7.172367229530512,9.051991939544678,0.09197711944580078,-0.20470893,0.29601120948791504,5.816721677780151,1040000,0.0060870424,-9.106717311935727
955.3728892803192,-0.7859869663412682,104,-0.3556936380944935,2.5409421920776367,3.67469782685854,100,8.531119108200073,7.17072387833239,8.929374933242798,0.09492373466491699,-0.29250088,0.303084135055542,5.699360370635986,1050000,-0.022108655,-7.651408439647324
964.39759349823,-1.4404364623850643,105,-0.7810297750323543,2.5542454719543457,4.294134872284426,100,8.637552261352539,7.003568933149487,9.007307052612305,0.06390547752380371,-0.25439662,0.30564451217651367,5.839935302734375,1060000,-0.01068707,-7.311124677662877
973.429563999176,-1.6894032800717784,106,-0.8928971990728986,2.5572121143341064,3.8506713668765604,100,8.645590782165527,7.684308951745387,9.01688027381897,0.06272697448730469,-0.22386476,0.30837321281433105,5.839600086212158,1070000,0.0034934753,-7.322577106917357
982.5011129379272,-0.7047269910710718,107,-0.3422898254768457,2.581453800201416,3.699692308092764,100,8.561299324035645,7.299142088225751,9.05216383934021,0.07010579109191895,-0.2756148,0.4205193519592285,5.737868309020996,1080000,-0.0073250732,-7.257958623656276
991.4696531295776,-0.5909827637301024,108,-0.28874211069393885,2.586954116821289,4.204194494237985,100,8.562771797180176,7.239881740893285,8.952492237091064,0.08965492248535156,-0.1931193,0.2981865406036377,5.729751110076904,1090000,-0.008026599,-7.789057867278249
1000.5987977981567,-2.547671661132783,109,-1.3657561746281135,2.5663788318634033,3.9106939447195357,100,8.69115686416626,6.794713256820956,9.112672090530396,0.07364559173583984,0.5189006,0.3476450443267822,5.863952159881592,1100000,-0.017002296,-7.368289635166841
1009.8882486820221,-2.0907466778262367,110,-1.1771335769047546,2.5888755321502686,3.905363928633659,100,8.889262199401855,7.203640989763832,9.273015260696411,0.09568381309509277,-0.04808092,0.2878396511077881,6.054258823394775,1110000,-0.012832669,-7.22773100269785
1018.9113624095917,-0.43981401561859407,111,-0.18756292574331945,2.581697940826416,4.157838994807981,100,8.640259504318237,7.284775686271101,9.003502130508423,0.053455352783203125,-0.18318112,0.3095219135284424,5.807300329208374,1120000,0.0054668887,-6.8625337966635485
1027.9865906238556,-2.277655943159443,112,-1.2784448329624858,2.5015501976013184,3.5903340480280215,100,8.455767631530762,6.799911551794516,9.056684732437134,0.08766436576843262,-0.1673073,0.5130255222320557,5.713062524795532,1130000,0.006500769,-7.487476113817563
1036.8286139965057,-2.6852113873173753,113,-1.5477021012799932,2.498096227645874,3.913681893648299,100,8.409135341644287,6.8576461016361145,8.821822881698608,0.11782336235046387,-0.17082433,0.2945578098297119,5.662013292312622,1140000,0.008864417,-7.560096057617782
1045.9535653591156,-1.385720485206396,114,-0.7198963465790523,2.6030685901641846,4.017014607914205,100,8.744272470474243,7.19647861668207,9.108201503753662,0.05233430862426758,-0.17446241,0.31136655807495117,5.896600961685181,1150000,-0.007716272,-7.80154083475037
1055.0572481155396,-0.2416939184661129,115,-0.0643781514637862,2.577401876449585,3.9425766194293317,100,8.727583169937134,7.407968889492117,9.081289768218994,0.036920785903930664,-0.15618479,0.31658482551574707,5.909673690795898,1160000,-0.003111859,-7.924478759057793
1064.1611211299896,-1.7148968337704795,116,-0.9360227861484831,2.550509214401245,4.1584689123675425,100,8.683431386947632,7.266796941089635,9.08406662940979,0.08698558807373047,-0.15670413,0.31338024139404297,5.880963325500488,1170000,-0.0091113895,-7.3916173772170355
1073.3275275230408,-1.644689409362837,117,-0.8839915092632298,2.543492555618286,3.5843861692720225,100,8.782177209854126,6.821413909588841,9.150199890136719,0.06331205368041992,-0.16177458,0.30449342727661133,5.99485182762146,1180000,0.014329114,-7.328524096864038
1082.3880767822266,-1.5895938295128917,118,-0.8500281512176752,2.536186456680298,3.7745656050661895,100,8.666892528533936,7.2358728372819066,9.043107032775879,0.07035446166992188,-0.15868361,0.3054518699645996,5.871791839599609,1190000,-0.018665494,-7.266491703985816
1091.282096862793,-1.6978244295349005,119,-0.9260827720804609,2.5332539081573486,3.649914950278117,100,8.488395690917969,7.116243580409528,8.87370491027832,0.06600356101989746,-0.17401128,0.31908130645751953,5.696227073669434,1200000,-0.017863557,-7.30151811569327
1100.4223127365112,-1.880909702289465,120,-1.035733143730481,2.5633726119995117,3.982292110308056,100,8.743616104125977,7.221811302365863,9.121495723724365,0.0701909065246582,-0.09386861,0.30745792388916016,5.931467771530151,1210000,0.00415329,-7.021874392336668
1109.3362646102905,-1.5026143353992782,121,-0.8419688767677367,2.5392510890960693,4.16758817864839,100,8.54459524154663,7.1036131582760875,8.898436069488525,0.042157888412475586,-0.08235117,0.31147146224975586,5.746467590332031,1220000,0.009500843,-7.460288124142518
1118.4526669979095,-2.220382101702521,122,-1.264890519632768,2.556320905685425,4.066126084551646,100,8.677274227142334,7.562971806664201,9.096081733703613,0.10581207275390625,-0.07941253,0.31278014183044434,5.874336242675781,1230000,0.00656875,-7.385716237597928
1127.3873817920685,-1.5214109156396165,123,-0.8150766898901503,2.507538318634033,3.7684104083502707,100,8.358381986618042,6.251092702911662,8.91734004020691,0.08871173858642578,-0.11241102,0.4699869155883789,5.598190069198608,1240000,-0.0012905945,-7.903133440256139
1136.3915469646454,-1.2649656868140844,124,-0.6570667092587411,2.5249433517456055,3.4031731546446347,100,8.560771942138672,6.326966155497568,8.986381530761719,0.10470700263977051,-0.08612342,0.32068896293640137,5.775102376937866,1250000,-0.0017296326,-7.667334510997643
1145.4770157337189,-0.8513276256525576,125,-0.42634182710048735,2.4945878982543945,3.922037263468688,100,8.518531560897827,7.315207021672245,9.066535711288452,0.0927431583404541,-0.073190965,0.4550464153289795,5.77931809425354,1260000,0.010595978,-7.25079977317156
1154.3781263828278,-0.002414215425077018,126,0.08156971162156584,2.564182758331299,3.8531641783390094,100,8.446091175079346,6.9994291544843055,8.885096073150635,0.04140448570251465,-0.10435652,0.3973991870880127,5.626688718795776,1270000,0.0030771545,-6.76837619478205
1163.5071363449097,-1.071045111000284,127,-0.5457557382438016,2.5808942317962646,4.022103638118114,100,8.706477642059326,7.5530050134882645,9.110223770141602,0.09718799591064453,-0.08632685,0.3063395023345947,5.8784565925598145,1280000,0.005658862,-7.7522462850266205
1172.643569946289,-2.009218136660852,128,-1.1264573257942223,2.609224796295166,3.9335661292574993,100,8.739814519882202,7.925916684056758,9.11867904663086,0.0662984848022461,-0.0825051,0.3123335838317871,5.8667261600494385,1290000,0.0068309144,-7.310553221703431
1181.6599762439728,-0.8410578187577736,129,-0.3686934007464917,2.5319254398345947,3.6007631514743643,100,8.573500156402588,6.946903635619452,8.98642110824585,0.09115886688232422,-0.09396648,0.32153773307800293,5.794373273849487,1300000,0.0060100523,-7.016395737479547
1190.697431087494,-0.9773962533472877,130,-0.49895430554289716,2.5519182682037354,3.8097752500857474,100,8.48957085609436,7.098775161458103,9.020171403884888,0.034467220306396484,-0.11753025,0.49591803550720215,5.698695421218872,1310000,-0.00924436,-7.860353473355101
1199.5679199695587,-0.6131945785630124,131,-0.28715151838467856,2.5391039848327637,3.8455656116570065,100,8.502293348312378,7.207894781867338,8.851730346679688,0.03477954864501953,-0.07120684,0.3144550323486328,5.712604522705078,1320000,0.0022407654,-6.7866749261788035
1208.4685370922089,-1.297056486021785,132,-0.7176084044983334,2.5088911056518555,4.030669631484196,100,8.509764671325684,7.459916577420495,8.882323980331421,0.058446407318115234,-0.076171264,0.31386518478393555,5.756399631500244,1330000,-0.0064274473,-7.135230125494795
1217.5819034576416,-2.2941704687475304,133,-1.2576467192048968,2.616011381149292,3.9314498939820712,100,8.727627515792847,7.334412603860344,9.097126007080078,0.0706779956817627,-0.057868812,0.2985725402832031,5.86412787437439,1340000,0.005965369,-7.373661195160049
1226.722724199295,-1.809736465236186,134,-0.9748695601206256,2.535719156265259,3.6577312311677486,100,8.751903533935547,7.329113328298712,9.124025106430054,0.04275774955749512,-0.07051888,0.32913804054260254,5.966771364212036,1350000,0.0127958255,-7.495259999345941
1235.7781989574432,-1.977752314022014,135,-1.0608940872134045,2.5639777183532715,3.8675708705395015,100,8.701139211654663,7.400226684258837,9.03780746459961,0.03229331970214844,-0.11396713,0.30414605140686035,5.881525278091431,1360000,-0.0056768553,-6.879894229018405
1244.9200739860535,-1.8933799513147398,136,-1.0107572890361733,2.5243635177612305,3.612151304795718,100,8.718650341033936,7.178504077250237,9.12586784362793,0.0755159854888916,-0.12780151,0.3314707279205322,5.93984055519104,1370000,-0.008872326,-6.8301159478174345
1254.1082663536072,-1.4610088435853497,137,-0.7624660218238253,2.552793025970459,3.4994927900866424,100,8.796144485473633,7.5775808467002195,9.169164419174194,0.04331541061401367,-0.08752668,0.3294544219970703,5.990966558456421,1380000,0.007635498,-7.921437215337287
1263.1360685825348,-2.2373721790154737,138,-1.2657975347833996,2.5583438873291016,4.034178758644416,100,8.655320405960083,6.692472258705648,9.01183032989502,0.03525733947753906,-0.12038521,0.32104992866516113,5.837040662765503,1390000,-0.015386237,-12.028053372513924
1272.3287329673767,-1.6653617558887157,139,-0.8930580808229098,2.531665563583374,4.009292929001768,100,8.780342817306519,6.9945722953860034,9.171952724456787,0.09754562377929688,1.5661963,0.2938699722290039,6.003702163696289,1400000,-0.0036563233,-8.580763466982924
1281.2812485694885,-0.4641153973554067,140,-0.19866030061363188,2.535952568054199,4.260136438232455,100,8.568329572677612,7.163480606143853,8.933781862258911,0.06173396110534668,0.29770696,0.3034989833831787,5.781441926956177,1410000,0.0042085266,-11.406094129131823
1290.5570983886719,-1.4778194017066533,141,-0.8044371542562143,2.5726118087768555,3.754150093658116,100,8.884984970092773,6.696484291102707,9.260035276412964,0.052290916442871094,0.08228742,0.32196927070617676,6.063470840454102,1420000,0.006951227,-7.073820209251499
1299.6750032901764,-2.082314003032893,142,-1.2015097166709467,2.5019404888153076,3.826961388089227,100,8.659154653549194,6.861743864278472,9.100250005722046,0.06441259384155273,-0.092155725,0.37644219398498535,5.898064374923706,1430000,-0.008931958,-7.292168638068318
1308.8027248382568,-2.1669582927658415,143,-1.2189975593405993,2.5504372119903564,3.8696608184042343,100,8.762431144714355,7.660922504235491,9.11008906364441,0.036341190338134766,-0.13567442,0.31109118461608887,5.965187072753906,1440000,0.0022882018,-13.131848634878747
1317.889084815979,-0.6953171902068612,144,-0.314851076592677,2.5527021884918213,3.641693601746864,100,8.691983222961426,6.433022375905474,9.069643497467041,0.09690046310424805,-0.08974637,0.280531644821167,5.894808769226074,1450000,-0.0075431275,-7.696185411735524
1327.140108346939,-1.446455923103793,145,-0.7293685532544336,2.6051087379455566,3.8494435882127416,100,8.871427774429321,7.309755852248214,9.234476327896118,0.06882309913635254,-0.0739456,0.294020414352417,5.9897661209106445,1460000,-0.009767307,-7.139475611285779
1336.3004264831543,-2.087812226165381,146,-1.1945718363754452,2.6107072830200195,3.6932816107459225,100,8.783857345581055,7.036423283312831,9.142489671707153,0.06048250198364258,-0.058654737,0.2979261875152588,5.918499231338501,1470000,-0.0005845459,-7.699462291216346
1345.3963859081268,-0.45256714940906667,147,-0.16834830542022375,2.5486037731170654,3.8218799901431124,100,8.481086254119873,7.086344776061758,9.079548120498657,0.14744877815246582,-0.057228602,0.45078110694885254,5.664737939834595,1480000,0.012413751,-6.914492581533032
1354.3963634967804,-2.3036569453866664,148,-1.3246160337242656,2.541909694671631,3.744112332264555,100,8.393975257873535,7.264097078287148,8.981621503829956,0.08159232139587402,-0.0815203,0.5057659149169922,5.607245922088623,1490000,-0.013158404,-7.466007686843536
1363.2815825939178,-0.9750978768418856,149,-0.4523629169422214,2.552536964416504,3.762178523945836,100,8.50376009941101,7.36837954899255,8.866923809051514,0.06310057640075684,-0.040153343,0.29984021186828613,5.7099525928497314,1500000,0.010736341,-7.234140359079676
1372.4502892494202,-1.4006129538628505,150,-0.7234895254677408,2.5717861652374268,3.8424767938906994,100,8.76897931098938,7.075438189046055,9.14951467514038,0.0640561580657959,-0.0864216,0.316265344619751,5.939377069473267,1510000,-0.01683359,-7.408279115127693
1381.6564798355103,-1.993368111010914,151,-1.1126298008045905,2.6204819679260254,3.583718483498919,100,8.826156616210938,6.796377527691977,9.186783075332642,0.06454038619995117,-0.07055653,0.29114484786987305,5.951054573059082,1520000,-0.008402399,-6.864647509097995
1390.7316818237305,-0.5860204284689606,152,-0.2857043193071043,2.540348768234253,3.8786984172587644,100,8.60698390007019,6.988737373147425,9.05813980102539,0.07820487022399902,-0.066079974,0.37271857261657715,5.823245525360107,1530000,0.004789343,-7.3119209103367835
1399.9114847183228,-1.296656272121754,153,-0.647581078519651,2.57441782951355,3.6349473438000346,100,8.758751630783081,7.302628859975514,9.152090787887573,0.09542393684387207,-0.08697893,0.29761195182800293,5.922395944595337,1540000,-0.009077435,-7.036698139255202
1408.9295809268951,-2.202683963186212,154,-1.1945155743754623,2.511383295059204,3.691890197235817,100,8.54455304145813,6.732675419159533,8.998686790466309,0.0915985107421875,-0.08058676,0.36230993270874023,5.774313449859619,1550000,-0.0073592346,-7.606554140797341
1417.8622951507568,-1.3850970141772658,155,-0.7727220228972053,2.541550397872925,3.956522943883538,100,8.545735359191895,6.940348182854771,8.912570476531982,0.034888505935668945,-0.08684767,0.3317251205444336,5.760927438735962,1560000,0.007115198,-7.025111236135147
1427.1080992221832,-2.8127287101813745,156,-1.5733582952109477,2.596597671508789,3.972652518585304,100,8.719888687133789,7.30124936968034,9.22976279258728,0.1013495922088623,-0.08713155,0.40832090377807617,5.866387367248535,1570000,-0.020628393,-7.582329101372089
1436.1471393108368,-0.0494562204126923,157,0.06305265801778098,2.5487146377563477,4.0137196012017045,100,8.49163556098938,7.4674022232649575,9.015895128250122,0.0962069034576416,-0.1000063,0.42781591415405273,5.663557529449463,1580000,-0.01282695,-7.179317999526976
1445.2020378112793,-2.78646902872777,158,-1.6067105979890584,2.553987979888916,3.591719453679061,100,8.626879215240479,6.300789755173082,9.03035020828247,0.09517073631286621,-0.10541489,0.308103084564209,5.818354845046997,1590000,0.000890271,-11.093969639364683
1454.1842920780182,-1.7144847621840325,159,-0.9463175717276662,2.5550355911254883,4.087010037545167,100,8.58389687538147,7.109182335308581,8.965543031692505,0.06429147720336914,-0.11675375,0.3166184425354004,5.760303974151611,1600000,-0.0155729735,-7.930306172557477
1463.351898908615,-1.6090787237434898,160,-0.8775020930736841,2.546971082687378,3.7005376761426416,100,8.778530597686768,7.0224668647661534,9.150461196899414,0.04632306098937988,-0.09016154,0.32538747787475586,5.974160194396973,1610000,0.014360016,-7.555652565712239
1472.4631736278534,-2.1895861042380234,161,-1.2291923558856268,2.607311725616455,3.906797610700119,100,8.72890329360962,7.628015371256977,9.09351897239685,0.06330466270446777,-0.09156781,0.3010892868041992,5.862885236740112,1620000,0.025065161,-7.375363172693293
1481.6108675003052,-1.1931192652453708,162,-0.6718124043573674,2.5591161251068115,4.244971234425839,100,8.758566856384277,7.844404891535669,9.129927158355713,0.0588221549987793,-0.12216802,0.3123188018798828,5.953807592391968,1630000,-0.0008550354,-6.947259506448166
1490.6286396980286,-0.9183246927531066,163,-0.4686799527054557,2.5649025440216064,3.915220816124369,100,8.603655338287354,7.059674616285951,9.00081205368042,0.0869147777557373,-0.14081983,0.31000494956970215,5.793939590454102,1640000,0.0071330504,-7.533929504030849
1499.7022356987,-1.6335982312352026,164,-0.8772879207563975,2.559563159942627,3.7762127626045,100,8.606507301330566,7.1365324250472835,9.054524898529053,0.10518503189086914,-0.22669265,0.34259748458862305,5.805066108703613,1650000,-0.0077054594,-6.96676955917576
1508.6356301307678,-1.7131772237997935,165,-0.9058907293800886,2.5117955207824707,3.4877119435768185,100,8.448083400726318,6.085846604683065,8.917917728424072,0.11235857009887695,-0.29961002,0.357189416885376,5.682329416275024,1660000,0.012161145,-10.733827253351311
1517.3354804515839,-1.748586175795048,166,-1.0224736483986492,2.5096442699432373,3.671376808379378,100,8.310702323913574,7.071482697061705,8.682679653167725,0.07610082626342773,-0.26017335,0.2956719398498535,5.559618711471558,1670000,-0.0050651734,-7.175613485186633
1526.415267944336,-1.7018504010865423,167,-0.9546075434200274,2.536344051361084,4.030141188291163,100,8.695372104644775,7.333346574414239,9.06150507926941,0.03342914581298828,-0.5983221,0.3323962688446045,5.911228895187378,1680000,-0.0026476684,-12.330517259854712
1535.5916368961334,-1.5300972287998085,168,-0.8616781112117188,2.552366018295288,3.707399113203915,100,8.76379132270813,7.023949562424677,9.159984588623047,0.09289860725402832,-0.13384959,0.3030664920806885,5.964670658111572,1690000,-0.005434967,-7.049349661237067
1544.7447695732117,-2.231094444250847,169,-1.253683566175782,2.5650744438171387,3.8583063957608963,100,8.732020854949951,7.516599965818398,9.135563850402832,0.08944320678710938,-0.18924776,0.3138716220855713,5.924559831619263,1700000,0.0042316103,-8.801052258233454
1554.0203032493591,-0.6297270289956289,170,-0.3056945323605187,2.608532428741455,3.9664058287149264,100,8.818330764770508,6.941698123833521,9.258260250091553,0.10063934326171875,-0.18972206,0.3390519618988037,5.9490132331848145,1710000,0.005506793,-11.993972897406637
1563.2164039611816,-2.1901246751372083,171,-1.275736557252287,2.5818943977355957,3.681900163592559,100,8.699901819229126,7.6751286227635855,9.173785924911499,0.0967569351196289,-0.2329788,0.3768749237060547,5.864710092544556,1720000,0.0006175293,-8.05384264300951
1572.220425605774,-3.1142042964679213,172,-1.8176551966518197,2.5193300247192383,3.815726803850363,100,8.483392477035522,7.437001983673492,8.974684476852417,0.05658411979675293,-0.241387,0.4344062805175781,5.716099977493286,1730000,-0.0044416566,-12.175652273836704
1581.1837694644928,-2.0532115514570624,173,-1.1374046062396963,2.549597978591919,3.4774813372928937,100,8.556888580322266,6.941729085729562,8.945199489593506,0.04675126075744629,-0.21253335,0.3413240909576416,5.762351036071777,1740000,-0.0037008973,-8.892379997050803
1590.0662186145782,-2.1019720046048733,174,-1.1780376878826153,2.4759445190429688,4.0927686052208045,100,8.43685245513916,7.106856378023356,8.862961053848267,0.07120847702026367,-0.16528754,0.34697580337524414,5.708138465881348,1750000,0.0066921446,-13.163254314333843
1599.110419511795,-2.4832813452158016,175,-1.4614707782884164,2.5645017623901367,3.5541851813224152,100,8.595924377441406,6.034271772775755,9.021913528442383,0.06185007095336914,-0.26393095,0.3639180660247803,5.787806510925293,1760000,-0.01483471,-12.249805891068995
1608.3881587982178,-2.0420063558505945,176,-1.1448458597546567,2.5846712589263916,3.7009996754347956,100,8.775973081588745,7.101489840253299,9.248126745223999,0.06701064109802246,-0.9477447,0.40476036071777344,5.945449352264404,1770000,0.021568298,-13.292766522874047
1617.4505126476288,-2.901438218799545,177,-1.6704035730161133,2.5123472213745117,3.5486822775816305,100,8.542066812515259,6.664399557590255,9.042970180511475,0.10207200050354004,-1.2464186,0.3986227512359619,5.785619497299194,1780000,0.0055318545,-7.6505175395564295
1626.5240154266357,-3.0793620579200134,178,-1.7704964427565515,2.5686333179473877,3.611199481989014,100,8.6548752784729,6.789888285038736,9.055054426193237,0.10405516624450684,-0.50511885,0.29592275619506836,5.84494686126709,1790000,0.0112183895,-6.774778459794379
1635.5699582099915,-1.4081081563665532,179,-0.7608335584986327,2.5599777698516846,3.8963803313675265,100,8.622084379196167,7.129531119426123,9.0237135887146,0.09492897987365723,-0.50129473,0.30646395683288574,5.811244249343872,1800000,-0.014545563,-7.623554894211715
1644.7716345787048,-2.830515526017922,180,-1.6630225638120277,2.56563663482666,3.0221032954346256,100,8.794432640075684,5.963346155256325,9.180305004119873,0.0705420970916748,-0.5225967,0.3150908946990967,5.976397275924683,1810000,0.0024125366,-6.818452179385564
1653.959489107132,-1.5234879175630112,181,-0.8225700624813708,2.5729095935821533,3.504778145358583,100,8.80350136756897,5.907279642419299,9.170079946517944,0.06189846992492676,-0.5340672,0.3044612407684326,5.971534013748169,1820000,0.00205401,-8.000470955745486
1662.9161186218262,-1.7581767408332754,182,-0.9854321017231952,2.6226093769073486,3.884378028286732,100,8.537299633026123,7.041977630777901,8.93598484992981,0.03507423400878906,-0.531322,0.36337971687316895,5.663342237472534,1830000,-0.0103251645,-8.460856996835528
1671.8773548603058,-3.212112689000187,183,-1.8926080851898754,2.552180767059326,3.4830860292931303,100,8.582879066467285,5.476912257703237,8.942279577255249,0.03301119804382324,-0.53224206,0.3261744976043701,5.791156053543091,1840000,-0.005610779,-7.662619329686088
1680.9957149028778,-0.6477223143004303,184,-0.3383571200409529,2.5387117862701416,3.751769361722684,100,8.715486764907837,7.267914410112928,9.101391315460205,0.07315993309020996,-0.4649457,0.3125133514404297,5.9282214641571045,1850000,-0.007000842,-7.293430994320486
1690.172218799591,-1.8224059029189004,185,-0.9827328435331698,2.652676820755005,3.67115186196912,100,8.774094343185425,6.936230634064363,9.15769362449646,0.06628942489624023,-0.44353378,0.31591010093688965,5.859447479248047,1860000,-0.0072844117,-8.382824082569144
1699.3842086791992,-3.910995149113134,186,-2.3296104746559037,2.6162919998168945,3.2512489299055467,100,8.812542915344238,6.9185583469824135,9.193793058395386,0.07017683982849121,-0.37025282,0.3107798099517822,5.949794769287109,1870000,0.0033357423,-7.243370574520289
1708.40602850914,-2.806540914988167,187,-1.6106407801253075,2.5457763671875,3.1470735326102157,100,8.634813785552979,5.8220312243242205,8.999363899230957,0.044756412506103516,-0.5037117,0.3191335201263428,5.84998345375061,1880000,0.0028131593,-7.083850663214594
1717.4809157848358,-2.524208677013974,188,-1.476744173249545,2.6444873809814453,3.915411872620039,100,8.673875093460083,7.28644292093351,9.057846546173096,0.09061789512634277,0.67005736,0.29314565658569336,5.7886481285095215,1890000,0.004734393,-7.5606113269306165
1726.3761160373688,-2.6277823810796743,189,-1.5081247931675776,2.5412209033966064,3.53109655995932,100,8.495798110961914,6.899202926859675,8.87621283531189,0.0668337345123291,1.0603911,0.3133373260498047,5.705475330352783,1900000,-0.021143304,-7.078825660755754
1735.4827222824097,-3.0414518058951527,190,-1.79504120784189,2.569758653640747,3.3833145989449593,100,8.640024900436401,7.04629662763252,9.088537693023682,0.06431365013122559,-0.34497407,0.383955717086792,5.8170084953308105,1910000,0.009332334,-8.064020575105532
1744.4396288394928,-2.506873396783372,191,-1.4546682664765926,2.5321784019470215,3.8097482750229803,100,8.561408758163452,6.3327728719748215,8.941463232040405,0.06965994834899902,-0.03858618,0.31017184257507324,5.784036874771118,1920000,0.019591926,-10.29460670406482
1753.4802975654602,-2.5631694815571033,192,-1.4660878799711718,2.5581424236297607,3.6512184819713087,100,8.653837203979492,6.7949885121566425,9.025532722473145,0.07174420356750488,-0.2631681,0.2997324466705322,5.847444534301758,1930000,-0.00020576172,-7.246361288481749
1762.3436212539673,-2.606315528106597,193,-1.532869148989314,2.5738162994384766,3.446558651744977,100,8.495442152023315,6.482615461426778,8.846907138824463,0.04996943473815918,-0.24110776,0.301159143447876,5.680235862731934,1940000,-0.0052471315,-7.151805354953693
1770.736069202423,-3.464617658886247,194,-1.9885788442581611,2.4549760818481445,3.304165029662795,100,8.043722867965698,6.356844348849171,8.375003576278687,0.06379818916320801,-0.18508649,0.26724815368652344,5.349324941635132,1950000,-0.004089868,-12.842911207234991
1778.8905375003815,-1.851279031702919,195,-1.0358740073812718,2.407679796218872,4.066396526645958,100,7.7498650550842285,6.638800220704779,8.138031721115112,0.08697700500488281,-0.18725434,0.30098485946655273,5.113476991653442,1960000,-0.0130386595,-12.80886404834176
1787.1317374706268,-1.5351230332322254,196,-0.8715352869872903,2.4254021644592285,4.134685212380873,100,7.882980823516846,6.668287714253474,8.222888231277466,0.06094956398010254,-0.13525534,0.27875280380249023,5.227576494216919,1970000,0.023390198,-13.320023656596472
1795.4363777637482,-3.437718284933754,197,-2.033311767083985,2.46415376663208,3.6222161475420904,100,7.894126653671265,6.257424722585207,8.288665533065796,0.10755562782287598,-0.13004515,0.28677940368652344,5.192259788513184,1980000,0.002849231,-7.278265165475252
1802.9712722301483,-3.0691163759738918,198,-1.8189964901189264,2.2617173194885254,4.051515519846708,100,7.149354934692383,6.761119854825564,7.51767110824585,0.10155797004699707,-0.15218055,0.2665286064147949,4.6568450927734375,1990000,0.00013725586,-12.908489959360747
1810.4684903621674,-2.614280436582568,199,-1.5240752418395842,2.323007106781006,3.6773569968625566,100,7.154153823852539,6.586592077892443,7.479475021362305,0.06124162673950195,-0.10794434,0.26385021209716797,4.605423450469971,2000000,0.002791095,-7.7646658149271595
1818.0900259017944,-1.6028095122660995,200,-0.8777687324237844,2.329953193664551,3.319643627540677,100,7.13547682762146,6.214831505052036,7.602304220199585,0.0960075855255127,-0.076890476,0.37056756019592285,4.574472904205322,2010000,0.014081799,-6.875473296301541
1825.6670010089874,-3.0581387744578374,201,-1.791213110147668,2.3440895080566406,3.431299507508203,100,7.255070924758911,7.137054677556748,7.555073976516724,0.034583330154418945,-0.09959596,0.26482081413269043,4.677970886230469,2020000,-0.0071707456,-7.103509770159994
1833.4191644191742,-3.184353788867788,202,-1.874404358090214,2.3670241832733154,3.5261333569573443,100,7.429489374160767,6.26707397548718,7.735799551010132,0.03685402870178223,-0.085285924,0.2691962718963623,4.832465410232544,2030000,-0.007337207,-7.875366701953914
1841.046932220459,-2.001187567188538,203,-1.104665140296441,2.3395462036132812,3.4366899318899153,100,7.310815811157227,7.196349345902511,7.607609987258911,0.03590536117553711,-0.0670145,0.2605462074279785,4.740879058837891,2040000,-0.0043199523,-6.801341788606919
1849.349116563797,-2.803119106721939,204,-1.5709049101883865,2.4269471168518066,3.583435574688905,100,7.92046332359314,6.709326310334692,8.28304123878479,0.06419944763183594,-0.096131705,0.29813504219055176,5.256934404373169,2050000,-0.018634276,-12.658635024766225
1858.0230736732483,-2.534940126980828,205,-1.5080730645201694,2.526381254196167,3.4672098758914647,100,8.302665710449219,6.565092729645182,8.656956434249878,0.0349428653717041,-0.065217935,0.319119930267334,5.517195463180542,2060000,0.0033476197,-11.367135354925045
1867.1893737316132,-2.32557626747295,206,-1.313955064594479,2.5534632205963135,3.6378147104453986,100,8.775043487548828,7.203465785282979,9.147546529769897,0.07484817504882812,-0.036142327,0.2974271774291992,5.97066068649292,2070000,0.012481396,-7.001767148713584
1876.2400839328766,-2.394433571447507,207,-1.416969148498523,2.527398109436035,3.6810286769878386,100,8.671944379806519,6.849480365265344,9.031486511230469,0.057744503021240234,-0.034571063,0.30156469345092773,5.902523517608643,2080000,0.019842962,-12.711171956357136
1884.1299402713776,-3.058743902093962,208,-1.7840526949823174,2.334552764892578,3.356477453016207,100,7.547536611557007,6.1546497246242335,7.8743672370910645,0.0626382827758789,-0.028806873,0.26398158073425293,4.970378398895264,2090000,0.0113844,-7.630740431883443
1891.6950891017914,-2.908370070834258,209,-1.6826130763752851,2.308189630508423,3.606346009682618,100,7.1915953159332275,7.554323371615583,7.547749042510986,0.09810185432434082,-0.023984803,0.25780439376831055,4.659559726715088,2100000,0.015702404,-12.51357155395626
1899.4579281806946,-3.854474285817679,210,-2.280227086941062,2.3653645515441895,3.559584360094492,100,7.426475763320923,5.771066458389258,7.744215250015259,0.04327893257141113,-0.042236365,0.2742176055908203,4.827894687652588,2110000,0.008149823,-11.44379134245524
1907.6020619869232,-3.4100412133953144,211,-2.0515457280160168,2.4499313831329346,3.657327248996626,100,7.744326829910278,6.735730306922902,8.126264333724976,0.0629572868347168,-0.13866438,0.31871628761291504,5.042217493057251,2120000,0.00030653077,-11.985343263038255
1916.1781544685364,-1.7410645802079858,212,-0.9812211852385668,2.442662000656128,3.6179313371929602,100,8.19402527809143,6.575794065992435,8.55616807937622,0.06381487846374512,-0.040870488,0.29810023307800293,5.517719030380249,2130000,0.00019325562,-6.900626234298754
1925.173635005951,-3.2700158325336868,213,-1.8704754276291613,2.503462076187134,3.4446164364773604,100,8.573038816452026,6.269768232476426,8.977986574172974,0.09984183311462402,-0.03045556,0.3049006462097168,5.813210487365723,2140000,0.00071920775,-7.552017174968463
1934.1926686763763,-1.8686689766144764,214,-1.0703852753251308,2.540841817855835,3.4906013663571045,100,8.618186950683594,7.016193606309809,9.001431465148926,0.07227826118469238,0.0058728456,0.3107619285583496,5.820507764816284,2150000,0.008846948,-6.921462494260092
1943.5176286697388,-3.7952373704913502,215,-2.2216018021560875,2.615129232406616,3.424091211454256,100,8.86115837097168,7.01872280197945,9.30599045753479,0.10549378395080566,-0.0042286315,0.3390920162200928,5.993818283081055,2160000,-0.0050066956,-7.184966838195369
1952.5387754440308,-2.43497708248927,216,-1.389741597236831,2.5172219276428223,3.6321868689705687,100,8.412895441055298,7.4109503361602425,9.001789331436157,0.14136433601379395,0.011998035,0.44721221923828125,5.643585920333862,2170000,-0.004347998,-7.796527461802
1961.202095746994,-3.3883306440290397,217,-2.040520306181517,2.515493869781494,3.412965894043521,100,8.261862754821777,6.740356123685568,8.64185357093811,0.06804823875427246,0.011561243,0.3117055892944336,5.492016792297363,2180000,0.0047453735,-11.121790544838506
1970.4764499664307,-3.961560447572284,218,-2.2973077234054613,2.6621880531311035,3.2599705854388406,100,8.876044750213623,5.681130721612778,9.2571120262146,0.06833386421203613,0.009112231,0.3124887943267822,5.957290172576904,2190000,-0.0031378907,-7.878904692863034
1979.6244254112244,-2.5132658079174393,219,-1.4194448142701097,2.6010775566101074,3.6264206672443873,100,8.73605990409851,7.075948538859975,9.12842082977295,0.09811139106750488,0.04729023,0.2940363883972168,5.88123893737793,2200000,0.0018716492,-7.36465067449302
1988.7391693592072,-2.8730209413928507,220,-1.6717216320893606,2.550370454788208,3.261289957597209,100,8.720692157745361,6.354266067576415,9.095378160476685,0.07708954811096191,0.021586914,0.2973630428314209,5.924732685089111,2210000,-0.0117348265,-7.934109735247131
1997.9404969215393,-3.612153005621614,221,-2.0602746553627354,2.6294188499450684,3.0954847869415754,100,8.830283403396606,5.429216951556382,9.18248724937439,0.06320810317993164,0.047705494,0.2887446880340576,5.93963885307312,2220000,0.020599212,-7.892431058554388
2007.0367119312286,-2.317714437014012,222,-1.4091429417358847,2.639894962310791,3.509945039922628,100,8.723910570144653,6.658959270334582,9.076777696609497,0.05580782890319824,-0.42525467,0.29683685302734375,5.8397345542907715,2230000,0.0143394405,-12.689266775837577
2016.2296378612518,-3.2452446844997063,223,-1.874135236828585,2.5411713123321533,3.0187901896314226,100,8.807790994644165,5.694727868671483,9.175575494766235,0.042675018310546875,-0.10076682,0.3247687816619873,6.021294593811035,2240000,0.0079427855,-6.528076093816496
2025.403958082199,-2.6448291364456527,224,-1.60629610313328,2.620483875274658,3.8297379883796263,100,8.788486957550049,6.803141106946799,9.155004978179932,0.06402730941772461,-0.2148408,0.30225348472595215,5.907289743423462,2250000,0.007534448,-13.102371599815926
2034.399820804596,-1.8290350176273023,225,-1.0268295485484311,2.554574966430664,3.567055074640902,100,8.596151351928711,7.003473033311345,8.97472095489502,0.049858808517456055,-0.06803638,0.3284769058227539,5.798578500747681,2260000,0.011757715,-7.217092042364403
2043.350197315216,-2.78844207180984,226,-1.6545061211576593,2.5454037189483643,3.2678546873470404,100,8.493137836456299,6.335212545520248,8.92838740348816,0.040563106536865234,-0.02134386,0.3944401741027832,5.7041356563568115,2270000,0.006313226,-8.007189952039742
2052.383919239044,-2.880955188053225,227,-1.6980213505419417,2.557882785797119,3.520599219385417,100,8.617223978042603,7.350166782138128,9.014581203460693,0.09523534774780273,-0.00058886106,0.30189943313598633,5.781800746917725,2280000,0.003271704,-7.167679446312718
2061.5470929145813,-2.9494044215812925,228,-1.7028345980594901,2.6024863719940186,3.673286760223073,100,8.773894548416138,6.594856316654791,9.147253274917603,0.07177305221557617,-0.025314227,0.3006272315979004,5.906305551528931,2290000,-0.017611627,-13.686031347792738
2070.557982444763,-3.113409629527715,229,-1.838757075015842,2.5771400928497314,3.4603824810899684,100,8.639593601226807,7.043985821773769,8.995811462402344,0.06270313262939453,0.006795685,0.2932760715484619,5.796555519104004,2300000,0.010768952,-7.266256845980255
2079.7106025218964,-3.4916888234269505,230,-1.979411808474499,2.545659065246582,3.346857531774752,100,8.72092890739441,7.138239954058789,9.136032104492188,0.11168599128723145,-0.01867826,0.3031728267669678,5.923191547393799,2310000,-0.0062941527,-7.63560313578466
2088.635032892227,-2.658214115754153,231,-1.5685450903938776,2.5350682735443115,3.6617077815300667,100,8.512518405914307,6.953591146144461,8.906737565994263,0.09678459167480469,-0.03375152,0.29719090461730957,5.712924003601074,2320000,-0.014771021,-7.755331090294474
2097.8398756980896,-2.4753351647061956,232,-1.414976891824405,2.59719181060791,3.8479634203942203,100,8.74501371383667,7.089049275579371,9.186751127243042,0.09119319915771484,-0.033820495,0.3503100872039795,5.889806270599365,2330000,-0.012455591,-7.989943633786444
2106.8316581249237,-1.5155859042000366,233,-0.8913601940500264,2.5549798011779785,3.578137808175693,100,8.583853483200073,6.653718578032293,8.973886251449585,0.09175467491149902,-0.012483228,0.2980504035949707,5.77221941947937,2340000,0.004650098,-6.818045251618429
2116.0990936756134,-3.731953110034301,234,-2.221488446345235,2.5271599292755127,3.2101942178885876,100,8.886148452758789,6.875013039045875,9.248565435409546,0.06120014190673828,-0.012007538,0.3010087013244629,6.099492788314819,2350000,0.0009522644,-8.07508787293926
2125.1849687099457,-3.5410197815820617,235,-2.065636377076493,2.5196564197540283,3.474314407638398,100,8.591752529144287,6.740671723513448,9.06748366355896,0.10859370231628418,-0.03146958,0.3669295310974121,5.820975303649902,2360000,-0.01365282,-7.573399645621972
2134.2278695106506,-2.246592707570307,236,-1.3377473025871913,2.5611531734466553,3.6574807790336985,100,8.63097882270813,7.294151918162047,9.02554988861084,0.09233212471008301,-0.031046927,0.30200982093811035,5.810119867324829,2370000,-0.016352875,-6.797557230306887
2143.301413536072,-2.9196585427659834,237,-1.7127562638837184,2.600621223449707,3.1081450059448548,100,8.538356304168701,6.6774565137839454,9.053189039230347,0.08648228645324707,-0.027087223,0.42812228202819824,5.69257116317749,2380000,-0.004586569,-7.265589427318824
2152.283889770508,-2.3547882006673,238,-1.3855104237732143,2.5426228046417236,3.6680848304586227,100,8.573106050491333,6.999043982201666,8.962979793548584,0.09605836868286133,-0.0039986083,0.2936217784881592,5.776290416717529,2390000,0.003383496,-7.5602328589315295
2161.3155953884125,-2.502354256108288,239,-1.4541662725367641,2.5287187099456787,3.493884114406691,100,8.652441501617432,7.11334760963855,9.014779329299927,0.042128801345825195,-0.01790149,0.3199787139892578,5.878395318984985,2400000,-0.008584661,-7.578516035841338
2170.1901750564575,-3.417012423637346,240,-2.0557230345229294,2.5386316776275635,3.2926837585631192,100,8.322826147079468,6.473219338023296,8.85834550857544,0.06692194938659668,-0.023278467,0.46836185455322266,5.540048122406006,2410000,-0.0054655396,-7.339438268673553
2179.1944332122803,-3.110082635159797,241,-1.8018938898933374,2.5403287410736084,3.332375884717427,100,8.582816362380981,7.335211188679686,8.984297752380371,0.10894513130187988,-0.02156314,0.29232287406921387,5.7924277782440186,2420000,-0.0044649355,-8.04949698623641
2188.218727827072,-2.889885650950065,242,-1.6914007833761884,2.521042585372925,3.653406008875488,100,8.59624457359314,6.882533384788561,9.006452322006226,0.09619331359863281,-0.010654773,0.3137857913970947,5.817652940750122,2430000,0.0052797,-12.246913685847925
2197.3951625823975,-3.561362743899482,243,-2.0915754235176203,2.5927512645721436,3.331209243875207,100,8.786582469940186,5.863440470335787,9.157856225967407,0.06624388694763184,-0.017688587,0.3032395839691162,5.918078660964966,2440000,-0.0042934082,-7.29343453768779
2206.344625711441,-2.4142325172882066,244,-1.4051360649998765,2.5653693675994873,3.085017776540954,100,8.572391510009766,5.387881868669418,8.933566570281982,0.04222536087036133,-0.011305176,0.3183157444000244,5.754246711730957,2450000,0.0015643432,-6.505999885678862
2215.472192764282,-2.9839569438131885,245,-1.7402481847616773,2.5587995052337646,3.5778375431984575,100,8.71279263496399,6.598159019558598,9.110514402389526,0.0947110652923584,-0.013586578,0.30277204513549805,5.898110628128052,2460000,0.0036025452,-6.887169599182642
2224.5467207431793,-3.6265691739067676,246,-2.116552474180451,2.5853371620178223,3.603528933911403,100,8.700900554656982,6.76155909586205,9.057477712631226,0.033620357513427734,-0.0052203126,0.3227272033691406,5.870682716369629,2470000,0.006109656,-13.56897851730484
2233.6813774108887,-2.9848415915020308,247,-1.746693451338663,2.558926820755005,3.1475968147088023,100,8.533395767211914,6.403055653174774,9.11761474609375,0.12564921379089355,-0.012920801,0.4583306312561035,5.724821090698242,2480000,-0.008286859,-6.95234575178006
2242.642557859421,-2.0582823808584827,248,-1.224933235959254,2.5616514682769775,3.7059786707898748,100,8.535276412963867,7.172687728921587,8.942156076431274,0.0948944091796875,-0.012309338,0.31175756454467773,5.727554559707642,2490000,-0.0017536132,-7.696248818895818
2251.740251302719,-3.197854702909063,249,-1.8188993834583798,2.5354366302490234,3.4786629853161926,100,8.704699516296387,6.500729436922681,9.077393531799316,0.06652593612670898,-0.0077104494,0.3059229850769043,5.914185047149658,2500000,-0.00958327,-7.8562458228135155
2260.9721636772156,-2.5165538975028663,250,-1.4308926745415165,2.663020372390747,3.4524225012114664,100,8.822609663009644,6.155575964810234,9.215176105499268,0.09743571281433105,0.005010846,0.29477405548095703,5.867836236953735,2510000,0.0040511657,-7.094722014153011
2269.8471405506134,-2.907431487893863,251,-1.662065405060788,2.5427961349487305,3.1997625422461717,100,8.489747047424316,6.429129004934873,8.856457710266113,0.06663107872009277,-0.010386304,0.29984354972839355,5.699397087097168,2520000,-0.004261096,-7.187646788240955
2279.098034143448,-3.032586636074269,252,-1.7026360908906677,2.553969144821167,3.7531912208384206,100,8.836655139923096,6.972800151298812,9.230849742889404,0.10045957565307617,-0.010745502,0.29351305961608887,6.040527582168579,2530000,-0.0064760344,-8.317800342242743
2288.3219118118286,-2.6407336169393627,253,-1.5053573877584632,2.645634174346924,3.7292756679354797,100,8.737385988235474,6.192309226197182,9.207640409469604,0.10254764556884766,-0.018974865,0.367464542388916,5.84743857383728,2540000,-0.0112813655,-6.762366348084789
2297.2509002685547,-1.993172484693951,254,-1.1366591785643911,2.6046807765960693,3.5870542026882166,100,8.548948764801025,5.7560085990601815,8.911101341247559,0.06042790412902832,0.004378003,0.30147337913513184,5.689300537109375,2550000,0.004336835,-7.2290050490052415
2306.3595638275146,-2.8313229225964007,255,-1.6308199399597934,2.620046377182007,3.4968132135454537,100,8.718811273574829,6.389972999957665,9.091272592544556,0.0604705810546875,0.0045164186,0.31014037132263184,5.84601354598999,2560000,-0.0033711304,-6.7973550772468645
2315.4731335639954,-3.1825281099348017,256,-1.876425700068983,2.579531192779541,3.2246204595432446,100,8.70303463935852,5.916932040040924,9.094543933868408,0.08678436279296875,-0.00222995,0.3044402599334717,5.862192153930664,2570000,0.0017094056,-7.10080682099289
2324.423595905304,-3.452005380289819,257,-2.0372444111156494,2.542337417602539,3.1917359104450576,100,8.565807580947876,5.424932519999394,8.935468673706055,0.058071136474609375,0.021754175,0.31127166748046875,5.780356168746948,2580000,-0.0082901,-6.674733778916482
2333.5212531089783,-2.3449489719805308,258,-1.3655694412582426,2.514378070831299,3.425505052479452,100,8.667065143585205,7.436315239508927,9.079087972640991,0.10160136222839355,0.035050932,0.31020617485046387,5.90180230140686,2590000,-0.00543504,-7.73057372889823
2342.3236453533173,-2.870926751824052,259,-1.670559878619072,2.5323002338409424,3.4098247796015015,100,8.40201187133789,6.215434071236555,8.786065816879272,0.08200621604919434,0.039705165,0.30183887481689453,5.62763524055481,2600000,-0.011496845,-7.2449390779288105
2351.155039548874,-2.4717634768089023,260,-1.4129234896091236,2.5432116985321045,3.5549068571971913,100,8.465991497039795,7.403075693373782,8.816360473632812,0.06928801536560059,0.3991288,0.2808394432067871,5.660136461257935,2610000,0.0064917235,-7.186858744016851
2360.1772055625916,-2.3309918356740162,261,-1.3188451966244648,2.547049045562744,3.4996405521861074,100,8.607300043106079,7.359653119976768,9.004424571990967,0.08664894104003906,0.21763581,0.3101980686187744,5.815203428268433,2620000,0.009720886,-7.59703277872843
2369.309016227722,-2.772790398869053,262,-1.5872743224383763,2.5265560150146484,3.5635046936652714,100,8.73042917251587,6.876851904689357,9.11337423324585,0.06677889823913574,-0.024351966,0.3159308433532715,5.945931673049927,2630000,-0.0025708496,-7.730130192704625
2378.5188117027283,-2.9130669662940143,263,-1.6738662715879289,2.585113048553467,3.4678839754351887,100,8.774829387664795,7.3314620721511154,9.190854787826538,0.103790283203125,-0.02502796,0.3120110034942627,5.929718494415283,2640000,-0.0053982725,-6.730397457241818
2387.6270451545715,-2.645922116372093,264,-1.4869379489592822,2.579080104827881,3.411572784685112,100,8.69266939163208,5.527033770711777,9.09244441986084,0.1137840747833252,-0.04979589,0.2857639789581299,5.864987850189209,2650000,-0.009759656,-7.077910173087067
2396.778198003769,-2.544660886522129,265,-1.4842149709481578,2.5330650806427,3.3606829274720256,100,8.623817920684814,6.478754121932369,9.134879112243652,0.10961794853210449,-0.0459926,0.4012136459350586,5.834928750991821,2660000,0.0014314209,-7.725753862072911
2405.7016537189484,-2.869115116701881,266,-1.690114871267592,2.5608599185943604,3.34977132939936,100,8.49218463897705,7.465922535262269,8.906686305999756,0.09288549423217773,-0.018942023,0.3213076591491699,5.678662538528442,2670000,0.01047229,-7.397025111066285
2414.6175537109375,-3.6566416579788976,267,-2.1390356036762257,2.510427951812744,3.309144937405109,100,8.516318798065186,6.470914581668295,8.899579286575317,0.07496118545532227,-0.02231485,0.3080883026123047,5.738044500350952,2680000,0.009843238,-7.272918913464762
2423.9235410690308,-2.373179953999872,268,-1.3213306762956436,2.604126214981079,3.5218035494360316,100,8.906546115875244,7.441751150113455,9.288824558258057,0.08551907539367676,-0.039859813,0.29653024673461914,6.020818710327148,2690000,-0.003705786,-7.698932150255217
2433.0554389953613,-3.3848800785819915,269,-1.9458096698037428,2.617774248123169,3.3459707068255864,100,8.71616506576538,5.7974232424905905,9.115131139755249,0.06389713287353516,-0.053972658,0.3348362445831299,5.847167015075684,2700000,-0.021786999,-8.147049744733557
2442.0816934108734,-3.603626910845969,270,-2.1395318900364377,2.5561277866363525,3.325871763350504,100,8.667284965515137,6.427848798714583,9.003682136535645,0.043630123138427734,-0.05213216,0.2924313545227051,5.860213279724121,2710000,-0.008778077,-7.199768454787318
2451.231510400772,-3.0491639104130246,271,-1.780397889332245,2.5492990016937256,3.3188693759467434,100,8.591939687728882,5.997607325242932,9.13134479522705,0.09394621849060059,-0.04912615,0.44523096084594727,5.780564308166504,2720000,-0.0059331297,-6.764031159724516
2460.152142047882,-2.0261890511295086,272,-1.1187809059976284,2.5437633991241455,3.38645229952761,100,8.513709545135498,6.5434236292931605,8.901723623275757,0.09103679656982422,-0.028382141,0.29674696922302246,5.720012426376343,2730000,0.015760662,-7.345704241979446
2469.22961974144,-3.186343826511057,273,-1.8334912531810372,2.5359959602355957,3.42685996024286,100,8.577874660491943,7.13357465344983,9.059423208236694,0.06422972679138184,-0.040532447,0.41709041595458984,5.789000034332275,2740000,0.006987787,-7.60843892012306
2477.9935190677643,-2.503385670608787,274,-1.4168208414382009,2.535038709640503,3.6733136981745673,100,8.414618492126465,7.010623368131601,8.742170095443726,0.03671717643737793,-0.04334271,0.290600061416626,5.6351330280303955,2750000,-0.003682553,-7.6789182873089485
2487.1378972530365,-2.1867225712327296,275,-1.2207598948601206,2.5735507011413574,3.6829322304972134,100,8.745853424072266,6.4050403073533655,9.129283428192139,0.06297779083251953,-0.043015618,0.32019996643066406,5.922447443008423,2760000,-0.00688634,-7.612976957206827
2496.27863574028,-2.6059040513049365,276,-1.4967795007518883,2.5539708137512207,3.28539662473139,100,8.712583303451538,6.231755916949927,9.122636795043945,0.10026288032531738,-0.032155868,0.3094360828399658,5.896600723266602,2770000,0.002313913,-6.994096015059581
2505.2659356594086,-2.5750332453836853,277,-1.4565608433278603,2.5242998600006104,3.42457216699228,100,8.569194078445435,6.587248452321808,8.97071886062622,0.09422087669372559,-0.037773866,0.3070840835571289,5.806901931762695,2780000,0.0035830077,-7.175238333950984
2514.1325414180756,-1.7864330273577398,278,-1.0772730263237615,2.5325798988342285,3.8774008532616366,100,8.359001398086548,7.03891574166103,8.846604108810425,0.03750205039978027,-0.053979713,0.44985318183898926,5.5568928718566895,2790000,0.005330792,-7.153230020032
2523.1987793445587,-2.0951715508558535,279,-1.2159033766679637,2.5811147689819336,3.68456121210908,100,8.485481023788452,6.358925175394914,9.048048257827759,0.11290168762207031,-0.042611714,0.4494295120239258,5.652346849441528,2800000,0.008769599,-7.003329091549068
2532.1964898109436,-3.7410258455340646,280,-2.1775010691116807,2.5832536220550537,3.20662765990917,100,8.582658052444458,5.944649615307366,8.973981857299805,0.10726118087768555,-0.06351087,0.2838284969329834,5.750514984130859,2810000,0.014693512,-6.898672460836501
2541.356664419174,-3.8492868827503064,281,-2.2484147253269144,2.5557403564453125,3.2559624959035114,100,8.742507696151733,6.361734046696409,9.141533851623535,0.10704159736633301,-0.09304602,0.29176926612854004,5.920222997665405,2820000,0.00048009033,-8.587411310730253
2550.449434041977,-3.6994091642052296,282,-2.1460760983452962,2.57955002784729,3.355478689209738,100,8.687378406524658,7.3152902746835275,9.075300931930542,0.0676577091217041,-0.08779821,0.32001280784606934,5.8573009967803955,2830000,0.0055921143,-7.179182713100897
2559.5406420230865,-1.9849395733928406,283,-1.1185861596433595,2.527416229248047,3.8130889283174874,100,8.702239751815796,7.039611003248645,9.075468063354492,0.043996572494506836,-0.097593725,0.32903552055358887,5.923874378204346,2840000,-0.021335108,-7.849736004199565
2568.536947965622,-2.93277255032339,284,-1.6402505276282309,2.532432794570923,3.44882302169971,100,8.615973711013794,6.92677003327429,8.97847318649292,0.0475459098815918,-0.08538811,0.314725399017334,5.829667568206787,2850000,0.0038211304,-7.375136246029358
2577.635275363922,-3.1766503568466966,285,-1.7774159297462209,2.5526223182678223,3.480883985135173,100,8.665424346923828,5.665600027909936,9.080941200256348,0.10051631927490234,-0.1029421,0.3147597312927246,5.838979959487915,2860000,-0.0057115206,-7.68344138770031
2586.6963396072388,-2.2268080450290406,286,-1.2739596632039263,2.5832481384277344,3.3411441859869284,100,8.680668115615845,7.086784126884004,9.043786525726318,0.03503012657165527,-0.10911356,0.3278622627258301,5.841001272201538,2870000,0.002472473,-7.450585608312543
2595.46769118309,-2.573485833046982,287,-1.547996884792714,2.510287046432495,3.7871081805810647,100,8.251788854598999,6.81180968375678,8.754796028137207,0.08048033714294434,-0.12330315,0.42229533195495605,5.501153945922852,2880000,-0.0075088865,-7.229931796264256
2604.452198266983,-2.7551926329527636,288,-1.5720948522791138,2.530121326446533,3.8260422786729325,100,8.586472988128662,7.377394633258401,8.96864628791809,0.06440138816833496,-0.12804921,0.3175218105316162,5.805690050125122,2890000,0.0009390991,-7.256148328341629
2613.615511894226,-3.176092932235521,289,-1.8467893878000168,2.549429416656494,3.4170770853392,100,8.662453413009644,6.829721588830356,9.147383213043213,0.07425403594970703,-0.11309662,0.41044116020202637,5.8719706535339355,2900000,-0.004699866,-7.54227818177272
2622.5859479904175,-2.1463837798529473,290,-1.2130770175839445,2.5834269523620605,3.3929351280923914,100,8.54887866973877,6.456391444517835,8.939736366271973,0.06447792053222656,-0.13884343,0.326143741607666,5.706291198730469,2910000,-0.0011228332,-6.716352113853527
2631.614973306656,-2.242124120855934,291,-1.2811405042733912,2.5199804306030273,3.671380637553315,100,8.635130167007446,6.636954886728619,9.009825944900513,0.06253862380981445,-0.19416031,0.3119361400604248,5.860650062561035,2920000,-0.0008638916,-7.665712075207685
2640.7513947486877,-2.0080192551039113,292,-1.1696839653540032,2.5914976596832275,3.538592438433713,100,8.77719497680664,7.291513370454207,9.119967937469482,0.03453660011291504,-0.20267901,0.30767345428466797,5.936481237411499,2930000,0.0075481078,-7.427350781859161
2649.853257894516,-2.5073402442320663,293,-1.4747965459496706,2.520271062850952,3.7374441455304237,100,8.684528827667236,6.826436094060537,9.082337379455566,0.07310724258422852,-0.2305314,0.3244647979736328,5.867795944213867,2940000,0.0102152955,-7.498610684823438
2659.075831890106,-2.967693604719275,294,-1.6684416323994053,2.581483840942383,3.484167608503365,100,8.834768056869507,6.949973048649115,9.202696323394775,0.03813672065734863,-0.33036,0.32916975021362305,6.010868787765503,2950000,-0.00022680665,-7.2677698586455834
2668.1760461330414,-1.4185198392249658,295,-0.7941286094768479,2.616070032119751,3.761934544430528,100,8.567898035049438,7.246939886588493,9.081468105316162,0.1160879135131836,-0.34923396,0.3972587585449219,5.6928136348724365,2960000,-0.0025003357,-7.7366074326033685
2677.1512799263,-2.109643867897813,296,-1.1653041488414722,2.5235941410064697,3.6844938277404324,100,8.5406014919281,7.049672695890406,8.958918333053589,0.10963582992553711,-0.52854735,0.30844783782958984,5.772356748580933,2970000,-0.024928832,-7.043633908831243
2686.2875056266785,-2.982257519498465,297,-1.669007543972183,2.495607852935791,3.416211846756216,100,8.601113319396973,7.168235717654861,9.11745810508728,0.09690713882446289,-0.6497661,0.4134805202484131,5.844973087310791,2980000,0.0006015686,-7.2188755494717505
2695.0992560386658,-3.4099788843752896,298,-1.984283360635248,2.52424693107605,3.5500710167620144,100,8.358684778213501,7.565502665107283,8.793901681900024,0.11071014404296875,-1.2805551,0.3242652416229248,5.588906526565552,2990000,-0.01010531,-7.436585091274438
2704.3656935691833,-2.232231417407265,299,-1.2364324769622954,2.544466972351074,3.6240433723666574,100,8.654637575149536,7.0472148717733525,9.247246742248535,0.17719292640686035,-2.8843298,0.4151766300201416,5.81958794593811,3000000,0.009015686,-6.965374725641879
