train-MinReturn,LossAfter,train-MaxReturn,LossBefore,n_timesteps,train-EnvExecTime,train-PolicyExecTime,Time-Sampling,Time-Optimization,Itr,Time,ItrTime,train-AverageReturn,train-NumTrajs,train-StdReturn,Time-SampleProc,train-AverageDiscountedReturn
-134.60854409185288,-0.5511073,27.31293490315332,0.013578589,10000,2.5583438873291016,4.678442716598511,7.480657339096069,0.4112269878387451,0,7.972813129425049,7.972809314727783,-44.31668177964603,100,33.095306391149016,0.0806725025177002,-77.4613044689205
-173.90718259141258,-0.22413085,117.86528080594532,-0.035566162,20000,2.5728814601898193,4.692509174346924,7.51312255859375,0.36850786209106445,1,15.936720371246338,7.93616247177124,-36.42401161077485,100,49.28497302431745,0.05355715751647949,-58.239877959653505
-152.56553548581803,-0.24637908,57.75695909172026,-0.01512818,30000,2.649047374725342,4.763642072677612,7.666239023208618,0.267531156539917,2,23.949598789215088,7.998857498168945,-47.624603072954436,100,47.47756250076827,0.06481814384460449,-82.69153225104193
-156.7808366965855,-0.20182478,95.45982627385342,-0.013149319,40000,2.6189990043640137,4.7227442264556885,7.589665174484253,0.27521228790283203,3,31.935054540634155,7.970710039138794,-17.581127947436855,100,52.91094969410384,0.10560750961303711,-28.211078290884686
-133.30580022931608,-0.19222486,119.59766691817221,-0.010937299,50000,2.621381998062134,4.695586681365967,7.565195322036743,0.34814000129699707,4,39.9048388004303,7.955344200134277,-14.153179671013177,100,52.45603537222081,0.0417635440826416,-19.089488002026943
-172.6027160321632,-0.09426592,97.17857088523587,0.008114557,60000,2.645681142807007,4.816782236099243,7.715115547180176,0.27489805221557617,5,47.99914908409119,8.079521656036377,-16.150851351488097,100,56.072185523807875,0.08927130699157715,-21.99320971345602
-125.3998409566337,-0.17175633,158.88367381592306,-0.0045502624,70000,2.6241259574890137,4.705060243606567,7.580078363418579,0.3118774890899658,6,55.98635220527649,7.970970153808594,-3.6780239900193714,100,50.58886148424288,0.07876372337341309,-0.877304712031749
-148.04126062921273,-0.12319941,98.27652727752672,-0.005330975,80000,2.6248955726623535,4.725769758224487,7.604179382324219,0.32311201095581055,7,64.00215578079224,8.001287460327148,-26.65818511487484,100,58.41869676405352,0.07376623153686523,-45.719414891181025
-151.39800609731466,-0.16273575,107.96132318119268,-0.03517759,90000,2.6224124431610107,4.73804497718811,7.611642360687256,0.33270955085754395,8,72.00845432281494,7.99098801612854,-20.967341857955233,100,56.91036985902879,0.04639148712158203,-34.9690687585257
-133.05633994200218,-0.14481363,106.94585246231246,0.0041872314,100000,2.594855308532715,4.678457736968994,7.522747993469238,0.287076473236084,9,79.88448739051819,7.855053901672363,-13.625470243140146,100,54.27128215195247,0.04499197006225586,-22.246514991809683
-168.16922220985228,-0.0764041,157.61896692881726,0.010106152,110000,2.613649606704712,4.73836350440979,7.601553440093994,0.3030099868774414,10,87.85207843780518,7.947295188903809,-20.536228138038044,100,67.60687043407381,0.042461395263671875,-32.542174371912886
-127.43088799381272,-0.12077058,165.90212024150563,-0.023463026,120000,2.6537392139434814,4.782627820968628,7.6904473304748535,0.3083627223968506,11,95.92137718200684,8.044994115829468,-26.026928762752135,100,62.15211472642169,0.045899152755737305,-47.38482071181633
-239.09074176472353,-0.16381454,78.00625770841579,-0.017898535,130000,2.6196324825286865,4.735506534576416,7.606297731399536,0.3156149387359619,12,103.90824294090271,7.965573787689209,-34.75062527835897,100,59.66175414795713,0.0433504581451416,-62.944083703955954
-188.09338514679717,-0.23285703,135.46099359849174,-0.013059453,140000,2.608795642852783,4.7198779582977295,7.578362941741943,0.3035471439361572,13,111.85942578315735,7.930071830749512,-32.53282815898027,100,58.43809321682756,0.04788470268249512,-58.80360623286135
-144.4755716348718,-0.33255416,134.73455273868572,-0.010734082,150000,2.621115207672119,4.728520393371582,7.600823640823364,0.3375887870788574,14,119.8974962234497,8.017010688781738,-32.92322433325245,100,59.42523538168801,0.07831358909606934,-65.22812969856683
-182.80282796241272,-0.29250327,181.98039940358115,0.0010344238,160000,2.6183342933654785,4.73373007774353,7.606425762176514,0.34264564514160156,15,127.91169667243958,7.993107318878174,-28.80636218358391,100,66.19684647541423,0.043799638748168945,-61.8439877975892
-190.84445634240143,-0.17744814,195.98311651894326,0.025138428,170000,2.61185884475708,4.732563734054565,7.594414472579956,0.3038675785064697,16,135.92523050308228,7.993505477905273,-23.41648447925013,100,57.27423855318555,0.09499001502990723,-52.390838070602875
-127.90948318919523,-0.28101254,129.19432980477643,-0.0107424315,180000,2.646982192993164,4.828333139419556,7.729880332946777,0.24302935600280762,17,143.98895621299744,8.050016164779663,-24.422474606519604,100,60.61745091906427,0.06882572174072266,-46.34667326766161
-125.9593122250824,-0.18941055,179.15528963372603,-0.0027845216,190000,2.6390058994293213,4.790999412536621,7.693415403366089,0.22478914260864258,18,151.99531602859497,7.990987062454224,-21.26366910279449,100,57.858040859740605,0.0725240707397461,-40.0067261668548
-195.27327436716692,-0.14502832,98.85680173060176,-0.004008423,200000,2.6204960346221924,4.75704026222229,7.628964185714722,0.20231842994689941,19,159.9200177192688,7.91064453125,-30.751546577052263,100,50.48303029570758,0.07915496826171875,-52.04547103420555
-159.56509680553648,-0.09998755,68.8897308163063,-0.0088585755,210000,2.6090810298919678,4.722289323806763,7.583672046661377,0.21864700317382812,20,167.7783284187317,7.843596458435059,-42.406551962354044,100,41.185882688599925,0.041080474853515625,-73.16254056172893
-174.74146191912942,-0.08442275,54.642813701202286,0.018511133,220000,2.6064138412475586,4.751813173294067,7.6089768409729,0.21429991722106934,21,175.65966987609863,7.867525577545166,-45.46750063083641,100,43.24845363245751,0.04401373863220215,-74.54170177895706
-155.77443032941602,-0.1584145,56.11648781686415,-0.010111737,230000,2.631777286529541,4.7914958000183105,7.67871356010437,0.23087358474731445,22,183.62614560127258,7.951639652252197,-38.2248644852298,100,42.38917905287202,0.041809797286987305,-61.913200446451754
-164.84089758109127,-0.076692775,47.80460742119492,-0.00028356933,240000,2.6330394744873047,4.785698413848877,7.672349691390991,0.2166752815246582,23,191.57126021385193,7.931356906890869,-36.5094998675191,100,43.06438294382261,0.04211783409118652,-56.989025068963926
-154.90630628865745,-0.29988453,61.40963077496802,-0.010145362,250000,2.6195693016052246,4.756343841552734,7.626512289047241,0.2158191204071045,24,199.4721438884735,7.885691404342651,-50.54126833335571,100,45.52659263314267,0.04311776161193848,-84.62341186889442
-111.01071927066802,-0.19645876,49.46156384004167,-0.0034162353,260000,2.6140570640563965,4.7651612758636475,7.631321668624878,0.21734023094177246,25,207.3827669620514,7.896897792816162,-26.98613080613927,100,37.15877257096483,0.04802274703979492,-40.9284228000264
-205.41515286723015,-0.124834366,45.49414402251452,0.03573439,270000,2.600975751876831,4.760849237442017,7.612513542175293,0.2166147232055664,26,215.27305221557617,7.875922441482544,-38.49530236216889,100,44.376199318816376,0.04648470878601074,-62.61300885682303
-164.3723453650833,-0.09724407,37.52109360010176,0.009789966,280000,2.58587908744812,4.742196559906006,7.580722093582153,0.21565818786621094,27,223.12473034858704,7.837800025939941,-50.712370562861345,100,44.294490194091686,0.04119062423706055,-87.18408648487099
-171.33817682747363,-0.074109256,70.78327700677568,-0.011358777,290000,2.6017656326293945,4.764035224914551,7.616911888122559,0.216644287109375,28,231.0184211730957,7.877855062484741,-53.54175351270652,100,46.160061512935805,0.044028520584106445,-91.48388129759871
-196.1065817672331,-0.11073818,53.04399015900463,-0.024048878,300000,2.5874783992767334,4.779454469680786,7.617447376251221,0.21502280235290527,29,238.91053295135498,7.8772759437561035,-59.94921192151138,100,44.07527039153478,0.04458308219909668,-103.71878821051351
-174.19993631808373,-0.14423218,37.44585084067486,-0.02100935,310000,2.5933940410614014,4.710032939910889,7.554330110549927,0.22084903717041016,30,246.74291729927063,7.817589044570923,-64.45324407476068,100,43.2246534891902,0.042166709899902344,-109.76079853778562
-159.9006627727507,-0.15151821,79.77305887207079,0.017191723,320000,2.6222941875457764,4.781120300292969,7.657814979553223,0.20441675186157227,31,254.70643424987793,7.949127435684204,-52.437623109996956,100,49.41782538079689,0.0866091251373291,-87.07760209509351
-191.59948395287674,-0.2269502,55.02442994836439,-0.015806103,330000,2.6052677631378174,4.754800081253052,7.61160135269165,0.21340656280517578,32,262.5888123512268,7.8678812980651855,-53.45912069547769,100,49.852208251290435,0.04264974594116211,-89.50886513355357
-152.19200862062638,-0.21962817,43.26018480477345,-0.01712019,340000,2.635136127471924,4.770889759063721,7.6603968143463135,0.21677207946777344,33,270.5244255065918,7.92138409614563,-43.26170077301613,100,40.4288432911826,0.043982505798339844,-73.70160398333488
-160.41501760425308,-0.22120747,75.33088759579995,-0.0019888673,350000,2.606247663497925,4.7891669273376465,7.650635004043579,0.2331676483154297,34,278.46486258506775,7.92667293548584,-51.63187679105221,100,47.05149777160391,0.04263591766357422,-84.05812351225364
-146.01838298374415,-0.29833847,8.131819427986118,0.010624365,360000,2.592665195465088,4.760197401046753,7.605489253997803,0.22363495826721191,35,286.3508517742157,7.871037721633911,-60.394383276983106,100,33.74956021522794,0.04169034957885742,-103.265646670779
-166.88945730196988,-0.1548683,35.03116954985782,0.029937916,370000,2.616825580596924,4.7707436084747314,7.64177680015564,0.21312165260314941,36,294.2629671096802,7.897439479827881,-66.70184274345857,100,39.74057867573029,0.04228496551513672,-116.01507598846666
-168.28430257472712,-0.26618737,10.639320482391163,-0.012643921,380000,2.6254286766052246,4.793120622634888,7.673276662826538,0.21498513221740723,37,302.20890522003174,7.931078195571899,-86.55192310611062,100,34.91130746772038,0.04259347915649414,-154.26204330894433
-197.09678640101433,-0.101556346,-20.98715123158262,0.045033764,390000,2.598942518234253,4.764587640762329,7.618980169296265,0.20038437843322754,38,310.1265609264374,7.90022611618042,-102.08651649918649,100,32.78103205449125,0.08064484596252441,-183.88256812086854
-171.83688813860658,-0.14625117,10.63969370401031,-0.0065212157,400000,2.5727884769439697,4.704772710800171,7.529387712478638,0.2186887264251709,39,317.935081243515,7.794718980789185,-78.8067782529144,100,33.01940356211169,0.04641127586364746,-140.23015517357447
-147.33075592514723,-0.07792412,41.12869942670479,-0.009087573,410000,2.5973892211914062,4.764970064163208,7.614354133605957,0.20812606811523438,40,325.8689067363739,7.919171571731567,-64.50922107428094,100,34.95823418937421,0.09647059440612793,-111.87216053849637
-139.58092067030847,-0.09075652,41.067477997474136,0.02196972,420000,2.573707342147827,4.750240087509155,7.57474946975708,0.20444583892822266,41,333.74338579177856,7.860183238983154,-65.22148524551453,100,37.41633326150733,0.08076047897338867,-113.44656231648445
-212.78975532751474,-0.12469121,8.596004845406766,-0.017553931,430000,2.594953775405884,4.722469091415405,7.5702080726623535,0.21767330169677734,42,341.58963918685913,7.831033945083618,-68.24987349247051,100,38.74323426427192,0.04288172721862793,-119.80289014648547
-157.1164433457661,-0.09873512,34.32615071502906,-0.010202289,440000,2.6032614707946777,4.795489311218262,7.651107311248779,0.2204596996307373,43,349.52164459228516,7.917961597442627,-63.18209662208698,100,34.7380586491868,0.04613041877746582,-109.37954134050634
-144.1990312109163,-0.21118398,6.308031657733176,-0.007678076,450000,2.607011079788208,4.799303770065308,7.659538507461548,0.19898533821105957,44,357.4766056537628,7.94028115272522,-63.55127938590086,100,33.06423465632511,0.08151912689208984,-112.7984346766229
-127.13706035665528,-0.30867362,40.028026729379306,0.0036091798,460000,2.570734977722168,4.747378826141357,7.58027458190918,0.2507634162902832,45,365.3633801937103,7.872822284698486,-34.23724373831185,100,30.662112829580455,0.04157137870788574,-54.63347453734862
-126.93399109939719,-0.1282744,91.34098942220561,-0.017759183,470000,2.5847127437591553,4.699591875076294,7.5357584953308105,0.3102114200592041,46,373.25351428985596,7.876458168029785,-12.983656026654096,100,36.96682213798476,0.030272960662841797,-17.793353593079527
-64.05920451647127,-0.09603157,114.01359337767825,-0.009063257,480000,2.5932774543762207,4.730260848999023,7.57525110244751,0.21554279327392578,47,381.10899543762207,7.8351898193359375,16.5154642220183,100,31.18110233702058,0.04413342475891113,37.71041052344004
-59.00724056355989,-0.15744844,97.43464030919016,0.027586255,490000,2.564899206161499,4.7251808643341064,7.544086456298828,0.227888822555542,48,388.9374394416809,7.813837289810181,18.2840262496748,100,34.940338774628636,0.041608572006225586,43.750705180557524
-57.54168110944245,-0.088052295,93.95810715537867,0.0064200195,500000,2.583244800567627,4.809450149536133,7.64849328994751,0.19903326034545898,49,396.8781433105469,7.926636695861816,32.2327594773384,100,33.85857063705364,0.07889604568481445,71.11523297556597
-86.47558519155898,-0.102961466,114.01387046915539,-0.012542065,510000,2.549604654312134,4.760568380355835,7.565211296081543,0.19742941856384277,50,404.7559766769409,7.863015413284302,37.21012635274457,100,42.47819770071257,0.10015749931335449,75.13957820455715
-60.81077132467073,-0.0023600922,108.9362363752373,0.035311848,520000,2.5622408390045166,4.804628610610962,7.61615514755249,0.21143436431884766,51,412.64251685142517,7.871236324310303,37.95862305297122,100,37.700727600245166,0.043425798416137695,74.27960619232412
-67.49715936173129,-0.067559764,112.42178131436658,-0.003999707,530000,2.5789430141448975,4.790752410888672,7.625007152557373,0.215773344039917,52,420.5515477657318,7.893979787826538,39.25092735103805,100,38.94465241127013,0.05296063423156738,75.77471892723788
-65.08539607075896,-0.15624411,118.19498674597865,0.016721142,540000,2.5719761848449707,4.761751174926758,7.587839841842651,0.20196795463562012,53,428.4352562427521,7.869072914123535,29.154963199926648,100,33.5639842493152,0.07905292510986328,60.669631737999254
-72.18866261607779,-0.11264265,103.63539138467284,-0.010514747,550000,2.568603515625,4.77313494682312,7.595270156860352,0.19629359245300293,54,436.3179998397827,7.868601560592651,11.590526001508005,100,33.89295577948945,0.07682394981384277,27.63152803427649
-109.99954250331533,-0.03170149,85.28740191301449,-0.0013011963,560000,2.5916354656219482,4.7317047119140625,7.578478813171387,0.22366833686828613,55,444.1775984764099,7.8459577560424805,1.934927427511343,100,39.19895759357702,0.04355263710021973,7.955385483404879
-165.6458859297607,-0.100553125,92.28657695813804,-0.003312451,570000,2.605752944946289,4.771209239959717,7.630048990249634,0.2100980281829834,56,452.0748281478882,7.883718252182007,-22.52244632829208,100,44.690560709609095,0.04333329200744629,-36.34372817193004
-174.66561974089865,-0.0827564,97.38088554911755,0.030275585,580000,2.613168239593506,4.813121557235718,7.679605484008789,0.20769739151000977,57,460.0369324684143,7.948492765426636,-26.543610867851985,100,50.65261452884732,0.06095242500305176,-42.189046059235814
-144.40322993386008,-0.08516958,103.58378503127145,-0.007972217,590000,2.5858941078186035,4.757130146026611,7.5956690311431885,0.2247171401977539,58,467.91524934768677,7.86448335647583,-30.68136742230394,100,45.08260516342547,0.04386782646179199,-51.269648907183374
-123.90813780127316,-0.07141235,75.4351277454961,0.005498906,600000,2.587420701980591,4.753477096557617,7.593061447143555,0.2083110809326172,59,475.7937316894531,7.864474058151245,-17.959324550490827,100,43.99760320697378,0.06287598609924316,-26.740302018562588
-152.78848827318274,-0.07180637,68.29134847876351,0.011607324,610000,2.545513868331909,4.7698187828063965,7.566748380661011,0.21746349334716797,60,483.6346445083618,7.827486515045166,-18.063588334148257,100,36.69007048607113,0.04304051399230957,-26.193205343089886
-96.21325213754012,-0.097004555,68.60942119499983,0.0021259736,620000,2.5726335048675537,4.806752681732178,7.635806560516357,0.21128010749816895,61,491.54450488090515,7.895129203796387,-11.102693425048972,100,38.171372400493865,0.04779195785522461,-11.92619020606918
-82.78382319618198,-0.06854557,72.90524812934369,-0.0035612548,630000,2.546173572540283,4.778771162033081,7.577269792556763,0.21387362480163574,62,499.40360498428345,7.844135284423828,5.922694139134605,100,25.192977419564492,0.05273699760437012,20.793854268210513
-31.76526454605139,-0.1040611,47.45332606126551,-0.0060353396,640000,2.5306661128997803,4.771256923675537,7.553491830825806,0.23090648651123047,63,507.2447283267975,7.826919317245483,19.449463649855275,100,16.36056794736753,0.04228639602661133,45.02706180498018
-118.54322133029122,-0.076335244,57.358429578771755,-0.0031278199,650000,2.5327632427215576,4.715442895889282,7.500865459442139,0.1905374526977539,64,515.0314395427704,7.772775411605835,19.986161489467364,100,20.598513397335946,0.08112883567810059,46.31106988820904
-54.933507651241854,-0.05962715,44.48846623453128,-0.018116161,660000,2.563950538635254,4.765759468078613,7.5829432010650635,0.21086835861206055,65,522.8860459327698,7.840609788894653,21.112686355438292,100,16.176472529792274,0.04654216766357422,47.99877890774607
-45.64833925557973,-0.07616982,49.38214244562004,-0.018409686,670000,2.5364770889282227,4.761429786682129,7.549768924713135,0.23041820526123047,66,530.7276892662048,7.826998472213745,17.926557457051853,100,16.238648921352095,0.046576499938964844,42.53743632114123
-48.86913104386754,-0.005898804,45.17825537675946,0.022754101,680000,2.537994623184204,4.818689346313477,7.61158561706543,0.23429632186889648,67,538.6296417713165,7.885210275650024,20.496948472599453,100,16.78252908190568,0.039078474044799805,47.167857295290204
-68.78833985491407,-0.046807848,47.64389229165327,-0.005009372,690000,2.5279295444488525,4.753513336181641,7.535093784332275,0.22368669509887695,68,546.4486727714539,7.802142858505249,22.93570072768963,100,15.941492596717891,0.04311513900756836,51.162281454616675
-90.81509991951532,-0.03332505,41.95623531855653,-0.008265185,700000,2.5513675212860107,4.792709827423096,7.597364187240601,0.22594499588012695,69,554.327853679657,7.864518404006958,20.614598064740793,100,18.63527018114683,0.04081463813781738,46.95770059959069
-32.21889977441199,0.00032967376,46.22203234208602,0.012608332,710000,2.5446300506591797,4.763275861740112,7.57099723815918,0.23044180870056152,70,562.1820163726807,7.8398051261901855,24.03799636119748,100,13.315017047123792,0.03815484046936035,52.734138581617515
-3.7702501872375285,-0.06923623,44.969270320065334,-0.029294958,720000,2.5462300777435303,4.806379318237305,7.612630605697632,0.22716164588928223,71,570.0819413661957,7.885946035385132,26.360595963353276,100,9.08005262113312,0.0459294319152832,56.058050938011675
5.631585522843237,-0.03934121,40.99705751340788,-0.0017554199,730000,2.550185441970825,4.831332683563232,7.644903182983398,0.20991301536560059,72,578.0234377384186,7.927611827850342,24.872030782809702,100,8.463647727432802,0.07255768775939941,53.1417978880046
-38.72723131670389,-0.025873547,39.131380192316655,0.010044019,740000,2.5434176921844482,4.700221538543701,7.498719692230225,0.236358642578125,73,585.8797175884247,7.83877968788147,14.990518343769356,100,13.308471727771948,0.1034402847290039,36.787119657769345
-24.476683800996412,-0.06370994,44.424669837220506,0.008772949,750000,2.534860849380493,4.744499444961548,7.530508995056152,0.33094024658203125,74,593.8114297389984,7.91721773147583,24.464689289907778,100,10.698317260603112,0.05552506446838379,53.061911569900595
-35.79630569768336,-0.022726757,46.429183157130254,-0.022093287,760000,2.538923740386963,4.721465587615967,7.517364978790283,0.34042835235595703,75,601.765665769577,7.940049409866333,23.251202094894712,100,11.359018274623269,0.08197140693664551,50.82144293721882
1.9414714763459857,-0.03725137,43.55180169345745,0.008824805,770000,2.536740779876709,4.726172924041748,7.516452074050903,0.29059696197509766,76,609.6326358318329,7.8447816371917725,26.140165599174917,100,7.88730975979858,0.037465572357177734,55.6012853811281
-27.441681907121747,-0.0034764893,43.789165919082194,0.004314966,780000,2.562500238418579,4.746501445770264,7.563026666641235,0.27795982360839844,77,617.5799376964569,7.924846649169922,22.058088818586892,100,11.093183169904494,0.08360600471496582,49.491473765549934
-4.995326751668704,-0.07156687,46.74284212182814,-0.009301221,790000,2.567950963973999,4.785251617431641,7.608686447143555,0.25641894340515137,78,625.5075161457062,7.906328201293945,21.817343436396545,100,9.749722261370827,0.04091310501098633,48.16446844449291
6.946738909487717,-0.00994386,51.15391896359865,0.018957531,800000,2.5411934852600098,4.748033761978149,7.543667793273926,0.20940399169921875,79,633.3437440395355,7.815891981124878,26.103340865445748,100,8.692224308870864,0.06250953674316406,55.80147183192879
-28.899595416144315,-0.05350283,49.52435962173703,-0.018525524,810000,2.5478711128234863,4.690918922424316,7.492384910583496,0.33167171478271484,80,641.2290835380554,7.870158910751343,24.458381674558385,100,10.79481088901794,0.04584383964538574,53.069377511323246
-31.791593571759112,-0.046830397,48.39851545011245,-0.02350465,820000,2.5763723850250244,4.735073804855347,7.566841125488281,0.20940160751342773,81,649.0718030929565,7.8219239711761475,22.503187309817367,100,12.288072577957829,0.04541492462158203,48.73459633910008
-85.09700967391107,-0.013035645,53.28563831099153,0.01778081,830000,2.5857484340667725,4.808634519577026,7.664624452590942,0.20962858200073242,82,657.0390424728394,7.953744888305664,21.812955035532646,100,15.453381514855067,0.07927107810974121,47.717673510329114
-14.273392844263476,-0.06696312,47.69749465658152,-0.0038602783,840000,2.5514931678771973,4.80345344543457,7.6073222160339355,0.22654032707214355,83,664.9323019981384,7.879466533660889,25.571991768051753,100,9.749951168978903,0.04536771774291992,54.74896773234857
-11.844637142589026,-0.097008206,48.053643117895916,-0.017926153,850000,2.562976360321045,4.78493857383728,7.6017906665802,0.20494532585144043,84,672.806976556778,7.860630750656128,26.6150817991765,100,10.808106529632038,0.05367302894592285,56.53331487234182
-27.679633044857074,-0.02879453,41.057620900452825,0.042779345,860000,2.5642895698547363,4.823977470397949,7.6424314975738525,0.22373604774475098,85,680.7354576587677,7.91433048248291,25.979160559039986,100,10.433857136505802,0.04792499542236328,55.78168198982563
-14.946748756194255,-0.024335546,48.50345231190282,0.018724414,870000,2.5544471740722656,4.772871017456055,7.583038568496704,0.21639180183410645,86,688.5927333831787,7.8428990840911865,24.212822006497976,100,9.29365748799169,0.04320335388183594,53.74251368617693
-4.556477901878548,-0.050606444,43.98495925799848,0.0044006594,880000,2.5835602283477783,4.759043455123901,7.60753607749939,0.20342254638671875,87,696.4796233177185,7.872148036956787,25.237388686444433,100,9.0817931557239,0.06092238426208496,55.00275382123083
-39.57561750570376,0.0038155883,49.05906437633829,0.0024728393,890000,2.586411714553833,4.783542633056641,7.62427282333374,0.22988080978393555,88,704.3987250328064,7.903991460800171,25.501106725900367,100,10.357115616120971,0.04961585998535156,54.336267904837804
2.4929871651018045,-0.047914356,49.66324032684642,-0.012218824,900000,2.5466835498809814,4.75597620010376,7.554325103759766,0.21162915229797363,89,712.2195928096771,7.806786060333252,25.734460987354318,100,9.881277904633402,0.0406033992767334,54.48138064984408
-8.085937147653961,-0.058433205,44.83127280366217,-0.016586231,910000,2.559847116470337,4.864449977874756,7.680185317993164,0.21250462532043457,90,720.1929662227631,7.95986008644104,24.22333648060117,100,9.321875364689346,0.06695795059204102,52.78677028631373
-42.08299494957134,-0.026064062,44.92542491280996,0.0034332275,920000,2.5507919788360596,4.786524534225464,7.593274354934692,0.21201825141906738,91,728.0794141292572,7.872159242630005,22.131640940372705,100,16.85136043069516,0.06662607192993164,47.21396118868293
-52.71293057876652,-0.089984156,44.43671833993592,-0.026477307,930000,2.554964065551758,4.858030796051025,7.668358325958252,0.19583821296691895,92,736.0421471595764,7.948894262313843,19.126492752819928,100,20.223363505075287,0.08446335792541504,42.35877354924303
-17.910540953161764,-0.045444936,48.366311856524874,-0.009941333,940000,2.5513525009155273,4.810957670211792,7.616718292236328,0.19710969924926758,93,743.9501261711121,7.893383026123047,23.87582520233245,100,9.268713194796696,0.07930994033813477,51.78967794450221
-21.4254419173388,-0.05324258,48.12589581115454,0.004883911,950000,2.5603582859039307,4.7908031940460205,7.605703830718994,0.20912647247314453,94,751.8503894805908,7.886412143707275,26.685578411101815,100,9.752403420859691,0.0713353157043457,56.043878320628565
-12.283227446186803,-0.023471959,54.623963707332706,0.011705676,960000,2.5462944507598877,4.7309956550598145,7.531651973724365,0.22152233123779297,95,759.6587340831757,7.793013095855713,26.782514282611437,100,10.979610970107535,0.03959941864013672,57.02822521379885
-50.83386543417588,-0.09014248,38.35238514791612,-0.028307922,970000,2.620478868484497,4.819124221801758,7.696431636810303,0.1972332000732422,96,767.651059627533,7.977040767669678,10.448612278649561,100,14.853718290113818,0.08315181732177734,25.62905332331578
-37.454960192065315,-0.07732747,37.29049022493352,0.0013538086,980000,2.6026947498321533,4.792185068130493,7.647682428359985,0.1924736499786377,97,775.5858082771301,7.920558929443359,9.758307157477333,100,13.31417202702676,0.0801548957824707,25.48488169682233
-33.68718491529744,-0.059435498,37.44923187367503,0.014951978,990000,2.5970194339752197,4.789422988891602,7.649480104446411,0.22004175186157227,98,783.5121946334839,7.912962198257446,12.25005604733077,100,13.098135282344428,0.04323148727416992,29.615817016225407
-4.936826532102678,-0.07888985,42.328490683292124,-0.00949624,1000000,2.5928738117218018,4.751385688781738,7.597265243530273,0.2291116714477539,99,791.3962163925171,7.868394613265991,16.9643008721223,100,12.398839391109766,0.04180455207824707,39.45576420775347
-15.299764768192762,-0.084778905,47.7519791942273,-0.009986743,1010000,2.599475622177124,4.7666614055633545,7.617297172546387,0.22191500663757324,100,799.2811715602875,7.871425628662109,21.23459229546633,100,9.922085194557814,0.031992435455322266,47.414515970031474
-17.807832227857062,-0.036237355,53.885446977015604,-0.0067383912,1020000,2.5869667530059814,4.771690130233765,7.6264026165008545,0.21535181999206543,101,807.1862561702728,7.88724160194397,24.2841470761089,100,10.508086334655642,0.04522418975830078,52.084387043898914
-14.849651185334194,-0.058789916,51.9867167556115,-0.019188233,1030000,2.5890634059906006,4.756812810897827,7.600086688995361,0.21892404556274414,102,815.0616402626038,7.861622333526611,27.049052882145464,100,10.595996039411084,0.042417287826538086,57.65136973679896
12.56171380624379,-0.04787575,49.084586404998475,0.0026904128,1040000,2.543576955795288,4.740639925003052,7.537156820297241,0.2211155891418457,103,822.8788545131683,7.803039789199829,29.739394892682608,100,8.148944780865115,0.044539690017700195,61.801103924339294
2.4837570271076452,-0.09168203,53.601167304178674,-0.016641162,1050000,2.583317756652832,4.728682994842529,7.566200256347656,0.2046041488647461,104,830.7419211864471,7.8492279052734375,29.957866462806138,100,9.427939030004953,0.07818961143493652,62.370585006648106
7.283686739081324,-0.033388823,55.784760815803715,-0.004223816,1060000,2.55415940284729,4.759840250015259,7.564846038818359,0.21364402770996094,105,838.593017578125,7.8376076221466064,31.28517069514437,100,8.560693541787614,0.058888912200927734,63.94610667322135
2.4617015067116776,-0.027798828,46.455642624599946,0.0036693849,1070000,2.6117560863494873,4.770392179489136,7.635834455490112,0.20376324653625488,106,846.524355173111,7.916396617889404,23.864580091471602,100,9.704015866324621,0.07656192779541016,51.118415393142996
4.192530709501203,-0.099241994,53.87273260654499,-0.024032569,1080000,2.5678632259368896,4.735576152801514,7.558826208114624,0.22101116180419922,107,854.3714022636414,7.833352327346802,28.12268181331281,100,9.573557882563458,0.053270578384399414,57.93380265556785
6.605574136389826,0.0013286133,45.23803788797534,0.009013221,1090000,2.5300512313842773,4.7492759227752686,7.532626152038574,0.19829344749450684,108,862.2000761032104,7.814238786697388,26.387030234132226,100,8.084191045415432,0.08309364318847656,55.53296552939179
-0.28331870215729027,-0.014950391,45.639297262871445,0.0049072756,1100000,2.536518096923828,4.749746561050415,7.540895938873291,0.21201586723327637,109,870.0138614177704,7.7983551025390625,26.671061510016607,100,8.01116165082281,0.04519462585449219,55.63191113686108
9.078029092895086,-0.027894214,43.92481846139771,0.0038563476,1110000,2.5241549015045166,4.751408815383911,7.528599500656128,0.21677041053771973,110,877.8194332122803,7.79181432723999,25.987998809110866,100,8.241763260561282,0.04619550704956055,54.23203563724578
-12.545277306900438,-0.047162104,47.273955908062284,0.001862561,1120000,2.5426461696624756,4.80379056930542,7.598302602767944,0.2266528606414795,111,885.6982254981995,7.865319728851318,26.24537489828721,100,8.912811683960062,0.04013538360595703,55.00908323441077
-31.083802894950352,-0.020533824,54.33985025760546,-0.0013409866,1130000,2.5615830421447754,4.782554864883423,7.596870422363281,0.19684123992919922,112,893.5760385990143,7.8645384311676025,26.362087728281985,100,11.94360404147836,0.07059526443481445,56.212773621040995
-32.57453325793712,-0.076728806,50.617194876997615,0.027408618,1140000,2.5622074604034424,4.796809434890747,7.615570068359375,0.2193751335144043,113,901.4645738601685,7.874931812286377,28.734985039070747,100,10.018141830475177,0.03972506523132324,58.7902882388119
8.552794268280678,-0.03305371,44.78714290580731,-0.005020752,1150000,2.559530735015869,4.774674415588379,7.588144779205322,0.21638870239257812,114,909.3286335468292,7.84683632850647,28.25429944186842,100,7.078078517755179,0.04204583168029785,60.00782876551044
-14.71945787861598,-0.017635131,49.42748236756529,0.004989502,1160000,2.5797677040100098,4.740262985229492,7.576977491378784,0.3323197364807129,115,917.2974634170532,7.9525604248046875,28.38777696459434,100,10.176874671532813,0.04302620887756348,59.65296480455774
-2.5780780876317526,-0.032230616,49.64765144037647,-0.010845044,1170000,2.5674235820770264,4.717835426330566,7.537868499755859,0.22433710098266602,116,925.1336553096771,7.816671848297119,27.229291214521094,100,10.7781547735674,0.05418992042541504,57.51752304409128
10.274883543774049,-0.028919531,50.73439449485588,-0.0019432129,1180000,2.5648012161254883,4.733126401901245,7.549957513809204,0.2165837287902832,117,932.9562747478485,7.8092522621154785,29.897128536794455,100,8.043436311407945,0.04248762130737305,62.14599588618155
9.400975406955823,-0.0130152255,47.613083716547436,-0.0034862,1190000,2.5451865196228027,4.754680633544922,7.555038213729858,0.21895670890808105,118,940.7939200401306,7.823168039321899,27.01911269599551,100,8.095986352194725,0.04893660545349121,57.565660877601694
7.515004897285113,-0.02491245,59.847200297664,0.013592798,1200000,2.568486452102661,4.809268474578857,7.635728120803833,0.22039341926574707,119,948.7075419425964,7.899317026138306,29.483130247061567,100,8.363121718110394,0.04293537139892578,60.133506796109614
-28.227859038357284,-0.04037168,47.509380824533864,0.0023856445,1210000,2.524162530899048,4.752155780792236,7.526346921920776,0.2267589569091797,120,956.5095598697662,7.787219047546387,27.30789934664589,100,9.882733153196023,0.03391146659851074,57.192389339418604
11.685896679867488,-0.034209143,50.7395355414133,-0.0010025391,1220000,2.548602819442749,4.78828239440918,7.591998100280762,0.21492362022399902,121,964.3772106170654,7.853567123413086,28.54826291260773,100,7.86962564230186,0.04638481140136719,60.04279133258034
10.892022029511404,-0.06663365,48.18045188312671,0.01738498,1230000,2.559736490249634,4.778878211975098,7.591296911239624,0.22429203987121582,122,972.248542547226,7.857029914855957,30.130434239615532,100,7.892952744822933,0.04119873046875,63.1180403571105
-2.2348927848822857,-0.09874326,42.01733592527788,-0.025741065,1240000,2.596336841583252,4.761779308319092,7.6123175621032715,0.21383285522460938,123,980.149085521698,7.885487079620361,19.908985448094253,100,8.681162285893091,0.05909919738769531,44.315310381310276
-13.584313171146412,-0.0175261,33.663851171714,0.028440906,1250000,2.6253957748413086,4.751312971115112,7.627584934234619,0.18978381156921387,124,988.0554039478302,7.891700506210327,14.687130461456142,100,9.432825336513307,0.07410836219787598,34.55012261225946
-45.46406536799498,-0.049432375,54.84208820118251,-0.024440575,1260000,2.575758695602417,4.805262804031372,7.634992361068726,0.19663166999816895,125,995.9809989929199,7.9119954109191895,27.849027737497618,100,15.767954297458276,0.08013415336608887,57.81753978658148
-14.825527017267584,-0.0825427,58.69701762965509,-0.035867017,1270000,2.583862543106079,4.816657781600952,7.6595237255096436,0.21501731872558594,126,1003.9115626811981,7.91573166847229,27.901250382743065,100,14.095529461989639,0.04098105430603027,58.247644684665175
-43.608209168059815,-0.03213735,53.175351708965444,0.025031982,1280000,2.555596113204956,4.789024114608765,7.598228454589844,0.2127377986907959,127,1011.7828423976898,7.85767388343811,26.82668011213913,100,16.80095765054334,0.04646730422973633,57.28862354395372
-33.397070946616516,-0.031000879,50.727369635710296,0.0010729736,1290000,2.5759682655334473,4.850707292556763,7.680386781692505,0.2060868740081787,128,1019.7507195472717,7.95413613319397,28.97615165964827,100,11.969966032834122,0.06744813919067383,60.303827240427225
-57.34369120950098,-0.023160595,49.35937682181398,0.005372827,1300000,2.546990394592285,4.765199899673462,7.565184831619263,0.22261810302734375,129,1027.5958087444305,7.831285715103149,27.796061439620367,100,12.052884011139417,0.04322528839111328,59.247389268431604
0.8597818924107529,-0.058040094,47.668723454656615,-0.019951934,1310000,2.590475559234619,4.786036252975464,7.633203744888306,0.22534561157226562,130,1035.5187103748322,7.907305002212524,24.680853421901702,100,8.602252530613939,0.04851555824279785,53.89091447374492
-7.954697663179639,-0.11591028,50.81475696398368,-0.019663587,1320000,2.566530466079712,4.76821756362915,7.588826417922974,0.21181392669677734,131,1043.3780808448792,7.845745086669922,27.097376030992834,100,11.208134710879465,0.04486894607543945,57.350840513743144
-59.35686080696937,-0.061318602,50.060428468071976,-0.0034312012,1330000,2.538116931915283,4.76949405670166,7.566382884979248,0.21781468391418457,132,1051.2200956344604,7.828240394592285,25.793222624363562,100,12.408828692589495,0.04378652572631836,55.15540667141221
-3.4502766859060103,-0.12125984,42.623363820268004,-0.04723205,1340000,2.547708749771118,4.805417537689209,7.605508327484131,0.19899654388427734,133,1059.1282014846802,7.894482612609863,23.799103097204657,100,9.137103472829107,0.08978533744812012,51.394903234010805
3.3447941605014826,-0.047294628,45.74119576443183,-0.00640459,1350000,2.569976806640625,4.835177183151245,7.661870002746582,0.21909141540527344,134,1067.0618424415588,7.919833660125732,25.74223915703202,100,7.988411204925143,0.03865838050842285,54.87328467630618
2.5193104967631226,-0.028059375,53.88026261423859,0.008661359,1360000,2.537069797515869,4.776440143585205,7.5675132274627686,0.21338772773742676,135,1074.9167869091034,7.84071946144104,25.811730873129967,100,8.496872256158946,0.05959725379943848,54.30742019803359
-42.35317248184824,-0.07956953,48.47244121348225,0.009863526,1370000,2.536919116973877,4.765638113021851,7.555603265762329,0.22165346145629883,136,1082.7613170146942,7.831140041351318,25.79058568427613,100,11.133798193057366,0.05364727973937988,54.7403785058397
-1.1775016477400129,-0.039122093,43.91976640842293,-0.014399622,1380000,2.545013189315796,4.842243671417236,7.654899597167969,0.21955561637878418,137,1090.691439628601,7.916186332702637,24.951685243655916,100,8.06729875164172,0.04147624969482422,52.9565690572023
-19.670556360770075,-0.038561616,43.46528475092233,-0.022353135,1390000,2.54587459564209,4.782204866409302,7.578973770141602,0.228989839553833,138,1098.557018995285,7.850478887557983,24.170178913236583,100,8.912785975472989,0.04229283332824707,51.90078259874137
3.3234009768086463,-0.045546193,53.69154442280912,-0.018159717,1400000,2.5635502338409424,4.7874674797058105,7.6050310134887695,0.22428297996520996,139,1106.4438054561615,7.873616695404053,25.898528932985528,100,8.47738515740873,0.044072628021240234,54.7191991055002
4.701132037151974,-0.085284665,52.708731042856044,-0.0054544434,1410000,2.5467545986175537,4.830261707305908,7.630166053771973,0.23213720321655273,140,1114.3660571575165,7.907703638076782,26.64069338602074,100,8.981132206608955,0.045142412185668945,56.433273030933925
-57.31398315750585,-0.06079876,57.78622227509883,0.013046301,1420000,2.559119462966919,4.758527755737305,7.567993402481079,0.20207953453063965,141,1122.2313895225525,7.851778507232666,28.994892324090095,100,15.551815414435723,0.0814664363861084,60.978799164352424
-45.69531991419553,-0.33280176,74.00982686187963,-0.011471949,1430000,2.5654239654541016,4.766515016555786,7.584095001220703,0.21580982208251953,142,1130.0909283161163,7.844787836074829,30.926792121382565,100,23.19509144724307,0.04465508460998535,64.16579144422417
-8.630108538760657,-0.15514486,66.6118058885372,-0.020628368,1440000,2.5527875423431396,4.7717976570129395,7.577136278152466,0.19434738159179688,143,1137.9600293636322,7.854154348373413,36.017000753370944,100,11.848072110905617,0.08243560791015625,73.42363781102223
-5.831321625525566,-0.035639647,50.640648269873424,0.0076056886,1450000,2.5661871433258057,4.823755741119385,7.6458916664123535,0.24091815948486328,144,1145.8930184841156,7.918131589889526,32.70475696061219,100,9.435219551198315,0.031104326248168945,66.1545531143808
-35.524285349427494,-0.15372567,59.45022746095265,0.011913314,1460000,2.5577640533447266,4.771093845367432,7.584581613540649,0.21237754821777344,145,1153.7791955471039,7.870779037475586,33.434960888898615,100,13.871584785245432,0.07358670234680176,69.0965723598974
-39.21101111853032,-0.12450407,74.59528772645727,0.013982526,1470000,2.539235830307007,4.7738728523254395,7.562495946884155,0.22966361045837402,146,1161.6288666725159,7.836266756057739,37.89339715683172,100,16.222935288439526,0.04385542869567871,76.59133897543485
-42.23336952931638,-0.22741723,87.11939049755087,0.0064251954,1480000,2.5533559322357178,4.7891199588775635,7.59665322303772,0.2284252643585205,147,1169.508165359497,7.86485743522644,28.928565193909225,100,25.788096794338976,0.03956460952758789,60.07768136769114
-59.11211599328428,-0.1927,76.35390294286337,-0.018406078,1490000,2.5641744136810303,4.7852044105529785,7.605191946029663,0.24531984329223633,148,1177.4325215816498,7.907127857208252,29.232586445116432,100,27.01425385126819,0.05638718605041504,62.347120306113226
-72.38767294808771,-0.1979517,83.1287977645142,-0.0034041991,1500000,2.55159330368042,4.759636402130127,7.564114332199097,0.3502683639526367,149,1185.4209656715393,7.9735801219940186,28.400591134517345,100,28.458417027406107,0.058899641036987305,62.10792687140523
-43.63898185586296,-0.07305398,78.0428858176294,0.015004672,1510000,2.534754753112793,4.726876735687256,7.514142036437988,0.2107396125793457,150,1193.2143185138702,7.774029970169067,30.672913658356002,100,23.366441611769236,0.04887795448303223,62.832726909705855
-68.78763530171584,-0.020829346,67.01994748105749,0.016167628,1520000,2.5500361919403076,4.741094589233398,7.546128988265991,0.21421408653259277,151,1201.036194562912,7.808298110961914,26.203406141124237,100,24.728937355787714,0.04770970344543457,57.64029169158543
-91.12397746747364,-0.112533055,68.93657020676689,-0.0012505127,1530000,2.57521915435791,4.809316396713257,7.640638113021851,0.22590160369873047,152,1208.96604013443,7.9150168895721436,23.947419528848332,100,27.778444804788222,0.04824328422546387,53.2923314489086
-49.43552205793051,-0.0412667,69.66895789174806,0.005435278,1540000,2.5512301921844482,4.756301641464233,7.56752347946167,0.19456791877746582,153,1216.8246097564697,7.8442347049713135,29.492276027451698,100,20.40963401234743,0.08191251754760742,61.566847918683195
-61.29926990158931,-0.16025554,70.19354149284088,-0.014053003,1550000,2.5659573078155518,4.800872325897217,7.630336761474609,0.2073071002960205,154,1224.757405281067,7.919130802154541,31.288239321054206,100,22.07346406424478,0.08126616477966309,65.40758434932754
-63.34646463134365,-0.27714342,61.30008936846458,-0.018551245,1560000,2.5538032054901123,4.753235340118408,7.559607982635498,0.21284246444702148,155,1232.5891346931458,7.817878484725952,28.32527468858624,100,25.877825948296486,0.045191287994384766,62.225878475711916
-39.1328799890262,-0.13223627,67.8572353756648,0.01716626,1570000,2.553548574447632,4.814151048660278,7.623304843902588,0.2171473503112793,156,1240.4869725704193,7.880819082260132,30.746844711276978,100,20.992052581840664,0.04012012481689453,66.85710768557597
-33.717212916705066,-0.4443212,67.90718901857521,0.019653406,1580000,2.544985771179199,4.767059803009033,7.568878650665283,0.21247172355651855,157,1248.322960138321,7.822017192840576,25.07982682924025,100,22.228079133809892,0.040448665618896484,57.83361247670304
-46.97267533227333,-1.233101,57.365213244543334,-0.01880324,1590000,2.5416464805603027,4.75720739364624,7.55194091796875,0.21903252601623535,158,1256.1505451202393,7.813804864883423,25.5894290570405,100,24.529990029087642,0.04263114929199219,60.027177942346064
-68.37707922727841,-1.2463635,63.22160770214664,-0.007732782,1600000,2.5430424213409424,4.758077621459961,7.554243326187134,0.19979333877563477,159,1263.9962849617004,7.831967115402222,25.00074997893632,100,29.67621483652304,0.07771563529968262,58.32615272561675
-33.45545742223584,-0.3987758,71.14806865382894,-0.008519092,1610000,2.5584921836853027,4.782135486602783,7.594580411911011,0.2032182216644287,160,1271.8907885551453,7.880996227264404,32.601851936692455,100,22.401664541215613,0.08299565315246582,71.06038268120024
-59.4978928949877,-0.33832374,66.53015574684211,0.010301367,1620000,2.568852663040161,4.807135581970215,7.629608631134033,0.19064569473266602,161,1279.8033080101013,7.898478031158447,28.234872248100345,100,28.568417258696666,0.07801198959350586,66.04091863361506
-60.00274673691871,-0.52375597,56.95458579382134,-0.010696216,1630000,2.530022144317627,4.711551189422607,7.493555307388306,0.31960225105285645,162,1287.7012016773224,7.884123802185059,23.944949653074627,100,25.545270306848824,0.07071423530578613,56.76967314345447
-44.792590711846884,-0.24298194,63.63213568861668,0.015216553,1640000,2.540485143661499,4.702901601791382,7.495798826217651,0.2298285961151123,163,1295.487511396408,7.772435188293457,22.420097297466032,100,25.790056183337178,0.046584129333496094,54.83109932232832
-56.68397494616124,-0.11028422,63.12871750967382,-0.004540967,1650000,2.531007766723633,4.773262977600098,7.557321310043335,0.2252509593963623,164,1303.328441143036,7.8259217739105225,18.086819105004455,100,29.487475025808063,0.04307866096496582,48.14364191123531
-50.758915083155586,-0.0867639,47.29107942088597,-0.00059969485,1660000,2.561357021331787,4.7895731925964355,7.603984117507935,0.22299814224243164,165,1311.2096700668335,7.8678882122039795,8.805573844555994,100,28.170276920435175,0.04069185256958008,33.20236054861792
-55.3447248885479,-0.09656006,44.74564406313237,-0.025794413,1670000,2.5524137020111084,4.761760950088501,7.568062782287598,0.2343430519104004,166,1319.0739178657532,7.85054349899292,13.886353034434075,100,26.158228259796136,0.04788517951965332,39.33140172569114
-58.54726608363924,-0.08440387,58.94758490843323,-0.02830564,1680000,2.572173833847046,4.80647611618042,7.635458707809448,0.2047410011291504,167,1327.0020587444305,7.913384199142456,17.285305246931916,100,26.418135674343198,0.07293844223022461,46.195525996764744
-67.11683108492872,-0.06658959,65.29287763802617,0.0042814207,1690000,2.5445008277893066,4.8022637367248535,7.600415945053101,0.22606515884399414,168,1334.8857960700989,7.869086265563965,22.22768534465364,100,31.53974624501786,0.04235434532165527,55.85202722488656
-48.9790756541346,-0.08116343,64.28896202082943,-0.011294726,1700000,2.601440191268921,4.803715229034424,7.661300897598267,0.19780707359313965,169,1342.84024310112,7.939652442932129,26.25503934420148,100,21.49744154128089,0.08031868934631348,59.32310607519656
-45.427675496979646,-0.056467384,60.6164719587955,-0.011040821,1710000,2.580298662185669,4.8235509395599365,7.660625457763672,0.22185325622558594,170,1350.7807085514069,7.925085544586182,31.232507479868083,100,18.55534243217159,0.0423741340637207,67.07869071440511
-50.137708351616226,-0.064776614,51.66314617218922,-0.0029959474,1720000,2.5746371746063232,4.713097333908081,7.539928913116455,0.20135855674743652,171,1358.6193652153015,7.825013875961304,22.503169544196584,100,17.98716456130832,0.08346867561340332,52.841127426283954
-33.45978051436864,-0.02615713,45.41555034989695,0.03452832,1730000,2.576059579849243,4.782581329345703,7.6141417026519775,0.22231316566467285,172,1366.5132348537445,7.88022780418396,21.73992425734089,100,16.412100594425052,0.043520212173461914,49.127586168722644
-40.45345598185667,-0.09262144,53.31549569994823,-0.016906787,1740000,2.5614871978759766,4.770375967025757,7.58456015586853,0.21064996719360352,173,1374.3672392368317,7.838036298751831,29.6375272194138,100,14.715072301862854,0.04259777069091797,63.77752327620626
-94.10424549745622,-0.106004685,64.0344203579813,-0.031732716,1750000,2.587047815322876,4.801276683807373,7.648935556411743,0.21428728103637695,174,1382.2887992858887,7.905837297439575,33.72260848664703,100,19.561517845466085,0.04239940643310547,71.51020547115382
-44.94116502242934,-0.00927013,63.1111451978504,-0.010132336,1760000,2.5699546337127686,4.751725912094116,7.574796676635742,0.2143571376800537,175,1390.1723079681396,7.867457151412964,34.559908386517016,100,19.087954988457128,0.07809948921203613,73.7043405354118
-54.93327629379574,-0.08703858,63.03615863625723,-0.02375979,1770000,2.5744099617004395,4.800277471542358,7.6375572681427,0.21898150444030762,176,1398.0846087932587,7.899080991744995,32.173055334273144,100,19.98572242883431,0.04232001304626465,67.83052227113944
-23.76767339925575,-0.05069118,66.11899027118737,0.028183188,1780000,2.561971426010132,4.752257585525513,7.567790746688843,0.1990952491760254,177,1405.9354977607727,7.836326599121094,35.97522040461542,100,14.223218990651961,0.06919193267822266,74.55732425469678
-45.574363409065725,-0.021710485,58.342102823769594,0.035655994,1790000,2.585249900817871,4.7797746658325195,7.618329763412476,0.2206118106842041,178,1413.8349816799164,7.885796785354614,27.314261855515173,100,21.105300688477474,0.04662275314331055,61.7017232582036
-29.256540278958433,-0.08811731,44.36992701345863,0.0053002317,1800000,2.5811948776245117,4.751026630401611,7.583642482757568,0.21730637550354004,179,1421.6978754997253,7.847228765487671,23.760529934755212,100,15.673745921027795,0.046031951904296875,53.2077032886349
-40.29296746254561,-0.021271808,54.03251246228448,-0.0058335876,1810000,2.5761361122131348,4.776909351348877,7.6041176319122314,0.21514248847961426,180,1429.5780086517334,7.866387128829956,27.0883930687238,100,16.801582291335638,0.046888113021850586,58.98441411505546
-57.16567577756733,-0.064023264,45.858210125027234,-0.0111608645,1820000,2.5983831882476807,4.777255535125732,7.627815008163452,0.20957326889038086,181,1437.5305259227753,7.938378572463989,12.8883497568585,100,17.770120230950354,0.10076785087585449,30.796903920413882
-77.82445933335289,-0.03736213,51.767055826629985,0.013563135,1830000,2.5522091388702393,4.6844236850738525,7.488671541213989,0.30012059211730957,182,1445.4140763282776,7.8675696849823,24.302363654539626,100,20.745120042369575,0.07847929000854492,53.13987442076905
-13.889374801275991,-0.04023501,65.64139155118467,0.023391552,1840000,2.591116189956665,4.768449544906616,7.612567901611328,0.22765898704528809,183,1453.3160829544067,7.8811194896698,34.98424488394873,100,13.72494608440034,0.040640830993652344,72.97278157465362
-37.08558811598068,-0.012968524,54.22732638276163,0.021175474,1850000,2.571570634841919,4.74030613899231,7.564136266708374,0.2050790786743164,184,1461.1788051128387,7.849335670471191,29.69366365713176,100,14.026736468483536,0.07989716529846191,63.170404770399884
-33.15719769505552,-0.057052538,46.57352931583278,0.035722412,1860000,2.5604639053344727,4.767487525939941,7.5818932056427,0.22884774208068848,185,1469.0457363128662,7.8525707721710205,25.035670709560904,100,13.486643780640712,0.041562557220458984,55.69646141434952
-23.138369213464312,-0.07189356,71.19328235404286,-0.020165235,1870000,2.552841901779175,4.734737157821655,7.542650938034058,0.21789336204528809,186,1476.864987373352,7.804787635803223,37.19585588600228,100,13.990296527855717,0.04401731491088867,77.3437334283493
-38.746396917455144,-0.042101473,56.00114484722367,-0.017953493,1880000,2.565568208694458,4.724971771240234,7.543604612350464,0.2157759666442871,187,1484.688894033432,7.810080289840698,35.870717352008775,100,15.737610916686734,0.050299882888793945,75.09764745022372
-28.597400693136322,-0.0624615,74.4414062735549,-0.03908446,1890000,2.581050395965576,4.754247426986694,7.598853826522827,0.20439767837524414,188,1492.5699064731598,7.865924119949341,39.243108929027294,100,15.579747590957682,0.06245112419128418,81.57199230846857
-34.33764352185769,-0.051808886,69.0943429068409,-0.004476123,1900000,2.5495247840881348,4.76297664642334,7.565279960632324,0.20572352409362793,189,1500.4221119880676,7.838796377182007,38.518957286692185,100,17.154244400362693,0.06593012809753418,79.56179523826906
-46.848759873558,-0.07794956,66.25772157479517,-0.024542408,1910000,2.58416748046875,4.810736656188965,7.650084733963013,0.2217576503753662,190,1508.3526072502136,7.916867017745972,37.019320982006256,100,17.989557207752405,0.044785261154174805,78.28776562212144
-37.001883833271265,-0.04485359,78.62807385719292,-0.022513073,1920000,2.5558037757873535,4.749789714813232,7.5563108921051025,0.2196028232574463,191,1516.2027270793915,7.836680173873901,38.02339541272646,100,17.409927314740294,0.06055283546447754,80.00650144846175
-42.751113654905396,-0.0609896,73.35759773384798,-0.0067481934,1930000,2.578310012817383,4.768940448760986,7.598479986190796,0.2314615249633789,192,1524.090838432312,7.875109672546387,37.55939076498869,100,17.83775558219569,0.044942617416381836,77.16273634917432
-40.22435653678746,-0.052386805,77.29445016935829,-0.007241516,1940000,2.557451009750366,4.7755067348480225,7.58701229095459,0.21772336959838867,193,1531.9521088600159,7.846231937408447,41.52360879693362,100,16.87545750717072,0.04126262664794922,84.80128710019906
-16.808080940277378,-0.15253033,67.48006720830095,0.01080061,1950000,2.582392692565918,4.7849647998809814,7.6184868812561035,0.19927167892456055,194,1539.8653161525726,7.899147987365723,41.42086727962481,100,13.981319615278393,0.08116483688354492,85.45904673115305
-35.548364881567295,-0.02444668,68.82123148922057,0.006624817,1960000,2.5531396865844727,4.754617214202881,7.568110704421997,0.21346330642700195,195,1547.6982252597809,7.8185648918151855,37.81872426571624,100,13.608164514298096,0.036740779876708984,78.00124597125307
-23.117437334524585,-0.06748027,65.67268410738328,-0.013951148,1970000,2.568610429763794,4.7804553508758545,7.604079484939575,0.19919276237487793,196,1555.59920668602,7.8851635456085205,37.86357264581572,100,14.104823088323467,0.08165669441223145,78.19643727813902
-12.68572745381183,-0.046657667,60.54278819170621,-0.011435547,1980000,2.5771820545196533,4.815584421157837,7.64603590965271,0.2201099395751953,197,1563.5237782001495,7.909624814987183,35.72716290274264,100,14.098515575995298,0.04324531555175781,75.46640061100332
-58.274366143545826,-0.01847185,71.17340496524439,-0.00024711914,1990000,2.5961828231811523,4.7751429080963135,7.626761436462402,0.22264456748962402,198,1571.4308187961578,7.893858432769775,31.58147147061902,100,24.031501677092344,0.04420280456542969,68.50467689513707
-49.92693764250529,-0.073528856,65.49016350193489,-0.027117651,2000000,2.5444202423095703,4.76338529586792,7.5605738162994385,0.21615123748779297,199,1579.2631180286407,7.818478584289551,33.581334911835896,100,22.69468341746479,0.0415349006652832,71.60697285655667
-58.34008099054743,-0.07842442,67.21687353198331,-0.0043805176,2010000,2.5687975883483887,4.768737077713013,7.59980845451355,0.20555901527404785,200,1587.1512606143951,7.874873161315918,33.03805710485485,100,19.642301026667653,0.0692911148071289,70.67624818749431
-32.48377001485849,-0.017372217,59.707967082095145,-0.016801342,2020000,2.5636489391326904,4.7558183670043945,7.572756767272949,0.22361326217651367,201,1595.0020456314087,7.8371360301971436,32.75060169183102,100,15.947628772879206,0.040511131286621094,69.01054734854479
-10.539833380370649,-0.03743096,58.83495674683307,0.012142511,2030000,2.5876946449279785,4.8131632804870605,7.655222654342651,0.21799564361572266,202,1602.9352593421936,7.918653249740601,32.5732482202361,100,11.844983161602393,0.04518461227416992,68.44088711004612
-8.72526680816208,-0.047943152,75.7724866696609,-0.02309541,2040000,2.5826802253723145,4.7732391357421875,7.612009286880493,0.22231364250183105,203,1610.8271725177765,7.8775622844696045,37.91796411249627,100,13.787733171504623,0.04298758506774902,78.84812595358187
-38.82013042955369,-0.051080372,59.76575099588292,0.010151001,2050000,2.6005043983459473,4.7877037525177,7.641841650009155,0.21036601066589355,204,1618.767399072647,7.92363166809082,34.7858403513424,100,17.361777943257724,0.0711817741394043,74.05954256274434
-76.50219428022366,-0.09563218,70.79158799823267,0.002456732,2060000,2.5637545585632324,4.73812198638916,7.554356098175049,0.213362455368042,205,1626.593675851822,7.812902450561523,30.399935842764144,100,26.81885921216279,0.04494953155517578,66.8465652625197
-73.08978200090917,-0.036066845,66.1325175453498,0.018353881,2070000,2.5332624912261963,4.762354373931885,7.5460898876190186,0.21761846542358398,206,1634.4115617275238,7.803894996643066,19.871387504464487,100,28.075679106337034,0.039920806884765625,46.84785712615824
-76.61698303193721,-0.083379105,65.30721575797072,-0.01264624,2080000,2.56510329246521,4.791343450546265,7.609137058258057,0.22079110145568848,207,1642.3011825084686,7.87357759475708,11.66905018473235,100,32.73952422418541,0.04342222213745117,33.849915007210264
-100.62554191429558,-0.023489648,80.18147755204348,0.01981106,2090000,2.5455527305603027,4.759982347488403,7.559742450714111,0.22904276847839355,208,1650.1452994346619,7.830357313156128,12.72240107450841,100,37.92726588180049,0.0413050651550293,32.47848322075602
-86.17920056841328,-0.051446754,65.35806832569271,-0.0062298826,2100000,2.538975715637207,4.722584009170532,7.51405668258667,0.22416901588439941,209,1657.943810224533,7.783488750457764,13.278292826525414,100,33.76431734588713,0.044991254806518555,32.8991344893132
-83.37025420245291,-0.010630835,88.25591214855224,0.008105041,2110000,2.5712075233459473,4.788413763046265,7.616251230239868,0.21735596656799316,210,1665.8356063365936,7.877804279327393,8.673441840898052,100,35.88247416646801,0.043951988220214844,26.35674466940235
-121.72895541194384,-0.11064372,113.31768581780014,-0.033867538,2120000,2.5431151390075684,4.744358539581299,7.539648056030273,0.2958371639251709,211,1673.743187904358,7.893199443817139,11.479148939077684,100,39.18070185122657,0.057483673095703125,33.105382537922
-77.20146063961224,-0.02753338,83.64779669114853,-0.0014069752,2130000,2.5515947341918945,4.733141899108887,7.53887939453125,0.299912691116333,212,1681.6394772529602,7.882911682128906,14.162105047136048,100,37.23039603894592,0.04391121864318848,35.58999491898574
-106.31556931773338,-0.050106153,78.32959096201151,-0.01033352,2140000,2.560271739959717,4.748648643493652,7.561452388763428,0.22398781776428223,213,1689.483012676239,7.824850082397461,16.300614740016798,100,31.718070708074446,0.03916430473327637,40.03279114824927
-117.75854273837955,-0.027374329,69.28539636075251,0.017859027,2150000,2.5586581230163574,4.751803874969482,7.564615488052368,0.2007749080657959,214,1697.3353826999664,7.838816404342651,10.506575419890606,100,36.03712104410546,0.07321715354919434,30.55888384005503
-85.81744285889438,-0.048440907,87.58631195520233,-0.0068615447,2160000,2.5460009574890137,4.769362926483154,7.568596363067627,0.3195974826812744,215,1705.2980110645294,7.94871187210083,24.577898541503767,100,31.250266747115873,0.06025052070617676,55.81569597485594
-93.45987951346977,-0.05673628,72.18407826280837,0.00036560057,2170000,2.5304524898529053,4.710200071334839,7.4894092082977295,0.21851229667663574,216,1713.0664167404175,7.75417423248291,24.309783662700685,100,35.75624863746052,0.046041250228881836,56.731881457293994
-110.96515663453324,-0.13715215,77.60752585168625,-0.018386243,2180000,2.5586800575256348,4.77390193939209,7.589284896850586,0.2266860008239746,217,1720.9534356594086,7.867600679397583,29.609181495197834,100,33.100034329529734,0.05135178565979004,67.96931111699325
-77.47335543060889,-0.06859126,77.22364438242887,0.016926562,2190000,2.5800998210906982,4.77830958366394,7.611883878707886,0.21718549728393555,218,1728.8394470214844,7.871685981750488,23.898788755736042,100,35.97403624287939,0.04237055778503418,58.286811063219936
-62.05439019490602,-0.16753486,67.20869000207804,0.001571753,2200000,2.544940233230591,4.7954041957855225,7.592595338821411,0.21391987800598145,219,1736.7032589912415,7.850000381469727,22.58133878498313,100,27.62874292839606,0.0432283878326416,55.09227226200836
-67.82737910690898,-0.79614055,45.46430009066834,0.025229193,2210000,2.5442147254943848,4.729294300079346,7.527819633483887,0.21564865112304688,220,1744.500184059143,7.783068656921387,15.905968258681215,100,26.93941048604784,0.03935670852661133,43.851951197221155
-40.137412116733074,-0.095177636,44.54782313777885,-0.02579961,2220000,2.581796407699585,4.788898229598999,7.6272056102752686,0.20611071586608887,221,1752.4193742275238,7.905250787734985,15.908881734064382,100,19.227865078956423,0.0717015266418457,42.5931096903739
-41.86001242969494,-0.11388303,45.18552220104812,-0.020675754,2230000,2.5725858211517334,4.798151254653931,7.623674631118774,0.19236230850219727,222,1760.3298606872559,7.896991729736328,13.847246908540278,100,21.962157502721656,0.08072495460510254,37.976672654354424
-49.09867516085822,-0.020400684,66.08543478669404,0.021224665,2240000,2.5732598304748535,4.797877788543701,7.623806715011597,0.22505831718444824,223,1768.2366251945496,7.893080234527588,30.619155188469787,100,23.846655027057203,0.043943166732788086,67.5368343272848
-65.85077815332409,-0.085758105,73.2822974456991,-0.009231054,2250000,2.567953109741211,4.769797325134277,7.591541051864624,0.2101430892944336,224,1776.0967810153961,7.846583127975464,23.79566593159106,100,34.09958846151166,0.044656991958618164,58.93494509303078
-76.44923834775724,-0.119390726,80.82712533397603,-0.015335339,2260000,2.561110019683838,4.862802267074585,7.6790361404418945,0.21492600440979004,225,1784.0515460968018,7.94064474105835,37.715571057562705,100,25.55759854380679,0.04643869400024414,79.46503333933735
-71.4394516045204,-0.06768682,72.32475929199055,-0.01513125,2270000,2.564394950866699,4.803234815597534,7.6295530796051025,0.19607019424438477,226,1791.9643306732178,7.898839950561523,29.910374580015624,100,29.452523940399534,0.0729517936706543,69.01168456223353
-63.02105332610978,-0.052453294,82.25896473651389,-0.012844831,2280000,2.5874836444854736,4.830700635910034,7.672491788864136,0.21021056175231934,227,1799.9571042060852,7.979429006576538,35.112587611941414,100,28.67086478815379,0.09655380249023438,74.68114769595957
-60.51837168456807,-0.06318575,80.29843900957457,-0.012583972,2290000,2.582047462463379,4.780908107757568,7.617321968078613,0.2111518383026123,228,1807.8405742645264,7.870012998580933,34.73153069512088,100,27.13727867909514,0.04129743576049805,75.08429882037464
-44.76232146058484,-0.07322945,69.76202012251149,-0.012234179,2300000,2.572324514389038,4.757617712020874,7.582979202270508,0.2037665843963623,229,1815.7259562015533,7.8721253871917725,35.37817627120471,100,21.51699736754892,0.08514714241027832,74.42127456971494
-29.215981491031762,-0.077288926,67.82805947377028,-0.03420708,2310000,2.5839638710021973,4.778690338134766,7.61661958694458,0.2170717716217041,230,1823.6162569522858,7.875058174133301,33.64284465840005,100,15.16111488776491,0.0411527156829834,70.86193798597508
-34.74732461566045,-0.07044807,61.632527654493195,-0.016845437,2320000,2.541919708251953,4.745208740234375,7.5365190505981445,0.22537755966186523,231,1831.436173915863,7.806084394454956,36.89723280785168,100,16.375214350186166,0.0439305305480957,77.3229190572338
-36.55284625982282,-0.080127,76.7586306725616,0.00081501465,2330000,2.5585882663726807,4.743683815002441,7.555431604385376,0.23232603073120117,232,1839.2843353748322,7.833740234375,37.59327017791766,100,18.438453655368182,0.04574251174926758,80.13185773173252
-42.801393750687154,-0.038934495,73.00259942682551,0.013869775,2340000,2.5598926544189453,4.733398675918579,7.546715259552002,0.23401403427124023,233,1847.1236109733582,7.825359582901001,28.765474046138333,100,22.985173957225907,0.044405221939086914,65.70426373396364
-38.808173847838674,-0.06970517,54.15315893031037,-0.0105458,2350000,2.536881446838379,4.732341766357422,7.522193431854248,0.23668241500854492,234,1854.9265310764313,7.789668321609497,29.85742597861968,100,16.78464887343947,0.03058314323425293,65.32546819543654
-44.823561914853784,-0.11225989,66.23288764588247,-0.018022045,2360000,2.5599358081817627,4.839405536651611,7.65522837638855,0.22056865692138672,235,1862.8580658435822,7.917719841003418,31.0466054856249,100,21.043048673096475,0.04169034957885742,69.73855979789283
-43.757955834383246,-0.031266212,69.26112361891862,-0.008493017,2370000,2.5599777698516846,4.755938768386841,7.57151198387146,0.22426724433898926,236,1870.7073957920074,7.836190223693848,39.28246449688152,100,18.696675143574748,0.04020333290100098,81.91633981299475
-24.640827474235568,-0.010950781,69.62054638606342,0.014894433,2380000,2.560288429260254,4.768207788467407,7.589455604553223,0.2252342700958252,237,1878.5799384117126,7.858710765838623,35.28774267500969,100,19.251104395334604,0.043786048889160156,75.61991036248473
-76.20697225715239,-0.02142539,56.43069564996754,0.027379937,2390000,2.5473549365997314,4.7682929039001465,7.570432186126709,0.2476177215576172,238,1886.4566509723663,7.861011743545532,33.985864656264724,100,21.968952825918816,0.04272770881652832,73.19969620086758
-31.551859924639448,-0.059312645,74.7026140559783,0.0044983947,2400000,2.5488455295562744,4.746662139892578,7.56534481048584,0.21863627433776855,239,1894.293729543686,7.822613954544067,40.9443095423911,100,19.311671883730472,0.03842306137084961,84.9208269255902
-42.17517415706361,-0.10642394,47.977338629307184,-0.026543409,2410000,2.574005126953125,4.753251552581787,7.580871343612671,0.21636104583740234,240,1902.144987821579,7.8379316329956055,21.18022211781858,100,21.45824644723053,0.04045844078063965,51.141584891685824
-58.61215692948427,-0.07971875,41.921336009549044,0.0018956299,2420000,2.5274860858917236,4.774419546127319,7.554662466049194,0.20764565467834473,241,1909.9653701782227,7.806990146636963,14.444845482310773,100,23.677164933341032,0.04444742202758789,39.743774032313326
-55.0851108343342,-0.00065324706,40.589811348548324,0.0023295532,2430000,2.528693914413452,4.726178884506226,7.508188247680664,0.22343754768371582,242,1917.748935699463,7.768831968307495,9.662987708682406,100,24.47510791403912,0.03698587417602539,32.46540450495442
-66.27431655943505,-0.061706956,47.029495578351906,-0.0057694945,2440000,2.5377800464630127,4.768049478530884,7.556959390640259,0.21528363227844238,243,1925.5800280570984,7.817359209060669,10.817318681192267,100,28.22463274532576,0.04488849639892578,35.22437081375315
-64.91212960346063,-0.10118719,44.99188526549635,-0.01689114,2450000,2.5295403003692627,4.743009328842163,7.524680137634277,0.23075246810913086,244,1933.393441915512,7.799208402633667,9.766680426743253,100,28.41319469559431,0.04354548454284668,33.0536042329358
-52.76592310912563,-0.15387574,44.78695233067603,-0.053537402,2460000,2.539430618286133,4.767383098602295,7.559632778167725,0.2252058982849121,245,1941.237316608429,7.8305864334106445,11.602828200393477,100,24.325437804050924,0.045542240142822266,35.75519497197953
-56.9355730561038,-0.07069426,46.23228469959976,0.010353366,2470000,2.5716724395751953,4.831424236297607,7.6571314334869385,0.21764159202575684,246,1949.174644947052,7.92235541343689,13.363800095415067,100,25.257074044272372,0.04732251167297363,38.15972846632538
-63.80426377253872,-0.04862168,45.052442215146485,0.025176758,2480000,2.531371593475342,4.763718605041504,7.547832727432251,0.29030418395996094,247,1957.0968968868256,7.908599376678467,15.523459725962491,100,24.33207555722227,0.07022809982299805,41.84142659281064
-59.996459180944555,-0.050163183,43.59688496768842,-0.0010922364,2490000,2.5146305561065674,4.693560838699341,7.459684133529663,0.20020413398742676,248,1964.8530912399292,7.742757558822632,12.291247105452937,100,24.8744449759677,0.08248615264892578,37.526418133105466
-61.29272489634148,-0.041776124,39.675236246791656,-0.008136011,2500000,2.5474023818969727,4.803451299667358,7.605702877044678,0.20913338661193848,249,1972.7700684070587,7.895327806472778,10.261859968087524,100,25.80894395911749,0.08021688461303711,33.32185480260968
-59.73365114122884,-0.1381601,41.80361615464004,0.0020953384,2510000,2.52925705909729,4.739170789718628,7.524526119232178,0.21759748458862305,250,1980.5704667568207,7.787159442901611,8.179982875540432,100,28.652318847898094,0.044809579849243164,30.813163946669665
-60.82982933519489,-0.054493602,56.88467402525018,0.013716382,2520000,2.5568971633911133,4.810327053070068,7.6221630573272705,0.22577953338623047,251,1988.4746804237366,7.890684366226196,12.016210916359299,100,26.87942091669262,0.04249310493469238,37.06139031585704
-53.529427879222126,-0.070637405,43.81115950829001,-0.009769678,2530000,2.529937982559204,4.736766815185547,7.517183303833008,0.22954630851745605,252,1996.275865316391,7.78759241104126,15.82673919327646,100,21.576125153170715,0.0406341552734375,42.66597498288409
-51.59037129698744,-0.058988634,50.06328879300554,0.0010065734,2540000,2.5366992950439453,4.791571378707886,7.581142425537109,0.2143418788909912,253,2004.1284737586975,7.838798761367798,18.37651991934722,100,22.494261934608815,0.04309344291687012,45.47497757059435
-54.47720708496209,-0.064781405,46.83675207205009,-0.043963984,2550000,2.572599411010742,4.785634517669678,7.61165976524353,0.22761082649230957,254,2012.0188858509064,7.876353740692139,18.92021408750123,100,21.61282382729389,0.03688216209411621,46.869704191261754
-36.714122578696845,-0.059257973,47.594376063617965,-0.030781515,2560000,2.561770439147949,4.752670049667358,7.5673792362213135,0.2833900451660156,255,2019.9335706233978,7.901445627212524,20.877954333773914,100,15.454832493771024,0.05032944679260254,50.217721774286304
-37.77343613798185,-0.03196433,45.76592785818597,0.009177026,2570000,2.5577609539031982,4.705315828323364,7.516301870346069,0.2846207618713379,256,2027.8340919017792,7.8857200145721436,18.495125637813988,100,21.5438731904567,0.08447670936584473,46.230637954421624
-41.42544035622422,-0.020472901,46.016866262573366,0.013299951,2580000,2.568847417831421,4.743816614151001,7.568919897079468,0.20457816123962402,257,2035.6961760520935,7.8410325050354,20.129505095020203,100,17.72774402473801,0.06714534759521484,48.38774357619116
-71.62939601268512,-0.5613653,47.15497093152715,0.0047904295,2590000,2.5364081859588623,4.737399101257324,7.524971008300781,0.23040771484375,258,2043.5132517814636,7.803640127182007,18.18449015407399,100,21.72909914129647,0.04801750183105469,45.596110087494026
-42.934360422797916,-0.054677002,48.009557959976824,-0.008530619,2600000,2.6026294231414795,4.798401117324829,7.657871246337891,0.21665167808532715,259,2051.4531610012054,7.925242185592651,15.288159398953,100,14.664447773882898,0.05044960975646973,39.21365334943023
-44.98017055213395,-0.10492246,29.18307411270651,-0.026690075,2610000,2.623762369155884,4.789791822433472,7.668680191040039,0.21771788597106934,260,2059.399894952774,7.9317991733551025,8.963690362223169,100,14.738487805123656,0.04517221450805664,29.791032492586133
-39.11887780268242,-0.08688389,32.82736387961429,-0.0041126464,2620000,2.61875319480896,4.860705852508545,7.73531174659729,0.2678971290588379,261,2067.4824912548065,8.069122791290283,13.196096277196702,100,11.763385939629329,0.06569814682006836,34.69094154110033
-45.60451493666511,-0.16334683,34.25565888447629,-0.0013170654,2630000,2.350860834121704,4.382850885391235,6.959941387176514,0.27886009216308594,262,2074.7767584323883,7.280168771743774,8.804785667736665,100,13.50248205071033,0.041158199310302734,25.9479811312421
-25.930400567276983,-0.068489306,41.43663910426076,-0.021165978,2640000,2.4102461338043213,4.703173637390137,7.348028659820557,0.27374744415283203,263,2082.4590702056885,7.663205862045288,18.382398888474285,100,11.930941133760982,0.04118776321411133,42.635261016097466
-103.91731189815742,-9.872229,43.988416678949804,-0.013561884,2650000,2.4269423484802246,4.675061941146851,7.35027813911438,0.2789762020111084,264,2090.1479828357697,7.6709208488464355,15.879246098323017,100,24.07349783615387,0.041426897048950195,41.66822474154456
-119.43867594991595,-16.854557,31.519481814053865,-0.018780384,2660000,2.4734795093536377,4.769562721252441,7.481517791748047,0.2702615261077881,265,2097.9857132434845,7.818907976150513,-24.292495632771566,100,34.00355908199735,0.06690096855163574,-34.20209306695792
-156.67066404327392,-9.091086,29.61309540035248,-0.019688282,2670000,2.436659574508667,4.790393114089966,7.4660704135894775,0.2663400173187256,266,2105.8060920238495,7.801626205444336,-54.46658359309609,100,33.848050739584764,0.0689702033996582,-90.8568520064007
-170.10985308504817,-66.751366,-0.4142017069478572,-0.008171997,2680000,2.460049867630005,4.745174407958984,7.437129020690918,0.28443169593811035,267,2113.590039253235,7.766138792037964,-59.88128665077013,100,29.533548454164112,0.04432106018066406,-102.42349520180977
-166.18536113150134,-4.663252,17.41170101750152,-0.017549958,2690000,2.579270839691162,4.743951082229614,7.558745622634888,0.27451610565185547,268,2121.487240791321,7.87937331199646,-53.976905703586624,100,26.90399080052095,0.04582977294921875,-83.96654265517833
-193.57581261677092,-4.786575,75.12272749477849,0.0033652221,2700000,2.492548942565918,4.701980352401733,7.428172826766968,0.25407910346984863,269,2129.290583372116,7.784522771835327,-49.57644554427245,100,38.4138748997287,0.10203790664672852,-77.39702220611628
-169.4163625208684,-5.5779862,66.5238199365344,0.019084146,2710000,2.518127679824829,4.694413661956787,7.4465837478637695,0.2798628807067871,270,2137.075592517853,7.766314506530762,-50.82006390051438,100,42.340320480851055,0.039617061614990234,-76.9769468673243
-200.80641814863898,-5.0960684,52.11380897364807,0.007960693,2720000,2.503650426864624,4.720389127731323,7.47415018081665,0.26802563667297363,271,2144.8838546276093,7.790860176086426,-42.60847025054026,100,37.68941102219328,0.04845261573791504,-64.97738258499606
-215.8590650252055,-4.3238764,134.587058015924,-0.017815333,2730000,2.4653561115264893,4.71634316444397,7.419935703277588,0.27031803131103516,272,2152.6604986190796,7.75844144821167,-43.5748969425926,100,46.544854432786686,0.06790995597839355,-63.3220717994823
-207.6228735649833,-2.5275195,66.13534831131166,-0.014932214,2740000,2.462847948074341,4.647020101547241,7.350973606109619,0.2726719379425049,273,2160.3411753177643,7.663003206253052,-42.693054819053906,100,42.76068211277781,0.039112091064453125,-58.480674758317804
-216.19857727008522,-3.0853105,99.83004454362515,0.0016232483,2750000,2.5031092166900635,4.680444717407227,7.416743516921997,0.3020319938659668,274,2168.165117740631,7.805622816085815,-44.45130578875071,100,50.56678101657736,0.08661508560180664,-67.4884254590749
-231.3550108891622,-4.155922,47.31238404476547,-0.0024658504,2760000,2.4904966354370117,4.653101682662964,7.412522077560425,0.2607290744781494,275,2175.958696603775,7.777381896972656,-48.18729800657038,100,43.24613602876159,0.10388946533203125,-69.83463192890919
-158.88179261449116,-5.838336,126.37765028703527,-0.03134009,2770000,2.452385663986206,4.768831729888916,7.454322099685669,0.26218557357788086,276,2183.773607492447,7.796524524688721,-27.73248349905574,100,46.43859846458808,0.07973670959472656,-35.01940129184257
-174.9184288641087,-8.810146,99.01711148933741,0.01072926,2780000,2.463474988937378,4.729902029037476,7.428359270095825,0.279050350189209,277,2191.5401046276093,7.74867844581604,-33.87220590055952,100,43.25419525250891,0.04100680351257324,-50.408475899037164
-143.76017508785063,-20.65018,44.77197117323177,-0.041822877,2790000,2.462904691696167,4.753765106201172,7.45359206199646,0.2744159698486328,278,2199.3260509967804,7.766208648681641,-37.697835575841516,100,29.869798847605175,0.03794240951538086,-61.30903390708148
-212.17082833211825,-19.40299,53.26889222684081,0.007976721,2800000,2.4388723373413086,4.654925107955933,7.329368352890015,0.26824331283569336,279,2206.980471134186,7.636853218078613,-51.742472727024705,100,45.99521213664635,0.03897714614868164,-83.83947921583629
-171.69968485349187,-25.539421,60.224119628696165,0.0056978213,2810000,2.5056114196777344,4.670885324478149,7.426389932632446,0.29170966148376465,280,2214.753363609314,7.75721287727356,-48.52431822665643,100,38.389512395899786,0.03888440132141113,-83.19804789598693
-183.39188985725224,-4.5362873,70.95389473450629,0.029857526,2820000,2.469653606414795,4.822965383529663,7.542420387268066,0.267561674118042,281,2222.63258767128,7.862046241760254,-34.480116546883515,100,42.72204739046039,0.05180025100708008,-58.50075567740575
-117.3463987738296,-2.871714,52.2589574621992,0.004893457,2830000,2.457923173904419,4.790220499038696,7.490006923675537,0.26723170280456543,282,2230.4467117786407,7.797851800918579,-32.6441679785068,100,34.14079679842379,0.04037737846374512,-54.855610537132186
-93.55907674098314,-5.333351,45.10045848636782,0.013639697,2840000,2.3874757289886475,4.788210868835449,7.408529281616211,0.24123859405517578,283,2238.190139770508,7.725761890411377,-30.154688940195914,100,31.403822167972198,0.07578563690185547,-48.423356895814074
-87.10497906173958,-1.8291861,37.60890068508353,-0.02543027,2850000,2.400466203689575,4.714513540267944,7.350204944610596,0.2664937973022461,284,2245.859550476074,7.651199102401733,2.7200438582732107,100,21.951504284496977,0.0342714786529541,15.05667215223036
-48.08447548275681,-0.7870815,47.617159358572586,-0.005773828,2860000,2.3823156356811523,4.716769456863403,7.334773540496826,0.24689936637878418,285,2253.5017931461334,7.626443147659302,21.748164948758276,100,13.783846146829868,0.04452681541442871,50.08203394078708
-54.26054050977923,-0.44879305,40.67972518548395,-0.0020521972,2870000,2.412613868713379,4.785232782363892,7.4326159954071045,0.2521665096282959,286,2261.280645132065,7.761378765106201,21.994416168146053,100,15.994998149247822,0.07561731338500977,49.48000925643646
-45.6351175347088,-0.0879724,47.21008720714308,0.019392725,2880000,2.381441354751587,4.697740316390991,7.321317911148071,0.2485945224761963,287,2268.9352717399597,7.640056610107422,23.261313892186894,100,13.479154167198566,0.06992506980895996,50.80605530744859
-52.23136571694111,-0.2616184,41.13055675001283,-0.0073930174,2890000,2.3660998344421387,4.6134819984436035,7.216630935668945,0.3328690528869629,288,2276.6249549388885,7.673688888549805,24.205601476935627,100,12.780239361777772,0.12388873100280762,52.11343803669196
0.7539411295094233,-0.11290898,47.992931261659024,-0.00023574485,2900000,2.3607120513916016,4.634141683578491,7.226517677307129,0.2479102611541748,289,2284.2081463336945,7.5670082569122314,25.148677553797878,100,9.24240629738268,0.09234905242919922,53.61751571032867
10.183705157663233,-0.014985656,53.72014332535494,0.014783069,2910000,2.347668409347534,4.643066644668579,7.223870515823364,0.3392622470855713,290,2291.901111602783,7.6776158809661865,26.378111892045503,100,8.489751731658538,0.11423468589782715,55.573779888104
8.799605416165598,-0.048939183,45.047197706171744,-0.008146668,2920000,2.3916168212890625,4.655615329742432,7.283452987670898,0.39972853660583496,291,2299.68563580513,7.767924070358276,26.473337227764695,100,8.040180539260204,0.08449316024780273,55.10204212503992
7.709676103366272,-0.049809497,43.260401439200784,0.0044553713,2930000,2.342114210128784,4.615882396697998,7.191937208175659,0.29480838775634766,292,2307.2513270378113,7.546963214874268,24.979705115707116,100,7.465401371265026,0.05998539924621582,52.75688286451636
8.874263813025161,-0.06670213,43.011345224706076,-0.012069592,2940000,2.3484857082366943,4.562535524368286,7.152004718780518,0.30847597122192383,293,2314.859256029129,7.5567097663879395,26.815701839099393,100,7.488133190739678,0.0959928035736084,55.68374376793196
9.710529039450883,-0.053686693,49.29177720632771,-0.001356189,2950000,2.3592002391815186,4.586747407913208,7.184839963912964,0.41333699226379395,294,2322.5097539424896,7.632598876953125,26.850795882674994,100,8.47229960038442,0.034090280532836914,55.806010216879464
7.462668838466265,-0.06365456,45.975094140257305,-0.011078284,2960000,2.3882060050964355,4.75227427482605,7.3869078159332275,0.3293912410736084,295,2330.297244787216,7.766972541809082,26.895343774330005,100,7.842381329956756,0.05041909217834473,55.65401195459146
5.998408900922077,-0.042326905,46.086570534809525,-0.022919824,2970000,2.4140920639038086,4.709418535232544,7.362107753753662,0.2853739261627197,296,2338.0068542957306,7.688533067703247,27.683245733595978,100,7.998838872750828,0.04079723358154297,57.443984128740766
10.222789476011702,-0.044670753,49.174622485518874,0.021390308,2980000,2.408099889755249,4.845751762390137,7.497738361358643,0.26070332527160645,297,2345.823196411133,7.798723459243774,27.37392660210936,100,7.819804778099477,0.04001641273498535,56.658456506843876
9.888709232766729,-0.029362012,50.2762464240067,-0.013061328,2990000,2.450516939163208,4.744566917419434,7.4306628704071045,0.247117280960083,298,2353.6182448863983,7.777094125747681,28.676317354189756,100,7.81695730063551,0.0990760326385498,58.872926392950404
3.409176376475506,-0.06740261,49.656553746279315,-0.005754419,3000000,2.3960587978363037,4.831291675567627,7.467257261276245,0.26520204544067383,299,2361.432646751404,7.798768758773804,27.50233764833576,100,9.051179314496538,0.06606626510620117,57.04563201980535
