train-PolicyExecTime,train-EnvExecTime,Itr,train-MaxReturn,Time-Optimization,Time-SampleProc,train-StdReturn,Time-Sampling,ItrTime,LossBefore,n_timesteps,train-AverageDiscountedReturn,Time,LossAfter,train-MinReturn,train-NumTrajs,train-AverageReturn
4.804267406463623,2.4373979568481445,0,36.35231870871537,0.4817688465118408,0.10448002815246582,32.891707886099965,7.4696314334869385,8.056177616119385,-1.2207031e-08,10000,-68.51372345198538,8.056180477142334,-17.443104,-117.12990949964704,100,-39.47368336906754
4.698255300521851,2.403688669204712,1,64.69500214197986,0.37247705459594727,0.04587388038635254,37.567942058904,7.329463005065918,7.748065710067749,0.006672528,20000,-54.49167398771167,15.835145711898804,-0.049173094,-139.78256957727484,100,-29.84445197406536
4.675506591796875,2.4487545490264893,2,29.551992399592166,0.41823792457580566,0.08337545394897461,30.87479272058176,7.353673934936523,7.85553503036499,8.392334e-09,30000,-61.63669972960338,23.71290159225464,-0.012080971,-95.82886645293384,100,-33.62547771841464
4.664070129394531,2.4414217472076416,3,41.23636099024012,0.4214901924133301,0.12657761573791504,39.058946611950454,7.338638544082642,7.886969566345215,-1.8310548e-08,40000,-70.01374243149465,31.629620790481567,-0.017520942,-169.70950437168173,100,-39.30545449563394
4.745336294174194,2.455429792404175,4,63.80152429480544,0.36724853515625,0.09759902954101562,37.961047419977895,7.4336018562316895,7.898692607879639,-3.0517577e-09,50000,-67.17056616916378,39.54720163345337,-0.011413309,-134.22995970081413,100,-37.90135966232662
4.747136831283569,2.4413721561431885,5,54.509294340601755,0.29761624336242676,0.07562065124511719,38.520240495873885,7.423402547836304,7.796982049942017,6.1035155e-09,60000,-70.33150965179672,47.36246657371521,-0.008271016,-137.893995084274,100,-39.527869864386325
4.707061767578125,2.470211982727051,6,85.56624382872086,0.2861316204071045,0.10624122619628906,35.37108997330202,7.412161350250244,7.804783582687378,-6.1035155e-09,70000,-66.77942360010954,55.18471097946167,-0.0096718995,-145.94292102890003,100,-36.69841140748641
4.8026416301727295,2.428802967071533,7,44.551020951223954,0.25109243392944336,0.08884429931640625,30.68223302574211,7.474823951721191,7.815014839172363,-9.155274e-09,80000,-66.33659615672717,63.015873432159424,-0.0062802187,-123.60983182510624,100,-37.34359619043396
4.765385150909424,2.485261917114258,8,57.4830436612622,0.23735737800598145,0.09559941291809082,41.680469420316456,7.4899585247039795,7.823111534118652,3.0517577e-09,90000,-66.84263866015462,70.85660338401794,-0.00976584,-149.05094836850589,100,-37.85127915810701
4.807499408721924,2.4659488201141357,9,55.37260084694506,0.2589528560638428,0.031603097915649414,35.28453297483484,7.505697250366211,7.796486139297485,-0.0006209778,100000,-56.755431315854686,78.67057013511658,-0.0084542055,-115.69778323808272,100,-32.72555547961667
4.806392192840576,2.4550600051879883,10,61.2691927655992,0.2667970657348633,0.03734469413757324,33.75699339374317,7.497165679931641,7.801528215408325,-1.1444092e-08,110000,-59.426904287149846,86.48807549476624,-0.0052050543,-115.4475706346086,100,-33.91228790864565
4.778845310211182,2.4283792972564697,11,56.09776711477866,0.23100781440734863,0.0918276309967041,41.264686884377596,7.443006753921509,7.766067028045654,-9.155274e-09,120000,-76.38515512052273,94.27182626724243,-0.011988064,-167.85422440908965,100,-43.27050923634245
4.7254860401153564,2.4910247325897217,12,46.526588763172526,0.23090863227844238,0.10132813453674316,37.06460640185431,7.458608150482178,7.7911975383758545,1.8310548e-08,130000,-62.227916834392346,102.07958984375,-0.010853964,-134.91404713452616,100,-34.93527477312496
4.728440284729004,2.4595131874084473,13,76.43896113095568,0.23693633079528809,0.08827567100524902,42.02862307951952,7.422781705856323,7.751010179519653,-1.2207031e-08,140000,-71.44132292808854,109.8465416431427,-0.013923975,-150.72448595682562,100,-39.19663267464899
4.776729583740234,2.4762637615203857,14,40.1167966575948,0.24263405799865723,0.039743900299072266,36.0296754548388,7.49577260017395,7.778608798980713,3.0517577e-09,150000,-70.32787645491169,117.64196872711182,-0.01681259,-156.89414367811352,100,-40.181270971367425
4.798732757568359,2.471191644668579,15,70.89936401249541,0.25739288330078125,0.04216265678405762,41.652183346317806,7.504155874252319,7.803951978683472,-1.5258789e-09,160000,-71.22554453909473,125.46174240112305,-0.012990854,-170.10478515851196,100,-38.312823928681
4.646265506744385,2.413590669631958,16,92.43388579298147,0.37287235260009766,0.08174657821655273,36.579303986968746,7.290902376174927,7.745752573013306,-2.1362304e-08,170000,-63.573897575854474,133.2223961353302,-0.009933238,-109.47723064995753,100,-34.13492471792137
4.58784818649292,2.3981077671051025,17,63.39590216760225,0.48447394371032715,0.12346625328063965,34.97079355242647,7.217306613922119,7.825473308563232,6.1035155e-09,180000,-72.06221629697791,141.06610560417175,-0.008966542,-123.58315537786928,100,-41.48321955576615
4.603739261627197,2.4526262283325195,18,54.07644651521917,0.44999146461486816,0.11489081382751465,37.87841140713756,7.29622220993042,7.861364841461182,-9.155274e-09,190000,-72.53931600365253,148.94338536262512,-0.012972961,-139.3404241564771,100,-38.047985634336555
4.717898368835449,2.474733591079712,19,31.742154294043644,0.49971652030944824,0.11207079887390137,30.4875134675882,7.425317764282227,8.037351608276367,1.2207031e-08,200000,-72.48499148079053,156.9982750415802,-0.012194454,-112.90318407088567,100,-39.186279976045284
4.687462568283081,2.4448928833007812,20,41.09126663489464,0.41599321365356445,0.09745669364929199,33.56307305701829,7.362995147705078,7.876672029495239,-3.0517577e-09,210000,-70.63819901986002,164.89418268203735,-0.0129845245,-119.09900504882847,100,-39.235313554137804
4.6419267654418945,2.4083642959594727,21,43.52428591165892,0.4345250129699707,0.10505318641662598,39.652569134531845,7.280106782913208,7.81995415687561,1.8310548e-08,220000,-80.31134018323297,172.7344582080841,-0.012205604,-138.85423025109932,100,-45.51035460838344
4.624112844467163,2.416949510574341,22,62.08836704285042,0.4319648742675781,0.04918360710144043,37.053802021429846,7.270966529846191,7.752389430999756,-0.0013228966,230000,-68.79352313719673,180.51389050483704,-0.017750463,-120.36256164400635,100,-39.30736591206942
4.631629705429077,2.4715065956115723,23,48.28101252386765,0.3959825038909912,0.11008191108703613,36.31524561732081,7.335046291351318,7.841695547103882,-0.0021805877,240000,-76.48480051448668,188.37720346450806,-0.02262808,-143.73298077805413,100,-43.01243956057261
4.800507545471191,2.4351701736450195,24,13.518849995072731,0.37137794494628906,0.04520130157470703,32.24648422861175,7.465770483016968,7.882570028305054,-3.0517577e-09,250000,-78.3543851948969,196.27637434005737,-0.020162972,-142.3172591560711,100,-44.12636280471019
4.754703760147095,2.4650278091430664,25,45.77900618438325,0.27311205863952637,0.10534286499023438,32.762126826186076,7.456268787384033,7.834995985031128,-1.5258789e-09,260000,-72.04386516668919,204.13048934936523,-0.01701671,-156.47701368336675,100,-40.05834530221814
4.788903713226318,2.5253524780273438,26,8.71022063260527,0.29896092414855957,0.06701850891113281,40.16429543079449,7.549519777297974,7.915744304656982,3.051758e-08,270000,-85.23918990284011,212.064621925354,-0.012785376,-204.6969520205049,100,-47.68814366668926
4.763971328735352,2.433666706085205,27,75.52783787359701,0.41301536560058594,0.0457611083984375,36.94028689979664,7.436805486679077,7.895829200744629,6.1035155e-09,280000,-59.998644775137926,219.98848152160645,-0.018648865,-119.66258591316725,100,-33.823684418200294
4.715097665786743,2.443169355392456,28,30.246474785710443,0.3693397045135498,0.08071732521057129,39.84672785275642,7.392715930938721,7.8430335521698,-7.629395e-09,290000,-80.1588863848007,227.85313200950623,-0.018904837,-139.68028919936893,100,-45.28914790520387
4.76188588142395,2.4586660861968994,29,85.03779780181492,0.23876047134399414,0.06937837600708008,41.09183983754039,7.4541754722595215,7.762546539306641,-3.0517577e-09,300000,-69.83058435471975,235.63243675231934,-0.016238919,-143.43646972180002,100,-38.858045590868045
4.785284519195557,2.4403088092803955,30,66.28719484054608,0.27306103706359863,0.06860852241516113,44.131641307864236,7.466835021972656,7.80873441696167,-1.0681152e-08,310000,-64.94346014572191,243.45759677886963,-0.015164468,-165.127219844851,100,-37.57399381819052
4.733965158462524,2.4668984413146973,31,67.91639988578132,0.293546199798584,0.036441802978515625,41.05701566459839,7.434474468231201,7.764711856842041,-0.0005166443,320000,-74.51118445425571,251.24185228347778,-0.01231095,-138.0804732259546,100,-42.30081841412075
4.910471677780151,2.4839391708374023,32,61.889267016172404,0.2661609649658203,0.07387185096740723,38.97276768341937,7.631227493286133,7.971510648727417,-9.155274e-09,330000,-56.74660901670004,259.22969102859497,-0.015988253,-121.8617347775619,100,-30.41195219005611
4.907533407211304,2.4822874069213867,33,44.12866944654957,0.25259828567504883,0.0870516300201416,36.85440696751912,7.642192125320435,7.987486839294434,-1.2207031e-08,340000,-56.67107298740626,267.2354624271393,-0.015600071,-102.58258175220509,100,-33.01524833374977
4.83732008934021,2.514694929122925,34,87.26580922327786,0.2778968811035156,0.06912660598754883,40.41883807016608,7.588085651397705,7.9353721141815186,-7.629395e-09,350000,-57.526169093828194,275.1876826286316,-0.01685952,-139.47967362073516,100,-32.972872453562545
4.846365451812744,2.5172781944274902,35,75.96591878399931,0.2732679843902588,0.04063582420349121,42.09059970405932,7.600059986114502,7.9142210483551025,6.1035155e-09,360000,-46.293037567985486,283.119722366333,-0.010318414,-143.7978234640061,100,-26.87730728503089
4.85899543762207,2.498621702194214,36,68.84247382357168,0.26040101051330566,0.037821054458618164,45.135609239988405,7.591865539550781,7.890323877334595,1.8310548e-08,370000,-58.056923631051276,291.0266537666321,-0.016585438,-178.29230869946713,100,-32.68619389085504
4.649109840393066,2.4752848148345947,37,127.98381732729152,0.25504112243652344,0.06961846351623535,48.12555074798029,7.353215456008911,7.678115606307983,-0.00064775086,380000,-26.201821586795027,298.72079205513,-0.015022854,-115.47058645786485,100,-14.827812701633126
4.584629058837891,2.458693027496338,38,69.39396930370886,0.2640852928161621,0.07222127914428711,42.0666934880484,7.276832103729248,7.613382339477539,-5.493164e-08,390000,-37.80943268196905,306.35011053085327,-0.014078674,-116.45300729547175,100,-20.41467148990626
4.623867511749268,2.463155508041382,39,45.738626004758025,0.2542440891265869,0.04921412467956543,43.898294822236636,7.319889068603516,7.623610973358154,1.2207031e-08,400000,-51.35655303288112,313.9905641078949,-0.026814424,-163.95942988004182,100,-28.377504431036247
4.707582473754883,2.511613607406616,40,95.15583673947724,0.23690271377563477,0.040953874588012695,43.2006491817794,7.462465047836304,7.7405686378479,3.6621095e-08,410000,-34.74321368021217,321.7472243309021,-0.0177591,-146.0602958860878,100,-18.353882139091265
4.652146816253662,2.492307186126709,41,73.65225605491972,0.23734831809997559,0.04149580001831055,42.80095787893878,7.381880283355713,7.660977363586426,1.5258789e-09,420000,-40.420858204369885,329.42348527908325,-0.01720648,-112.70837801855812,100,-21.61168757104008
4.6181275844573975,2.490370273590088,42,81.47666581666081,0.23248720169067383,0.0385589599609375,37.4940873909309,7.345309019088745,7.616546869277954,-6.1035155e-09,430000,-39.949120481720655,337.0553047657013,-0.01457926,-128.5361999144197,100,-20.04585721887609
4.6006019115448,2.4904239177703857,43,122.49096261891778,0.23508906364440918,0.037297725677490234,48.8081021725284,7.329009294509888,7.601592540740967,-1.2969971e-08,440000,-20.85388030996798,344.6717195510864,-0.016384974,-142.21535007183107,100,-9.783759506511517
4.625318288803101,2.5099005699157715,44,151.8707858855378,0.23156261444091797,0.04156947135925293,50.16715602174677,7.372971773147583,7.646321535110474,6.1035155e-09,450000,-9.614920280688688,352.3320097923279,-0.025691833,-158.79018887677802,100,-6.383658703330756
4.836201429367065,2.632534980773926,45,85.50553135823576,0.23127365112304688,0.03466534614562988,43.754218250298514,7.716773748397827,7.982911586761475,-1.0681152e-08,460000,-19.930776215539645,360.3305423259735,-0.012356387,-158.6413734555485,100,-11.354781605546798
4.918138027191162,2.6744766235351562,46,87.99081042749654,0.2232670783996582,0.03975820541381836,45.26222066030446,7.845673561096191,8.108933925628662,-3.051758e-08,470000,-12.687246299613596,368.4545695781708,-0.026570892,-135.2125419380433,100,-7.585718656581196
4.896100997924805,2.675769329071045,47,91.80854674750293,0.20991802215576172,0.07413148880004883,47.644150247537304,7.825425863265991,8.109748125076294,-0.0010658326,480000,-13.376768930413292,376.57856583595276,-0.023504267,-139.55488519053753,100,-6.39007301691741
4.895281791687012,2.6626594066619873,48,103.6005664193712,0.2318403720855713,0.042359113693237305,48.394170499610865,7.8105480670928955,8.084986686706543,1.2207031e-08,490000,2.8335913056731203,384.6775896549225,-0.014375073,-116.76204601579398,100,0.16748841241714169
4.837336540222168,2.624926805496216,49,127.63941492932871,0.22374176979064941,0.04017806053161621,43.33273579490467,7.713121175765991,7.977267265319824,9.155274e-09,500000,-9.666958090273718,392.66821241378784,-0.019688906,-100.29310693469448,100,-8.02629498901785
4.90168833732605,2.690899610519409,50,102.99280371883953,0.2219843864440918,0.03970956802368164,42.0673937015157,7.845377683639526,8.107279539108276,-9.155274e-09,510000,4.180749011969014,400.7893521785736,-0.011950467,-135.79878699899925,100,2.531378109211279
4.828131675720215,2.678372383117676,51,115.31572342445291,0.2119593620300293,0.046208858489990234,43.042612009261475,7.758865118026733,8.017282724380493,-3.051758e-08,520000,-13.407417421608425,408.82025146484375,-0.016691968,-121.98042905563858,100,-8.31737208406162
4.9084861278533936,2.657926082611084,52,121.00860725499413,0.22670197486877441,0.04175615310668945,53.893542401042566,7.818268299102783,8.08696961402893,-4.2724608e-08,530000,0.7520223874710154,416.9216032028198,-0.02570135,-136.04688667283088,100,0.6787065575211304
4.852331161499023,2.6649491786956787,53,180.32126583197277,0.22592973709106445,0.04514670372009277,45.134047326426966,7.7684102058410645,8.039736270904541,-3.8146974e-09,540000,24.373384754581153,424.97737884521484,-0.019528337,-128.92551166997248,100,10.01161429720034
4.868079423904419,2.6528472900390625,54,124.86039886432124,0.2226548194885254,0.04696536064147949,42.26726612616947,7.771955966949463,8.041821241378784,-1.2207031e-08,550000,21.94535683341545,433.03290271759033,-0.019483423,-72.58530215081927,100,10.24755305467296
4.881314992904663,2.673182487487793,55,106.11195391385068,0.21716523170471191,0.028703689575195312,48.45273698432906,7.806121110916138,8.052178621292114,-1.6021728e-08,560000,17.668843041314133,441.0987980365753,-0.025366133,-101.85098469567116,100,8.116551399791284
4.846431493759155,2.675633668899536,56,111.28028594164053,0.22564697265625,0.04644346237182617,40.84295068584389,7.772326231002808,8.0446457862854,6.1035155e-09,570000,11.659640074926815,449.1584794521332,-0.022345535,-90.15643635632277,100,5.115628242149955
4.861259460449219,2.6473586559295654,57,122.51965266587234,0.2215266227722168,0.04211616516113281,47.67856198163175,7.7581751346588135,8.022035598754883,3.0517577e-09,580000,19.013577519214838,457.1939306259155,-0.016148115,-123.18712313550573,100,9.747830368163573
4.868366479873657,2.6597728729248047,58,120.25464873887822,0.20839619636535645,0.055588722229003906,39.74746384610672,7.779792308807373,8.043999433517456,1.8310548e-08,590000,14.936720212768098,465.2515890598297,-0.016535478,-78.16289655712737,100,9.38030213695192
4.861832857131958,2.683220863342285,59,128.82943369142987,0.23630213737487793,0.041811466217041016,47.563745481183766,7.801960468292236,8.08028268814087,-1.8310548e-08,600000,15.674079031262707,473.34548783302307,-0.016716195,-99.82207188798083,100,10.799414353856825
4.869739532470703,2.6666488647460938,60,98.66899937367953,0.20984530448913574,0.07934355735778809,38.889070609288375,7.786142349243164,8.075565576553345,9.155274e-09,610000,2.4674467319760574,481.4351933002472,-0.020953888,-78.29867793759662,100,2.205372260712068
4.857858180999756,2.669863700866699,61,155.331256878749,0.2194986343383789,0.045529842376708984,44.39499118794904,7.78161358833313,8.046866178512573,3.0517577e-09,620000,32.73086021375968,489.4959933757782,-0.02268022,-111.33778544413724,100,16.854292829194204
4.893718004226685,2.665036201477051,62,157.93390350795704,0.22364068031311035,0.043433427810668945,45.45050959976508,7.810728311538696,8.078020572662354,-2.746582e-08,630000,29.824481929995706,497.5873818397522,-0.031216595,-78.35842086550902,100,14.544215218074887
4.833910226821899,2.6754119396209717,63,110.69704078913429,0.20161652565002441,0.08316230773925781,40.68958320754103,7.765022039413452,8.050036668777466,-7.915497e-09,640000,7.153943645256045,505.65176916122437,-0.031687938,-86.12368258196065,100,5.184478633156922
4.866784334182739,2.681946277618408,64,182.57950188858666,0.20592927932739258,0.0596771240234375,49.768861636688634,7.801339149475098,8.067172765731812,6.1035155e-09,650000,17.254656091514587,513.7336137294769,-0.01771481,-123.44355736265075,100,10.219528862381138
4.86740517616272,2.6619889736175537,65,129.56564093218827,0.21425390243530273,0.04572701454162598,44.448506982743666,7.778633117675781,8.038844585418701,-3.6621095e-08,660000,16.837197207062545,521.7857224941254,-0.0218651,-80.40560249737018,100,8.773795119090698
4.877742528915405,2.651301145553589,66,118.40357386262457,0.2316892147064209,0.04323220252990723,39.64677769528732,7.780276298522949,8.05543041229248,3.8146974e-09,670000,20.121494885477258,529.8552703857422,-0.028602757,-80.65639763914065,100,11.649840406295256
4.885241508483887,2.655949354171753,67,116.26621893820368,0.20296049118041992,0.08243393898010254,39.45065497836949,7.790626287460327,8.076253414154053,-1.2207031e-08,680000,-8.615891312009358,537.9457771778107,-0.030543737,-85.11398699267595,100,-5.734345747757161
4.8910205364227295,2.6621737480163574,68,201.49086930079957,0.2058265209197998,0.061679840087890625,46.40375383664861,7.806417465209961,8.074158668518066,4.196167e-09,690000,16.353118602804745,546.0343246459961,-0.016411474,-145.1525112155413,100,8.130702806523086
4.832334756851196,2.661924362182617,69,116.15893350571898,0.20354509353637695,0.06934714317321777,40.761189049276965,7.744773626327515,8.017874479293823,-1.2207031e-08,700000,6.36432155334078,554.067236661911,-0.02407334,-71.153492641043,100,2.8863111213603347
4.844841480255127,2.6528728008270264,70,127.38139599563249,0.20693302154541016,0.08355164527893066,47.12341093456974,7.74939751625061,8.040112733840942,-1.373291e-08,710000,17.592952748220394,562.1212821006775,-0.018803002,-109.98652951387164,100,5.748473030588943
4.886411905288696,2.6639604568481445,71,135.70188505711303,0.2229480743408203,0.0484006404876709,51.01230442361195,7.805857419967651,8.077421188354492,-2.1362304e-08,720000,25.754484583845098,570.2129447460175,-0.03095083,-123.24306927928163,100,13.982867798523806
4.817404270172119,2.639925956726074,72,149.7726493332896,0.22075414657592773,0.046021461486816406,48.32231938479627,7.7108001708984375,7.9778151512146,-3.5095216e-08,730000,32.38900991474319,578.2044672966003,-0.015574115,-119.72956496418206,100,15.756662376332812
4.828242540359497,2.6527063846588135,73,165.71181909677387,0.20970606803894043,0.04354071617126465,58.831372837585135,7.733315467834473,7.986810207366943,1.5258789e-09,740000,36.36929532776211,586.2053329944611,-0.03850531,-137.3096736612798,100,19.226232265033783
4.882034778594971,2.6566073894500732,74,126.70604894696626,0.21356701850891113,0.04508566856384277,54.531578112820505,7.79046368598938,8.04941463470459,1.5258789e-09,750000,17.21289518964065,594.2688348293304,-0.025198577,-148.59918852875387,100,6.057223638424696
4.8690345287323,2.647244691848755,75,177.05825919516232,0.22768878936767578,0.04000401496887207,54.19921394226346,7.767916917800903,8.035841703414917,-2.746582e-08,760000,28.414213935176477,602.3186485767365,-0.03687181,-97.1513517200417,100,12.637431813276077
4.823251008987427,2.644944429397583,76,115.63338905251963,0.2165813446044922,0.04262804985046387,47.58786473849391,7.718622446060181,7.978083610534668,8.392334e-09,770000,54.56527481068415,610.3108367919922,-0.038083185,-109.16385210041338,100,27.120180766104063
4.858350038528442,2.682648181915283,77,156.25206883861298,0.1974034309387207,0.08236813545227051,50.8620553975479,7.793694972991943,8.073705196380615,2.4414062e-08,780000,36.153317688853164,618.3988287448883,-0.020016735,-128.64987534779218,100,16.753094042669687
4.87922739982605,2.6607937812805176,78,165.92091137485647,0.22904586791992188,0.06164145469665527,51.07845226647659,7.790686130523682,8.081624269485474,-9.155274e-09,790000,23.375403092072926,626.495288848877,-0.021312017,-86.54739724910144,100,12.091207493002264
4.831189393997192,2.645380735397339,79,140.64765487695877,0.20917725563049316,0.08057260513305664,51.10205363654661,7.727498531341553,8.017467498779297,-9.155274e-09,800000,23.532923996962836,634.5271577835083,-0.019714579,-94.12656953432223,100,10.580569091666614
4.895729064941406,2.697368621826172,80,131.19896504009688,0.24216651916503906,0.030528783798217773,48.51262732761749,7.848105430603027,8.121018409729004,-0.0012440918,810000,-1.9738694298274584,642.6640570163727,-0.018932935,-125.29783886647004,100,-2.2833334884339003
4.9062182903289795,2.667477607727051,81,184.92943896091361,0.2144477367401123,0.046074628829956055,62.94762104628776,7.828283786773682,8.08905577659607,-3.0517577e-09,820000,39.83630162146616,650.7694218158722,-0.013659731,-192.01272977698693,100,18.986633191639505
4.888141870498657,2.6695046424865723,82,173.12324334548768,0.2197093963623047,0.04761219024658203,54.83882765473541,7.808605432510376,8.076344728469849,1.2207031e-08,830000,33.57572900581728,658.8603644371033,-0.021589603,-89.76993717003731,100,15.854503740648983
4.883301734924316,2.662872791290283,83,174.03473799038431,0.21523070335388184,0.045597076416015625,58.82651276015897,7.799102067947388,8.060210704803467,-5.340576e-09,840000,56.304634100797266,666.934407711029,-0.016165,-123.60293739314108,100,26.905447681034076
4.884729623794556,2.663348913192749,84,171.06228845126103,0.22698521614074707,0.04291129112243652,59.246314311254885,7.799426555633545,8.06955337524414,1.2207031e-08,850000,62.782224676564795,675.0176386833191,-0.027017994,-99.51226827130226,100,33.24294452037525
4.882280111312866,2.661870241165161,85,189.14927592821778,0.22040081024169922,0.041837215423583984,55.789104475529655,7.796774864196777,8.059231996536255,3.6621095e-08,860000,53.19595962083528,683.0924153327942,-0.023205964,-106.82705206671272,100,26.188076354474365
4.877681016921997,2.6868252754211426,86,163.99971141224984,0.20109915733337402,0.08050751686096191,52.68282830189602,7.8186798095703125,8.100542545318604,-2.3651124e-08,870000,72.73652987845479,691.2069149017334,-0.031307854,-102.76411053668282,100,36.31499934319767
4.885019779205322,2.6532325744628906,87,166.66958819932879,0.2186753749847412,0.041861534118652344,56.631462453106025,7.791611433029175,8.052390813827515,-1.2207031e-08,880000,67.78580900054568,699.2733309268951,-0.019621698,-118.32058398214144,100,32.60589499724662
4.833622217178345,2.6561732292175293,88,173.95135341131197,0.21792817115783691,0.046225786209106445,55.208371301278135,7.741641283035278,8.00603699684143,-0.0009878716,890000,76.72767608186847,707.2936112880707,-0.027626473,-91.98999518123645,100,38.20742503958225
4.884329080581665,2.7049803733825684,89,155.61362527923447,0.22000479698181152,0.052771806716918945,47.00439590707547,7.840649366378784,8.113669157028198,-9.155274e-09,900000,59.148128545153895,715.4212143421173,-0.013387546,-98.4745117106286,100,30.645290552100114
4.872222185134888,2.689535617828369,90,156.566149051479,0.22284698486328125,0.04035162925720215,52.245662980019674,7.813904762268066,8.07731556892395,1.2207031e-08,910000,43.33159909820585,723.5122666358948,-0.023799192,-79.51330341231986,100,21.269621533996634
4.87204122543335,2.6690561771392822,91,149.37701938755416,0.21234869956970215,0.043462276458740234,47.87409956371595,7.795220851898193,8.051255702972412,1.1444092e-08,920000,42.33110260832337,731.5782377719879,-0.016728204,-100.51193922259154,100,22.151420271251727
4.875272989273071,2.655690908432007,92,157.1859886660131,0.22399353981018066,0.047765493392944336,53.20850051172311,7.781797409057617,8.053806066513062,-0.001916272,930000,46.38186259519918,739.6465203762054,-0.025252042,-115.5507317174619,100,25.390709336946244
4.838812351226807,2.6541521549224854,93,193.8783438164874,0.19607806205749512,0.07610487937927246,50.5960352645468,7.745100259780884,8.025004863739014,1.9788741e-08,940000,61.215460891640895,747.6871802806854,-0.016513623,-81.67336147231808,100,33.34742724643414
4.867051124572754,2.6845474243164062,94,181.5168296396949,0.2231884002685547,0.04214596748352051,49.53055178841643,7.804774761199951,8.070358514785767,-6.1035155e-09,950000,72.99567687569628,755.7720329761505,-0.019431774,-57.6609005280731,100,38.63344848268905
4.895980596542358,2.680497646331787,95,229.4570352122781,0.20378756523132324,0.06649422645568848,55.62339466929923,7.831298828125,8.101795673370361,-0.0011724365,960000,69.77393931774635,763.8874726295471,-0.02305202,-63.36425648543213,100,34.91944983931355
4.885615110397339,2.667323350906372,96,203.87792935874555,0.21443390846252441,0.053040504455566406,55.97429385929428,7.803980827331543,8.071703433990479,1.2207031e-08,970000,70.04361098154101,771.9743671417236,-0.01920424,-107.93673393961548,100,36.50542336905792
4.887939214706421,2.6558637619018555,97,163.35834805804154,0.21990346908569336,0.03810238838195801,47.01478245758729,7.797574281692505,8.05578899383545,-0.00030300027,980000,63.740658955370826,780.0455470085144,-0.016142303,-73.9761233598319,100,31.02577203434553
4.875021457672119,2.6679513454437256,98,164.57733414877944,0.23452019691467285,0.032216548919677734,52.502523612225914,7.7950403690338135,8.062079668045044,-0.0020881775,990000,68.0406191268578,788.1212317943573,-0.02154259,-115.81062839483923,100,33.381640353206095
4.882708311080933,2.6794800758361816,99,156.98060487882734,0.22311711311340332,0.045859336853027344,50.97636561825217,7.8192219734191895,8.088465929031372,-7.629395e-09,1000000,79.5537155596216,796.2245512008667,-0.021720447,-105.70118983870587,100,40.22475204595821
4.864848375320435,2.645460367202759,100,136.99598220106748,0.2040085792541504,0.06276893615722656,46.969575667511656,7.762171506881714,8.029231786727905,0.00010552368,1010000,75.28411458841677,804.2690851688385,-0.010713635,-114.23490343835589,100,36.51106692837223
4.825727224349976,2.641780138015747,101,146.38609465702584,0.2241976261138916,0.04019665718078613,42.98564071316228,7.714595794677734,7.97922682762146,1.0681152e-08,1020000,55.550878312588786,812.2642250061035,-0.020585205,-75.35985730021167,100,27.76197573177561
4.909172773361206,2.674140214920044,102,198.55906290556743,0.2240753173828125,0.04760599136352539,48.06831543832086,7.83676815032959,8.108690977096558,6.1035155e-09,1030000,70.31499437625531,820.3866589069366,-0.014466553,-70.7867318667148,100,37.30082109055664
4.862042427062988,2.6453943252563477,103,162.9399442206555,0.234328031539917,0.040096282958984375,51.50002690091204,7.75939154624939,8.034069538116455,2.746582e-08,1040000,86.0631624546195,828.4370486736298,-0.015717959,-118.28164108469373,100,43.12323976650211
4.857318878173828,2.6389358043670654,104,183.86195861414015,0.22162199020385742,0.0406193733215332,53.430287721124394,7.747964859008789,8.010437250137329,-1.2207031e-08,1050000,88.9775993166797,836.4622259140015,-0.024917157,-52.748810575736734,100,44.81605700478034
4.906116247177124,2.6600661277770996,105,134.25163084889996,0.214186429977417,0.046547889709472656,45.27441072613077,7.819687843322754,8.080641984939575,1.6784668e-08,1060000,74.875956104585,844.5570678710938,-0.014765816,-95.38873591187465,100,38.21529098187229
4.880189657211304,2.66090726852417,106,140.6539535122284,0.2059314250946045,0.08113694190979004,47.03716492067474,7.7927162647247314,8.080023527145386,-1.525879e-08,1070000,51.092413739115244,852.6546521186829,-0.020331664,-117.6212594872675,100,25.344889653791096
4.8654279708862305,2.6648523807525635,107,179.2588141682763,0.19781255722045898,0.0827789306640625,41.64947927953536,7.782492399215698,8.06332015991211,1.2207031e-08,1080000,84.08513496116463,860.7318894863129,-0.017754734,-90.08880942270274,100,41.351939119382635
4.8656909465789795,2.648104190826416,108,123.77024595610679,0.21082162857055664,0.04398679733276367,51.72468525048357,7.762782096862793,8.01782488822937,-1.2207031e-08,1090000,49.50022494542872,868.7630145549774,-0.024197908,-88.43351730977318,100,22.82600729616906
4.8849828243255615,2.6598916053771973,109,193.5401485311002,0.20658373832702637,0.09603118896484375,47.36971947644036,7.799702882766724,8.102543592453003,6.1035155e-09,1100000,56.00968518741715,876.880420923233,-0.033130504,-148.86626881256427,100,24.969573275123622
4.900716543197632,2.6342594623565674,110,172.6115672058703,0.202376127243042,0.08429884910583496,47.50392258955633,7.78568959236145,8.072585344314575,1.2207031e-08,1110000,70.2610401695179,884.9681961536407,-0.024961496,-73.76043551086455,100,33.10539261790264
4.84915566444397,2.64046311378479,111,149.42604984022236,0.22716188430786133,0.04304623603820801,45.03853032393214,7.741932153701782,8.012386798858643,4.7683715e-09,1120000,96.91731175241533,892.9948391914368,-0.019877713,-103.78995263118388,100,47.60821338552943
4.877206802368164,2.6474575996398926,112,151.937478945627,0.21315765380859375,0.05403923988342285,45.76101338596247,7.778716564178467,8.046222686767578,-2.4414062e-08,1130000,93.26666090269099,901.0553739070892,-0.020250903,-62.04691341193111,100,46.57231215741077
4.895545721054077,2.6403698921203613,113,173.44588876447577,0.21394038200378418,0.04420971870422363,45.41592697180898,7.787109375,8.045498609542847,9.155274e-09,1140000,103.59139525029572,909.1160941123962,-0.035416234,-77.8991150223532,100,52.94952040125696
4.849871635437012,2.6498923301696777,114,185.94037926333763,0.21339845657348633,0.05317234992980957,49.69617961868475,7.751463890075684,8.018272161483765,-9.155274e-09,1150000,105.53406497737076,917.149307012558,-0.018811597,-106.74453493191385,100,53.32214263529879
4.906830310821533,2.64243221282959,115,160.06729236612708,0.21558713912963867,0.07885622978210449,50.57117249137469,7.801502704620361,8.096169710159302,-5.1498414e-09,1160000,107.31253985948814,925.2615478038788,-0.010059311,-85.19798339288485,100,52.58340042213467
4.849159240722656,2.635368824005127,116,162.77122181173442,0.2224903106689453,0.04564976692199707,46.06760592865582,7.736385107040405,8.00477910041809,-6.1035155e-09,1170000,113.04311888731876,933.2798817157745,-0.034250855,-60.71432541427155,100,55.864135646520346
4.8548712730407715,2.626539468765259,117,186.1234719609904,0.22225594520568848,0.05076766014099121,41.899452974379884,7.731044054031372,8.005899667739868,-2.4795532e-09,1180000,122.48022801211214,941.3000042438507,-0.018383652,-54.23056890741234,100,61.633159355576964
4.852174758911133,2.634443998336792,118,183.40042857587423,0.22120332717895508,0.06980633735656738,42.74526315746915,7.740516185760498,8.031765460968018,2.746582e-08,1190000,116.03180007939307,949.347662448883,-0.01255039,-46.3087482749906,100,60.19034836954838
4.891171932220459,2.6275298595428467,119,175.46199022559205,0.19921350479125977,0.06727838516235352,38.21982732906276,7.767959117889404,8.042881488800049,-0.0024040283,1200000,110.57507771380924,957.4041228294373,-0.024280729,-40.928697558197634,100,56.979182324482665
4.8870790004730225,2.6440815925598145,120,160.94378223540014,0.21243000030517578,0.06551218032836914,44.4783020018467,7.7809600830078125,8.059121370315552,-1.8310548e-08,1210000,93.60749045111511,965.4777948856354,-0.019662665,-81.44757708295612,100,48.27907300239252
4.8927624225616455,2.660198450088501,121,160.9783566401396,0.2133011817932129,0.04586195945739746,46.61270006122741,7.814846992492676,8.074217557907104,3.089905e-08,1220000,87.62150918521256,973.5656714439392,-0.015408263,-89.23057088834877,100,45.14115178240997
4.877796411514282,2.6264636516571045,122,192.772443857062,0.22943520545959473,0.03525424003601074,44.96041047002411,7.755432605743408,8.020385980606079,1.373291e-08,1230000,101.24399919151158,981.6028559207916,-0.025740325,-46.1575292694815,100,50.72724563778202
4.861325025558472,2.638077735900879,123,145.9171162765531,0.21908330917358398,0.04246401786804199,48.05977744555542,7.7542405128479,8.016029596328735,-9.155274e-09,1240000,109.6698304146566,989.6345858573914,-0.019630583,-47.15735175320629,100,55.517423538486895
4.887367486953735,2.6536571979522705,124,186.42118111665596,0.21152448654174805,0.06144857406616211,48.72786834783141,7.795373439788818,8.068930387496948,-6.1035155e-09,1250000,109.95201267823312,997.7180528640747,-0.025534762,-89.38500758533598,100,54.01178091361898
4.85913872718811,2.646242618560791,125,171.39691957394916,0.20831823348999023,0.043524980545043945,43.26493031659153,7.756287336349487,8.00835633277893,3.0517577e-09,1260000,104.12792079826336,1005.740312576294,-0.044555742,-53.067305769942514,100,52.263922217597646
4.821393966674805,2.650923252105713,126,183.60354091461053,0.1966533660888672,0.0812063217163086,43.427991266348926,7.723271608352661,8.001358985900879,-7.629395e-09,1270000,124.73582757404381,1013.7557237148285,-0.03129203,-64.15276841468823,100,64.48612360146222
4.9195716381073,2.6606411933898926,127,192.9944934528123,0.22694063186645508,0.0456235408782959,49.0819884886226,7.833178281784058,8.105969667434692,3.051758e-08,1280000,120.46208486972567,1021.8756828308105,-0.016510712,-53.96250001833834,100,62.27061547147101
4.913544416427612,2.652522087097168,128,212.55190669301354,0.22318267822265625,0.04331493377685547,52.34912080316108,7.815536260604858,8.082284212112427,2.4414062e-08,1290000,103.53668857207808,1029.9716594219208,-0.02559259,-57.78579320137066,100,53.176352052809285
4.883325576782227,2.6373190879821777,129,161.7793847807662,0.1936171054840088,0.08334136009216309,50.99752227828311,7.77206563949585,8.049260139465332,2.3431396e-05,1300000,124.30003632041604,1038.0356614589691,-0.012681769,-66.67088500362651,100,63.44187835308947
4.903557538986206,2.645698308944702,130,170.45162892486314,0.22307395935058594,0.04021906852722168,50.98648755468935,7.801299810409546,8.064836025238037,-0.0017855042,1310000,132.71747670979815,1046.1146385669708,-0.019982306,-88.80698024904399,100,65.75921328470939
4.906888961791992,2.660008192062378,131,209.0816731350957,0.22719025611877441,0.04656696319580078,50.17298504081169,7.819118499755859,8.09315037727356,-0.0005993927,1320000,137.3205352412232,1054.2218000888824,-0.021415386,-44.82632378864664,100,69.27378186987119
4.913214683532715,2.6765153408050537,132,200.33159421761388,0.20747590065002441,0.07580971717834473,52.1768170585577,7.84581995010376,8.129363298416138,-1.0681152e-08,1330000,121.17870974991214,1062.3648748397827,-0.022776145,-29.474665447156784,100,62.80428782048246
4.875769138336182,2.645531177520752,133,181.33755497603394,0.2179241180419922,0.04390239715576172,48.3387174137659,7.773017406463623,8.03506064414978,-6.1035155e-09,1340000,125.53673250101173,1070.4142110347748,-0.017691271,-53.990718023551224,100,64.83244432088749
4.8920066356658936,2.645934820175171,134,155.11254599996343,0.2035071849822998,0.07294321060180664,45.809417968656064,7.79323935508728,8.081139087677002,-0.0020354034,1350000,122.54371866592051,1078.5097017288208,-0.025797704,-56.36564580555068,100,62.28827849151249
4.86353874206543,2.6412501335144043,135,204.092451212595,0.22386837005615234,0.050359487533569336,48.95081186889659,7.756686210632324,8.031157732009888,-9.918213e-09,1360000,145.59151506071376,1086.554839372635,-0.03174885,-78.24336174188869,100,74.1229734097561
4.846857786178589,2.6364316940307617,136,237.36969145833763,0.19194746017456055,0.09717726707458496,46.92805342219226,7.736952304840088,8.026273965835571,4.577637e-09,1370000,144.60049233692934,1094.5948078632355,-0.006862787,-27.143003094435613,100,74.42473269045719
4.872711896896362,2.6566314697265625,137,207.5201905803415,0.19474124908447266,0.07994294166564941,46.59080972486303,7.780926465988159,8.055825471878052,1.2207031e-08,1380000,142.06806686786868,1102.664255619049,-0.03180297,-51.60278305642551,100,72.8486484547561
4.880922794342041,2.6414756774902344,138,181.12264466344584,0.21701931953430176,0.03134870529174805,45.38041856497093,7.775287866592407,8.023864269256592,-1.2207031e-08,1390000,144.6845553712932,1110.701889038086,-0.018333102,-84.13614477845726,100,72.56384965911916
4.87807035446167,2.6823511123657227,139,196.31849094662522,0.22859930992126465,0.04859018325805664,42.71145542215981,7.814440727233887,8.091871976852417,9.155274e-09,1400000,168.2957979545601,1118.8072600364685,-0.037233677,-14.947889125035738,100,84.66169146116192
4.857293128967285,2.6344010829925537,140,161.6349588686668,0.2223365306854248,0.045806884765625,46.99103217160781,7.754623174667358,8.022989511489868,-2.4414062e-08,1410000,148.12604766901734,1126.8437843322754,-0.038625672,-75.27507116308028,100,72.90031075730619
4.877874374389648,2.6353540420532227,141,171.24166576347733,0.22142887115478516,0.04739022254943848,39.77443391489355,7.766212224960327,8.035316228866577,-1.2207031e-08,1420000,160.9899993423506,1134.8926048278809,-0.023237541,-29.564529877293623,100,80.04518583516202
4.8558573722839355,2.637092113494873,142,192.06848683108828,0.200667142868042,0.08125615119934082,41.52912213444887,7.745440244674683,8.027612686157227,-2.4414062e-08,1430000,166.2859011681131,1142.9338495731354,-0.057981886,1.0826004850765278,100,83.53150029873042
4.901324272155762,2.6630287170410156,143,241.28222210886926,0.21718311309814453,0.0424962043762207,44.40435306037209,7.816936016082764,8.076851844787598,-2.746582e-08,1440000,172.05207013486574,1151.0255274772644,-0.023514532,-38.87287443747418,100,86.83007574857491
4.865449905395508,2.6316072940826416,144,206.41206448877594,0.22118544578552246,0.04290771484375,44.93721579718748,7.747766017913818,8.012075662612915,1.525879e-08,1450000,157.35343003623268,1159.051645040512,-0.016729282,-31.93360981010522,100,80.56046080328375
4.839986324310303,2.619377851486206,145,186.0020912189905,0.22202134132385254,0.04309582710266113,46.516436793373465,7.712161302566528,7.9775168895721436,-1.2207031e-08,1460000,178.74689290858126,1167.0436935424805,-0.019379279,-48.38451088091543,100,90.21146234488586
4.87930154800415,2.6513965129852295,146,192.16915729847037,0.22070670127868652,0.04288506507873535,42.41637557533529,7.780996084213257,8.044835329055786,1.4400483e-08,1470000,182.60094160644363,1175.1023597717285,-0.022084739,-9.441893528704476,100,93.041313269946
4.829737663269043,2.6433703899383545,147,204.7372301124911,0.20244574546813965,0.08187747001647949,36.475132052183135,7.727666854858398,8.012234210968018,2.670288e-09,1480000,188.78106288047002,1183.1289823055267,-0.022027794,-10.93429259943995,100,96.79234378853033
4.904959440231323,2.6642253398895264,148,173.17004101697617,0.2176065444946289,0.04523277282714844,39.10130652325594,7.824697732925415,8.087766408920288,1.2207031e-08,1490000,185.0690069272092,1191.2320058345795,-0.02181372,-14.80816048785081,100,92.80395172829313
4.859130144119263,2.6362195014953613,149,186.6037351135071,0.1940908432006836,0.08245134353637695,40.95647303802386,7.748762845993042,8.025573492050171,1.8310548e-08,1500000,166.3066034083746,1199.2720515727997,-0.018903747,-0.37221908052821684,100,83.6565756402779
4.8710267543792725,2.6303465366363525,150,210.4518806222884,0.21830391883850098,0.0469670295715332,43.500614173270755,7.752256870269775,8.017764806747437,-4.577637e-09,1510000,166.09322986722682,1207.3035972118378,-0.022342118,-44.1698272717847,100,83.02767360365806
4.838640213012695,2.626544237136841,151,186.06216180881088,0.2083728313446045,0.0886390209197998,46.081592054464444,7.719364881515503,8.016597032546997,6.1035155e-09,1520000,149.23821475723722,1215.3348166942596,-0.027482871,-79.01680567599392,100,75.90542192986678
4.87970757484436,2.6552674770355225,152,159.308964064943,0.20758366584777832,0.06725478172302246,41.25194278992871,7.789856433868408,8.0649254322052,-3.6621095e-08,1530000,141.26954977696346,1223.4133865833282,-0.02430925,-25.071928397640164,100,70.13392466425391
4.888360500335693,2.6387524604797363,153,180.15766849679588,0.22374677658081055,0.042650461196899414,44.78784776615625,7.779727935791016,8.04635739326477,-2.1362304e-08,1540000,130.85129295140823,1231.4737286567688,-0.021382703,-53.13700118969251,100,64.19858404739202
4.881584167480469,2.635807752609253,154,196.47717155344796,0.22255516052246094,0.04366159439086914,43.565116693079005,7.771192312240601,8.03762936592102,-7.629395e-09,1550000,148.01519533634502,1239.5253567695618,-0.0300353,-25.898618154659058,100,75.64558188943543
4.850857257843018,2.6360418796539307,155,168.03361640210696,0.22288894653320312,0.043378353118896484,44.292228622033974,7.739441394805908,8.005920886993408,2.9182434e-08,1560000,136.78593369226152,1247.5457394123077,-0.030450528,-52.134307220037584,100,69.57001226235433
4.8352134227752686,2.621994972229004,156,160.58690040790054,0.22739958763122559,0.033969879150390625,40.42035054848001,7.709376335144043,7.970995664596558,-7.629395e-09,1570000,145.48992324001279,1255.5308051109314,-0.021540942,-33.65015481821178,100,73.108081871761
4.832869291305542,2.639669418334961,157,161.01371302861182,0.2384946346282959,0.04723191261291504,41.88281972459055,7.729235649108887,8.015229225158691,-1.525879e-08,1580000,141.03307619454574,1263.5603053569794,-0.042791687,-37.21278271477403,100,71.46482111075159
4.913762331008911,2.659475326538086,158,179.03310510846347,0.2185828685760498,0.04776310920715332,41.99033779287309,7.825840473175049,8.092413425445557,6.1035155e-09,1590000,128.04305432585105,1271.6670837402344,-0.024353344,-26.218042544348883,100,64.99869793018323
4.8891260623931885,2.650002956390381,159,157.26879954376625,0.21550798416137695,0.05414175987243652,43.10589310166565,7.790098190307617,8.059975862503052,1.6784668e-08,1600000,115.4484347560495,1279.7412617206573,-0.048550665,-44.471844348637866,100,57.68978263427565
4.859606027603149,2.6537787914276123,160,192.25727090866968,0.2004528045654297,0.08269119262695312,50.992477872714666,7.763530731201172,8.046897888183594,-3.051758e-08,1610000,123.72687817901962,1287.8031182289124,-0.030523717,-74.23893837226014,100,61.38056957958338
4.8246684074401855,2.612710952758789,161,232.4057342390669,0.2159423828125,0.04323291778564453,51.295916323162444,7.686861515045166,7.946257591247559,4.577637e-09,1620000,118.36317869898895,1295.7627506256104,-0.03041437,-91.62459693286557,100,61.53834987549399
4.884518623352051,2.641793966293335,162,176.4919433042526,0.22097492218017578,0.041357994079589844,37.17407368993833,7.7792463302612305,8.04179048538208,-1.0681152e-08,1630000,152.7768391760041,1303.8186354637146,-0.050822914,-26.989973049526505,100,75.14055615924691
4.921210050582886,2.6478569507598877,163,162.08002842328068,0.2150259017944336,0.037778615951538086,39.1065338251935,7.820790767669678,8.073803663253784,1.8310548e-08,1640000,154.7186251433376,1311.9061105251312,-0.04699857,-25.37106927306407,100,76.85635399930504
4.863618612289429,2.6418979167938232,164,175.10693527566747,0.22006535530090332,0.04770827293395996,38.0933245481511,7.757478475570679,8.02548098564148,-1.0681152e-08,1650000,147.97636021793323,1319.94522356987,-0.017651286,-17.834782177210354,100,72.93755040143493
4.880333185195923,2.6408274173736572,165,186.51350496419272,0.22447800636291504,0.04440569877624512,38.70188095147716,7.776348829269409,8.045461177825928,-6.1035155e-09,1660000,149.71705299346945,1328.005164384842,-0.040596522,-19.488145877921504,100,73.68501409621925
4.836977005004883,2.6174700260162354,166,168.26059461962467,0.21317791938781738,0.07703614234924316,36.62183962931213,7.7098469734191895,8.000273704528809,-7.629395e-09,1670000,141.77229525066386,1336.0219056606293,-0.033046417,-13.68047978340558,100,68.38217382449271
4.880141496658325,2.639241933822632,167,175.32547642069065,0.21747636795043945,0.04520153999328613,40.7098406469284,7.772390842437744,8.035295724868774,-1.2207031e-08,1680000,140.11948256326093,1344.0734026432037,-0.03331118,-23.67983929409914,100,70.78372028823058
4.848620653152466,2.63309645652771,168,172.9820708400359,0.24838924407958984,0.043718814849853516,49.91671462973643,7.734774589538574,8.027131080627441,9.918213e-09,1690000,120.65745088631407,1352.1163573265076,-0.042806685,-39.06232568855063,100,61.085830282469395
4.868223428726196,2.6037445068359375,169,176.78731423711804,0.20695281028747559,0.08278203010559082,53.80119585134947,7.722371816635132,8.012348413467407,7.247925e-09,1700000,94.04169034095463,1360.1429059505463,-0.021478914,-75.46423544263025,100,48.93287576506291
4.8963000774383545,2.6256871223449707,170,187.43207441979575,0.21242022514343262,0.045781850814819336,58.174095636351275,7.784561634063721,8.04299807548523,3.8146974e-09,1710000,85.89118814792131,1368.202966451645,-0.015411298,-61.86335275821571,100,44.95573365292382
4.901937246322632,2.67283034324646,171,216.7225179907514,0.20279383659362793,0.07767868041992188,54.00126814133323,7.831583499908447,8.11229681968689,-0.0010431061,1720000,82.50345411791795,1376.3301012516022,-0.02775288,-76.95102738570093,100,44.7940303168551
4.863913297653198,2.6203994750976562,172,174.43691054940547,0.21857070922851562,0.043853759765625,51.52892250598323,7.735236883163452,7.997885465621948,-2.1362304e-08,1730000,114.27908531955133,1384.3417177200317,-0.026118955,-71.71955063957392,100,57.249606415734014
4.878836393356323,2.633204936981201,173,128.92002398239498,0.2249610424041748,0.04078245162963867,41.18444988733552,7.763235330581665,8.02918553352356,9.155274e-09,1740000,110.74666821085198,1392.3866920471191,-0.019420298,-64.20789695991371,100,54.62872405013023
4.848984241485596,2.5982604026794434,174,162.6434981167963,0.22655367851257324,0.0484616756439209,40.87248749878318,7.69779896736145,7.97321629524231,1.9836426e-08,1750000,134.54403781419035,1400.3738949298859,-0.021207776,-41.85642942557227,100,66.1016512126284
4.851914167404175,2.6159744262695312,175,196.53847025806917,0.2264719009399414,0.05292105674743652,39.10206337929673,7.718269109725952,7.997909307479858,-3.0517577e-09,1760000,132.75042269475728,1408.385754585266,-0.020761933,-30.809959926428633,100,65.13593576065969
4.848158359527588,2.6342084407806396,176,155.88147268754952,0.21681499481201172,0.04790663719177246,38.92771600755979,7.736453533172607,8.001484394073486,-1.525879e-08,1770000,107.74552660864634,1416.4020540714264,-0.025286663,-55.81605776194455,100,51.38452916280816
4.896655321121216,2.6222667694091797,177,154.32563875097009,0.22195911407470703,0.037732601165771484,35.963990185319226,7.770838737487793,8.03077244758606,-1.3351441e-08,1780000,132.23530179225494,1424.4503111839294,-0.025732897,-52.19871685376881,100,63.85433930018373
4.86227822303772,2.6150002479553223,178,170.10667954110812,0.2284839153289795,0.03928995132446289,36.52590856693261,7.729058504104614,7.997073173522949,-9.155274e-09,1790000,138.73346229410924,1432.462019443512,-0.021521835,-26.360437794064058,100,68.22888789085438
4.939239978790283,2.639935255050659,179,173.23864967939886,0.21083569526672363,0.0736539363861084,42.3497392419107,7.830191612243652,8.114938020706177,3.0517577e-09,1800000,138.9307765082795,1440.5905306339264,-0.04173879,-44.81125639296837,100,69.67387017849947
4.881867170333862,2.625359296798706,180,157.6206006769382,0.2138075828552246,0.04947185516357422,41.487332506246446,7.7606916427612305,8.024175643920898,1.8310548e-08,1810000,146.24763286715518,1448.628793001175,-0.03644049,-32.3696701872672,100,72.37045716204446
4.914510488510132,2.6105105876922607,181,169.0063306664829,0.20946955680847168,0.08012795448303223,38.50868316660341,7.775233745574951,8.065088033676147,-9.155274e-09,1820000,159.10572495200736,1456.7076728343964,-0.041572776,-40.14393673325734,100,78.79709844620176
4.872170686721802,2.6222312450408936,182,171.71134625883664,0.19921064376831055,0.08047676086425781,41.54012909507511,7.746776819229126,8.026682615280151,1.525879e-08,1830000,150.6024427845336,1464.7489025592804,-0.03610397,-20.03182152980694,100,74.00314995690225
4.851533889770508,2.619375467300415,183,161.49458178013018,0.21203327178955078,0.051630496978759766,38.027482044985454,7.723521947860718,7.98744797706604,-7.629395e-09,1840000,151.9712326306053,1472.7502982616425,-0.022117304,-41.624414361386386,100,73.94263349816282
4.848027944564819,2.6145741939544678,184,134.98527773569504,0.2127854824066162,0.04213142395019531,31.023729659042132,7.714296579360962,7.969411611557007,3.0517577e-09,1850000,157.1260837343047,1480.7336797714233,-0.020227853,-38.71049552040419,100,77.16388080525002
4.859772682189941,2.6083359718322754,185,148.9031213519815,0.21033883094787598,0.0818631649017334,35.313189173621225,7.720061302185059,8.012495756149292,2.4414062e-08,1860000,160.94027081483458,1488.7605662345886,-0.015455501,-52.966922327405534,100,80.24065628343227
4.864553928375244,2.597986936569214,186,162.81702037563772,0.21779155731201172,0.05106472969055176,37.19770993696566,7.71299934387207,7.982073545455933,-1.1444092e-08,1870000,156.55917607996847,1496.7576155662537,-0.031146325,-29.27716287320309,100,78.33487603699525
4.860620021820068,2.6036863327026367,187,178.8517750765158,0.2270967960357666,0.04408121109008789,33.55897722509335,7.718595743179321,7.990004539489746,-6.1035155e-09,1880000,148.53258753583074,1504.7610955238342,-0.019426504,-4.526234783580003,100,73.59164223899901
4.882566928863525,2.6346919536590576,188,163.6843492163243,0.2166738510131836,0.06283926963806152,36.713634176110126,7.766494989395142,8.046237707138062,-6.1035155e-09,1890000,152.84747695586367,1512.8223106861115,-0.029841488,-16.954371402909963,100,75.68363680662664
4.868234157562256,2.6305928230285645,189,152.26353712029822,0.19884014129638672,0.08243775367736816,40.02465075428594,7.751751661300659,8.033263683319092,3.0517577e-09,1900000,147.30790486030645,1520.8694941997528,-0.022202015,-42.92721234990768,100,73.05523891783486
4.83888578414917,2.626779556274414,190,172.48698733251874,0.21033072471618652,0.08237934112548828,39.90595750425278,7.719228982925415,8.012186527252197,-1.525879e-08,1910000,149.7446343014476,1528.896614074707,-0.029527597,-24.950437196677687,100,74.95009479668363
4.8496317863464355,2.636296272277832,191,176.00967427367104,0.21668338775634766,0.04553651809692383,35.7824820844738,7.738279819488525,8.000767469406128,1.8310548e-08,1920000,181.5102458495217,1536.9128847122192,-0.043380458,3.3095100514708435,100,93.64461280704603
4.872859954833984,2.6268908977508545,192,205.63027098312827,0.21059656143188477,0.06958889961242676,43.7053705392617,7.751982688903809,8.032407283782959,-1.449585e-08,1930000,183.49249702055465,1544.9599611759186,-0.040075768,-17.620456200821746,100,93.4876054670384
4.880374431610107,2.619922637939453,193,173.57948156969866,0.22579407691955566,0.04589343070983887,41.345395165679214,7.753050327301025,8.02497124671936,6.1035155e-09,1940000,204.36927633690937,1552.999754667282,-0.03427995,-31.037273221752937,100,103.07069983031812
4.819952011108398,2.6083297729492188,194,177.3136081554493,0.22177672386169434,0.04927563667297363,45.34435073220489,7.680122137069702,7.951439142227173,1.525879e-08,1950000,168.08746215243812,1560.9653425216675,-0.014135217,-48.23542099025133,100,86.41669546342068
4.8402605056762695,2.6358063220977783,195,202.0457781980646,0.22300434112548828,0.04412412643432617,45.880216363587316,7.728089332580566,7.995444059371948,-3.0517577e-09,1960000,171.41474781830445,1568.9746568202972,-0.035183758,-24.944006910042372,100,87.63567058168806
4.897690534591675,2.6430141925811768,196,201.06621702939273,0.22192096710205078,0.04218554496765137,46.2517141441468,7.799004077911377,8.063324928283691,-3.5858154e-08,1970000,163.9680300737885,1577.0520129203796,-0.01343118,-32.830715973636714,100,85.24419332403254
4.902099847793579,2.644822359085083,197,172.90981117821167,0.19574952125549316,0.08436250686645508,43.21050494892437,7.8044517040252686,8.084794044494629,-2.746582e-08,1980000,160.36090198932104,1585.1504154205322,-0.02382486,-30.250992729492665,100,83.32063954739111
4.880852699279785,2.656616687774658,198,171.72994764490693,0.21955060958862305,0.04419875144958496,50.40769170142727,7.791297435760498,8.055279731750488,-3.8146974e-09,1990000,158.47458060494387,1593.2214050292969,-0.027196875,-51.094712492799204,100,82.19655345415107
4.82546591758728,2.617325782775879,199,184.17137793741085,0.21859979629516602,0.044614315032958984,47.814738192786834,7.694863796234131,7.958316802978516,1.2207031e-08,2000000,179.8440396177037,1601.1937143802643,-0.027112616,-26.622857598703117,100,92.62096750172284
4.8911402225494385,2.6343071460723877,200,232.6726144261998,0.21107244491577148,0.04326939582824707,50.71811954112508,7.77838921546936,8.032984018325806,9.822846e-09,2010000,184.77881646682647,1609.2414915561676,-0.023331162,-25.060979540263823,100,96.93429868992534
4.854581594467163,2.626437187194824,201,215.3654393841588,0.21987342834472656,0.04608964920043945,46.3022468102174,7.734068870544434,8.000283241271973,1.373291e-08,2020000,198.9078142598115,1617.2555401325226,-0.020674743,-27.2080862057299,100,104.99155214083495
4.877156734466553,2.638514757156372,202,228.08192672684413,0.21997880935668945,0.04611349105834961,52.873590675774224,7.768417119979858,8.034746408462524,-2.2888185e-09,2030000,199.33123354414883,1625.304391860962,-0.025232462,-33.141535485974444,100,104.57602867511052
4.8605029582977295,2.6386172771453857,203,231.50305996721306,0.20465540885925293,0.07746291160583496,56.98927996380781,7.750305652618408,8.03264045715332,-2.5939942e-08,2040000,195.0684035910722,1633.35133934021,-0.010501018,-52.8994616865913,100,103.18135661719629
4.863364219665527,2.6220574378967285,204,226.1201029378323,0.2183382511138916,0.038575172424316406,58.83074930749493,7.736400604248047,7.993553638458252,3.0517577e-09,2050000,178.8773160742356,1641.358379125595,-0.017308764,-40.396895059324095,100,93.12333792287355
4.8532938957214355,2.6265463829040527,205,206.79630154686689,0.218902587890625,0.047730445861816406,53.96162929604644,7.733444452285767,8.000287294387817,-6.1035155e-09,2060000,177.31722787513482,1649.372371673584,-0.026548829,-26.23603691583292,100,92.18872369938654
4.869407415390015,2.6382107734680176,206,211.93259415280357,0.21951603889465332,0.04581189155578613,60.45779890227408,7.761341333389282,8.026894330978394,4.577637e-09,2070000,188.1965937545396,1657.4131813049316,-0.028492762,-28.71894867714717,100,99.00648707796218
4.858498573303223,2.6150472164154053,207,227.38560365954498,0.20775961875915527,0.04456949234008789,65.44986790289374,7.723735094070435,7.9763147830963135,-1.5258789e-09,2080000,191.65639128592244,1665.4034609794617,-0.021491557,-87.2705673098709,100,99.46094649456987
4.877928972244263,2.63097882270813,208,228.7994099200597,0.22028040885925293,0.04091477394104004,60.836412135735,7.763315439224243,8.024728298187256,-3.8146974e-09,2090000,193.87285456823057,1673.442051410675,-0.018038219,-45.70747565894426,100,99.67732399237656
4.9428887367248535,2.6432125568389893,209,231.54745122490414,0.20390033721923828,0.08057308197021484,62.05003015401424,7.840294122695923,8.12499451637268,-1.8310548e-08,2100000,204.50412762656595,1681.5821766853333,-0.017576853,-74.69007602724633,100,105.30964604033646
4.850590467453003,2.620022773742676,210,226.34742168649694,0.22026395797729492,0.038579463958740234,60.22588820300062,7.722731828689575,7.981778621673584,-2.1362304e-08,2110000,198.5194365325433,1689.5786604881287,-0.03016675,-50.23711437670163,100,102.63592342155488
4.858774423599243,2.624419927597046,211,238.65564306412372,0.20214104652404785,0.08820557594299316,53.24757843916465,7.734991788864136,8.025553703308105,-6.1035155e-09,2120000,180.34423993368836,1697.6193988323212,-0.015563764,-50.03017408665562,100,94.64272953974847
4.922302722930908,2.6429049968719482,212,223.73680582828803,0.22212886810302734,0.042876243591308594,53.339954186387864,7.819809675216675,8.085039377212524,-1.8310548e-08,2130000,199.61004960269733,1705.719099521637,-0.023619818,-30.401583111478473,100,103.98646370003713
4.855062484741211,2.6217615604400635,213,218.21958299481543,0.22137856483459473,0.03959369659423828,55.822483467959934,7.729565143585205,7.990745544433594,-1.0681152e-08,2140000,211.6190333011552,1713.723741531372,-0.042388912,-25.39676631629368,100,110.08950771921873
4.880924224853516,2.638091564178467,214,246.47614128606884,0.21625566482543945,0.04441714286804199,61.44837017548351,7.772278547286987,8.033193588256836,-1.8310548e-08,2150000,215.76101618431187,1721.7706594467163,-0.02294188,-21.01578554430279,100,112.70806784077212
4.868939399719238,2.6307101249694824,215,259.50988780487825,0.2328033447265625,0.04567670822143555,62.826754690621186,7.7499096393585205,8.028620719909668,4.577637e-09,2160000,225.9202514615433,1729.8130671977997,-0.023637531,-27.493194642758766,100,115.3836635143967
4.899843454360962,2.639040231704712,216,243.21746758107793,0.19748663902282715,0.0847768783569336,60.07244992435999,7.790353536605835,8.072840213775635,3.0517577e-09,2170000,229.67328877941833,1737.8997724056244,-0.032281898,-33.05660578036468,100,116.2932590385252
4.845490217208862,2.6183738708496094,217,241.61014190123143,0.2028343677520752,0.07834100723266602,55.94249338745358,7.718157052993774,7.999636173248291,-1.2207031e-08,2180000,245.3167657122688,1745.914012670517,-0.023688085,2.3293929948388827,100,124.79686505802216
4.892290353775024,2.624663829803467,218,228.47935168500783,0.2007765769958496,0.09754633903503418,59.369103304003616,7.77040696144104,8.068947553634644,3.8146974e-09,2190000,208.40321686821986,1753.9993629455566,-0.02220083,-30.28128454827452,100,107.17747905710473
4.864190101623535,2.6482715606689453,219,246.7336046960978,0.21273541450500488,0.06625819206237793,59.954115089145866,7.765961170196533,8.045186281204224,1.8310548e-08,2200000,226.04089252072316,1762.0605504512787,-0.032106593,-57.398601043758,100,116.84103455086058
4.922472715377808,2.6193950176239014,220,247.143824229407,0.2173781394958496,0.04766368865966797,54.840959550350085,7.797633647918701,8.062904834747314,6.1035155e-09,2210000,239.46834803855342,1770.1380524635315,-0.030644134,19.080912628229825,100,123.23515313531135
4.887817144393921,2.6099636554718018,221,257.36653007208207,0.21675395965576172,0.05718708038330078,52.377272263316435,7.74883246421814,8.022987842559814,2.6702882e-08,2220000,279.1017177452835,1778.1746435165405,-0.030019723,-39.76478714550172,100,143.02504569115396
4.888367414474487,2.633068799972534,222,279.5402184597255,0.31700873374938965,0.04608941078186035,61.24067119128343,7.772965669631958,8.13631272315979,-2.2125244e-08,2230000,288.2536192425573,1786.3249208927155,-0.032854427,-22.125857973115217,100,145.51979583472786
4.84874963760376,2.6047165393829346,223,251.7228006689843,0.3053779602050781,0.08952760696411133,64.68208950183622,7.702268362045288,8.097424030303955,-4.2724608e-08,2240000,283.94382739406495,1794.443237543106,-0.037568267,-33.07840409652528,100,144.25807196778857
4.815454721450806,2.6002211570739746,224,291.2610465154869,0.3159327507019043,0.04604482650756836,61.31214392365686,7.663121461868286,8.025371789932251,-3.8146974e-09,2250000,261.93953522884306,1802.489786863327,-0.038090874,-14.903498364802454,100,134.61929984310768
4.849768400192261,2.6306159496307373,225,300.7005002266452,0.32238173484802246,0.03814506530761719,67.93416454193594,7.734166622161865,8.094961404800415,-2.5939942e-08,2260000,248.02408400594157,1810.6032927036285,-0.0232599,-39.42309600802522,100,123.04311247365476
4.809944152832031,2.6290884017944336,226,266.6797654545473,0.3359220027923584,0.07649064064025879,60.897075464435225,7.690555572509766,8.103251934051514,-1.2969971e-08,2270000,294.26858341565566,1818.727499961853,-0.018711166,-85.94271337753625,100,147.7836097326628
4.830507755279541,2.631929397583008,227,265.9064283035962,0.3372631072998047,0.049987077713012695,70.50430176421256,7.71477484703064,8.102302074432373,-1.9073487e-09,2280000,297.69565719964055,1826.8518199920654,-0.041715533,-80.34079179219248,100,151.16413630376218
4.79182243347168,2.6087286472320557,228,253.54187575559786,0.37524914741516113,0.04360461235046387,50.464776142361934,7.650888681411743,8.070002555847168,1.1825562e-08,2290000,280.7077722657908,1834.9434742927551,-0.057399064,38.223084714486525,100,142.31639982247967
4.781005859375,2.6035799980163574,229,241.1521405113815,0.3504154682159424,0.04405784606933594,52.916366201896295,7.634351968765259,8.02911376953125,9.155274e-09,2300000,261.83334673281007,1842.9937269687653,-0.05828821,9.736877108535586,100,135.40846303072706
4.831247806549072,2.627176284790039,230,237.01432844539335,0.3588428497314453,0.04250383377075195,52.733912481674935,7.709882736206055,8.111483097076416,4.577637e-09,2310000,251.870292358465,1851.1269183158875,-0.031143012,-24.23377160442345,100,128.2428627702856
4.8649961948394775,2.6441423892974854,231,217.5431131926895,0.30239295959472656,0.08654594421386719,52.533278557668325,7.769486904144287,8.158702611923218,-1.6784668e-08,2320000,224.69197123765517,1859.3048989772797,-0.019755675,-46.055010641577596,100,116.31766331713722
4.805466890335083,2.6118662357330322,232,215.4561732343689,0.31811952590942383,0.07430863380432129,51.106473129077855,7.666118621826172,8.058763980865479,-3.4332274e-08,2330000,189.4724411680779,1867.3776800632477,-0.016367335,-16.050790736665263,100,97.53945221405003
4.821059703826904,2.625607967376709,233,245.36850745388725,0.3550384044647217,0.04458165168762207,52.916078306093894,7.699143886566162,8.098983526229858,-0.0018062561,2340000,237.96901929274412,1875.4901180267334,-0.019438257,-21.714270856642642,100,121.33526643243687
4.786241769790649,2.619814395904541,234,277.52770424293857,0.30733561515808105,0.0994870662689209,51.8426843246693,7.673330068588257,8.080400943756104,1.2207031e-08,2350000,277.19618409370725,1883.5870206356049,-0.015029828,-25.99698587025369,100,140.0418528897325
4.784806728363037,2.6041858196258545,235,262.06239517206734,0.3350226879119873,0.04688620567321777,60.88862440547677,7.637322187423706,8.019554615020752,-1.2969971e-08,2360000,275.23447320777547,1891.622302055359,-0.014847784,-11.87217930544503,100,138.78378326933856
4.808130741119385,2.645491361618042,236,324.5836177986692,0.3450508117675781,0.08508992195129395,66.97834265379257,7.704872131347656,8.135277032852173,-5.912781e-09,2370000,296.17626863425266,1899.779409646988,-0.021787379,-16.349652010063796,100,150.72512124071903
4.866523742675781,2.623723030090332,237,282.798300978628,0.31392884254455566,0.06702208518981934,59.23181628778872,7.742413282394409,8.123603582382202,6.2942505e-09,2380000,316.33569318236977,1907.9162204265594,-0.030646835,5.5691325088564,100,159.98747616154898
4.863617658615112,2.6394572257995605,238,273.72385534071543,0.27742886543273926,0.0475161075592041,55.70534974193531,7.75779128074646,8.082948207855225,1.6784668e-08,2390000,311.1925542825952,1916.012582540512,-0.08004544,6.613078293040793,100,158.13052554289717
4.871854782104492,2.6294400691986084,239,280.0474675006294,0.24965643882751465,0.11710357666015625,59.024853376546915,7.752285957336426,8.119256496429443,1.525879e-08,2400000,316.1170552628024,1924.145647764206,-0.015104857,15.562702968946896,100,164.00136750199835
4.858209848403931,2.645472288131714,240,267.1614041347559,0.2215423583984375,0.09716486930847168,60.924106082218124,7.765094757080078,8.083992719650269,7.629395e-09,2410000,289.6326305262757,1932.2431571483612,-0.0136907315,1.870081605001452,100,148.5947571396904
4.936289548873901,2.6637253761291504,241,262.10456764556,0.20309114456176758,0.07726597785949707,57.62074579875974,7.856279611587524,8.136842727661133,6.1035155e-09,2420000,311.2769829226473,1940.3957381248474,-0.008264905,5.529962358306579,100,162.75333965918108
4.833118677139282,2.6147923469543457,242,305.369764779738,0.23837733268737793,0.03681612014770508,61.73952427267565,7.701068162918091,7.976458549499512,-6.866455e-09,2430000,346.58583019371656,1948.3860642910004,-0.025501385,-30.37798610497081,100,177.54704428766712
4.8797595500946045,2.618224859237671,243,276.6755050596731,0.2183537483215332,0.04027366638183594,65.4003796890946,7.7512311935424805,8.010077714920044,-1.2207031e-08,2440000,326.8499375486341,1956.4098062515259,-0.010849162,-39.455425803270785,100,166.85315113998266
4.866336345672607,2.64750075340271,244,302.8146834157679,0.1935558319091797,0.0794680118560791,69.85011011913252,7.768911600112915,8.042171239852905,-1.8310548e-08,2450000,333.55185165409864,1964.4670586585999,-0.023998939,-108.05114192177341,100,171.26913171195895
4.880160808563232,2.6195828914642334,245,273.6489994575544,0.1992020606994629,0.07735490798950195,61.95914179335984,7.752702713012695,8.029486179351807,2.4414062e-08,2460000,347.20056739865436,1972.5121071338654,-0.0144223515,-22.969443524939823,100,179.62679600261393
4.899898529052734,2.6603100299835205,246,314.60098915104646,0.23039531707763672,0.04120302200317383,61.081786439541865,7.818166255950928,8.09000039100647,-1.525879e-08,2470000,352.84106742537205,1980.6174201965332,-0.015030079,23.108222379162033,100,179.038328152705
4.914891958236694,2.6234004497528076,247,294.57304304970194,0.22140121459960938,0.044652462005615234,62.28993682226097,7.790553569793701,8.0568687915802,9.155274e-09,2480000,368.3525568357385,1988.6894297599792,-0.021128042,-12.163077923225035,100,186.41814311811552
4.867721080780029,2.634286403656006,248,273.6713568898253,0.21215319633483887,0.04696941375732422,63.30822188900603,7.754795789718628,8.014162063598633,-6.1035155e-09,2490000,337.8221873706088,1996.7177193164825,-0.021706646,-28.736490551695848,100,172.817813349051
4.877190113067627,2.6213760375976562,249,297.535666193376,0.20301389694213867,0.07343292236328125,56.89471730769609,7.748939514160156,8.025601387023926,2.2888184e-08,2500000,369.7601165581572,2004.757738351822,-0.010583146,-4.266769819527583,100,189.15565261705152
4.912008047103882,2.6454081535339355,250,306.5717363741613,0.2343897819519043,0.04414701461791992,58.70720285024874,7.811527729034424,8.09030032157898,-2.1362304e-08,2510000,368.54212313441917,2012.8617882728577,-0.015352658,-23.196188166864044,100,188.03614950939175
4.8966569900512695,2.645228147506714,251,296.77211481697003,0.20197033882141113,0.08105921745300293,58.74635993841306,7.797335147857666,8.080588340759277,-0.0009412231,2520000,350.31938194919474,2020.9562232494354,-0.021308234,1.0202322279732576,100,179.85910055044258
4.830320596694946,2.610725164413452,252,306.71544065629763,0.2221660614013672,0.043790340423583984,59.65506638063489,7.7003772258758545,7.966562271118164,-0.00044675294,2530000,363.5715959219658,2028.9366557598114,-0.015796417,-30.447310721813984,100,185.9286492356558
4.884719610214233,2.62103533744812,253,297.5492108989744,0.2147367000579834,0.04374289512634277,58.748187756407354,7.759268283843994,8.017973184585571,-2.4414062e-08,2540000,362.01584554335756,2036.969357252121,-0.027095016,-30.38961330467266,100,184.43558651841587
4.848625421524048,2.60781192779541,254,306.26013845188737,0.22453808784484863,0.03888964653015137,68.52344826899946,7.7068190574646,7.970471620559692,2.5939942e-08,2550000,353.3423258860415,2044.954586982727,-0.020713877,-8.58991076498896,100,182.7915831751603
4.876326322555542,2.6404829025268555,255,323.28550958361,0.22942662239074707,0.0310213565826416,70.15607184686924,7.769032716751099,8.02971887588501,-4.2724608e-08,2560000,342.79758629669965,2052.9977724552155,-0.010337338,1.1847338698140644,100,174.39613286112595
4.902312755584717,2.6444108486175537,256,307.5141101643853,0.21906685829162598,0.047840118408203125,64.47202947544054,7.8006627559661865,8.067811727523804,1.5640259e-08,2570000,347.9079562852902,2061.0793764591217,-0.01595199,-43.485528195039755,100,178.14452290573297
4.876136541366577,2.6432197093963623,257,316.1171381541523,0.22458457946777344,0.044588327407836914,63.514663656204114,7.773744344711304,8.043147802352905,1.6784668e-08,2580000,363.78595577150884,2069.1367728710175,-0.020905998,-99.73696511707621,100,187.86574489436197
4.846184968948364,2.603997230529785,258,328.56691315876935,0.22802257537841797,0.04149198532104492,58.05046031602517,7.701084852218628,7.970822095870972,-3.051758e-08,2590000,378.76170847383844,2077.121453523636,-0.03214813,13.80547799024588,100,193.73528015450574
4.872699975967407,2.6522626876831055,259,301.1264187613057,0.22386479377746582,0.04292702674865723,64.18815954456949,7.776693344116211,8.043734073638916,1.2207031e-08,2600000,376.47807713088235,2085.1792056560516,-0.008953601,-41.45543258483705,100,190.69204621430094
4.874681711196899,2.613600730895996,260,308.9831318039233,0.225006103515625,0.04752922058105469,69.86403070389895,7.740052700042725,8.012820720672607,-1.5258789e-09,2610000,354.0887205921821,2093.2064485549927,-0.036341757,-33.87538031459434,100,178.80045239006796
4.89396333694458,2.6200873851776123,261,305.46002437467143,0.21979880332946777,0.04552578926086426,56.78778093396238,7.7650182247161865,8.03059196472168,7.629395e-09,2620000,379.2620345266259,2101.2534096240997,-0.0348444,-13.433558535996328,100,191.42261867714103
4.900489330291748,2.648301601409912,262,317.24533228340414,0.21733617782592773,0.042166948318481445,48.33392190412257,7.801748037338257,8.061479330062866,1.2207031e-08,2630000,398.2430885350713,2109.3299634456635,-0.039495256,74.65836461670102,100,201.34515347290792
4.86736798286438,2.6134049892425537,263,316.23923494724085,0.21743249893188477,0.04301810264587402,55.1787283367775,7.739633321762085,8.00031852722168,-7.629395e-09,2640000,415.2466260139495,2117.344076395035,-0.020709548,3.8939453809370237,100,212.34313995169296
4.889585733413696,2.6453046798706055,264,309.32523961748245,0.2246239185333252,0.04584813117980957,54.30728928203324,7.785935878753662,8.056650400161743,-2.5939942e-08,2650000,394.4062002956878,2125.4143404960632,-0.02991279,67.87273481824383,100,200.07097294380884
4.822525262832642,2.594092607498169,265,323.4595790511554,0.22137951850891113,0.04425382614135742,60.696755708489874,7.6664159297943115,7.932275056838989,3.3569336e-08,2660000,390.77708445586927,2133.360328435898,-0.021219065,18.553612364734075,100,200.15097958168758
4.858747720718384,2.6156370639801025,266,315.9099079448739,0.20945143699645996,0.07190561294555664,62.375043299994054,7.725592136383057,8.00716757774353,2.4414062e-08,2670000,391.7147086928958,2141.3812255859375,-0.01771214,-12.869503238923551,100,199.65766518705638
4.896614074707031,2.6369190216064453,267,315.94700958351973,0.21775436401367188,0.0456852912902832,62.63751277533111,7.785417079925537,8.04908037185669,-1.449585e-08,2680000,369.5364465107768,2149.443614959717,-0.01845118,-71.34570828595943,100,188.35450619991437
4.872676610946655,2.61140513420105,268,314.231229998066,0.22029852867126465,0.04436063766479492,53.64910990903127,7.73240327835083,7.997349977493286,1.5258789e-09,2690000,405.9658473888522,2157.4550132751465,-0.015652224,47.43183249117049,100,206.3519951457021
4.865596532821655,2.6155173778533936,269,323.8383082657884,0.2184739112854004,0.040610313415527344,57.39329699752215,7.732769012451172,7.9920713901519775,6.1035155e-09,2700000,413.2118437640554,2165.4611139297485,-0.026380695,70.83535255021684,100,210.51856002278572
4.866586208343506,2.6178975105285645,270,328.35941345548736,0.2136850357055664,0.05961346626281738,52.24228724149328,7.737374544143677,8.010910272598267,-1.525879e-08,2710000,425.2654305859799,2173.4854912757874,-0.02370652,-4.413072441578756,100,216.81674222774978
4.865911245346069,2.6305391788482666,271,344.85470625859585,0.22123932838439941,0.04416346549987793,62.907067148962895,7.751516103744507,8.017154216766357,6.1035155e-09,2720000,423.60222215136963,2181.516734600067,-0.016311,-30.07190491801342,100,218.19341556182582
4.8860838413238525,2.6543943881988525,272,335.14471675740225,0.21848320960998535,0.0585942268371582,69.77869490093255,7.795584440231323,8.072884321212769,-1.0681152e-08,2730000,422.78680240467,2189.6043157577515,-0.015906785,-40.41650487003122,100,216.38918764148144
4.849599599838257,2.6530942916870117,273,340.7208005796323,0.22732257843017578,0.04652738571166992,64.55113888212847,7.755074501037598,8.029184341430664,3.967285e-08,2740000,425.2229583103767,2197.6473519802094,-0.04440233,-24.444857706675105,100,219.9443399779412
4.861198902130127,2.6235015392303467,274,337.51366602455323,0.21442580223083496,0.0424952507019043,79.39270035503401,7.744278430938721,8.001430988311768,-1.8310548e-08,2750000,400.1700811791394,2205.6630132198334,-0.026174176,-52.017901861327985,100,205.11126054381361
4.854953289031982,2.6361238956451416,275,312.4761420420289,0.2257235050201416,0.043854475021362305,60.80692564789362,7.742655038833618,8.01245927810669,1.2207031e-08,2760000,416.9097917027799,2213.6908581256866,-0.012861041,-9.909343546098215,100,212.7798498931589
4.834601640701294,2.6146016120910645,276,311.66527759571363,0.20921874046325684,0.09518051147460938,65.95470449513043,7.701666593551636,8.00626802444458,1.8310548e-08,2770000,406.13700603939856,2221.7120628356934,-0.014676294,-39.52866594279908,100,206.45354371202774
4.842828273773193,2.63423228263855,277,328.5044196063697,0.2043321132659912,0.07983946800231934,67.86579965374092,7.729641675949097,8.01406192779541,-0.00085230486,2780000,398.6819495786281,2229.740886449814,-0.017177628,-1.8531742534112154,100,204.1894614431056
4.858877420425415,2.615436315536499,278,321.1407047699649,0.21951770782470703,0.05378103256225586,69.49909734487417,7.725240468978882,7.998780250549316,-2.5939942e-08,2790000,397.8640774865617,2237.7535865306854,-0.03599536,-83.30534026417764,100,200.78236699249217
4.872111558914185,2.619081735610962,279,354.1482662109857,0.2296912670135498,0.04457497596740723,62.34829162632531,7.741572380065918,8.016072034835815,8.392334e-09,2800000,435.27519001350623,2245.783618927002,-0.08131228,12.9506470251272,100,223.16262607207744
4.872666358947754,2.6203649044036865,280,322.39647081299904,0.2264864444732666,0.04437971115112305,57.52706196573036,7.745002508163452,8.016107082366943,-1.8310548e-08,2810000,423.15348522659116,2253.813465833664,-0.026134854,-14.03134145574468,100,214.918320576293
4.879582405090332,2.632277011871338,281,345.1433232992489,0.2225034236907959,0.04598045349121094,80.45795613895365,7.765570163726807,8.03429651260376,-1.8310548e-08,2820000,338.82662320471405,2261.8626458644867,-0.050147932,-31.46123716319765,100,172.71807481772535
4.92046594619751,2.6446855068206787,282,336.2486275744959,0.20690417289733887,0.04384183883666992,60.155617838328546,7.819635629653931,8.070600986480713,3.051758e-08,2830000,375.3175101429067,2269.9490094184875,-0.38221863,22.685104954182997,100,193.6093442105167
4.91487193107605,2.614373207092285,283,357.46054407415306,0.19378662109375,0.08147764205932617,58.43638382225466,7.780935049057007,8.056411266326904,1.5258789e-09,2840000,410.81899852542944,2278.0199620723724,-0.20600359,-47.36057700756451,100,210.3843572917831
4.867173910140991,2.6312201023101807,284,330.3169418605776,0.2297804355621338,0.055550575256347656,77.41769670244388,7.754066467285156,8.039658308029175,-1.525879e-08,2850000,391.703750471438,2286.0727953910828,-0.074505575,-4.359163648142984,100,197.70554329331347
4.846037864685059,2.6116244792938232,285,330.03459525030485,0.21986770629882812,0.04097104072570801,72.66935661481347,7.711225986480713,7.972297430038452,1.0299683e-08,2860000,345.29917015902026,2294.0603182315826,-0.040255215,5.612683287628338,100,176.21235517374845
4.894426584243774,2.6629369258880615,286,305.7755345095034,0.22780132293701172,0.04354667663574219,71.64778331576838,7.812762975692749,8.084352731704712,1.525879e-08,2870000,255.51175497672455,2302.1584022045135,-0.106345095,-57.21900462404181,100,128.88673346051414
4.914856195449829,2.660093069076538,287,314.07030563535847,0.23340106010437012,0.043434858322143555,77.27201947321028,7.83109712600708,8.108163118362427,-1.2207031e-08,2880000,225.4662815906379,2310.280370950699,-0.0484598,-40.64118783531279,100,115.21151686719128
4.925238847732544,2.663195848464966,288,290.8748099040953,0.21634459495544434,0.0435638427734375,62.722845406294205,7.841740131378174,8.101889371871948,-2.2315978e-08,2890000,205.63468626748295,2318.397486448288,-0.052010957,-30.78817309448425,100,103.45242104541136
4.913266181945801,2.673976182937622,289,325.82466830906054,0.2250194549560547,0.0449519157409668,79.84996624718768,7.837721586227417,8.107919931411743,-1.525879e-08,2900000,315.9494716805259,2326.5189111232758,-0.026412658,-33.45814763855544,100,157.1202132641087
4.892180681228638,2.6282198429107666,290,305.32677900796597,0.2269270420074463,0.038445472717285156,64.86715529364032,7.773268461227417,8.038894176483154,-2.4414062e-08,2910000,357.92980805125285,2334.5713155269623,-0.06301415,-26.692704864410977,100,182.35851540172317
4.853680849075317,2.6495044231414795,291,289.1222437097911,0.2050018310546875,0.07982206344604492,71.79976402291784,7.756113767623901,8.041162490844727,4.8828124e-08,2920000,287.5056971552291,2342.626575946808,-0.038376812,-52.74359351055272,100,147.57318277463776
4.905946254730225,2.620114803314209,292,302.2879690105862,0.2175898551940918,0.04494810104370117,69.57349750215957,7.777634859085083,8.04038405418396,3.6621095e-08,2930000,294.13999241792,2350.6809985637665,-0.095292,-19.151509196012857,100,152.83453444442958
4.8691325187683105,2.60616135597229,293,337.7358763747066,0.22053980827331543,0.04922366142272949,70.31487699588475,7.727468490600586,7.997557878494263,-1.2207031e-08,2940000,335.18385625093555,2358.6925961971283,-0.23570696,2.0144961873443448,100,171.51110994215108
4.872392177581787,2.6462559700012207,294,286.9042418303171,0.21968960762023926,0.05563831329345703,65.70640125656895,7.7813966274261475,8.056946992874146,2.4414062e-08,2950000,286.65727739601795,2366.7632830142975,-0.11936083,-24.74525073342563,100,146.8706843124466
4.8741371631622314,2.6318750381469727,295,291.3543697768216,0.21497893333435059,0.046234130859375,69.12879909288404,7.7569615840911865,8.018399477005005,0.00444859,2960000,74.59735753052934,2374.7962713241577,-0.016742917,-113.60038152532066,100,38.436361246666756
4.8857879638671875,2.6387925148010254,296,209.95377857061774,0.21768903732299805,0.04481983184814453,63.251465274636,7.775249004364014,8.038047075271606,-7.629395e-09,2970000,46.65596875214499,2382.847752571106,-0.051148877,-162.37123548656945,100,23.084910105539507
4.858544826507568,2.6317453384399414,297,256.9090566465722,0.2043769359588623,0.0770711898803711,61.57649221867059,7.7442498207092285,8.025936126708984,2.1362304e-08,2980000,122.89705231095644,2390.887692928314,-0.55726284,-76.2057702731337,100,64.44170130366257
4.992608547210693,2.6822612285614014,298,287.6261434587907,0.2015550136566162,0.04513287544250488,72.90697292421814,7.932013750076294,8.17892074584961,1.9168853e-08,2990000,271.22120296841234,2399.0814323425293,-0.001484372,-31.996742579351565,100,138.98725463859114
5.358656167984009,2.860539674758911,299,326.8044144790696,0.19975757598876953,0.04808783531188965,78.04972944943923,8.492387294769287,8.740495443344116,-6.1035155e-09,3000000,343.11774074382686,2407.8357207775116,-0.8524799,-22.578026357845776,100,176.8690771412878
