train-PolicyExecTime,train-EnvExecTime,train-NumTrajs,ItrTime,train-StdReturn,LossBefore,Time-Optimization,n_timesteps,Time-SampleProc,Time,train-MinReturn,train-AverageReturn,train-MaxReturn,LossAfter,train-AverageDiscountedReturn,Time-Sampling,Itr
69.24904036521912,4.345710277557373,100,81.72158694267273,39.650680862553486,0.017733984,7.555227041244507,10000,0.02307891845703125,81.72159194946289,-159.02723092301193,-43.114446557609355,49.43643762189595,-0.5264839,-74.7778026657018,74.13510918617249,0
58.85782527923584,4.221771001815796,100,66.00196766853333,32.32243159588102,0.004263324,2.3882181644439697,20000,0.024452924728393555,147.82241582870483,-137.5930290049463,-69.66080000957457,6.2045291003504,-0.13811243,-124.24265748814189,63.588618993759155,1
58.18823575973511,4.150956630706787,100,65.0898449420929,40.62061554541562,0.011773169,2.2330172061920166,30000,0.02029275894165039,212.93302202224731,-162.4425526480788,-55.355077440943795,46.15308641806461,-0.099299915,-96.29737967201352,62.83500695228577,2
55.193262815475464,4.059540271759033,100,62.55336785316467,39.74837256206741,0.0005898437,2.7822329998016357,40000,0.023305177688598633,275.50893902778625,-194.9551234909044,-48.91509018473103,45.712389672836025,-0.16126424,-83.72206724586566,59.74634599685669,3
57.985820293426514,3.9728472232818604,100,65.2404580116272,44.446415489148386,0.00020593872,2.786806106567383,50000,0.02178668975830078,340.77138471603394,-168.71943772443635,-31.089122595458278,52.65873412022704,-0.19601628,-52.917251780237365,62.43098998069763,4
48.25442099571228,3.800203323364258,100,55.45530819892883,42.42981021308562,0.030434716,2.915498733520508,60000,0.027948856353759766,396.2514579296112,-97.20000067449355,-12.403446414338973,127.30122143962708,-0.13247441,-21.64666939024252,52.51010298728943,5
48.50221920013428,3.8212525844573975,100,55.35433769226074,43.56348845031156,-0.009885144,2.558699131011963,70000,0.019183874130249023,451.6264886856079,-124.29618928034397,-21.285439867373835,86.53622538305517,-0.17992437,-33.63496964469773,52.77505588531494,6
53.9419584274292,3.854469060897827,100,60.67095494270325,42.880281783951055,0.014506067,2.3951680660247803,80000,0.02728414535522461,512.354061126709,-120.81380787155037,-24.37397315568372,74.22338379962392,-0.08800055,-39.15388158411642,58.24694514274597,7
49.76898694038391,3.840785026550293,100,56.04507279396057,41.95148027159841,-0.022333302,1.970245122909546,90000,0.019569873809814453,568.4211609363556,-144.54864222529008,-15.564267647661014,89.6327777224692,-0.15229477,-22.551952537454294,54.05476212501526,8
51.56053161621094,3.921372890472412,100,57.966245889663696,47.287315535506494,-0.012284057,2.0146219730377197,100000,0.01959228515625,626.410552740097,-153.46099279200322,-19.254806441538776,131.91034950158084,-0.16798182,-32.13901339460549,55.931275606155396,9
52.385775566101074,3.919100046157837,100,58.80916500091553,43.03198546365942,-0.012231409,2.017571210861206,110000,0.020859956741333008,685.2424290180206,-169.58418124254595,-32.128630104182065,63.30623378433978,-0.18962978,-55.560628736965754,56.76122188568115,10
50.96874642372131,3.8648126125335693,100,57.243056774139404,44.84891888613391,-0.005897534,1.9366230964660645,120000,0.020184755325317383,742.5073318481445,-175.11324021066886,-48.30222275854168,46.974388291626084,-0.13594832,-83.62908476898734,55.28564500808716,11
52.38390922546387,3.8119120597839355,100,58.622138023376465,34.967701833750645,0.013798926,1.9286940097808838,130000,0.020064830780029297,801.1522407531738,-137.51188771800219,-41.229057509158274,55.2199319447311,-0.13101071,-70.76680776812606,56.6716251373291,12
51.90140628814697,3.870410442352295,100,57.883882999420166,38.158210027604056,-0.0027806275,1.6356127262115479,140000,0.01714777946472168,859.0595860481262,-135.0283048665035,-33.64818137647503,49.966963041601666,-0.1336388,-59.465553996538056,56.22975993156433,13
53.79320502281189,3.7495205402374268,100,60.042495012283325,44.26475040789997,0.0053909426,2.022484064102173,150000,0.020231962203979492,919.131982088089,-191.0946245554766,-41.81200931425269,54.959568206725756,-0.19953574,-71.78387065409883,57.998178243637085,14
53.50295925140381,3.7766480445861816,100,59.72374081611633,42.6487076596976,0.006030054,1.9636070728302002,160000,0.02198195457458496,978.8782210350037,-149.9082078399728,-59.16426289748265,70.91039336846399,-0.15445031,-102.76713381838337,57.736666202545166,15
52.109646797180176,3.764939785003662,100,58.78283500671387,42.573119157207664,0.0101123415,2.429307222366333,170000,0.019237041473388672,1037.6830348968506,-156.08142006060004,-42.88011869188975,59.10944287712397,-0.06031157,-74.18428740962035,56.33286809921265,16
54.167879819869995,3.8100481033325195,100,61.5350980758667,41.649423084521544,-0.0184021,3.0754687786102295,180000,0.020954132080078125,1099.2384929656982,-140.55837890462993,-38.17737237942771,55.98431651808207,-0.115824826,-63.42224967609845,58.43681883811951,17
52.48518371582031,3.866069793701172,100,58.836607933044434,37.25118652572756,-0.0065146484,2.012634754180908,190000,0.024812936782836914,1158.097244977951,-124.01865636002876,-27.913735188358864,58.570100804683456,-0.12556015,-45.58937305659379,56.79775094985962,18
54.035341024398804,3.728337526321411,100,60.254448890686035,39.66725678454092,0.015408679,2.0192978382110596,200000,0.019732952117919922,1218.374490737915,-121.00386084562996,-30.32953834143101,69.0925664999539,-0.12392275,-48.309484305366176,58.213958978652954,19
54.72868728637695,3.8646984100341797,100,61.12820506095886,37.36071708735279,-0.044922058,2.03096079826355,210000,0.034188032150268555,1279.5265967845917,-107.01256994350554,-24.75447999865233,63.46919657195156,-0.19692798,-38.090970047580505,59.06162405014038,20
54.79848790168762,3.7267467975616455,100,61.15442180633545,37.66865739572351,-0.021059595,2.1508891582489014,220000,0.020767927169799805,1340.7036108970642,-147.43547689577773,-30.85235433246519,70.4617194749583,-0.15789118,-51.11961125980767,58.98218107223511,21
90.80956482887268,4.689850807189941,100,98.59370613098145,34.42355507003788,0.014997412,2.4783987998962402,230000,0.04582095146179199,1439.320366859436,-123.43520332400229,-25.160047136326643,45.05323928569608,-0.088109225,-40.7223687031282,96.06801581382751,22
67.60577988624573,4.2079222202301025,100,74.929190158844,43.92808429553286,-0.015246387,2.5821120738983154,240000,0.03568673133850098,1514.3081259727478,-120.39118585858861,-25.62438783306582,93.33027082948628,-0.11976255,-42.23002882723728,72.31039810180664,23
70.91227221488953,4.256517171859741,100,77.97265267372131,43.69385705345429,0.015673034,2.250809907913208,250000,0.027118206024169922,1592.302169084549,-160.89446747432635,-39.90013147826891,80.10949297828111,-0.11087275,-67.5396746680207,75.69431519508362,24
62.41930389404297,4.068249464035034,100,69.61453604698181,41.38097990842724,-0.004359912,2.6207878589630127,260000,0.01929616928100586,1661.9369869232178,-136.11697876926777,-22.066404151892716,62.0145896349213,-0.1809207,-33.32163635441925,66.97406101226807,25
55.53795337677002,3.8881962299346924,100,62.570332288742065,50.258732266885424,0.0054875487,2.6572821140289307,270000,0.023739099502563477,1724.5247678756714,-142.95843924498277,-33.51716297393531,93.28141845456567,-0.2180312,-56.169258824242476,59.888938903808594,26
75.3791892528534,4.3785340785980225,100,83.52639889717102,52.89438159468554,0.012823453,3.213894844055176,280000,0.02122020721435547,1808.0694048404694,-164.16555679199323,-65.22010697232585,64.29038957646677,-0.29199997,-116.47011539872992,80.28353810310364,27
67.70088219642639,4.241419315338135,100,74.68517398834229,48.83496701414623,-0.00407854,2.2211010456085205,290000,0.020034074783325195,1882.7776408195496,-187.81889115594814,-57.698925235919376,63.69872717205817,-0.44922134,-100.24938660688757,72.44259691238403,28
76.9636926651001,4.369905948638916,100,84.14929103851318,42.85921861925394,-0.017797656,2.256258249282837,300000,0.030482769012451172,1966.9487760066986,-160.4915759435167,-43.82507684879755,56.476468994066906,-0.19613652,-73.54217999902843,81.86074090003967,29
65.86762070655823,4.156501054763794,100,72.78005599975586,52.44468124158989,0.0012222168,2.237356185913086,310000,0.024663925170898438,2039.7582519054413,-177.00841080080824,-45.802515390792216,73.57892614896411,-0.118835665,-77.57387067144981,70.51596903800964,30
60.13848829269409,4.055863857269287,100,67.10033106803894,50.91931671026705,-0.005345569,2.394103765487671,320000,0.0330049991607666,2106.8838238716125,-207.35603806435057,-55.09422400257453,80.1734696928664,-0.17997696,-94.60053073392125,64.67212319374084,31
59.508153676986694,3.8761448860168457,100,65.87151908874512,50.27075720407179,0.053131945,1.9995050430297852,330000,0.021512985229492188,2172.7763760089874,-187.90459015152982,-46.853980041451116,91.2140502311759,-0.09654762,-78.36293529962535,63.84918284416199,32
56.57034158706665,3.892530918121338,100,63.01677489280701,46.0038372533936,0.010983008,2.074728012084961,340000,0.02039504051208496,2235.8151648044586,-185.76108281241463,-31.417039292033333,76.14066952526808,-0.18865752,-53.30833995383519,60.91998600959778,33
57.63827991485596,3.8892178535461426,100,64.21384692192078,44.19378926729513,-0.029499684,2.1871631145477295,350000,0.032293081283569336,2300.0506188869476,-121.04133829042257,-6.735371760126748,115.03237995301548,-0.14386743,-9.368797201462161,61.993818044662476,34
57.168683767318726,3.847982406616211,100,63.646934032440186,54.367371326061466,0.0012447571,2.1487810611724854,360000,0.023101329803466797,2363.7205119132996,-152.06398170682596,-10.902090788979583,91.52080843267797,-0.16159819,-16.25295822336579,61.474411725997925,35
58.8129780292511,3.8730881214141846,100,65.29072308540344,48.11669078603978,-0.01874524,2.1083550453186035,370000,0.039611101150512695,2429.035264968872,-155.77173104436451,-5.728549903484781,106.64099287126318,-0.26836085,-3.420488867872419,63.14082384109497,36
57.10719132423401,3.9080801010131836,100,63.56225037574768,48.09108665060504,0.0024826904,2.0406558513641357,380000,0.01994800567626953,2492.6197769641876,-92.36472141507758,5.0593920117965725,159.1160468061488,-0.6837107,10.686746008508868,61.5002019405365,37
57.63592290878296,3.890246868133545,100,64.10958504676819,43.21321711356611,0.0022130616,2.1074581146240234,390000,0.019101381301879883,2556.751230955124,-109.56921128874605,-2.4006202513993724,105.28996346261991,-0.6112235,-2.05055836685177,61.98166108131409,38
59.72937846183777,3.9897279739379883,100,66.26208090782166,49.50169672932463,0.029298535,2.0489859580993652,400000,0.019449949264526367,2623.0365691184998,-166.38985082213892,-19.770301594221987,130.1404690651951,-0.18579434,-30.0021278754076,64.19065690040588,39
57.749473333358765,3.9077329635620117,100,64.24481225013733,49.83376744556273,0.02183125,2.1078758239746094,410000,0.021646976470947266,2687.303270816803,-224.32692657222225,-45.85308867117651,77.88256657660236,-0.45519745,-76.86815912563328,62.113759994506836,40
58.6850745677948,3.951894521713257,100,65.23654294013977,57.09476915708676,-0.005796362,2.1172547340393066,420000,0.02151179313659668,2752.5618999004364,-187.50921149332476,-63.91712452491743,54.80465140388722,-3.41623,-111.02015101163357,63.09609818458557,41
61.497527837753296,3.9872965812683105,100,68.14062905311584,47.37209511899734,0.0072766724,2.1799490451812744,430000,0.01968216896057129,2820.7243959903717,-173.59306965507471,-36.94517981622835,86.7343645543342,-1.7267761,-62.72243572235386,65.93935060501099,42
58.7436888217926,3.927023410797119,100,66.01827788352966,39.80217835389088,-0.026300635,2.863190174102783,440000,0.020771026611328125,2886.7707488536835,-121.65406531653984,-18.652645622483178,131.85193293309237,-0.61288863,-37.89297353313162,63.13386392593384,43
57.49017024040222,3.9738621711730957,100,64.23598790168762,36.19131201268851,-0.00786626,2.2928130626678467,450000,0.025340795516967773,2951.028538942337,-154.53084759360016,-26.622887124107205,63.45788093271431,-0.64969474,-53.73251412063697,61.91726899147034,44
62.39044666290283,3.992259979248047,100,69.01583504676819,34.405075812518156,0.0017276978,2.14570689201355,460000,0.02095484733581543,3020.0666539669037,-95.62667360574906,-35.57983543697591,120.82134738750803,-0.70277756,-69.58193251138434,66.84754467010498,45
58.62328481674194,3.868983268737793,100,65.09772396087646,30.253853173097774,0.014984967,2.1312551498413086,470000,0.019839048385620117,3085.1865890026093,-89.19417527995208,-43.0475299657768,66.70684362964968,-3.1200027,-82.25027825875102,62.94616103172302,46
58.98465919494629,3.924529552459717,100,65.48885107040405,43.0677272578825,0.016745972,2.1061229705810547,480000,0.017828702926635742,3150.697186946869,-103.11284969697004,-34.55417947065645,123.81578301609893,-2.590619,-68.52860652528537,63.364436864852905,47
60.461923360824585,4.049087285995483,100,67.06657481193542,45.42353969323148,-0.017558068,2.072045087814331,490000,0.020121097564697266,3217.7871828079224,-122.1924405423533,-42.09952098008596,121.42874018578613,-1.5005599,-81.1537119805728,64.97301816940308,48
58.296931982040405,3.84340238571167,100,64.75541400909424,44.42992157972036,0.0045888918,2.1214890480041504,500000,0.019570112228393555,3282.5718290805817,-127.49072802599909,-32.58660409293807,118.57305588367488,-1.4897333,-67.17003274448064,62.61371612548828,49
60.28815746307373,3.8504581451416016,100,66.76149392127991,48.784851047704315,-0.020504614,2.1499929428100586,510000,0.01891183853149414,3349.353274822235,-129.91465678316933,-17.52688624813189,100.84582425954818,-0.82486624,-41.77907487864863,64.59127807617188,50
59.224799156188965,3.8537960052490234,100,65.71401190757751,39.079030048975376,0.004272412,2.145740032196045,520000,0.030810832977294922,3415.089532852173,-146.56304729482653,-27.189959257702718,107.76554075072629,-1.6412482,-57.96891085476172,63.53581500053406,51
60.55564332008362,3.907785415649414,100,67.09851217269897,44.16626112876356,0.018328857,2.1581199169158936,530000,0.01940608024597168,3482.2090649604797,-118.61267867815803,-22.064676682719142,151.13080029311328,-2.5257373,-45.35127778023242,64.91790008544922,52
64.24814128875732,3.930067539215088,100,70.85970282554626,47.06177286634624,0.017840112,2.1939327716827393,540000,0.01770496368408203,3553.109608888626,-129.52237171375336,-17.892294091109413,145.35798048978853,-1.4499503,-37.939308066962674,68.64655900001526,53
96.54096245765686,4.210993051528931,100,103.40191698074341,46.272252454224834,-0.02856267,2.157768964767456,550000,0.020672082901000977,3656.5343947410583,-105.64115057345128,-19.93974933264151,162.395463532438,-2.328085,-44.36706367588739,101.22039771080017,54
62.13444805145264,3.9032175540924072,100,68.70035982131958,50.047150411989946,-0.018423267,2.1663248538970947,560000,0.020437002182006836,3725.257570028305,-185.00183488669882,-30.66696581361189,166.15210322240392,-43.532753,-63.33459376567679,66.51194596290588,55
60.79324960708618,3.8038735389709473,100,68.17848491668701,42.54159102269692,0.0064662322,3.1020219326019287,570000,0.0230100154876709,3793.4569520950317,-108.62613538984806,-25.583807329804035,134.86021726513738,-38.90113,-48.94339441607772,65.05215311050415,56
63.52625131607056,3.835505485534668,100,70.08905792236328,38.79984887420322,0.01734834,2.2501399517059326,580000,0.020186901092529297,3863.568764925003,-146.84027522180216,-17.69015887072686,111.24633410200647,-3.6436234,-35.24663334640288,67.81668186187744,57
62.8557288646698,3.8380062580108643,100,70.02923512458801,35.97518882152421,-0.007260559,2.856292247772217,590000,0.022564172744750977,3933.621647834778,-172.03165036188113,-25.75544083510571,81.61428193210358,-9.780953,-47.17177218133432,67.14890384674072,58
62.78728461265564,3.826697826385498,100,69.26796293258667,40.22952243269677,-0.004390039,2.174604892730713,600000,0.019348859786987305,4002.908674955368,-111.06316923253283,-24.356015215501213,99.1994609875606,-23.151955,-46.15749066513731,67.07270193099976,59
61.8422315120697,3.8769960403442383,100,68.41136598587036,36.24189384117155,-0.028456036,2.2135932445526123,610000,0.02357196807861328,4071.363268852234,-95.70025936599893,-29.13688362879629,96.457249941466,-32.95486,-58.21278489897317,66.17230010032654,60
68.33972692489624,3.9449539184570312,100,74.94118666648865,38.172814099391864,-0.014063623,2.1706438064575195,620000,0.019126176834106445,4146.327171802521,-96.31516218067696,-32.260119712751404,103.48751678313354,-21.590174,-60.55769557561296,72.75064992904663,61
63.05875515937805,3.901859998703003,100,69.6782603263855,39.61399378944977,0.017380755,2.236691951751709,630000,0.019906044006347656,4216.026784896851,-167.95459417968934,-23.404034822093955,91.58267763775257,-10.363818,-51.35870100633356,67.42128276824951,62
66.01753997802734,3.9586493968963623,100,72.75400924682617,27.34764485825166,-0.0074490234,2.27970290184021,640000,0.02043318748474121,4288.8022248744965,-80.06003080811657,-24.41540177269662,83.34625733917868,-7.0015435,-52.44734681726961,70.43731188774109,63
62.71984028816223,3.890934705734253,100,69.28392601013184,34.091184504672846,0.004827539,2.1812479496002197,650000,0.02018880844116211,4358.108705043793,-91.88682143672952,-18.0072363360996,85.60935424965515,-3.310629,-43.04023164387168,67.08102416992188,64
64.73701167106628,3.929763078689575,100,71.83709406852722,49.505776725906415,-0.016812658,2.686697006225586,660000,0.020763158798217773,4429.968321084976,-83.52601791436733,30.652083871428136,138.14623092733854,-1.4944924,43.648173053310146,69.12811279296875,65
63.00354886054993,3.8012430667877197,100,70.59868121147156,49.31553930572217,0.0056645996,3.3119449615478516,670000,0.020607948303222656,4500.593664884567,-69.51059360896022,32.834360886606305,130.7231881745501,-0.54709715,54.08685656825356,67.26467108726501,66
72.76167321205139,4.08896803855896,100,80.15900802612305,46.40618886608368,-0.0016223632,2.760830879211426,680000,0.025385141372680664,4580.773650884628,-72.45885430148395,73.95285537037878,127.58186446249434,-0.06271377,139.7714517847816,77.37177324295044,67
103.44033002853394,4.70313835144043,100,111.29733204841614,20.96607413562483,-0.010131446,2.4641149044036865,690000,0.13982915878295898,4692.095389842987,-1.543527275911695,81.37769304925573,111.84665388106399,-0.2502335,153.27426695112476,108.69167685508728,68
112.27225160598755,5.025271415710449,100,121.41191720962524,23.896374204445802,-0.0049229492,3.3858561515808105,700000,0.032753944396972656,4813.529029846191,-7.059014526879972,82.44017548126959,113.24486685074851,-0.11565637,154.47622651266033,117.98918986320496,69
117.56249380111694,4.603606462478638,100,127.40895819664001,16.941269841148472,0.011378326,4.566709041595459,710000,0.12897610664367676,4940.97012090683,10.358860061676122,82.72550646593729,107.63449449390623,-0.0898607,155.78553203531183,122.71134185791016,70
117.03588151931763,4.851979732513428,100,130.9599142074585,15.356220817796943,-0.01680857,8.26006293296814,720000,0.04617905616760254,5071.959854841232,-12.981940364639627,84.10560966735686,111.00084585856452,-0.18066747,156.64593236921513,122.64080595970154,71
104.67035508155823,5.287916898727417,100,113.58971405029297,21.04222953810975,-0.0049459473,3.013958215713501,730000,0.03467273712158203,5185.576282739639,-8.390224484153661,81.31822694608901,113.78968573551063,-0.17638548,151.8384008944675,110.53915071487427,72
86.58508610725403,4.788712978363037,100,95.4940710067749,19.833460791137945,0.009930341,3.5310490131378174,740000,0.031202077865600586,5281.094887971878,0.32053178936428695,80.90742341357517,107.33172419478164,-0.13683319,150.526282393658,91.93033766746521,73
88.28751254081726,4.704594373703003,100,95.91710209846497,13.613002047285997,-0.007243436,2.3422060012817383,750000,0.022531747817993164,5377.048477888107,2.043121961284898,84.97929544090482,118.31983619998132,-0.1271977,157.7462641531427,93.55193591117859,74
71.00785446166992,4.176376581192017,100,78.31744313240051,16.93120240932721,-0.013677185,2.576584815979004,760000,0.021853923797607422,5455.38861989975,-9.002041813762302,84.67494249538017,111.00821015065182,-0.1479595,158.6117862676498,75.71844792366028,75
81.65564250946045,4.425732135772705,100,90.17377305030823,15.166503033047189,-0.0028239258,3.506443977355957,770000,0.021942853927612305,5545.584133863449,24.17581749472108,84.66438809887302,107.539288642939,-0.12877351,157.28891054969375,86.63746500015259,76
74.84670925140381,4.3305981159210205,100,82.10418915748596,20.280944943859843,0.016273852,2.3864641189575195,780000,0.03211092948913574,5627.7118310928345,-30.986299342957565,82.6976297372009,110.06108266980826,-0.1231395,154.19395605112126,79.68465399742126,77
68.8535897731781,4.1795220375061035,100,76.24661803245544,14.659380763401062,-0.0029402466,2.6922709941864014,790000,0.022845983505249023,5703.981297969818,26.279242041646818,84.3670196255362,111.84538059228568,-0.09578153,158.19266183137074,73.5293619632721,78
70.51476335525513,4.184569358825684,100,77.56244111061096,17.413957978308858,0.039293505,2.3370282649993896,800000,0.02126598358154297,5781.566182851791,10.436308286860061,83.40656837209715,115.33345615432177,-0.115159996,155.7358176780602,75.20200085639954,79
71.34353828430176,4.168926239013672,100,79.3366129398346,13.84654361730337,-0.036535107,3.297327995300293,810000,0.02228379249572754,5860.935945987701,21.90742676548805,84.29887598747584,108.29960243037273,-0.18688476,157.90288209295284,76.01342797279358,80
72.16425013542175,3.9319262504577637,100,79.18414187431335,16.455477106752685,-0.025520856,2.597191095352173,820000,0.020687103271484375,5940.139331102371,-32.167150377869994,84.90920832910038,118.51111456444289,-0.15825981,159.10816711683822,76.56469988822937,81
70.11461305618286,3.996565103530884,100,76.87596678733826,18.7495002449852,-0.00885288,2.2752108573913574,830000,0.0206301212310791,6017.038361787796,-9.980824369668333,81.9573557314384,111.56151689075392,-0.1694615,155.1073459693846,74.5794768333435,82
65.70778131484985,3.8797550201416016,100,72.8549861907959,15.076586065565241,0.012262952,2.7804601192474365,840000,0.020947933197021484,6089.916120052338,11.370334055561134,82.92599529253832,106.52536014904368,-0.16417597,155.05239812943196,70.05302405357361,83
66.048983335495,3.8680408000946045,100,72.62287783622742,12.420725168723466,0.019717654,2.223695993423462,850000,0.020828962326049805,6162.5572299957275,29.119218368968355,84.01027486313914,113.37875498945247,-0.23761052,156.99354012559158,70.37754392623901,84
63.81795597076416,3.8428075313568115,100,70.3231258392334,11.756733187657817,-0.013732535,2.1760878562927246,860000,0.02087688446044922,6232.907128810883,34.29415660409455,86.27640084029532,107.3741468749248,-0.29575887,161.86424525849714,68.12575912475586,85
64.44636464118958,3.901094675064087,100,71.10157799720764,14.25359212033245,0.008996082,2.265993118286133,870000,0.021614789962768555,6304.026211023331,21.491801712287472,85.54986448903757,113.14667465419284,-0.41703922,160.4659428204713,68.8135359287262,86
63.771464824676514,3.873561143875122,100,70.35382080078125,13.353194983757831,0.002386499,2.21736216545105,880000,0.019543170928955078,6374.401223897934,30.3984176371902,83.38759460918632,107.02940782492777,-0.44582784,155.66557406150238,68.11638116836548,87
63.34666848182678,3.916882276535034,100,71.03428792953491,13.462442571641146,0.0019283692,3.2903339862823486,890000,0.020360946655273438,6445.456729888916,8.632547692852052,84.12606228322491,102.3396594882512,-0.5235773,156.66191959487085,67.72321105003357,88
66.2340202331543,3.819108486175537,100,72.78208589553833,23.908798954057858,0.023267517,2.212399959564209,900000,0.020303010940551758,6518.257722854614,-40.56821833912833,79.50716884869865,109.10851190503375,-0.59796286,147.8526972109841,70.5460479259491,89
69.43960976600647,3.9517743587493896,100,76.13278198242188,12.52439683579759,0.024141373,2.2476308345794678,910000,0.021954059600830078,6594.413456916809,42.94982907995665,86.6988957009682,109.72268321993445,-0.58473176,161.40520135771632,73.86182188987732,90
64.81655168533325,3.9666786193847656,100,71.77505588531494,18.487751219216022,0.007955542,2.485840082168579,920000,0.027172088623046875,6666.2094757556915,-6.005579407533961,83.44155219588563,106.56887604307714,-0.5634081,155.75178973933004,69.26138687133789,91
63.261728286743164,3.985705852508545,100,69.96208715438843,14.760860212267609,0.005506201,2.228823184967041,930000,0.019699811935424805,6736.1950850486755,27.7476407797838,84.00838401393143,114.4663781275074,-0.78546035,156.5274610256284,67.71308708190918,92
65.54177498817444,3.9951393604278564,100,72.2955870628357,11.846505107291687,0.006480313,2.2763099670410156,940000,0.019984006881713867,6808.511667013168,48.91519320925737,84.44626945796028,107.66435955292376,-1.022664,157.43177491211594,69.99797201156616,93
63.71438670158386,3.951159954071045,100,70.4315972328186,10.89980903822156,-0.00575213,2.286287784576416,950000,0.019805908203125,6878.963122844696,26.87746685218147,86.3451210592738,107.75045837015331,-1.321133,161.5341064106054,68.12473821640015,94
65.56667518615723,3.94731068611145,100,72.49960613250732,10.661338278482111,-0.039723195,2.496325731277466,960000,0.019779205322265625,6951.4811289310455,25.45390758714366,86.78298450014756,113.66697554682196,-1.7356551,162.08144474709482,69.98310899734497,95
64.85921812057495,3.8915469646453857,100,71.53741002082825,16.524588795190983,-0.0073257326,2.3059089183807373,970000,0.019335031509399414,7023.0411257743835,2.1068634307820266,83.29221294389018,108.09264728743439,-2.022941,156.63036647098093,69.21150493621826,96
65.84792566299438,3.9956724643707275,100,73.6217987537384,16.967112922045573,0.003251953,3.294933795928955,980000,0.02019500732421875,7096.683940887451,15.742388227717274,83.16345800975829,111.22558251460308,-2.1638563,155.86923384515552,70.30523109436035,97
64.1096727848053,3.865997552871704,100,70.82431507110596,20.478090474215538,0.00223562,2.3563942909240723,990000,0.025128841400146484,7167.530632972717,-21.711072446700857,83.24084038536174,104.95060410157022,-3.3438187,155.93902042441704,68.4423508644104,98
66.32237982749939,3.8465733528137207,100,72.99238395690918,13.510324105115378,0.032521028,2.340135097503662,1000000,0.020972013473510742,7240.543763875961,21.015182942281452,84.80771210113227,116.5301432468995,-226.34262,158.58468722447685,70.63088798522949,99
63.40527033805847,3.859865427017212,100,69.98190999031067,17.2020175825104,-0.005997412,2.227977991104126,1010000,0.020898818969726562,7310.5479691028595,0.2709539121606531,84.39638439826678,107.50358308678791,-27.198196,158.2805168364917,67.73262524604797,100
64.7312741279602,3.8667869567871094,100,71.3495090007782,14.529093636972446,0.0241281,2.2722301483154297,1020000,0.020149946212768555,7381.918190002441,22.549368190330135,85.92397866895773,107.46060834385872,-2.0362885,160.04412928264276,69.0567569732666,101
66.39261364936829,3.9590489864349365,100,73.11632895469666,15.574094104157371,0.0025465454,2.265472173690796,1030000,0.019687175750732422,7455.057944059372,-26.70062741241544,85.31996924178698,109.51933913708378,-0.8272281,159.85505663831663,70.82958102226257,102
69.94842505455017,4.098704814910889,100,77.14947319030762,19.399514485369295,0.010482764,2.515293836593628,1040000,0.0764319896697998,7532.22890496254,0.6574800234299631,82.17128113339135,107.80577382650254,-0.5271215,153.62697094159785,74.55604791641235,103
74.70398592948914,4.170256614685059,100,81.82100486755371,18.232935592659935,0.013906199,2.4138519763946533,1050000,0.025743722915649414,7614.082617759705,2.0551103042662366,81.89288362082537,104.95767528711075,-0.21371709,152.7013792225588,79.38055086135864,104
102.389004945755,4.723581790924072,100,110.12408304214478,19.48047856139607,0.027268646,2.416579008102417,1060000,0.026870012283325195,7724.229630947113,-3.7700315795045016,82.9254287433714,104.29562582790324,-0.06273312,156.55571640826102,107.67962312698364,105
95.05600357055664,4.828444004058838,100,103.36790490150452,15.961170637346118,0.022200976,2.898498773574829,1070000,0.02432703971862793,7827.623891830444,8.091566515313845,84.59860004387593,111.04739396266216,-0.032734245,156.67869764994145,100.4446291923523,106
81.95883369445801,4.456176280975342,100,89.63605999946594,18.805110501293214,0.00799801,2.6383559703826904,1080000,0.03584003448486328,7917.28498005867,-7.485324013089007,82.82580802180354,109.74419486941795,-0.028558094,155.50876753728696,86.96005392074585,107
69.39751124382019,4.1530492305755615,100,76.54748511314392,11.810040072889652,-0.02486392,2.4114861488342285,1090000,0.08364605903625488,7993.868517875671,42.85825107938094,87.18574828488221,109.09848911113255,-0.033578496,162.0062207250066,74.05180501937866,108
69.37466931343079,4.123426198959351,100,76.45802092552185,20.47620941185197,-0.014357202,2.404195785522461,1100000,0.05478096008300781,8070.34956073761,-1.5096112445779115,82.05571419774179,113.15537616128995,-0.025089258,154.0297625705679,73.9986560344696,109
70.37096118927002,4.184763669967651,100,77.45696115493774,19.479232643178786,-0.034144383,2.3603880405426025,1110000,0.023250818252563477,8147.828382968903,-12.479920469993806,82.29267276017026,109.60921044969434,-0.04179084,153.58048320607097,75.0728509426117,110
68.76208138465881,4.174996614456177,100,77.50052404403687,19.64075426174621,-0.016613318,4.035567045211792,1120000,0.020705223083496094,8225.351996898651,-21.544098880234323,85.26507109812553,108.2212492058297,-0.024773687,158.8335705682714,73.44300127029419,111
74.43548345565796,4.1409690380096436,100,81.43022727966309,12.17395467050937,0.0008099243,2.3292109966278076,1130000,0.020301103591918945,8306.805334091187,51.65812353090867,86.30144224214939,113.21736744598554,-0.0029079346,161.05793063386113,79.07818174362183,112
66.43463611602783,3.9497084617614746,100,73.18284296989441,13.887218175721898,0.011038623,2.301213026046753,1140000,0.01990509033203125,8380.011668920517,7.89540302089259,86.68700931964426,114.43553003260288,0.0044624023,161.5335482979962,70.86072015762329,113
65.93551135063171,3.820368766784668,100,72.45436429977417,16.393856847483534,-0.009976947,2.204439878463745,1150000,0.01949906349182129,8452.488585948944,-2.4385296450480283,84.88216365442264,111.5409592769822,-0.011056159,157.35418180456077,70.22904992103577,114
64.67427015304565,3.9061009883880615,100,72.33530974388123,9.585844877348409,-0.003010779,3.258254051208496,1160000,0.02280116081237793,8524.846286058426,43.38631761453107,86.022879490533,109.6503740490444,-0.008170206,161.48136881379537,69.05263805389404,115
64.5855278968811,3.9156320095062256,100,71.2596218585968,22.051549009495158,0.0019874144,2.2700929641723633,1170000,0.021063804626464844,8596.125356912613,-24.829376284397654,80.39441216150459,109.71937372797188,-0.002901355,149.7549321767285,68.96657013893127,116
65.098219871521,3.8818352222442627,100,71.82924699783325,11.075954655954481,0.011026971,2.318416118621826,1180000,0.01930522918701172,8667.9772939682,47.931660374909775,85.03586015623081,114.69573240992767,0.0071793944,158.5390447747508,69.49111223220825,117
63.87522840499878,3.944063186645508,100,70.5949649810791,10.338599836036455,0.0190143,2.294774055480957,1190000,0.021563291549682617,8738.601099967957,51.39422673904031,85.58349413517563,108.22454264772551,0.016263923,159.7864649799008,68.27820086479187,118
63.85627031326294,3.8805782794952393,100,70.48230242729187,18.154617109328598,0.0036827514,2.2591969966888428,1200000,0.025091886520385742,8809.104727983475,-2.525246356244552,82.49287603096288,108.13826060043598,-0.0012338074,154.52058569410394,68.19757199287415,119
65.66875171661377,3.806455612182617,100,72.39675307273865,12.591362538615405,0.024303455,2.408494710922241,1210000,0.02037215232849121,8881.523562908173,15.086906040258034,86.67303347265177,112.60288196898516,0.01923507,161.83766244422318,69.96747708320618,120
64.40048098564148,3.8585939407348633,100,70.96166133880615,13.501292730182103,0.0026422425,2.2227530479431152,1220000,0.019509077072143555,8952.505451917648,39.61185552836402,84.55222093885695,108.55892925767652,0.0030186158,158.0853431430184,68.71800589561462,121
67.31010389328003,3.9029531478881836,100,74.04027891159058,21.003248793932272,0.0058084717,2.344763994216919,1230000,0.019321918487548828,9026.56838297844,-4.963045481513917,81.11917970259829,106.90103263323708,0.0028000977,150.79423866633635,71.675772190094,122
64.6050431728363,3.851824998855591,100,71.21944189071655,19.871433169782414,0.0031559693,2.2848079204559326,1240000,0.020821809768676758,9097.810138940811,-23.29565675645817,83.13026237899571,120.43624303393256,-0.0030849914,155.2827777239684,68.9130129814148,123
63.4652099609375,3.881247043609619,100,70.1753158569336,16.35488822759115,0.01918479,2.344670057296753,1250000,0.0202028751373291,9168.007786989212,10.558172084603996,85.26296666407966,111.09822031961579,0.018629309,158.8731004399987,67.80889821052551,124
66.32282543182373,4.006974697113037,100,73.22637605667114,9.906091373146541,-0.034002747,2.413954973220825,1260000,0.02033710479736328,9241.253205060959,61.198436499946354,86.8371770927482,114.24329105176729,-0.036640596,162.21265382152077,70.79029297828674,125
73.2603051662445,4.169307231903076,100,81.48424196243286,11.992466354973002,0.0306146,3.5506019592285156,1270000,0.026082754135131836,9322.760999917984,27.19370998732188,83.02642600187163,106.22364473795264,0.025826618,153.9166874539614,77.90678715705872,126
67.282306432724,3.966517925262451,100,74.15640306472778,12.735251706599989,-0.016101941,2.4073379039764404,1280000,0.02273082733154297,9396.94509100914,16.75879435363231,85.48278725071144,105.54173455051307,-0.024563843,159.03896451227513,71.72493815422058,127
63.62820649147034,3.89888858795166,100,71.40180993080139,18.56260345569026,-0.006390625,3.3884990215301514,1290000,0.021651029586791992,9468.368878126144,-17.54060756215391,82.67250538389791,111.81311053195712,-0.010218701,154.5264660680179,67.99016094207764,128
66.31096529960632,3.9098012447357178,100,72.93641805648804,17.07890124865604,-0.01855968,2.227540969848633,1300000,0.019261837005615234,9541.329796791077,-5.1800788539889675,83.86454152895075,108.89398574980736,-0.022116583,157.02467047376126,70.68823409080505,129
67.45536422729492,3.965151309967041,100,74.11879777908325,14.699160990757088,0.009929004,2.2142820358276367,1310000,0.020835161209106445,9615.471364736557,25.335571921560323,83.72165381281256,106.89708324961018,0.009531738,157.25239554987718,71.88194370269775,130
64.86606550216675,3.932690143585205,100,71.60222816467285,16.286676538419353,0.015057062,2.2879512310028076,1320000,0.028319120407104492,9687.095337867737,7.489223922767449,83.45064605447507,105.09636797567369,0.014853467,155.90182211064,69.28458309173584,131
64.34468054771423,3.8844003677368164,100,70.95021796226501,12.764337008172381,0.0073664915,2.2358288764953613,1330000,0.020606279373168945,9758.068701982498,33.311347628936886,85.69804584360678,107.89193525088803,-0.00521322,160.03931908440651,68.6921648979187,132
63.57409954071045,3.8973400592803955,100,70.28216600418091,17.11588500949123,-0.0006511352,2.3312273025512695,1340000,0.01887679100036621,9828.373872756958,24.07317960251576,84.24945762158494,107.39675608690135,-0.0015533569,156.82386826057743,67.93043398857117,133
66.05549502372742,3.8628435134887695,100,72.66724729537964,20.644887028383252,-0.01069491,2.2649219036102295,1350000,0.020339012145996094,9901.062918901443,1.523558850043056,81.5000815626483,110.81832297865648,-0.02022439,152.1850193277365,70.38134407997131,134
64.53963708877563,4.010676383972168,100,72.3412868976593,14.325149616202632,-0.0029147826,3.297498941421509,1360000,0.01989293098449707,9973.426694869995,24.801678338318062,84.94020320170402,108.872582279704,-0.0079073,158.5173846919009,69.02232885360718,135
63.39872884750366,3.845541000366211,100,69.97979712486267,16.182958186017995,0.0043921145,2.2551779747009277,1370000,0.01946091651916504,10043.426886796951,8.906120215969505,83.55802495424302,105.85780159033311,-0.0044154786,156.50420801004796,67.70362401008606,136
67.18018054962158,3.924184799194336,100,73.93751764297485,19.77846608155725,-0.010892908,2.3234548568725586,1380000,0.020190000534057617,10117.385902881622,1.184460935505346,82.96865606748324,107.89102947668064,-0.022125345,155.27610829103992,71.59248495101929,137
67.18999576568604,4.054877996444702,100,74.06402206420898,18.655767326526135,0.028427416,2.3286077976226807,1390000,0.02842402458190918,10191.471812725067,9.304835089265218,82.70871316157796,108.89559500104072,0.020121582,155.10126498897444,71.70658206939697,138
65.46300268173218,3.890916347503662,100,72.11677312850952,14.061568654011609,0.010817884,2.261507034301758,1400000,0.02079176902770996,10263.611111879349,19.725774156188784,84.53880973355183,111.95419217133364,0.002486792,158.3085256274404,69.83394694328308,139
64.35264587402344,3.897401809692383,100,71.00873589515686,18.259941098956432,0.0016169983,2.2480618953704834,1410000,0.028564929962158203,10334.640975952148,-24.959945929038156,82.35897223996362,107.15561092845954,0.002235431,153.93368836430284,68.73170709609985,140
64.72504544258118,3.8786938190460205,100,71.37946009635925,18.292146614815778,-0.004542041,2.2877719402313232,1420000,0.020822763442993164,10406.040350914001,-5.379595550294426,80.87586416041378,104.51142391797339,-0.011201404,151.76260449356118,69.06381797790527,141
63.86660814285278,3.871650218963623,100,70.5989818572998,18.42140169476516,0.012866263,2.3711719512939453,1430000,0.021404266357421875,10476.660176753998,17.611525575948644,81.61847905846831,109.26169292124032,0.0046786256,151.38727040005892,68.20491433143616,142
63.89728808403015,3.8838510513305664,100,70.57176423072815,14.318695034910084,0.0013891907,2.2984488010406494,1440000,0.019301176071166992,10547.253559112549,-3.034265022769948,83.15968433796154,106.19402538074235,0.00022647095,156.76460919367227,68.2516016960144,143
65.35121536254883,3.8594186305999756,100,72.0629210472107,15.776855276595018,-0.028355526,2.371304750442505,1450000,0.021975040435791016,10619.338752031326,8.258774631497737,83.23987904378973,113.62255341337705,-0.032620814,156.0236187066792,69.66909694671631,144
66.54810047149658,3.901745557785034,100,73.51284408569336,15.879192408097728,-0.008711963,2.576413154602051,1460000,0.021879196166992188,10692.872908115387,7.229142623296009,84.86310006843576,107.90441361006891,-0.024951197,157.93870279697427,70.91287612915039,145
65.15647792816162,3.89729380607605,100,71.79921388626099,11.550878905719518,0.006638997,2.2584738731384277,1470000,0.020660877227783203,10764.692463874817,29.161422170139463,85.59680193524,109.50462594303679,0.005946518,159.54488195458475,69.51967597007751,146
70.2423357963562,3.9283039569854736,100,77.04341101646423,17.426969472932512,-0.0032722228,2.379985809326172,1480000,0.020261049270629883,10841.761755943298,22.072516384523254,81.48314520480106,110.62449365040519,-0.014499439,151.69071808182682,74.64153385162354,147
78.78051447868347,4.676253318786621,100,87.55070185661316,15.58237601150127,0.007999994,3.4955170154571533,1490000,0.03438901901245117,10929.334635972977,15.631623890234417,83.0229168780653,110.17872542054738,0.005851654,155.88885512654537,84.01902174949646,148
96.53602814674377,4.845760345458984,100,104.81644415855408,10.988386713468973,-0.01732666,2.8551321029663086,1500000,0.030209064483642578,11034.181802034378,19.267057243332527,87.58934778525376,109.92517594092773,-0.026122168,163.54566245251735,101.92662405967712,149
98.00122666358948,4.699363708496094,100,105.67936491966248,14.244506650889608,-0.012231567,2.385451078414917,1510000,0.024283170700073242,11139.883900880814,3.7386211924921473,85.51263237287674,115.68033635875358,-0.022171985,159.34638077739905,103.26919412612915,150
74.09405088424683,4.26183819770813,100,81.36936497688293,20.06063366381363,0.0057705445,2.4423828125,1520000,0.02373790740966797,11221.275687932968,1.1860367631794013,82.09250792562773,102.41772371900981,0.0011117981,153.90430177663265,78.88103127479553,151
80.37407445907593,4.476717233657837,100,87.97307085990906,19.85565322008664,-0.019041868,2.5715909004211426,1530000,0.024451732635498047,11309.271744966507,-6.203539059475093,81.97540988171858,111.68313917202846,-0.028821466,153.68059177028533,85.37629103660583,152
87.20753622055054,4.446325778961182,100,94.86757516860962,16.789244380930167,0.030352412,2.6350059509277344,1540000,0.020272016525268555,11404.161638975143,2.8284596505349855,82.6714657384434,107.99676661299084,0.019691164,155.05462110835026,92.21065402030945,153
74.44988346099854,4.423028469085693,100,83.00433206558228,15.395184864678722,0.03744631,3.562523126602173,1550000,0.02229595184326172,11487.186750888824,24.50913478983154,83.3671855826458,113.18743791276108,0.029654028,155.51163587096414,79.41412496566772,154
74.54592776298523,4.3313071727752686,100,81.93044924736023,9.857841832062025,0.015647309,2.5176849365234375,1560000,0.02910614013671875,11569.14997291565,54.167229673394395,88.12865477768635,110.64250117370251,0.00880102,163.7472960376157,79.38318800926208,155
70.71864771842957,4.165944576263428,100,77.71838808059692,16.066546150914913,0.0049080537,2.3063127994537354,1570000,0.022443771362304688,11646.890012979507,-19.45480752126217,83.47812275066833,105.30781512523446,-0.0063384157,154.80880117125156,75.38629412651062,156
69.33137083053589,4.180973291397095,100,76.61647200584412,12.879370582031205,-0.009140418,2.4567418098449707,1580000,0.1464240550994873,11723.528717041016,14.830652371316136,83.18028583350983,106.57977951351548,-0.008440216,155.47279272742097,74.0102047920227,157
63.450167655944824,4.124539613723755,100,70.27932810783386,15.441894403546232,0.011496955,2.1836049556732178,1590000,0.02257513999938965,11793.855580806732,1.9252257231132912,82.73151716663988,99.54358169148527,0.009583375,154.25236324185343,68.06991910934448,158
53.154141664505005,4.2279016971588135,100,60.25430083274841,15.92139607166281,0.020797826,2.3460988998413086,1600000,0.022320985794067383,11854.133923768997,8.510423251368959,83.2728105021207,109.31206341557404,0.0059144776,156.49245471256808,57.88499879837036,159
55.67229700088501,4.287659406661987,100,62.885334968566895,18.423131332431254,0.016222073,2.3065500259399414,1610000,0.10140299797058105,11917.040111780167,-5.166492202353842,84.21576677495774,108.6883224069561,0.00717097,157.69225166347377,60.476840019226074,160
55.15096592903137,4.429387092590332,100,63.45932388305664,15.97436965213142,-3.820801e-06,3.346155881881714,1620000,0.025124788284301758,11980.520687818527,-6.243529250225357,83.56704638163983,110.69335870464221,-0.0027474,155.63587145986085,60.08718991279602,161
53.006837368011475,4.145979642868042,100,59.8006227016449,15.438426008087445,-0.0261937,2.132042169570923,1630000,0.020424365997314453,12040.34297990799,8.893667990811364,86.57848542290608,118.68168627573833,-0.03590609,161.65575909531074,57.64768695831299,162
52.70620393753052,4.131272077560425,100,59.48272681236267,12.333920735452821,0.024958394,2.131344795227051,1640000,0.020152807235717773,12099.847101926804,31.294093241308655,85.84418904744469,114.04055737175513,0.018874764,160.7883744913289,57.33077931404114,163
51.91588616371155,4.181221008300781,100,58.86925911903381,13.28741885757363,0.0060042236,2.2525792121887207,1650000,0.021714210510253906,12158.738034009933,28.582414275657648,84.15851670118926,104.92711606684848,-0.00022254638,156.5230102167361,56.594170808792114,164
48.811737298965454,4.357583284378052,100,56.13039493560791,13.212658069199751,0.0072517362,2.4306559562683105,1660000,0.020735979080200195,12214.889878988266,33.427817441155675,86.08098707867633,112.00731914196092,0.0031105042,159.53119093726752,53.67756223678589,165
34.74772047996521,3.9384891986846924,100,41.218279123306274,18.679125347752084,-0.0101539735,2.0015952587127686,1670000,0.02037191390991211,12256.132197856903,-29.780803593956588,85.5888477214848,113.59037214521834,-0.0142086055,159.76771709315858,39.19495701789856,166
35.266772747039795,3.9648754596710205,100,41.75601100921631,10.385719190942025,-0.0445492,2.01277494430542,1680000,0.022829055786132812,12297.910955905914,53.38675359469294,86.75695663030437,107.98425299541701,-0.048147276,162.66724314771082,39.71894192695618,167
35.23322415351868,4.018737316131592,100,41.770756244659424,16.994364733971377,0.014103913,2.0097219944000244,1690000,0.020103931427001953,12339.704476833344,-4.912530855228368,83.53771451256176,108.10946643736288,0.0012638794,156.24621462918105,39.73941993713379,168
25.515220165252686,3.8701536655426025,100,31.51352596282959,16.34475986706293,0.020528516,1.6298339366912842,1700000,0.02109694480895996,12371.240930080414,6.7307314587789,82.80990052207937,102.73034663607251,0.009381579,154.72680349567065,29.86120104789734,169
21.848259925842285,3.7500696182250977,100,27.84651517868042,12.59068205215351,-0.0047507384,1.7728168964385986,1710000,0.019852161407470703,12399.110156059265,26.98159873901988,85.4173752214515,110.789016249613,-0.0074937805,159.72684465997955,26.05335021018982,170
22.31900119781494,3.765913724899292,100,28.39638590812683,16.920064503699308,-0.008420007,1.8187799453735352,1720000,0.02064204216003418,12427.528133869171,6.0237635411415305,84.96936596238783,114.82678919894492,-0.01982633,158.75645509119695,26.54409694671631,171
22.393351554870605,3.761406660079956,100,28.40627098083496,17.289929777376216,0.028863324,1.7692761421203613,1730000,0.02014899253845215,12455.958019733429,5.64572115601953,82.7812185205986,108.80912249951797,0.019950695,156.36208589796547,26.616421937942505,172
22.239502429962158,3.7719640731811523,100,28.850069046020508,16.30100468513993,0.022388892,2.3607139587402344,1740000,0.020341873168945312,12484.82904791832,15.002816247761324,82.14335378140184,106.73853591478967,0.0095446445,153.66205565290372,26.468258142471313,173
22.457433223724365,3.7485222816467285,100,28.495445013046265,21.266411889551563,-0.0010278443,1.6594507694244385,1750000,0.019522666931152344,12513.343726873398,-27.078671293355807,83.0085373803643,117.34130742569535,-0.0060126954,156.4420433305828,26.81603693962097,174
22.068901777267456,3.7956008911132812,100,28.14062786102295,16.369389384741368,0.0048213927,1.796748161315918,1760000,0.019793987274169922,12541.505796909332,7.871937673985274,83.88562848190993,113.8778556405964,-0.006570087,156.52521855576452,26.32365894317627,175
24.508668899536133,3.927791118621826,100,30.769690990447998,15.575740130467679,-0.029001106,1.8324809074401855,1770000,0.021265268325805664,12572.29636979103,19.224447450779852,82.54383087275741,109.82534472460867,-0.03136834,154.1495151172283,28.914525270462036,176
35.44226837158203,4.0048651695251465,100,42.11938810348511,21.903630835116278,0.026693584,2.137557029724121,1780000,0.020450115203857422,12614.437855958939,-34.97195343831853,81.62766176731016,104.09096724860261,0.024325317,153.7131799008757,39.960612773895264,177
27.620115518569946,4.11482572555542,100,33.964142084121704,14.57949595575748,0.007778888,1.7175521850585938,1790000,0.021640777587890625,12648.428433895111,19.022019157519296,82.38210815678316,102.90621998520423,0.0040305755,154.1083898431883,32.22444176673889,178
23.130934715270996,3.8610758781433105,100,29.535752058029175,20.16185910438617,-0.0035156067,2.05834698677063,1800000,0.020987272262573242,12677.991342782974,-29.39225798576475,82.37669537112082,115.91211161497338,-0.009981805,153.90688827627534,27.45598006248474,179
22.669495820999146,3.8097922801971436,100,28.680394887924194,17.68229067776184,-0.00036053467,1.7134740352630615,1810000,0.020391225814819336,12706.692825078964,2.486419072004826,81.0184753500192,115.98521814887093,-0.007825916,151.0582334567454,26.946099996566772,180
23.168762683868408,3.792808771133423,100,29.103988885879517,15.874085485173305,0.004769458,1.6652159690856934,1820000,0.023844003677368164,12735.817742109299,-31.641041129639877,85.20613192354602,111.66359050513913,-0.005887097,159.8394838722631,27.413471937179565,181
21.947945833206177,3.7145891189575195,100,27.933288097381592,16.3806189812011,0.0021670472,1.794680118560791,1830000,0.02035808563232422,12763.772775888443,5.968779773608038,82.50391147562198,110.30614574820042,-0.0061859377,154.0144484209639,26.11773109436035,182
22.3719482421875,3.862917423248291,100,28.621073961257935,17.205624491199167,-0.0012606201,1.8919391632080078,1840000,0.020067930221557617,12792.41559100151,0.3789132427842078,83.19552145880613,117.44402026011977,-0.01676111,155.78521274274007,26.707242012023926,183
22.10914635658264,3.726304054260254,100,28.104506015777588,18.146345912840427,0.03912643,1.7945010662078857,1850000,0.019580841064453125,12820.5444149971,-6.041876203720017,83.58176592630893,108.15382904397543,0.028464573,156.0570178702411,26.290002822875977,184
22.1559100151062,3.804750680923462,100,28.25529909133911,17.266602721500494,-0.029141687,1.8154289722442627,1860000,0.01957392692565918,12848.821311950684,-12.856995651746915,82.62337851253572,107.92687693065861,-0.0345667,154.18311019692055,26.418720960617065,185
22.138930082321167,3.7676243782043457,100,28.260397911071777,14.779980138688682,-0.014386175,1.831352949142456,1870000,0.022318124771118164,12877.104559898376,12.697926286311498,83.04830188416285,108.26269658014661,-0.024990436,155.40561564951454,26.405089139938354,186
22.59249448776245,3.7453205585479736,100,29.044223308563232,14.362438023262307,0.009118063,2.2205049991607666,1880000,0.019444942474365234,12906.170326948166,24.318792626682878,84.12804751155682,107.74559278433414,-0.0009826263,157.5289362053211,26.80280303955078,187
23.631232261657715,3.7827210426330566,100,29.717724800109863,14.771396460204567,0.0036260132,1.818652868270874,1890000,0.02026510238647461,12935.909978866577,12.049538184837957,83.43867820461023,113.3127771612736,0.0003161621,155.54048158626708,27.877211809158325,188
22.2957284450531,3.763834238052368,100,28.470364809036255,15.49568585789592,0.041725878,1.921727180480957,1900000,0.02150416374206543,12964.403042078018,12.11346944597651,84.3915341768963,121.02349698293696,0.036787327,157.5853925298925,26.52546787261963,189
21.21622133255005,3.7046570777893066,100,27.314313888549805,11.370781186969564,-0.0027932434,1.9237067699432373,1910000,0.018473148345947266,12991.741593122482,39.77848867078407,83.9439037021586,106.47502729472053,-0.015944043,156.94444100392047,25.37170672416687,190
20.864551067352295,3.738600015640259,100,27.682684898376465,16.01748645458642,0.045067225,2.5918071269989014,1920000,0.03543829917907715,13019.446628808975,-0.900744824186394,82.55953050170844,108.89369464521788,0.043444615,154.79883724683756,25.05491805076599,191
20.440919637680054,3.7206640243530273,100,27.29076385498047,9.77920744251334,0.004048471,2.6167290210723877,1930000,0.05695986747741699,13046.759259939194,57.63285303403469,87.73383306511374,109.12243524942066,-0.0046977173,164.53093811046065,24.615605115890503,192
23.995145320892334,3.8319928646087646,100,33.32931399345398,13.766113441530392,-0.012846048,5.007113933563232,1940000,0.02105879783630371,13080.112044095993,16.903544513426265,83.38322485972515,105.66817150595233,-0.024631629,155.78961438496125,28.2940890789032,193
27.876165628433228,3.964853048324585,100,35.151219844818115,22.815563402417673,0.004004004,2.796280860900879,1950000,0.02077198028564453,13115.285161972046,-35.10836325402218,80.97175278600264,105.88817045486982,-0.009618921,151.8848394289239,32.33351516723633,194
23.031426668167114,3.821021795272827,100,29.26520085334778,15.279405485386809,0.02063081,1.9247939586639404,1960000,0.02064681053161621,13144.571439743042,0.1321782516824268,84.59454523202982,115.10587165650587,0.008054444,158.89451149463423,27.319266080856323,195
23.999650239944458,4.1879353523254395,100,30.585463047027588,11.839171276481752,-0.04952832,1.8927600383758545,1970000,0.019764184951782227,13175.177810907364,19.294089094478586,85.20267252977501,111.49764142176511,-0.06061493,159.21409655650316,28.67251682281494,196
22.969440460205078,3.8673529624938965,100,28.999976873397827,10.374032297002227,-0.02586237,1.659377098083496,1980000,0.01945209503173828,13204.199917078018,49.01479889403295,85.85750865731944,109.35389974059261,-0.0264198,161.04428731759242,27.319613933563232,197
31.161696910858154,4.145658254623413,100,37.807273149490356,14.027888096039746,0.023015432,1.8173539638519287,1990000,0.019732952117919922,13242.035202026367,21.788553431037535,84.54598513228918,107.95914200061324,0.012340873,158.49763835789966,35.96869969367981,198
22.303657054901123,3.7650575637817383,100,28.334973096847534,20.75846969836184,-0.030011939,1.7834601402282715,2000000,0.020429134368896484,13270.392353057861,-46.034592380645734,81.53489140761054,115.57117881253834,-0.034177247,153.62875469481912,26.530605792999268,199
21.96925401687622,3.7571890354156494,100,27.852033853530884,13.181233122476899,0.017181545,1.6513431072235107,2010000,0.019356727600097656,13298.265774011612,22.80920655355831,84.08182532767736,108.38235703321547,0.014839618,156.57474835572478,26.18088984489441,200
22.799785137176514,3.8522822856903076,100,29.028913021087646,11.269989555522228,-0.030987814,1.8654429912567139,2020000,0.021474123001098633,13327.316041946411,32.76408467484127,86.1985425892286,110.90926935599924,-0.040086538,160.98433306443454,27.141534090042114,201
22.132375955581665,3.751455307006836,100,28.17486000061035,15.836204857847106,-0.0076962677,1.8134372234344482,2030000,0.019941091537475586,13355.511766910553,-8.841738194534532,84.57946957231952,108.04864951734096,-0.013426181,157.98709990033535,26.341054916381836,202
22.329901456832886,3.7870376110076904,100,28.651201725006104,16.171251384169064,-0.019840289,2.0401620864868164,2040000,0.024474143981933594,13384.182157993317,2.415083045185062,84.94621369975786,107.17775946401417,-0.030571619,158.0377522757334,26.586123943328857,203
21.89421272277832,3.7541468143463135,100,27.692564249038696,19.666789457203823,-0.026868103,1.5575919151306152,2050000,0.019736051559448242,13411.89578795433,-65.92536841537067,84.80180272860206,122.50936339313787,-0.027092239,158.24728758533035,26.11473798751831,204
22.08297061920166,3.7953431606292725,100,28.170294046401978,16.092656793475037,0.008247369,1.8068792819976807,2060000,0.020854949951171875,13440.088573932648,10.51869371839317,82.98028255719042,112.06090164134503,-0.0036175232,156.70200884224238,26.342002153396606,205
22.284236669540405,3.7491416931152344,100,28.328454971313477,12.394761482911633,0.0040871766,1.813323736190796,2070000,0.022839784622192383,13468.43786072731,38.637215098288046,87.21936257082734,111.53180405217398,0.0014545349,163.34326356064813,26.49154496192932,206
21.870044231414795,3.754559278488159,100,27.901201963424683,18.169171429277487,-0.0057444153,1.8031480312347412,2080000,0.01922297477722168,13496.359994888306,-25.138751743767685,82.62962475625552,108.92329460164976,-0.008885004,153.1150414421826,26.078411102294922,207
21.777735233306885,3.7294585704803467,100,27.62288808822632,13.243240415990632,0.012745087,1.6400580406188965,2090000,0.020386219024658203,13524.004961013794,20.48375407484421,85.94737905469941,109.88734362192714,0.0060209166,160.10797606955748,25.961883068084717,208
21.787652730941772,3.699735641479492,100,27.723270177841187,16.18008205928935,-0.0020246583,1.7677278518676758,2100000,0.01965165138244629,13551.749758958817,17.339570839786383,81.0596198593559,105.53399887852129,-0.009738379,151.74431940254087,25.935463905334473,209
21.923493146896362,3.6961445808410645,100,27.923550128936768,16.559420460289257,-0.02217518,1.8293771743774414,2110000,0.0200347900390625,13579.694100856781,-33.13926137714949,84.69663655701952,110.43288488810325,-0.03820085,156.83650914072615,26.072635173797607,210
21.45566964149475,3.704981803894043,100,27.421276807785034,19.25385760315563,0.0047769654,1.7903940677642822,2120000,0.019556045532226562,13607.139192819595,-30.417926840592276,82.16008185179693,119.13292661046331,0.004542578,153.40807009128815,25.61063814163208,211
22.574419260025024,3.8860838413238525,100,28.60689687728882,11.498789499513036,-0.03431465,1.673656702041626,2130000,0.0198819637298584,13635.767409801483,50.61602662203941,86.44871461372594,110.78071730472003,-0.04083373,161.64416090771508,26.91177797317505,212
21.0134494304657,3.5646605491638184,100,26.562063217163086,20.1923343751952,-0.012922095,1.5372169017791748,2140000,0.019978046417236328,13662.350760936737,-1.170869038012055,81.72994416251746,105.36739361070502,-0.02702082,152.92391736903494,25.003519296646118,213
21.678525924682617,3.5352442264556885,100,27.39859890937805,17.919769688295524,-0.00846832,1.733752727508545,2150000,0.0195770263671875,13689.77049279213,-8.593147257530518,84.97102296140454,110.21863836179668,-0.009501995,158.63102439580211,25.643786907196045,214
20.852837562561035,3.542529582977295,100,26.55331826210022,15.183814202686037,0.009764636,1.703092098236084,2160000,0.019600868225097656,13716.34607887268,14.909940995551608,84.35449197248994,106.67329785378429,-0.004670123,157.91126188865135,24.830204010009766,215
24.482144594192505,4.086148262023926,100,31.233970165252686,11.627806598660444,-0.022620901,2.120422124862671,2170000,0.02289104461669922,13747.60147190094,37.041921300702704,85.1786947605188,113.04511483815872,-0.036083493,158.97127183185532,29.08927011489868,216
26.35503053665161,3.9145731925964355,100,32.64028000831604,13.26681132848779,-0.007941034,1.8586180210113525,2180000,0.021784067153930664,13780.269945859909,11.969468572183908,84.98891392060612,112.82978138689022,-0.009881342,158.7906666156886,30.758205890655518,217
25.602750539779663,4.052797317504883,100,32.35200810432434,16.78578245795695,0.0010426269,2.174175977706909,2190000,0.023220062255859375,13812.644556045532,8.70811060852717,83.10357229224383,106.44101721649615,-0.00939834,156.51328348567097,30.15383219718933,218
23.682571172714233,3.9237313270568848,100,30.02702498435974,13.827356775848092,-0.00083685305,1.9212610721588135,2200000,0.02017998695373535,13842.694993972778,22.48536826592805,85.2695851365017,109.8878002444046,-0.0077778567,158.92121509309715,28.08516025543213,219
33.76012587547302,4.322071552276611,100,40.88530778884888,13.90047363839352,-0.0016632568,2.258945941925049,2210000,0.021528005599975586,13883.601798772812,11.934652064779124,83.90278882132536,111.62211885774089,-0.003562561,157.00313405720453,38.603403091430664,220
40.222129344940186,4.782425165176392,100,47.47407627105713,16.89611423137074,-0.007496202,1.8828840255737305,2220000,0.027231931686401367,13931.103773832321,-0.1100898378459676,85.07629061120397,110.47319908348445,-0.022648098,159.2978234852515,45.563251972198486,221
27.246594429016113,4.0693275928497314,100,35.653011083602905,12.834200164554382,0.006217212,3.8058409690856934,2230000,0.02491307258605957,13966.786492824554,16.58248347854829,86.38794916335111,113.20174181349903,0.0018907012,161.63316538491216,31.821748971939087,222
38.348047971725464,4.770707130432129,100,45.94292402267456,16.390179585539332,-0.0028699676,2.1971001625061035,2240000,0.022613048553466797,14012.754976034164,-10.315927772318929,82.43120980468647,116.44315357264698,-0.0377023,154.73665743452463,43.72276306152344,223
60.91298222541809,4.784457683563232,100,68.82686400413513,12.648420855264364,0.0033075563,2.49638295173645,2250000,0.03284001350402832,14081.602085828781,20.74091909920749,84.46516993281791,104.87297797687471,-0.016227119,158.61066009458148,66.29688024520874,224
63.147539377212524,3.9345405101776123,100,69.76874303817749,17.841614868403337,0.002165155,2.1744978427886963,2260000,0.023800134658813477,14151.397217035294,-25.995047611429666,84.3938721675072,112.85484798640378,-0.0008621582,157.91462669105465,67.56900787353516,225
60.75328469276428,3.976044178009033,100,67.35821104049683,10.88473700811281,-0.011604627,2.128422975540161,2270000,0.020097017288208008,14218.77782201767,51.23660779165997,87.48236235614733,117.14345256202749,-0.01889596,162.5900441251863,65.2089478969574,226
67.08937287330627,4.194483041763306,100,74.09648394584656,14.281806260734722,0.01657378,2.2823920249938965,2280000,0.024223804473876953,14292.897923707962,16.556571005011175,84.97583655195898,115.31957989119229,0.011200415,158.01627460365088,71.78852200508118,227
59.05636692047119,3.9649510383605957,100,66.1035509109497,20.259454863645427,0.018025653,2.5832879543304443,2290000,0.021322965621948242,14359.025227069855,-20.465989457089236,81.24421668135612,109.10119516618391,0.015423908,152.09458297653944,63.498090982437134,228
62.578619718551636,4.086596965789795,100,69.26762104034424,19.19254839712089,0.021332206,2.1048381328582764,2300000,0.020572900772094727,14428.31572675705,-9.590025017410603,82.85873419306256,107.85518615292418,0.009716373,153.85928405741564,67.1404550075531,229
59.68925595283508,3.9388537406921387,100,66.49705505371094,18.777567566487104,0.03468534,2.3705649375915527,2310000,0.019181013107299805,14494.834651947021,-4.527057387330153,83.76247292934264,115.87118032381781,0.029088043,155.923809117122,64.10528802871704,230
58.540424823760986,3.784152030944824,100,65.0874490737915,21.16540567306674,-0.023367763,2.2671947479248047,2320000,0.019390106201171875,14559.954282999039,-28.216327263592213,82.59796741852051,109.12573247041324,-0.03162496,154.30597886718053,62.79938507080078,231
60.78171157836914,3.738981246948242,100,67.01714205741882,16.55806625194513,-0.004553528,2.0250260829925537,2330000,0.019424915313720703,14626.991106033325,-2.966072022454189,84.13353991997602,110.29423623897502,-0.021489857,157.94610669724128,64.97154831886292,232
55.26661157608032,3.774723768234253,100,61.78419208526611,20.90357250627602,0.0076511716,2.274165153503418,2340000,0.02089095115661621,14688.799710035324,-7.855009193836318,80.87450304870399,109.56531475127395,-0.004955237,151.08503331603976,59.487712144851685,233
61.96537113189697,3.7901129722595215,100,68.28926301002502,19.18338379316138,0.0015062683,2.0586979389190674,2350000,0.0193483829498291,14757.11293888092,-22.911338962378093,82.57906928510155,104.0197792151522,-0.008140064,153.60982312926546,66.20605993270874,234
55.88929605484009,3.725192070007324,100,62.21378207206726,12.697595364451042,0.029252117,2.1314539909362793,2360000,0.019024133682250977,14819.348324775696,42.11141543334382,84.0614039215281,109.20614961990722,0.010328101,156.40016537044164,60.062833070755005,235
55.94523906707764,3.6813461780548096,100,62.229199171066284,17.577199362321714,0.0032647094,2.060141086578369,2370000,0.01905202865600586,14881.599520921707,0.14390486806299307,84.77010618961918,111.22516156148431,-0.009469739,158.47835756126494,60.14857482910156,236
56.96163320541382,3.7445623874664307,100,63.32139801979065,19.083234796260385,0.011964819,2.1464550495147705,2380000,0.021138906478881836,14944.94576382637,-22.213609792959247,82.75541984246897,109.92551956058004,0.0047285673,154.08556713653456,61.15226483345032,237
55.06367516517639,3.7072763442993164,100,61.2579619884491,13.626318300075928,0.0036910095,2.0077998638153076,2390000,0.021843910217285156,15006.226734876633,24.44999691010142,87.25731005541006,116.43244974192646,-0.0020200105,163.43453364031922,59.22614288330078,238
55.77040362358093,3.706221103668213,100,62.05983519554138,11.348591761856346,-0.013561438,2.1169278621673584,2400000,0.0209500789642334,15068.309536933899,44.95649843668844,86.60123142695234,108.69134170244658,-0.033238966,161.23652386694368,59.9205060005188,239
54.78824830055237,3.721564531326294,100,60.97236704826355,11.22391274033194,0.017736167,1.9967589378356934,2410000,0.0190279483795166,15129.30561208725,47.00582443715513,86.20313928217692,108.2085964832957,0.010793134,161.1378511092418,58.95538091659546,240
56.70618963241577,3.7465641498565674,100,63.062721967697144,17.367500773781224,0.0013664429,2.1321051120758057,2420000,0.02121281623840332,15192.39206790924,-3.9326855030422996,83.21685960280169,107.20401907897583,-0.00071708375,155.7310854838361,60.90795016288757,241
56.78573966026306,3.7321054935455322,100,63.33308792114258,15.786454608447585,-0.005208374,2.3399429321289062,2430000,0.02208733558654785,15255.74716591835,-8.039098016942493,84.86125659234365,106.13798757599098,-0.019679125,158.791667881048,60.969720125198364,242
56.370060205459595,3.7303597927093506,100,62.64972519874573,9.811963900072039,0.016268015,2.0786330699920654,2440000,0.020460844039916992,15318.419754981995,55.224561197372886,86.99155206356505,108.13003064839357,0.0017907073,162.90613950448736,60.54929995536804,243
54.06904077529907,3.749842643737793,100,60.368086099624634,14.561567932576738,0.021105846,2.079195737838745,2450000,0.01910710334777832,15378.809491872787,12.985483820734341,84.23971900682025,109.68252926626738,0.012937915,156.79157319903223,58.268433809280396,244
55.650453329086304,3.724454879760742,100,61.92173910140991,20.353542054026143,-0.0088915285,2.0761032104492188,2460000,0.02006816864013672,15440.755123853683,-32.38905313746335,82.64986308311354,104.99748363811379,-0.03067417,152.8860142155653,59.82391095161438,245
55.19545602798462,3.711013078689575,100,61.47022986412048,15.938021299413546,0.017524512,2.089632034301758,2470000,0.02106785774230957,15502.247292995453,-32.22461186555603,87.10483830978906,106.62623042405164,0.005808667,162.4198779099623,59.35661721229553,246
54.317912578582764,3.7444112300872803,100,60.64267897605896,15.113124119589662,-0.040092576,2.106860876083374,2480000,0.02192997932434082,15562.91187095642,17.148253151282816,83.08260619963889,112.30225427574175,-0.0814048,155.45750385864633,58.513487100601196,247
52.88543200492859,3.730355978012085,100,59.12554097175598,16.615670179898103,0.025090713,2.0369160175323486,2490000,0.021464824676513672,15622.058809757233,17.61359452622137,82.03900315005761,114.88143776975002,0.017806232,152.23546931765569,57.066730976104736,248
54.2912163734436,3.7208099365234375,100,60.58217811584473,13.293585077669116,-0.0016578613,2.086757183074951,2500000,0.018949031829833984,15682.662781000137,-0.6207252095189963,84.64773713891314,106.0229501610074,-0.004147876,158.4936507629403,58.47580909729004,249
52.88658094406128,3.73801589012146,100,59.030585050582886,12.863938164951534,-0.01605371,1.931710958480835,2510000,0.022953033447265625,15741.717104911804,28.601714546206047,85.66072549546982,112.09283857302414,-0.019733338,159.15305132076958,57.07540464401245,250
54.375444650650024,3.798426866531372,100,60.68964600563049,13.333598619394982,-0.004298798,2.007297992706299,2520000,0.02019190788269043,15802.428843975067,23.756985954466952,85.83780449500294,106.05334439248037,-0.016230829,160.28156420653758,58.66079115867615,251
53.852848052978516,3.7097480297088623,100,59.93806290626526,18.62048588952851,0.007541647,1.9087741374969482,2530000,0.019102811813354492,15862.388728141785,-14.294015529087666,81.76470636870086,105.29054897297998,-0.0031960418,150.78614884225414,58.0094096660614,252
52.7427659034729,3.7803592681884766,100,59.05300998687744,12.700000629712385,-0.009457385,2.0514156818389893,2540000,0.019454002380371094,15921.464318037033,19.080324222182657,85.61005988941632,107.14679312533846,-0.02071857,159.01777088542565,56.98141527175903,253
52.81948471069336,3.7231366634368896,100,59.001495122909546,13.502581953957433,-0.010669409,1.9909172058105469,2550000,0.019047975540161133,15980.487685918808,15.325457946351317,82.96304856211302,105.06852142161688,-0.039971314,154.8810682893938,56.990196228027344,254
53.64151978492737,3.6915717124938965,100,60.44598197937012,22.11309048464783,-0.02045539,2.5719869136810303,2560000,0.017761945724487305,16040.954103946686,-4.133026130424393,81.64510038267957,114.07391332123693,-0.023622803,152.3822640771978,57.778602838516235,255
53.92019438743591,3.738922357559204,100,60.11655592918396,17.150386184073092,0.0220177,1.9734010696411133,2570000,0.027550935745239258,16101.089988946915,4.480645920028573,85.22924736782468,109.62297124552828,0.019931568,157.393068642791,58.11431097984314,256
51.38282752037048,3.7548105716705322,100,57.656564235687256,14.025266067938444,-0.010465405,2.053773880004883,2580000,0.01908707618713379,16158.768630981445,20.300521097435833,83.69285179923344,118.11800045189129,-0.02056892,157.48107877256854,55.583274126052856,257
53.76704216003418,3.957350492477417,100,60.23389005661011,14.588726970275085,0.03084849,2.036426067352295,2590000,0.019355058670043945,16219.024495840073,9.178994542900673,83.21022693085007,104.93073605472723,0.026237445,154.9719898501274,58.175041913986206,258
50.94060754776001,3.7571051120758057,100,57.182018995285034,16.59674954663456,-0.00746156,2.0058631896972656,2600000,0.019765853881835938,16276.228567123413,1.3998845316928081,84.33860018046096,107.68285145773203,-0.020089654,156.31966345646407,55.153451681137085,259
51.68417835235596,3.7752225399017334,100,57.983110189437866,12.981003756242256,-0.018210413,2.0411059856414795,2610000,0.02148294448852539,16334.233313083649,23.590693250877646,85.38740267841877,106.63204110225202,-0.027260998,159.4695568119983,55.918978214263916,260
52.15248703956604,3.7716407775878906,100,58.279582023620605,19.51985871400433,-0.0015302246,1.8864541053771973,2620000,0.019546985626220703,16392.534884929657,-6.982388608391913,80.79307239946607,106.41621642584288,-0.0065848143,150.85887813899183,56.37157392501831,261
50.51416349411011,3.700648307800293,100,56.734370946884155,13.799116224747769,0.016377194,2.0467400550842285,2630000,0.019826889038085938,16449.29105901718,19.19024237279488,87.53067506261279,110.89459917360573,0.012905274,162.17384317833464,54.66718816757202,262
51.03856825828552,3.725221872329712,100,57.21071195602417,12.41523469274771,0.009255395,1.9812419414520264,2640000,0.01998114585876465,16506.52359199524,15.178306621414327,85.87556249330225,115.24983743850153,0.002475821,160.11875997731906,55.208832025527954,263
53.063164472579956,3.7665441036224365,100,59.27102994918823,15.06577395086921,-0.028228387,1.953611135482788,2650000,0.01944708824157715,16565.81606078148,21.239614712044965,84.67589487956873,110.15332644647575,-0.050266188,156.8970207551747,57.296526193618774,264
52.564611196517944,3.7501752376556396,100,58.8567430973053,18.37735560830881,-0.01673427,2.0630369186401367,2660000,0.021538257598876953,16624.694932937622,8.27746183667124,81.81337947698199,107.53525069488327,-0.06089798,153.8054669748507,56.77066779136658,265
52.60819888114929,3.7844529151916504,100,59.005778789520264,16.910697606814193,0.0105377445,2.135982036590576,2670000,0.020269155502319336,16683.722862005234,16.000185152971568,84.17452282243697,111.00359971257203,-0.019349609,157.42143487753106,56.847999811172485,266
52.56642818450928,3.708181619644165,100,59.02733325958252,19.809118537447645,-0.023880273,2.236104965209961,2680000,0.023609161376953125,16742.771327972412,-6.500875565636246,82.03282959031135,105.95614591721166,-0.03801914,153.79250913618665,56.76721405982971,267
53.02508020401001,3.7335293292999268,100,59.15687012672424,15.842145933249371,-0.006470496,1.9301650524139404,2690000,0.019587993621826172,16801.947955846786,8.193715216479983,83.96935755631712,105.8205868772301,-0.011824231,157.94497571128812,57.20559287071228,268
51.920222997665405,3.7294065952301025,100,58.20342397689819,16.08990661878013,0.007000232,2.0868279933929443,2700000,0.019117116928100586,16860.173876047134,-6.663883011300145,84.56590840928192,109.1613600491146,-0.0029868775,157.7443557847658,56.09611701965332,269
54.60090208053589,3.750673532485962,100,60.81500220298767,15.09398052377588,0.018087367,1.9483561515808105,2710000,0.0212709903717041,16921.018097877502,21.184893888039813,84.08978791264326,112.78525593719176,0.013503699,156.03552270459292,58.84238791465759,270
62.25706386566162,3.85099458694458,100,68.63124895095825,13.879988301864014,0.0055068117,2.0197970867156982,2720000,0.0283658504486084,16989.673592090607,16.74547367654341,82.85650653080953,103.07621711188833,-0.003676758,154.76351076364,66.58108711242676,271
52.498093128204346,3.718465805053711,100,58.66517519950867,17.53009915978824,-0.012780029,1.9713377952575684,2730000,0.02290797233581543,17048.369087934494,-25.375372736617848,85.48505173781942,109.63761726345416,-0.02039295,160.3355400331087,56.66868305206299,272
52.632999420166016,3.729185104370117,100,58.968626737594604,16.700697769362645,0.020663818,2.129657030105591,2740000,0.02454972267150879,17107.359967947006,12.974481850036542,83.15790605115828,105.89491602488943,0.01025044,155.25559829492616,56.81269598007202,273
52.78080773353577,3.7507681846618652,100,58.934393644332886,14.110199535974274,0.0037262512,1.9245178699493408,2750000,0.02006697654724121,17166.31839489937,24.161541932140373,85.677698892293,110.48594346051784,-0.0013894897,159.74188359432645,56.98758602142334,274
52.2810697555542,3.759899616241455,100,58.61637306213379,16.086986464214522,0.004635782,2.0929391384124756,2760000,0.02152395248413086,17224.957185983658,3.3343033292437125,85.28515193816395,113.71594666732209,-0.01791004,159.9397700694047,56.50032901763916,275
52.94170570373535,3.7007758617401123,100,59.50002312660217,13.669634537543232,-0.020225875,2.386449098587036,2770000,0.020074129104614258,17284.481019973755,5.323693420059689,85.8861238446587,106.2005649913635,-0.04935009,160.68929141209657,57.09211993217468,276
52.511356592178345,3.732790946960449,100,58.8235137462616,17.02104029586119,-0.007744714,2.0739660263061523,2780000,0.05847597122192383,17343.325486898422,2.1071376048494885,82.88046857462815,108.7765138208243,-0.022018285,154.14317947887804,56.690743923187256,277
57.41150665283203,3.7883496284484863,100,63.667949199676514,14.44369333488401,-0.00093633425,1.9921462535858154,2790000,0.021202802658081055,17407.012766838074,28.653452916201434,83.82043052098047,106.61058707410834,-0.0029378296,157.67911913816417,61.653547048568726,278
43.85888361930847,3.7101237773895264,100,49.97702121734619,16.9057267708573,0.002194275,1.9413869380950928,2800000,0.01897907257080078,17457.011380910873,10.044388862907876,82.20868990916786,110.4418954088808,-0.0032427001,153.30525218053566,48.015159130096436,279
44.76054286956787,3.7703940868377686,100,51.017239809036255,16.42373765435487,-0.003016632,2.0183520317077637,2810000,0.0193631649017334,17508.051161050797,11.987177407147177,85.3474760002747,111.71857520025728,-0.008996344,159.67770954884827,48.978880882263184,280
42.766902923583984,3.745720386505127,100,49.181556940078735,18.763315264767918,0.015042383,2.20188307762146,2820000,0.02002406120300293,17557.255607128143,2.7026209783944086,82.75313302908282,110.23569378179279,0.0062155947,154.51040938588451,46.959213733673096,281
42.657644510269165,3.9163506031036377,100,48.97411918640137,13.072335793515116,-0.012783365,1.9209039211273193,2830000,0.019078969955444336,17606.247617006302,26.311289174640613,86.98592677788996,110.22834162349243,-0.03183031,162.21467378142376,47.030827045440674,282
40.7791063785553,3.812570810317993,100,47.022754192352295,16.459005655787724,-0.011934051,1.9635918140411377,2840000,0.020733118057250977,17653.291994810104,-3.9714511502943397,85.15957919867768,113.4994925019958,-0.038457714,158.37733041403618,45.037951946258545,283
40.55623126029968,3.6732892990112305,100,46.33508086204529,15.447271706841244,0.0038594482,1.6421899795532227,2850000,0.019646167755126953,17699.648552894592,11.214138270864854,84.1324005622625,105.80675891268092,-0.02935832,156.73645999029046,44.67283892631531,284
41.16928505897522,3.6685962677001953,100,47.10359215736389,17.70316377853376,-0.014672174,1.8007571697235107,2860000,0.01983809471130371,17746.773411750793,-3.565226879943057,83.25492211846185,111.57107946882512,-0.055157177,154.44747922749175,45.281659841537476,285
41.09407687187195,3.669395923614502,100,47.19518804550171,17.61895352840083,0.01782848,1.9655518531799316,2870000,0.020500898361206055,17793.98797273636,9.68234827266077,84.43402027480208,109.43588496514032,-0.009169684,157.8800094806494,45.20753312110901,286
40.7834689617157,3.6650755405426025,100,46.89655900001526,14.928242174446291,-0.010511126,1.98164701461792,2880000,0.018580913543701172,17840.906137943268,-9.413880444278956,83.81913251245506,110.10397617222831,-0.040768433,156.88252767306312,44.89458203315735,287
42.39647340774536,3.680931806564331,100,48.504440784454346,12.927935347566574,-0.013066589,1.962203025817871,2890000,0.0191800594329834,17889.43289089203,44.295325959628215,84.5887261336113,109.92803671766153,-0.06489154,158.00245955211844,46.52243781089783,288
41.15192985534668,3.673602342605591,100,47.23838019371033,17.679850470292912,0.02772551,1.945012092590332,2900000,0.019472837448120117,17936.692716121674,12.570256524787359,83.32866041112395,110.18113067524268,-0.016648835,156.16394085007462,45.27154874801636,289
55.65265345573425,4.073864459991455,100,62.29984402656555,15.479293520139109,-0.012130371,2.0275776386260986,2910000,0.030976057052612305,17999.014341831207,4.505790753229889,85.1882622104095,111.63363054084328,-0.021456104,158.3123977806321,60.23904299736023,290
44.42269539833069,3.7203385829925537,100,50.66000509262085,15.960922909299136,0.019985076,2.0372228622436523,2920000,0.027564048767089844,18049.702552080154,5.913427016077703,83.99665906280485,109.49736374357278,0.014286541,156.8519571700415,48.594696044921875,291
42.10069966316223,3.754733085632324,100,48.283952713012695,17.83532481423203,0.003894065,1.9516160488128662,2930000,0.02375197410583496,18098.007908821106,-20.660342756401434,83.17400451816293,115.8313044802673,-0.008869136,155.96820416036027,46.3080530166626,292
42.130451917648315,3.7480413913726807,100,48.35769200325012,20.623367439787838,0.022939635,1.974714994430542,2940000,0.021368741989135742,18146.386855840683,-0.4382680079787412,82.60848994639245,111.31968961186826,0.016298914,152.4143063049642,46.35672688484192,293
41.61332416534424,3.7101640701293945,100,47.80174684524536,16.92585969692856,0.0028272704,2.0135140419006348,2950000,0.01902484893798828,18194.209635019302,4.270047996408206,83.8047404507263,110.56536102093145,-0.0036681518,156.41800502572474,45.76845192909241,294
41.67799139022827,3.7223703861236572,100,47.8574378490448,12.810118457615362,-0.0010733886,1.9886410236358643,2960000,0.02079319953918457,18242.088753938675,27.637058523584194,83.27315071385257,108.45263330068673,-0.022186011,156.218197809204,45.84758400917053,295
41.713765144348145,3.719374895095825,100,47.89524006843567,13.514619429288073,-0.01940114,1.9944829940795898,2970000,0.021142005920410156,18290.00548505783,32.03302705717148,86.38714042966083,115.47350444748372,-0.02228187,161.12723909327485,45.87919616699219,296
43.565675258636475,3.7686102390289307,100,49.81306982040405,12.811708109303517,-0.0126963565,2.0101568698883057,2980000,0.019695758819580078,18339.839641094208,32.89884898016598,84.5544616670875,115.91205278650129,-0.02124054,158.393032299928,47.78282904624939,297
42.90941143035889,3.7246975898742676,100,49.08192205429077,14.190603566780323,0.0050170287,1.9809050559997559,2990000,0.019245147705078125,18388.942718029022,-8.669617773118793,86.67328212478094,106.80295543011438,0.0010007996,161.91048189343803,47.080424070358276,298
41.480334520339966,3.6536879539489746,100,47.29872393608093,19.744227216911803,-0.014018267,1.6984179019927979,3000000,0.019315004348754883,18436.26327085495,-27.609382811047354,82.01616752147625,113.37165581541804,-0.017473852,153.85427734187252,45.57958793640137,299
