Time,train-AverageReturn,train-NumTrajs,Time-Sampling,train-AverageDiscountedReturn,n_timesteps,train-PolicyExecTime,train-EnvExecTime,Time-Optimization,Itr,Time-SampleProc,ItrTime,train-MaxReturn,LossAfter,train-StdReturn,LossBefore,train-MinReturn
8.629200458526611,-43.75565975005206,100,8.12760591506958,-117.41142698840903,10000,4.7490973472595215,3.1570050716400146,0.4508178234100342,0,0.050530433654785156,8.629196643829346,171.54068561262395,-0.5056672,101.59059163048408,1.5258789e-09,-209.20058754749408
16.992389917373657,5.644587858190559,100,7.812632322311401,-19.395384662011846,20000,4.564627408981323,3.0237679481506348,0.4183526039123535,1,0.10645103454589844,8.337719917297363,127.81350063331439,-0.031246448,43.1715548923556,-9.155274e-09,-187.68291304428456
25.109422206878662,81.08096637478316,100,7.715517282485962,130.06823300239245,30000,4.4730095863342285,3.0170154571533203,0.3151845932006836,2,0.06750750541687012,8.0984365940094,214.2675551847366,-0.11347116,47.32464273054803,-3.8146974e-09,8.863889206260042
33.80437469482422,86.9677320725254,100,8.239797592163086,135.48664225716684,40000,4.651538372039795,3.347410202026367,0.3656601905822754,3,0.0673365592956543,8.674636840820312,115.69433099857562,-0.13077368,15.221502904896674,1.2207031e-08,34.468782872919896
42.583754777908325,88.34938823270677,100,8.285918712615967,150.5629014195175,50000,4.693532466888428,3.3481805324554443,0.3362746238708496,4,0.13614773750305176,8.758593082427979,158.16338370229107,-0.11806922,28.0561335132473,4.9591065e-09,27.207485813960815
51.41037654876709,157.8128850928244,100,8.285344362258911,287.4043057538621,60000,4.711106061935425,3.3269972801208496,0.4182102680206299,5,0.10465431213378906,8.808455467224121,189.19968638695937,-0.07841317,12.596121645352632,7.629395e-09,127.1068516921189
60.02719163894653,190.31453836289026,100,8.208376169204712,352.0617420253005,70000,4.691631078720093,3.28554368019104,0.2904064655303955,6,0.1010744571685791,8.600073099136353,198.80161191164314,-0.066446744,6.359342481513469,-2.4795532e-09,167.00553213109276
68.79916095733643,195.25548655436066,100,8.327611923217773,358.78768929379544,80000,4.7229766845703125,3.350661277770996,0.31538844108581543,7,0.1090092658996582,8.752264499664307,197.499191674636,-0.09051,1.062715066715997,6.1035155e-09,190.86933063181687
77.44941520690918,193.5825877186667,100,8.235417127609253,352.4707202425413,90000,4.64134407043457,3.34602427482605,0.2854573726654053,8,0.10799217224121094,8.631190061569214,197.8161300025051,0.009953072,1.7171777931071963,-7.6293943e-10,189.44803028964657
86.22035527229309,190.38997441568733,100,8.299104928970337,344.18471947275873,100000,4.732452869415283,3.3338050842285156,0.35449957847595215,9,0.09845805168151855,8.752317190170288,195.9511819061335,-0.031369325,2.4415183333358144,7.629395e-09,183.07449237660776
94.79238843917847,193.71902366266892,100,8.179496049880981,354.12395536807213,110000,4.665489673614502,3.2846710681915283,0.3006114959716797,10,0.07174420356750488,8.552142858505249,196.57534105472587,-0.034306694,1.4638416631582387,-1.373291e-08,189.79982132130118
103.43106889724731,194.58306029887368,100,8.182762384414673,358.98031759260266,120000,4.633783578872681,3.3156535625457764,0.3971250057220459,11,0.04263758659362793,8.622769594192505,197.60467685703125,0.0026181825,1.0454742439022744,3.0517577e-09,192.0221646080897
112.12790584564209,193.56200214003238,100,8.205397844314575,357.7725791415773,130000,4.6377763748168945,3.331491231918335,0.3870353698730469,12,0.0873861312866211,8.680083990097046,196.2638954826858,-0.013481714,1.2921896310324719,9.155274e-09,190.44059683840175
120.91084790229797,195.18930255604147,100,8.29210090637207,360.48382766861045,140000,4.716383695602417,3.334733247756958,0.3762071132659912,13,0.08992815017700195,8.758508443832397,197.7503677921354,-0.023786172,0.9832493913461552,7.6293943e-10,192.57211179885667
129.60459899902344,195.7787860340307,100,8.206228971481323,359.69847939560196,150000,4.628287315368652,3.3404300212860107,0.3645753860473633,14,0.10457372665405273,8.675631999969482,197.80119065736244,-0.008050961,0.8784122736288579,1.7547608e-08,193.12255254322037
138.46122002601624,195.39820137348318,100,8.505796432495117,360.25636924923543,160000,4.91121244430542,3.361476421356201,0.2571272850036621,15,0.07499146461486816,8.838248491287231,197.4080310966133,-0.012181807,1.0553224153427796,-8.773804e-09,192.72322616670098
147.1297242641449,193.41218323649966,100,8.282761096954346,357.6810463061401,170000,4.695754051208496,3.3323047161102295,0.2894253730773926,16,0.07561755180358887,8.649771690368652,195.87204413982252,-0.010554084,1.4032122861455292,-3.0517577e-09,189.08651826095522
155.83221626281738,195.457645340314,100,8.276756763458252,361.0136672961242,180000,4.709984302520752,3.3308656215667725,0.2980670928955078,17,0.10940003395080566,8.684453248977661,197.6518129524535,-0.011296945,1.176298456087992,1.5258789e-09,191.49752455092792
164.68014073371887,196.52660977711795,100,8.282484531402588,361.6070480814367,190000,4.688671112060547,3.3600234985351562,0.4466121196746826,18,0.10200333595275879,8.831350326538086,198.8904068626643,-0.021764336,0.8477642832266857,1.9073487e-09,194.4986356636988
173.5295751094818,195.71092064764073,100,8.470849990844727,361.33035358274805,200000,4.846294164657593,3.3864951133728027,0.2737553119659424,19,0.0866851806640625,8.831547975540161,198.00818157943834,0.0011512451,0.9390245585424278,8.392334e-09,192.85507801547476
182.1004593372345,195.01097223028344,100,8.138192415237427,360.59115252987607,210000,4.631412744522095,3.2744393348693848,0.37839794158935547,20,0.03862404823303223,8.55546259880066,198.42167249706108,-0.029042114,1.1874513951514878,1.5258789e-09,191.83380487671315
190.73998093605042,196.72816080343446,100,8.204751014709473,361.57210097394307,220000,4.628182411193848,3.3340811729431152,0.36716532707214355,21,0.04039645195007324,8.61254596710205,199.19150788319743,-0.008286743,1.045439543672934,-4.577637e-09,193.32119857618042
199.46112322807312,195.59691480209477,100,8.231417655944824,357.39204714597355,230000,4.636214017868042,3.3591251373291016,0.4010610580444336,22,0.06754183769226074,8.70029592514038,198.64403377225676,-0.014175119,0.8726552279976869,1.5258789e-09,193.4556908243992
208.12492561340332,195.81967609732186,100,8.212085247039795,357.8160272604296,240000,4.691807508468628,3.2913362979888916,0.390902042388916,23,0.03998708724975586,8.643298864364624,198.001443344418,-0.0030511143,0.8991363533652026,-4.7683715e-09,193.7958996787513
216.70671939849854,196.1518432148849,100,8.166027545928955,359.4634048989488,250000,4.602933645248413,3.33292293548584,0.34343767166137695,24,0.04774641990661621,8.557458877563477,198.27243751922828,-0.11908148,0.990306698764135,-1.5258789e-09,193.3135517647971
225.38170909881592,194.2929648453688,100,8.24083161354065,358.91470206563014,260000,4.701669692993164,3.3094534873962402,0.37510132789611816,25,0.03629446029663086,8.652469873428345,196.79888397703778,0.0012646636,1.0816597958736578,-1.525879e-08,191.22832224237143
233.981290102005,191.66044984636162,100,8.258293151855469,354.4769102393068,270000,4.702253341674805,3.3222615718841553,0.25664210319519043,26,0.06570744514465332,8.580881357192993,194.53932419476706,-0.024081059,1.2020135091396558,-1.525879e-08,188.20981173725826
242.69973063468933,192.7499810446781,100,8.359568357467651,354.98972693020136,280000,4.8096818923950195,3.3179337978363037,0.2677016258239746,27,0.07326650619506836,8.70078420639038,194.7736339944383,-0.011026721,0.9758627769690632,-6.1035155e-09,190.7406723902109
251.30984020233154,194.09008493098708,100,8.263959646224976,356.85700277512615,290000,4.687389373779297,3.3383662700653076,0.25406479835510254,28,0.074676513671875,8.592974424362183,196.3539019726608,-0.01930274,0.9554315935340062,4.577637e-09,191.86506602446002
259.9842791557312,193.99387518386393,100,8.353052616119385,358.2157768411279,300000,4.799495458602905,3.3041274547576904,0.27411723136901855,29,0.028761863708496094,8.656146764755249,196.31354638762835,-0.0025729958,1.2265243119132203,-9.155274e-09,190.62964476346727
268.78748083114624,192.04768385114062,100,8.310409545898438,355.21655565819356,310000,4.726449251174927,3.3497068881988525,0.40975451469421387,30,0.06505656242370605,8.785475969314575,195.5395111039464,-0.02469849,1.6519926502945477,1.5258789e-09,185.73626842366042
277.4500460624695,190.73315236772748,100,8.313793420791626,352.9116844125054,320000,4.742307424545288,3.3372278213500977,0.2633073329925537,31,0.06670331954956055,8.644075870513916,193.6333661273411,-0.0007851257,1.4937259457228405,7.6293943e-10,186.6166012502732
286.14640378952026,190.65748741902908,100,8.331056833267212,352.8855328843882,330000,4.735012769699097,3.350212812423706,0.2449815273284912,32,0.08769965171813965,8.664008140563965,194.3043390048027,-0.023040045,1.556696531370769,6.1035155e-09,186.10149834273378
294.9240758419037,193.94163920041214,100,8.461573600769043,358.5162730918721,340000,4.862100124359131,3.363098382949829,0.2648787498474121,33,0.03512859344482422,8.761807918548584,195.81142122544546,-0.026729919,0.9734925286468132,1.525879e-08,191.17080496510627
303.68051767349243,194.76882840189174,100,8.353610277175903,358.6377737776409,350000,4.793210029602051,3.3202693462371826,0.3345296382904053,34,0.0496981143951416,8.738069534301758,197.17312298332493,-0.004893071,0.9532262408234895,-5.340576e-09,192.8996126405798
312.5071098804474,193.7040033231864,100,8.258193731307983,355.9273512426433,360000,4.704963684082031,3.3154759407043457,0.4455101490020752,35,0.0983576774597168,8.802383422851562,195.94619463674124,-0.0037255269,0.8779044212641208,6.866455e-09,191.4852095908936
321.0488438606262,193.77591822226648,100,8.192624568939209,356.5686057236027,370000,4.683753490447998,3.277378797531128,0.2524285316467285,36,0.07586050033569336,8.521154165267944,196.81068040326815,-0.019316198,0.9956681064845241,-3.0517577e-09,191.44966329879466
329.65939354896545,193.6460467321187,100,8.265351295471191,357.58737594568936,380000,4.7505505084991455,3.282339334487915,0.2667856216430664,37,0.05887913703918457,8.591255187988281,195.6183285675932,-0.05061672,0.9717734811987816,-1.0681152e-08,191.28133271639445
338.41541051864624,191.995742298919,100,8.370852947235107,355.1614529769335,390000,4.822651624679565,3.3069417476654053,0.327345609664917,38,0.03851795196533203,8.736977577209473,194.8649606286678,-0.01806285,1.3746047388324452,-1.1444092e-08,187.3920072227446
347.13385343551636,191.23012794069928,100,8.36253833770752,354.45332775532637,400000,4.808866024017334,3.3172624111175537,0.25649404525756836,39,0.07697510719299316,8.69626498222351,195.08640806899967,-0.008868516,2.644545303924399,6.866455e-09,180.4814834995775
355.82539343833923,192.96112700346487,100,8.353469371795654,358.03779520764806,410000,4.755705833435059,3.3553311824798584,0.28487229347229004,40,0.03335738182067871,8.671951532363892,196.0812430538789,-0.019714499,1.6224102100774396,7.629395e-09,186.68812095298637
364.53768253326416,193.97568539030388,100,8.36691665649414,358.92392273438935,420000,4.799965143203735,3.324193000793457,0.2687234878540039,41,0.058535099029541016,8.694424390792847,196.47944843888786,-0.043658953,1.2627292824424268,-2.4414062e-08,189.91641656178152
373.1476230621338,194.5944714857861,100,8.280092716217041,358.6102815744561,430000,4.696194887161255,3.346539258956909,0.2828536033630371,42,0.02957892417907715,8.592739582061768,196.8757547180139,-0.017473543,0.9519907008615919,-5.722046e-09,191.14672478770007
381.73786091804504,192.7293732602078,100,8.256857633590698,354.3215821979396,440000,4.745347023010254,3.277090311050415,0.2743997573852539,43,0.04085063934326172,8.572351217269897,195.59669215591688,-0.010792806,1.4873057071449258,1.2207031e-08,187.49549797287852
390.44102454185486,190.09104950766076,100,8.385639429092407,348.40845396696125,450000,4.7665839195251465,3.3732848167419434,0.2612125873565674,44,0.03974461555480957,8.6868257522583,193.9163107616826,-0.033921883,1.6931723480966583,-1.525879e-08,183.26516033172257
399.04585456848145,189.61624149597515,100,8.253542184829712,346.2245910763117,460000,4.7101051807403564,3.2929253578186035,0.26272010803222656,45,0.0703587532043457,8.586875677108765,193.21686920628343,-0.026980966,1.297970851642812,-1.525879e-08,186.55093505574953
407.67987060546875,193.1048436641574,100,8.28830099105835,353.9830985861512,470000,4.736799001693726,3.3188281059265137,0.2577035427093506,46,0.07058405876159668,8.61682653427124,194.95937209077678,-0.40738356,1.0048673963619605,-6.866455e-09,189.61174426397127
416.54804134368896,194.3236746792311,100,8.507049560546875,356.4977059111772,480000,4.887004613876343,3.377187967300415,0.2673666477203369,47,0.07421088218688965,8.84885573387146,197.57879757482996,-0.0055813356,0.9995037922251052,-4.577637e-09,192.01621478383657
425.22910046577454,192.97501936285076,100,8.343940258026123,352.2090775291058,490000,4.74947452545166,3.35921573638916,0.26134443283081055,48,0.058364152908325195,8.663898468017578,195.08856432739066,-0.012893077,1.0907424433987711,6.1035155e-09,188.80942205419151
433.87131571769714,193.1045410759903,100,8.309924840927124,352.5737536453741,500000,4.735954523086548,3.337435483932495,0.2573721408843994,49,0.05428576469421387,8.62178111076355,195.40939901386074,-0.008785731,0.9541297886876607,1.2207031e-08,190.89277123617475
442.54237246513367,192.81860662314222,100,8.330089807510376,352.31571615621857,510000,4.715862035751343,3.3780901432037354,0.2636897563934326,50,0.05997824668884277,8.654000997543335,195.35853625559648,-0.03665766,0.9516369124694014,-0.0032389953,190.9547519116816
451.24401021003723,192.68914160000844,100,8.366649627685547,353.12370660430577,520000,4.800612688064575,3.318225383758545,0.24866867065429688,51,0.06672072410583496,8.682237148284912,195.4319170147369,-0.03813589,1.1458840207873595,1.2207031e-08,189.47729611485735
459.83820271492004,192.35496462449504,100,8.24013638496399,354.45992743952564,530000,4.757495880126953,3.2505669593811035,0.2588033676147461,52,0.07848215103149414,8.577646732330322,195.42592387861538,-0.05254866,1.4100068777926191,1.8310548e-08,188.66867940925664
468.6218423843384,193.58091751478204,100,8.400578260421753,358.0644061875561,540000,4.893496036529541,3.2637362480163574,0.26612401008605957,53,0.0978386402130127,8.764758586883545,195.59889250088776,-0.05999363,1.1967192700622322,-2.4414062e-08,190.8920733181208
477.2075905799866,189.8518202820157,100,8.243277788162231,351.9094393599519,550000,4.739991903305054,3.271055221557617,0.25771093368530273,54,0.06677889823913574,8.568031549453735,194.29020767433556,-0.029425701,3.1829722167521344,1.8310548e-08,174.94023221017343
486.0460104942322,188.74999550033274,100,8.431514501571655,350.1988300610521,560000,4.880651235580444,3.314877510070801,0.3369574546813965,55,0.05061936378479004,8.819331407546997,193.2498730776633,-0.05286375,1.9821106222029952,-6.1035155e-09,183.91812039144213
494.6474857330322,188.73280246666596,100,8.184271097183228,350.8914589543617,570000,4.664244890213013,3.2883810997009277,0.3520193099975586,56,0.04457688331604004,8.581120729446411,192.96609736349126,-0.15112612,2.039661909251406,-6.1035155e-09,182.22043665600353
503.30248403549194,196.00919452354123,100,8.330098867416382,364.5983612462759,580000,4.795857667922974,3.3005244731903076,0.25929880142211914,57,0.047644615173339844,8.637268543243408,198.71403620033328,-0.47543815,1.297332168147868,-6.1035155e-09,191.628897576918
511.9382803440094,194.84632353444331,100,8.312807083129883,359.221718815485,590000,4.771486043930054,3.294262647628784,0.2637174129486084,58,0.04026293754577637,8.617023468017578,197.63641104991038,-0.013043929,1.1349842323837191,1.0681152e-08,191.86621868468416
520.5642156600952,192.00245514920869,100,8.27125883102417,356.243491972221,600000,4.7378950119018555,3.3026018142700195,0.2578263282775879,59,0.07926106452941895,8.608872890472412,195.5864906944861,-0.004183792,1.4097295693445568,-6.1035155e-09,187.52893221860438
529.1225018501282,189.8191376771314,100,8.233887195587158,352.26274633338807,610000,4.688674688339233,3.3068244457244873,0.2716081142425537,60,0.03539228439331055,8.541124820709229,193.7028967321504,-0.059938073,1.3686846758343203,4.577637e-09,186.7490748894615
537.8532786369324,192.00485732268567,100,8.396909475326538,355.4713601650835,620000,4.822409152984619,3.3365585803985596,0.2774794101715088,61,0.03843235969543457,8.713051795959473,195.30879356294275,-0.14493108,1.3734929675532384,9.155274e-09,188.57872605738282
546.5038063526154,193.3241215750561,100,8.304836988449097,354.63647376476735,630000,4.703459739685059,3.3598268032073975,0.2583580017089844,62,0.06792211532592773,8.631476879119873,195.56996627809144,-0.010100546,1.0499163452200928,-4.386902e-09,189.98770189509085
555.3879780769348,192.24914517925035,100,8.425276279449463,352.2755170441035,640000,4.868985176086426,3.3143882751464844,0.2726454734802246,63,0.10260486602783203,8.800798416137695,194.6007414822993,-0.022872774,0.9201771798229149,6.1035155e-09,189.3174872583241
563.9804916381836,191.59313423273628,100,8.272567987442017,350.98493206400866,650000,4.681451082229614,3.3602657318115234,0.26814746856689453,64,0.03524613380432129,8.576179027557373,193.58114209558704,-0.0019282517,0.8218139518444428,-9.155274e-09,189.2667244802796
572.6434571743011,191.65541428156632,100,8.333340167999268,351.18444125468034,660000,4.730261325836182,3.3690569400787354,0.25583910942077637,65,0.05765676498413086,8.647066116333008,193.4845406630065,-0.03816827,0.8171437033029489,-0.0036612717,188.94397651064355
581.3393478393555,192.6207722831493,100,8.367346286773682,352.83857732437156,670000,4.72820782661438,3.391326665878296,0.2693672180175781,66,0.03966975212097168,8.676634073257446,194.59437810528652,-0.017563263,0.798202548472088,-6.866455e-09,190.57118763185167
589.9933912754059,193.37483299937344,100,8.32325792312622,353.5784559204965,680000,4.7429304122924805,3.347238302230835,0.24979567527770996,67,0.06521153450012207,8.638503074645996,195.42108843521905,-0.020005373,0.7552777245732543,-3.8146974e-09,191.5754801426416
598.8732314109802,193.96126148495284,100,8.531490802764893,353.86714375994575,690000,4.888140916824341,3.3844475746154785,0.2827293872833252,68,0.04617953300476074,8.860635042190552,196.48483476199604,-0.05060224,0.7965236622870999,-3.8146974e-09,191.88346977727682
607.5866949558258,194.61054908653972,100,8.372929573059082,354.87148829439053,700000,4.762092113494873,3.3699467182159424,0.2558555603027344,69,0.06613731384277344,8.695142269134521,196.98972551080675,-0.028950568,0.9305289858114034,-7.629395e-09,192.19437502963652
616.4592530727386,194.93816907897323,100,8.372079372406006,356.15695782491736,710000,4.794674873352051,3.3412539958953857,0.4172813892364502,70,0.06578826904296875,8.855368375778198,197.3292775860042,-0.025964035,1.0495574218529462,9.536744e-10,192.87145526604246
625.2221932411194,191.2112105599849,100,8.420412540435791,352.3520108823692,720000,4.877464771270752,3.308497428894043,0.2614564895629883,71,0.059096574783325195,8.741179943084717,198.37635800536935,-0.025393562,3.2218501770971706,3.0517577e-09,179.43463900557367
633.8181264400482,194.7428042894213,100,8.278632402420044,360.52590038932067,730000,4.708996295928955,3.335230827331543,0.2605476379394531,72,0.040287017822265625,8.579749584197998,199.6261669961007,-0.13674079,2.2366226003637375,7.629395e-09,189.5848882882668
642.471702337265,197.57108526703675,100,8.319015979766846,365.0756529940798,740000,4.727562189102173,3.3469901084899902,0.26703763008117676,73,0.049941062927246094,8.636212825775146,200.1407062122713,0.0074586105,0.7754169693635312,1.6021728e-08,195.76380223345757
651.1776669025421,196.64395950610026,100,8.33547329902649,362.89507631977773,750000,4.764338254928589,3.3356337547302246,0.30884361267089844,74,0.042973995208740234,8.687539100646973,198.52216613572023,0.00029067992,1.0546933289191898,6.866455e-09,192.61754578248602
659.9024331569672,196.02822435808852,100,8.371553182601929,361.06699237067346,760000,4.775919437408447,3.359746217727661,0.294079065322876,75,0.036432504653930664,8.702320098876953,198.07776798390475,-0.043987393,1.1458980401330663,1.2207031e-08,193.00287049670666
668.5998711585999,196.33689361700868,100,8.344619512557983,363.42036743046464,770000,4.702402114868164,3.4028031826019287,0.2447671890258789,76,0.08989071846008301,8.67954969406128,198.65803477703167,-0.03132985,0.8576297914092094,-7.6293943e-10,194.53994636970106
677.2923955917358,194.99043282893345,100,8.35852336883545,362.07912166013347,780000,4.762781620025635,3.361603021621704,0.27756619453430176,77,0.03861045837402344,8.674935340881348,197.06591362718578,-0.03521428,0.9092864292249303,-7.247925e-09,193.05452467640842
685.973283290863,193.69744431118946,100,8.327984094619751,360.8579733107774,790000,4.769116401672363,3.3219680786132812,0.2657182216644287,78,0.06705546379089355,8.66101336479187,196.38855398404795,-0.009071597,1.2208481320348172,5.722046e-09,189.97738882406472
694.7712109088898,193.4615740163082,100,8.407571077346802,360.98080916339785,800000,4.855652332305908,3.317841053009033,0.3373892307281494,79,0.03660917282104492,8.781810998916626,196.971341081888,-0.03094535,1.6770964333351983,1.5258789e-09,188.7920358554711
703.4621307849884,196.43019601455362,100,8.36479926109314,365.51619919834104,810000,4.776808738708496,3.3434460163116455,0.2665278911590576,80,0.037464141845703125,8.669057369232178,199.2136599920237,-0.009589336,1.1924022068650924,-3.0517577e-09,193.16930324957744
712.2587320804596,197.43370996586455,100,8.349440574645996,365.73336510469267,820000,4.760601997375488,3.3449621200561523,0.347609281539917,81,0.07875704765319824,8.777811765670776,199.2515480507933,-0.0468983,0.810745749157637,6.1035155e-09,195.2432797171134
720.8253619670868,197.33030591318436,100,8.227251768112183,366.616942971595,830000,4.744923830032349,3.2443435192108154,0.2686326503753662,82,0.03767561912536621,8.533802509307861,200.8122940847923,-0.046746273,1.1987413952468853,-7.629395e-09,193.76155336289824
729.2891435623169,198.96991239906217,100,8.148000955581665,372.51517299040177,840000,4.679354906082153,3.232492208480835,0.2608001232147217,83,0.03701925277709961,8.446053266525269,203.9371945121828,-0.105046995,2.103595531977191,3.0517577e-09,192.26961099924677
737.7898063659668,200.84392983155743,100,8.17064118385315,377.8695074324655,850000,4.723141670227051,3.2123770713806152,0.27570319175720215,84,0.03602719306945801,8.482593059539795,211.7128049875682,-0.05938473,3.5860866640488243,-4.577637e-09,192.05403974277354
746.2074356079102,193.3304152825539,100,8.094193458557129,363.22219692670836,860000,4.752802610397339,3.1082675457000732,0.2753615379333496,85,0.028416156768798828,8.398210048675537,212.59561026595466,-0.09248408,10.07247986775251,-1.2207031e-08,162.8967260216531
754.6023645401001,125.76320561849533,100,8.077220916748047,226.26625661970112,870000,4.790258407592773,3.0536787509918213,0.2583630084991455,86,0.04139542579650879,8.377250671386719,185.8003650974254,-0.06627175,28.002529497148092,-1.2207031e-08,43.451189003958376
763.0884056091309,134.10249207177333,100,8.102010250091553,239.93446033112667,880000,4.744269132614136,3.1256399154663086,0.3220548629760742,87,0.042737483978271484,8.467271089553833,185.97856094239697,-0.91631436,24.33713493674882,-1.2207031e-08,73.21892429567166
771.5606825351715,123.67533558254911,100,8.119023561477661,202.09982851515122,890000,4.791194200515747,3.091038227081299,0.2603001594543457,88,0.06843280792236328,8.44801926612854,206.69085523815053,-0.021273363,29.90777110411759,9.918213e-09,52.375524034574134
779.9576301574707,183.59126184881015,100,8.057079553604126,341.61789433904926,900000,4.7650346755981445,3.0589632987976074,0.2861354351043701,89,0.03477072715759277,8.378239393234253,207.5768733032308,0.02147594,13.605639579322899,-1.525879e-08,134.443783309749
788.5167739391327,175.3540111114674,100,8.228809833526611,322.39267085439076,910000,4.837083578109741,3.1424009799957275,0.26964282989501953,90,0.04100966453552246,8.539694786071777,197.18221186863036,-0.02654212,9.287993851840481,-1.5258789e-09,156.09753845314378
797.0102353096008,180.2227579296271,100,8.148824691772461,333.3056911392561,920000,4.776563405990601,3.1386709213256836,0.23004651069641113,91,0.09743404388427734,8.476539134979248,199.5334062718648,-0.015602188,9.48234136166814,1.2207031e-08,154.65727929993423
805.3661594390869,190.84990355167977,100,8.023437261581421,358.0133704305143,930000,4.749493598937988,3.0416290760040283,0.2736082077026367,92,0.04192805290222168,8.33945083618164,206.35555755035656,-0.024299698,8.143707115542243,-1.373291e-08,173.7054239328341
813.7490272521973,193.4379426566282,100,7.939112424850464,364.33212836502383,940000,4.687217473983765,3.020594358444214,0.36158013343811035,93,0.06484127044677734,8.365771055221558,203.39045526709333,-0.027515922,5.985222058570316,1.449585e-08,170.39602443012245
822.0585286617279,190.04945784201144,100,7.968245506286621,355.75440869808756,950000,4.658785343170166,3.0745036602020264,0.27564334869384766,94,0.04070758819580078,8.284860849380493,201.35145165649305,-0.023950009,11.699272034983553,-1.8310548e-08,89.42409482094368
830.4728598594666,180.6480329564739,100,8.067298173904419,333.47874136343285,960000,4.781708240509033,3.048358201980591,0.26250243186950684,95,0.06647491455078125,8.396519899368286,193.2835646922281,-0.062620364,7.003364056855658,3.0517577e-09,163.78331773749971
838.8505861759186,156.16693531319447,100,8.063873052597046,278.2210429639179,970000,4.771683931350708,3.0544257164001465,0.2586021423339844,96,0.03602290153503418,8.3587327003479,175.67374916128972,-0.016798804,7.559436165729845,-1.2207031e-08,137.1399605075149
847.1303532123566,163.3868763036602,100,7.976327180862427,294.96911721351853,980000,4.7199318408966064,3.0218887329101562,0.2579941749572754,97,0.029008865356445312,8.263562202453613,184.18121072349453,-0.049578555,6.793623914276128,2.0813943e-08,147.41986947871973
855.6425356864929,183.28562793982465,100,8.076581478118896,341.72361258631094,990000,4.781158685684204,3.0602431297302246,0.30399298667907715,98,0.11278414726257324,8.493609428405762,197.57257525214283,-0.019845765,7.187451607060584,-7.629395e-09,164.28133934573287
864.1020684242249,186.4669659270079,100,8.033868789672852,348.64801715917275,1000000,4.750484943389893,3.0481417179107666,0.3412346839904785,99,0.06718993186950684,8.44254183769226,200.36772030908642,-0.10923367,6.889397396373453,-4.577637e-09,167.31416770668648
872.5600366592407,182.01134730151065,100,8.10507607460022,337.26910895182465,1010000,4.788525342941284,3.0791077613830566,0.24912261962890625,100,0.08191680908203125,8.436352491378784,195.10121900441814,-0.005092145,6.445169159046427,-2.746582e-08,166.0727169902131
880.9258873462677,169.71643920235022,100,8.039700984954834,308.8444124209567,1020000,4.752707242965698,3.053276538848877,0.2669708728790283,101,0.041249752044677734,8.348158121109009,186.4304278036346,-0.03741906,7.827109758376265,9.155274e-09,152.51040503814
889.3615353107452,178.01177591310687,100,8.094042301177979,328.68724214480085,1030000,4.764333009719849,3.0715878009796143,0.26520562171936035,102,0.05851483345031738,8.41802453994751,196.17105058828201,-0.04439037,7.473982404461494,-1.2207031e-08,144.44044041244575
897.6959736347198,187.81506866281714,100,7.995392322540283,351.9099439118026,1040000,4.7115700244903564,3.043450117111206,0.2515065670013428,103,0.06980681419372559,8.316936016082764,205.5692018380668,-0.021167161,9.031316066060953,1.0681152e-08,169.24178269099662
906.1871845722198,190.41116820629196,100,8.123144388198853,357.63027944679203,1050000,4.813883304595947,3.075960159301758,0.24959039688110352,104,0.10053181648254395,8.47351861000061,206.80128704441066,-0.009651576,13.688254036387482,1.2207031e-08,85.04688583746216
914.5645442008972,193.86570848444185,100,8.029663801193237,365.74669248807885,1060000,4.655753135681152,3.139232635498047,0.2619931697845459,105,0.06846809387207031,8.360345125198364,208.67675553065783,-0.04342311,9.803842486701813,4.2724608e-08,161.74910053769634
922.953617811203,196.06097637044522,100,8.022204160690308,369.8144227742103,1070000,4.7203528881073,3.060102939605713,0.27187156677246094,106,0.07678651809692383,8.371107816696167,207.05641689330906,-0.09889697,10.963332023077362,-1.8310548e-08,105.70131968404411
931.393529176712,185.1165926581277,100,8.117856979370117,343.49370735171055,1080000,4.782684087753296,3.1034059524536133,0.268359899520874,107,0.03654646873474121,8.423001527786255,201.41301388134747,-0.018331148,8.139650201613351,-2.746582e-08,157.1034039155945
939.8426558971405,177.47659604598158,100,8.118195295333862,325.2950624608262,1090000,4.756675481796265,3.1187939643859863,0.26007652282714844,108,0.0534207820892334,8.431941509246826,199.51338596207793,-0.079175554,22.57509123587861,-0.010578119,82.50603616010667
948.516242980957,193.3683351423275,100,8.251185178756714,363.5153349367102,1100000,4.880903244018555,3.12337589263916,0.32488322257995605,109,0.07936382293701172,8.655706644058228,205.7749288924427,-0.026736636,15.383123801140476,-1.9836426e-08,106.41086592705935
957.0303444862366,197.52914704186003,100,8.150076389312744,373.9881978382375,1110000,4.757041931152344,3.1513514518737793,0.24644756317138672,110,0.1011960506439209,8.497935771942139,208.02851627251437,-0.012283574,5.230305893798881,-1.8310548e-08,184.12089751180935
965.4852268695831,195.61771215314903,100,8.119765996932983,369.9821045931491,1120000,4.730763912200928,3.139587163925171,0.2457275390625,111,0.07128429412841797,8.437005758285522,206.85207650975346,-0.09112206,5.672520075220877,-0.0037037842,179.71376365735594
973.896190404892,194.8201356395295,100,8.048842668533325,368.1062199561274,1130000,4.743842363357544,3.0636768341064453,0.24563837051391602,112,0.09890389442443848,8.393620252609253,207.93475146136151,-0.0480979,7.233523081548395,-1.449585e-08,172.46968179233824
982.3938076496124,199.5847587017751,100,8.138280391693115,378.96222728863336,1140000,4.8025548458099365,3.095945358276367,0.26191115379333496,113,0.08026409149169922,8.480714082717896,209.4808030637073,-0.030130273,5.909965974209307,-7.629395e-09,177.8757390876715
990.8043873310089,197.25308331780084,100,8.082181453704834,373.66337321532717,1150000,4.7013421058654785,3.1464920043945312,0.2708001136779785,114,0.04001617431640625,8.393250465393066,210.3599156218912,-0.17456017,7.0821139814623,-2.1362304e-08,164.8746934285729
999.2582151889801,192.61699040282136,100,8.122773885726929,363.3924359385899,1160000,4.753101587295532,3.130966901779175,0.2771036624908447,115,0.03571271896362305,8.435834646224976,205.75939351832196,-0.123753786,7.868954138399377,-0.005334003,169.83159841135375
1007.8447091579437,168.67225012861167,100,8.252896785736084,306.2422942346035,1170000,4.91257643699646,3.0980541706085205,0.24358010292053223,116,0.0719602108001709,8.568666219711304,188.121634823035,-0.047215935,11.502081179227332,-1.1825562e-08,137.38596185912053
1016.3504571914673,147.34893952121803,100,8.174340724945068,258.3585866641405,1180000,4.826532363891602,3.1118879318237305,0.27857446670532227,117,0.03483009338378906,8.487968444824219,186.61830507832863,-1.1217661,14.139962516002688,7.629395e-09,105.39477351063108
1024.676884651184,82.46223430512146,100,7.981192350387573,94.75237467033614,1190000,4.677715301513672,3.074190139770508,0.29005956649780273,118,0.03618335723876953,8.30764389038086,196.87548697383778,-0.12641528,35.52523932698901,-7.6293943e-10,46.0431423353685
1033.1189894676208,194.1014065833033,100,8.11907410621643,360.31750318833264,1200000,4.669908046722412,3.2163665294647217,0.26308465003967285,119,0.03976035118103027,8.422147035598755,213.02653345184046,-0.07171153,17.99128248193656,-0.008923719,82.38451988151354
1041.88991355896,189.49528619612065,100,8.428154706954956,351.490207709174,1210000,4.926385164260864,3.2662715911865234,0.257753849029541,120,0.06777834892272949,8.753947496414185,204.9583956926027,-0.005637149,20.67811668089837,9.536743e-09,106.46445167129755
1050.4822812080383,180.237299256628,100,8.251574993133545,332.37055045987387,1220000,4.745508909225464,3.271087884902954,0.28119659423828125,121,0.039707183837890625,8.572718858718872,205.37123840146458,-0.007840649,28.887994700522338,3.051758e-08,82.32636432136505
1059.129251241684,187.9545597587567,100,8.311228275299072,349.2200707926602,1230000,4.776056528091431,3.292961835861206,0.25234365463256836,122,0.06524825096130371,8.629033088684082,202.97472873329792,-0.00934966,17.71788229426591,2.2888185e-09,91.04197897053096
1067.7375373840332,193.7859768483088,100,8.267369747161865,361.80620828904523,1240000,4.755903482437134,3.277700901031494,0.2568531036376953,123,0.06769180297851562,8.592164278030396,201.43745022949838,-0.0032399704,5.336826635939802,2.2506715e-08,170.95493852086332
1076.5665588378906,196.9510027449286,100,8.371521234512329,368.2624940253967,1250000,4.828400135040283,3.3057432174682617,0.40066957473754883,124,0.04047107696533203,8.812901258468628,204.00179351274443,-0.010959662,3.2518949568881625,6.1035155e-09,184.04221076724983
1085.2312846183777,198.54280522908994,100,8.31191349029541,371.6200442452427,1260000,4.747326135635376,3.327773332595825,0.2648012638092041,125,0.06804704666137695,8.645023345947266,206.0090724474475,-0.03672329,6.724036124775974,3.0517577e-09,145.95239240939054
1093.8357336521149,199.92429749835028,100,8.291452646255493,374.7016440719973,1270000,4.7231667041778564,3.3313004970550537,0.2565784454345703,126,0.040256500244140625,8.588503360748291,205.92547154782383,-0.00045480957,5.840670547216954,-6.1035155e-09,151.4350038126587
1102.5857574939728,200.53734202033164,100,8.396798133850098,375.6150266723995,1280000,4.831894159317017,3.3314037322998047,0.28301501274108887,127,0.050876617431640625,8.730945587158203,207.01336086486768,-0.007778082,4.418633293882523,-3.6621095e-08,184.90161528161775
1111.4037206172943,202.72598043211835,100,8.474690198898315,380.17508889691453,1290000,4.902506589889526,3.3353967666625977,0.26275205612182617,128,0.06481003761291504,8.802484512329102,210.57599830330298,-0.010178163,3.771763571864202,-1.2207031e-08,192.6795286950631
1120.0580112934113,201.22498948973072,100,8.307841062545776,376.2777749448245,1300000,4.75850772857666,3.312105655670166,0.2611534595489502,129,0.06860470771789551,8.637884616851807,212.91101548179023,-0.0047820495,4.336772224376653,3.051758e-08,193.74124810924852
1128.724487543106,202.23109561477108,100,8.285783052444458,378.83200965676406,1310000,4.7468321323394775,3.304539203643799,0.2611820697784424,130,0.10328936576843262,8.650494813919067,212.60469596589087,-0.008560042,4.611445657354463,-1.7356873e-08,195.78976372827776
1137.3770895004272,202.80011422199473,100,8.308693408966064,380.67127211040514,1320000,4.738299608230591,3.337841272354126,0.27671170234680176,131,0.04995584487915039,8.63562536239624,211.31545782845382,-0.0021958435,4.5468007017832885,-7.629395e-09,194.54862409562494
1146.0619094371796,204.12472920915866,100,8.30380654335022,384.15265662702825,1330000,4.747447967529297,3.3223156929016113,0.27608299255371094,132,0.03937196731567383,8.619523763656616,212.69869956153252,-0.018982757,4.31914460754242,-2.2888184e-08,195.93747932829544
1154.7031002044678,202.9796013238583,100,8.301957368850708,382.5106028303511,1340000,4.7351233959198,3.329479455947876,0.2780172824859619,133,0.04265999794006348,8.622867584228516,211.87702865838364,-0.0028326523,3.85930108260624,-2.2888184e-08,188.22848691870334
1163.3613801002502,200.061689447962,100,8.323066234588623,375.8650265285172,1350000,4.782241582870483,3.3062262535095215,0.26822996139526367,134,0.04823040962219238,8.639788389205933,210.78173339245717,-0.03292444,5.565674059677728,-1.0681152e-08,176.17961291084933
1171.9954137802124,204.48855131680983,100,8.311829090118408,384.83253910639144,1360000,4.742224931716919,3.3361082077026367,0.2679252624511719,135,0.036673784255981445,8.616652250289917,210.9030452413424,-0.01253211,3.486659126888719,-1.2207031e-08,194.9996881649547
1180.9215326309204,196.85022853175772,100,8.568319320678711,363.9050335103976,1370000,4.9882659912109375,3.3434085845947266,0.2547471523284912,136,0.07540655136108398,8.898730516433716,206.90113109432872,-0.029034995,4.057724551401159,3.0517577e-09,180.78835054813197
1189.5705955028534,194.0323474178309,100,8.320149421691895,356.57601792851415,1380000,4.759998798370361,3.325455665588379,0.2717456817626953,137,0.03927874565124512,8.631444692611694,205.98656724496078,-0.01198667,2.380802773463358,-3.0517577e-09,177.01629152353027
1198.3862001895905,194.23802569217685,100,8.33400011062622,357.4916631064109,1390000,4.774964332580566,3.3224053382873535,0.34064340591430664,138,0.12370109558105469,8.798583745956421,206.60620863116299,-0.04758052,4.557458819496181,-1.9836426e-08,155.08120316972244
1207.014030456543,197.44238302519875,100,8.296159744262695,367.0369695139024,1400000,4.78665566444397,3.2702484130859375,0.2495405673980713,139,0.0659177303314209,8.611884593963623,210.49910456048104,0.0068426803,6.623832579210695,4.577637e-09,157.39968549928548
1215.6270592212677,197.74866912051505,100,8.28516936302185,368.56428739872024,1410000,4.7361228466033936,3.314640760421753,0.2702450752258301,140,0.03949451446533203,8.595137596130371,211.72695719772145,-0.013114041,8.334467016998484,-1.2207031e-08,139.4053024972966
1224.2071125507355,195.6957457076487,100,8.249252080917358,364.12314919704323,1420000,4.727876424789429,3.287364959716797,0.2709829807281494,141,0.03954911231994629,8.560050249099731,207.75333762129443,-0.0039062195,11.866795592886513,6.1035155e-09,134.4572984384616
1232.891905784607,196.86056863923062,100,8.31343126296997,366.59525594108607,1430000,4.780672788619995,3.296564817428589,0.24732065200805664,142,0.10653138160705566,8.667494297027588,209.48134337150736,-0.008247746,10.061515712115304,-1.5258789e-09,121.7958229401436
1241.5143089294434,198.32440053904193,100,8.282938003540039,369.9186390633938,1440000,4.756479024887085,3.2915220260620117,0.2540116310119629,143,0.06644392013549805,8.603625297546387,211.50833469176087,-0.028397381,6.367734830194503,1.5258789e-09,169.88051730237777
1250.2056107521057,199.17061215348127,100,8.369476795196533,370.6680346516092,1450000,4.86438775062561,3.265951156616211,0.2679283618927002,144,0.03569221496582031,8.673330783843994,209.94967868776652,-0.013996158,6.140760846285364,-0.0003875946,166.5706716471233
1258.6950969696045,199.4296608158974,100,8.176069498062134,371.17697127374595,1460000,4.676173210144043,3.2557387351989746,0.2583611011505127,145,0.03835177421569824,8.472991943359375,211.13372769681254,-0.020006916,6.76741905115035,2.1362304e-08,157.5967500654689
1267.29647564888,199.25593112495105,100,8.269711971282959,370.8072854833266,1470000,4.79776930809021,3.2383151054382324,0.2734503746032715,146,0.041764259338378906,8.585172414779663,209.7642737548079,-0.004083705,6.2491239272021835,8.392334e-09,163.45838093899465
1275.7825458049774,196.71799543820197,100,8.081498622894287,365.67519278587025,1480000,4.617539882659912,3.2322940826416016,0.31163954734802246,147,0.0760347843170166,8.469404458999634,210.64071918665587,-0.0022131775,9.403594143195496,-4.2724608e-08,132.03049064475147
1284.3873960971832,198.43311173321462,100,8.188827991485596,369.32181061767494,1490000,4.684240341186523,3.264275312423706,0.34694862365722656,148,0.05284261703491211,8.588873863220215,211.30074949704462,-0.01328183,6.504382209046072,6.1035155e-09,176.3309403335997
1293.0778608322144,199.30282737989336,100,8.30299687385559,370.9074537825582,1500000,4.821677923202515,3.2387735843658447,0.3185575008392334,149,0.042143821716308594,8.67188811302185,210.9915675774053,-0.009316407,5.416572661005144,-1.2969971e-08,167.92035843865767
1301.7281520366669,201.85992755159862,100,8.165735721588135,376.5318641119426,1510000,4.678901672363281,3.255030393600464,0.34993696212768555,150,0.11623501777648926,8.632150411605835,212.35970238510126,-0.02619433,4.5935732216646805,-9.155274e-09,192.59546970320355
1310.2496845722198,203.94628983078698,100,8.11034107208252,381.39458449994424,1520000,4.659775733947754,3.2084076404571533,0.35926103591918945,151,0.03577446937561035,8.505648851394653,213.0181215801507,-0.012971054,5.00793757060386,1.2207031e-08,190.35814685182305
1318.7446744441986,206.07025167484687,100,8.131516933441162,386.59991627922545,1530000,4.679164409637451,3.2194812297821045,0.27955174446105957,152,0.0663754940032959,8.477672338485718,214.9782723822294,-0.021881402,5.574789749997817,-0.0012507477,176.54464188360717
1327.1890726089478,208.5932112818277,100,8.023685932159424,392.8474910952252,1540000,4.624586820602417,3.172813653945923,0.3501420021057129,153,0.05447220802307129,8.42864203453064,213.9594948091324,-0.015765576,4.0409760345238075,-0.0018599457,194.138296139553
1335.781760931015,209.7797917097641,100,8.18087100982666,396.282348590033,1550000,4.756555795669556,3.1968040466308594,0.2911415100097656,154,0.1016395092010498,8.57390284538269,215.07158962672713,-0.024290496,3.6828934359670473,-6.1035155e-09,199.84116915015912
1344.3172373771667,211.5846998416064,100,8.214532136917114,400.09080982928265,1560000,4.760887861251831,3.2191059589385986,0.26386117935180664,155,0.03992652893066406,8.51855754852295,217.27179604234067,-0.003223694,3.7779317936017116,1.8310548e-08,198.69626317324995
1352.821478843689,212.22925618998704,100,8.180019855499268,401.8893741836666,1570000,4.69485878944397,3.2503817081451416,0.2687084674835205,156,0.03892159461975098,8.487890243530273,217.6141472892598,-0.014796616,3.8343610346850454,9.155274e-09,196.15045686509822
1361.4146473407745,212.24210832509883,100,8.269138813018799,402.36717486652947,1580000,4.727965354919434,3.2996933460235596,0.27606916427612305,157,0.03053116798400879,8.575974464416504,219.85224860759016,-0.01909155,4.331026440567101,-0.0022218842,200.28307930404398
1370.059434890747,211.1122485373963,100,8.303588628768921,400.29009442190096,1590000,4.703355312347412,3.3659937381744385,0.25768542289733887,158,0.06458592414855957,8.626098394393921,219.11632859823249,-0.015841166,4.686936039717369,6.1035155e-09,198.65428360392502
1378.7616555690765,210.64382636762286,100,8.3752920627594,399.8150066527124,1600000,4.808385848999023,3.3290343284606934,0.27033257484436035,159,0.039160728454589844,8.685004949569702,219.25959627796954,-0.030484423,4.647423407227251,1.8310548e-08,198.809717547009
1387.3651537895203,212.3124683856231,100,8.264467000961304,404.8447106061634,1610000,4.692538738250732,3.3391005992889404,0.2664060592651367,160,0.05482769012451172,8.586128950119019,218.83862867816632,-0.05818637,4.141628031193994,6.1035155e-09,199.2040462276465
1396.0281801223755,205.8303905154629,100,8.325035572052002,392.9313692024885,1620000,4.763551712036133,3.3198981285095215,0.26775026321411133,161,0.04671168327331543,8.639755249023438,219.15331989573238,-0.020754267,17.782363265008055,-6.1035155e-09,38.96279004706044
1404.6874113082886,208.6966830836817,100,8.325810194015503,399.13646294798855,1630000,4.757749557495117,3.3165810108184814,0.2516486644744873,162,0.06346631050109863,8.641167879104614,220.07336475319156,-0.03096626,6.4505404489687805,-6.1035155e-09,194.4319288933105
1413.21160531044,216.38653006769005,100,8.1802077293396,415.0618924726961,1640000,4.634070634841919,3.31240177154541,0.2497103214263916,163,0.0764763355255127,8.506643295288086,222.73536493498136,-0.02495751,3.4677086182965766,7.629395e-09,203.69683713085576
1421.9960706233978,217.86126553652633,100,8.338838815689087,416.6399150074804,1650000,4.802907228469849,3.3026981353759766,0.35062456130981445,164,0.07683181762695312,8.766572713851929,223.6136986762064,-0.01789993,3.672862198570555,4.043579e-08,199.0877740065437
1430.57759475708,218.10017181261787,100,8.218984842300415,416.68141890062543,1660000,4.69892144203186,3.2820956707000732,0.2482450008392334,165,0.09653162956237793,8.564010858535767,223.81213169411785,-0.02971601,3.544837130528481,-7.629395e-09,205.30588530014256
1439.16850066185,220.74357059574868,100,8.251178503036499,422.4461599702648,1670000,4.741185188293457,3.2662246227264404,0.2579162120819092,166,0.06571340560913086,8.57501769065857,224.0997215460993,-0.03379062,2.118149731348286,-1.2207031e-08,214.04672193534375
1447.7601704597473,222.48112442286677,100,8.152292728424072,426.1560839471185,1680000,4.662407398223877,3.258749485015869,0.38188862800598145,167,0.038092613220214844,8.572516918182373,225.9311973636163,-0.12787631,1.8832810918241973,-1.2207031e-08,216.40313275799207
1456.6615557670593,222.65074972964348,100,8.410633563995361,426.8707247024852,1690000,4.879249572753906,3.2896170616149902,0.3770632743835449,168,0.0837864875793457,8.871762752532959,226.38090372294312,-0.07622601,1.697173271401504,4.577637e-09,215.04634578604802
1465.190328836441,223.72125202911565,100,8.118090629577637,430.1807810332164,1700000,4.61232852935791,3.278491735458374,0.3425736427307129,169,0.04076194763183594,8.501698017120361,227.78445312725196,-0.22917168,1.685711899386171,1.8310548e-08,219.76651103174677
1473.7335691452026,223.8983906446726,100,8.114941358566284,429.9821941594741,1710000,4.620196580886841,3.2616026401519775,0.3054022789001465,170,0.10590004920959473,8.526549816131592,231.16378360573825,-0.008452344,4.088452137386975,9.155274e-09,211.4370703556626
1482.3176748752594,218.22209194202526,100,8.196124076843262,414.9153663378858,1720000,4.742620468139648,3.2241363525390625,0.2817039489746094,171,0.0889289379119873,8.566991567611694,231.9855217614377,-0.017168667,6.39212853601708,-1.2207031e-08,199.55966452820135
1490.8765828609467,227.99720576240207,100,8.208040952682495,438.60897128441246,1730000,4.654883861541748,3.305659770965576,0.27195096015930176,172,0.06170248985290527,8.541934251785278,235.17321806561515,-0.0643731,4.321418750603345,1.5258789e-09,210.86487488704387
1499.4747364521027,230.92687466277962,100,8.20178484916687,447.5422214107059,1740000,4.682338714599609,3.287172317504883,0.27432966232299805,173,0.10224485397338867,8.578616857528687,235.49981433277352,-0.046224456,2.1840369336109693,-3.0517577e-09,224.27977477162455
1508.2022173404694,224.56390754616706,100,8.17807388305664,433.86553456754655,1750000,4.66726016998291,3.276812791824341,0.39524221420288086,174,0.13558578491210938,8.709161281585693,232.6474357360456,-0.05544283,4.369026149110277,4.577637e-09,215.69841908242705
1516.6384823322296,229.3390068975039,100,8.018100261688232,445.3572375354443,1760000,4.524718999862671,3.263443946838379,0.3035104274749756,175,0.0973818302154541,8.419227123260498,236.01061794283837,-0.14380758,2.81105167004598,1.525879e-08,220.03143396156733
1525.3000631332397,225.34098265637888,100,8.231844902038574,432.8401241500874,1770000,4.729480028152466,3.2678310871124268,0.3439290523529053,176,0.06946611404418945,8.645498037338257,235.07946042807257,0.017465109,4.227098809423759,-1.5258789e-09,214.71176399231368
1533.754322052002,213.80546049978005,100,7.971461057662964,404.2286181605116,1780000,4.572445631027222,3.1681125164031982,0.36295151710510254,177,0.10173964500427246,8.436407089233398,226.36914258032294,-0.34111875,4.794806803561611,1.8310548e-08,201.8719073999103
1542.3361225128174,240.3100511476619,100,8.09856915473938,469.26811520990873,1790000,4.653426647186279,3.214390516281128,0.4029698371887207,178,0.06161928176879883,8.563581466674805,248.4973591898568,-0.1888555,6.297597915600494,-2.4414062e-08,195.05725309528162
1551.0027618408203,183.76468309926858,100,8.203683853149414,378.9425072461945,1800000,4.665323734283447,3.306610107421875,0.37920117378234863,179,0.06545424461364746,8.648601055145264,257.35501335500413,-0.27929938,24.814144937626644,9.155274e-09,131.4622448231759
1559.668544769287,218.60611676941636,100,8.213941812515259,436.4882249538995,1810000,4.663547992706299,3.3179221153259277,0.39148521423339844,180,0.03835439682006836,8.644041776657104,255.29945491633535,-0.06780137,27.204863424075203,5.722046e-09,131.05134044313974
1568.2953231334686,241.75461705288112,100,8.090206861495972,477.228858637215,1820000,4.599619626998901,3.259557008743286,0.4770514965057373,181,0.0370633602142334,8.604558229446411,265.360508291191,-0.2585207,14.86512519143564,1.0681152e-08,172.06834241932648
1576.9319951534271,248.1683031471144,100,8.198362112045288,490.64146349174604,1830000,4.685103178024292,3.269932508468628,0.37547898292541504,182,0.0387110710144043,8.612812042236328,259.62973916721745,-0.090735294,12.734315484732932,-4.577637e-09,197.24390323889835
1585.5975422859192,248.24204203107155,100,8.186275005340576,485.92576230337033,1840000,4.7202770709991455,3.2339725494384766,0.3874971866607666,183,0.06969475746154785,8.64384412765503,256.83121619794804,-0.014690191,8.976458417266976,-3.8146974e-09,195.52037857176623
1594.0871794223785,228.50763412064137,100,8.130082845687866,436.1779339964485,1850000,4.67887544631958,3.2196221351623535,0.25794267654418945,184,0.0797567367553711,8.46804666519165,245.97818629566922,-0.0064746398,5.955046467071187,-1.2207031e-08,214.29237634518498
1602.678301334381,227.08486200662395,100,8.23860478401184,432.65641974359926,1860000,4.805079221725464,3.2037363052368164,0.257535457611084,185,0.0740194320678711,8.570550918579102,239.8559830002622,-0.062649906,6.609491446449957,1.2207031e-08,205.75504866195976
1611.256671667099,238.71800105491,100,8.26474642753601,467.93750327602515,1870000,4.787448406219482,3.2431602478027344,0.26363420486450195,186,0.031642913818359375,8.560249090194702,255.65387569678012,-0.008263002,21.364900598789735,0.00329066,151.71953665923778
1619.7976162433624,211.33151971892636,100,8.21323561668396,415.55788119751145,1880000,4.738624095916748,3.2407076358795166,0.251617431640625,187,0.057950496673583984,8.523045778274536,257.12536214842726,-0.027839597,38.25580456188456,1.1444092e-08,137.87723289669816
1628.3995387554169,245.22641885600748,100,8.227792739868164,481.98816275905193,1890000,4.761801719665527,3.231170654296875,0.256192684173584,188,0.10012364387512207,8.584333181381226,255.03987632061245,-0.02846421,15.243058176753365,6.866455e-09,142.7092005149581
1636.9975934028625,240.74479299485796,100,8.229869842529297,467.2349340131516,1900000,4.759970426559448,3.234666347503662,0.2682464122772217,189,0.07973217964172363,8.580361127853394,250.9867806897452,-0.018917164,5.485935252422307,-6.1035155e-09,224.66291615662195
1645.6500940322876,244.84059575542392,100,8.320877075195312,476.5087022628028,1910000,4.80184268951416,3.284404993057251,0.25819849967956543,190,0.05534839630126953,8.634687423706055,252.7877746727831,-0.1128637,4.21336547886428,-1.7929077e-08,234.59972557707502
1654.2257974147797,240.70000371366214,100,8.228821039199829,473.87629147627223,1920000,4.7303760051727295,3.267489433288574,0.26303768157958984,191,0.06633949279785156,8.55846118927002,253.76683744939396,-0.00030133134,16.54956748207355,-3.0517577e-09,157.88351455164786
1662.8434801101685,239.69405567826797,100,8.281866788864136,471.9665556885785,1930000,4.756863117218018,3.285900592803955,0.2687716484069824,192,0.04976344108581543,8.600650548934937,252.70096962159843,-0.16175652,16.56294190031527,-1.5258789e-09,172.91303640810725
1671.372769832611,250.3740759877245,100,8.205011129379272,490.4208056183725,1940000,4.732243299484253,3.2378993034362793,0.27038073539733887,193,0.03620457649230957,8.511834621429443,255.53438416870435,0.004947293,2.476119395727408,-6.1035155e-09,241.20307555142742
1679.9906260967255,239.14317227105056,100,8.25456976890564,462.4514502772932,1950000,4.781373023986816,3.2294793128967285,0.29323387145996094,194,0.0538640022277832,8.60205626487732,246.5899475135678,-0.0019714003,4.010480948128247,3.0517577e-09,228.39317709273197
1688.6578304767609,236.70623241649886,100,8.3096342086792,457.13767359386895,1960000,4.803035259246826,3.26874041557312,0.25507259368896484,195,0.08502840995788574,8.649998188018799,247.21652953693626,-0.06683065,4.548761636622009,-0.0038965484,227.66814583850166
1697.3536722660065,246.0212448692064,100,8.334560871124268,481.2787620908121,1970000,4.817093849182129,3.283062696456909,0.24800658226013184,196,0.0972599983215332,8.680062055587769,252.52815397628606,-0.03244055,3.045685199354609,1.2207031e-08,239.3948417535168
1705.957491159439,246.06967572312712,100,8.250577688217163,484.9225049048743,1980000,4.7402567863464355,3.2730681896209717,0.25502586364746094,197,0.08121204376220703,8.587029457092285,252.2595908595029,-0.02741513,3.3690494775669486,-1.7166137e-08,236.67048924882215
1714.5476791858673,247.2429603044609,100,8.275907278060913,486.8183002734351,1990000,4.743443489074707,3.2956535816192627,0.2532382011413574,198,0.04207181930541992,8.57146430015564,255.03389403783063,-0.069989696,3.4457150600863566,6.4849854e-09,235.15970444195597
1723.131153345108,248.3503834486363,100,8.248166799545288,483.035623147072,2000000,4.759202718734741,3.2558348178863525,0.2595641613006592,199,0.05780148506164551,8.565789937973022,255.04794872601542,-0.021527814,3.9505576354397607,1.525879e-08,232.37752228787815
1731.698426246643,244.01034040025962,100,8.22608995437622,469.10615557835644,2010000,4.786907434463501,3.205029249191284,0.25117039680480957,200,0.0723731517791748,8.549862384796143,253.2185476344958,-0.0608666,4.802858664272737,-1.5258789e-09,214.85703657753587
1740.1884860992432,238.242347777944,100,8.167477130889893,458.6832793097047,2020000,4.709494352340698,3.226674795150757,0.2561767101287842,201,0.04734325408935547,8.471259832382202,252.63888637865563,-0.025298122,12.689209703715894,1.1825562e-08,205.44989020477226
1748.6966478824615,243.93313128605644,100,8.189905881881714,472.6091421102568,2030000,4.734374761581421,3.2231638431549072,0.2638692855834961,202,0.03792619705200195,8.491963863372803,252.11109884936334,-0.06854173,4.144736185432569,-5.722046e-09,225.23640902547422
1757.3778376579285,250.4707976264304,100,8.20882272720337,489.9173824617066,2040000,4.678637504577637,3.2941842079162598,0.38933396339416504,203,0.06540441513061523,8.663787126541138,255.59778327399547,-0.13821496,2.141546865810273,8.773804e-09,243.70552849113227
1766.100239276886,244.0815158899369,100,8.389996528625488,481.45494705608985,2050000,4.873687982559204,3.2820053100585938,0.2684321403503418,204,0.04322338104248047,8.701888799667358,252.25208287910328,-0.0316498,4.303324287497424,-1.5258789e-09,222.95750781973777
1774.801778793335,192.04032139491457,100,8.374634981155396,385.9641861192325,2060000,4.801126480102539,3.3311476707458496,0.27057456970214844,205,0.03872799873352051,8.68416166305542,226.2566368390134,0.0064665712,18.181096395771675,-1.2207031e-08,138.7724900099048
1783.47794008255,180.61001565537418,100,8.206557035446167,367.52447335600004,2070000,4.702162027359009,3.269226551055908,0.3777186870574951,206,0.0716402530670166,8.656146049499512,234.481304698195,-0.05534245,21.446741968369707,-2.4414062e-08,87.04392150772566
1792.046465396881,230.95676609679404,100,8.2012197971344,458.0551318170958,2080000,4.7287187576293945,3.2399187088012695,0.2703690528869629,207,0.07631802558898926,8.548186540603638,250.2318811634291,-0.17231172,14.311382458128977,-1.5258789e-09,178.233314585873
1800.598628282547,245.52449484653647,100,8.22981882095337,482.3333056479676,2090000,4.720749616622925,3.2579445838928223,0.26708078384399414,208,0.03893136978149414,8.536159753799438,255.59368377232255,-0.087881215,3.1319249578819774,3.8146972e-10,237.47560669611548
1809.0480217933655,222.75724972360752,100,8.124745607376099,425.1595524981918,2100000,4.680732250213623,3.2133684158325195,0.2687203884124756,209,0.0393068790435791,8.43299388885498,237.1220740640731,0.0018439041,7.221156919811649,-2.4414062e-08,196.24103293166618
1817.5095691680908,217.6940434878017,100,8.12930703163147,411.96873488926894,2110000,4.721923112869263,3.16259503364563,0.26461362838745117,210,0.047551631927490234,8.442025899887085,234.37966597879102,-0.022126881,6.501963820746377,-3.8146972e-10,203.30123539086526
1826.2099142074585,237.7890277003731,100,8.216660261154175,459.0474789558081,2120000,4.741713523864746,3.2423808574676514,0.3675248622894287,211,0.09832000732421875,8.68270754814148,249.7793172614838,-0.06744263,6.561801390872775,2.4414062e-08,210.61365047335255
1834.943246603012,249.3767981267287,100,8.415928602218628,489.10194953895086,2130000,4.912394762039185,3.265796184539795,0.2619173526763916,212,0.03765392303466797,8.715743780136108,254.23334992361183,-0.023385819,2.259382323986112,-6.1035155e-09,242.23745527422466
1843.5019319057465,243.54168023831227,100,8.214038848876953,479.6297064907009,2140000,4.72580623626709,3.252242088317871,0.27105116844177246,213,0.05324196815490723,8.538752555847168,253.84134984321435,-0.0012284942,7.021695778882948,1.5258789e-09,202.20498269080758
1852.0646636486053,241.36864866559736,100,8.246217966079712,475.6064609316431,2150000,4.7617270946502686,3.2421064376831055,0.2607612609863281,214,0.0374302864074707,8.544663429260254,251.93138145097697,-0.03404718,7.45654641523467,9.155274e-09,206.14456465372214
1860.6935198307037,249.0607931584205,100,8.266152381896973,490.2845955798038,2160000,4.788257598876953,3.245147228240967,0.28102827072143555,215,0.0635991096496582,8.611007452011108,254.96807147317497,-0.014294266,2.901501651628824,3.0517577e-09,238.97005542510388
1869.3158254623413,251.08442394830283,100,8.287517786026001,492.09441222126,2170000,4.817217826843262,3.2326297760009766,0.2508115768432617,216,0.06771731376647949,8.606309175491333,255.98230913611795,-0.013815421,1.7647996776487496,-1.2207031e-08,245.25320754730558
1877.8316023349762,250.01733539565927,100,8.180152893066406,488.5463758377833,2180000,4.753326416015625,3.1929590702056885,0.25372791290283203,217,0.06470394134521484,8.498824119567871,255.16552599552827,-0.021347968,2.248368387137895,9.155274e-09,241.4544458038681
1886.5462110042572,249.34539286940944,100,8.275794267654419,488.06706330840825,2190000,4.786795139312744,3.2428669929504395,0.31714534759521484,218,0.10310554504394531,8.696399450302124,255.5981120748501,-0.01835784,2.365405383027478,-6.1035155e-09,243.43562986899664
1895.2211344242096,250.35257819708968,100,8.356705665588379,491.5908357897874,2200000,4.84869909286499,3.2559897899627686,0.26006412506103516,219,0.041649580001831055,8.658634424209595,254.51935181330384,-0.015713358,1.6361433708286566,-3.0517577e-09,246.35383828631234
1903.7812941074371,250.35046793427802,100,8.22815465927124,492.31135085256426,2210000,4.764784336090088,3.222683906555176,0.2785458564758301,220,0.037512779235839844,8.54447078704834,254.82436644181143,-0.067166336,2.4578483091598597,-3.0517577e-09,241.53670608057715
1912.4192490577698,249.22943862619167,100,8.2937912940979,487.1724478087599,2220000,4.813843727111816,3.2428572177886963,0.2690434455871582,221,0.057213783264160156,8.620518207550049,254.6659255319404,-0.01145094,3.2092488206928556,1.2207031e-08,233.42526914469786
1920.9841763973236,250.45166990852206,100,8.236138820648193,487.3047617222411,2230000,4.779493808746338,3.2191827297210693,0.2702808380126953,222,0.04061746597290039,8.547276020050049,256.8438855581481,-0.0088482695,2.6837965553426675,-3.0517577e-09,242.64803709366223
1929.5639026165009,249.84102262122826,100,8.235597610473633,485.7185299008528,2240000,4.770850658416748,3.2290682792663574,0.28737401962280273,223,0.038271188735961914,8.561445713043213,256.67134477079617,-0.016226562,4.863164846352217,2.861023e-09,232.4946149465627
1938.1084620952606,251.33627145813114,100,8.209066152572632,489.8363525262868,2250000,4.749494791030884,3.219188690185547,0.27829861640930176,224,0.04011082649230957,8.527694702148438,258.58515885876886,-0.02450931,4.038718342717278,1.6784668e-08,227.94971121771508
1946.7999737262726,248.248862205689,100,8.22845983505249,484.9230817222726,2260000,4.769947290420532,3.2238621711730957,0.37052297592163086,225,0.07483029365539551,8.674052715301514,257.8077741500806,-0.009003452,10.797583136619668,7.629395e-09,166.69102775950537
1955.433021068573,246.70595202864263,100,8.313311576843262,483.24791923718243,2270000,4.820839881896973,3.2610678672790527,0.25255441665649414,226,0.0397036075592041,8.606145143508911,257.08284684356903,-0.0408686,11.67692220587759,4.2724608e-08,173.0288217101645
1964.0558149814606,249.84354247669518,100,8.307093620300293,491.1584033146729,2280000,4.769662141799927,3.2928988933563232,0.2515373229980469,227,0.04574990272521973,8.604651689529419,257.82589965271825,-0.01579571,5.412356641565161,1.8310548e-08,221.3363715643693
1972.6376008987427,248.59735796864786,100,8.262779951095581,487.9952825039477,2290000,4.745723724365234,3.2703895568847656,0.2565791606903076,228,0.04366469383239746,8.563377141952515,256.0003253492415,-0.011632678,5.284587822069483,1.2207031e-08,216.82520759004348
1981.2549097537994,255.04383145368095,100,8.295545101165771,501.4982503100003,2300000,4.76984429359436,3.288597583770752,0.2671022415161133,229,0.038336992263793945,8.60120415687561,262.26259474866123,-0.015315692,4.865482873510965,-6.1035155e-09,228.7004630949477
1989.9967441558838,250.02771869648817,100,8.416500568389893,488.31649400690964,2310000,4.941707134246826,3.236258029937744,0.26813173294067383,230,0.03969883918762207,8.72456407546997,262.1812405736151,-0.016754776,15.514024817076061,6.1035155e-09,164.70212674620294
1998.7930781841278,253.3043407484137,100,8.461296319961548,493.61607760495417,2320000,4.882656097412109,3.343583345413208,0.2554335594177246,231,0.06097078323364258,8.777907609939575,263.1034388637884,-0.022077607,16.182851503030797,1.6784668e-08,157.70362709642228
2007.357628583908,248.314951100736,100,8.22902226448059,483.44064384511665,2330000,4.783919811248779,3.2014167308807373,0.25127482414245605,232,0.06551289558410645,8.546051502227783,259.85549230183665,-0.03347693,7.493466926564268,0.0017740296,214.95072250703586
2015.9187088012695,251.2309882594621,100,8.21406364440918,492.52336784185155,2340000,4.746818780899048,3.234447479248047,0.2592744827270508,233,0.06748414039611816,8.541058540344238,259.7220037062356,-0.017069532,4.751585040064438,3.0517577e-09,233.7044254716634
2024.6628119945526,244.7006971960809,100,8.374154329299927,483.5309975403046,2350000,4.866869926452637,3.266740083694458,0.2680013179779053,234,0.08445453643798828,8.726829051971436,259.12119021938094,-0.009923419,13.011074886412311,3.0517577e-09,183.50195636811915
2033.226674079895,247.94693070355828,100,8.227140188217163,490.0124158697183,2360000,4.74255633354187,3.2460811138153076,0.2529120445251465,235,0.06532764434814453,8.545589923858643,259.96060017561166,-0.09045177,10.480078895546313,6.1035155e-09,208.41804934497225
2041.7903022766113,250.49111839612752,100,8.237460851669312,490.9751781988905,2370000,4.771461248397827,3.2310640811920166,0.27856945991516113,236,0.02920699119567871,8.54548168182373,259.16808903351154,0.0024770275,4.536063941525564,-1.6784668e-08,235.58829903544185
2050.308075428009,243.80568994241537,100,8.176481008529663,473.9596156558722,2380000,4.734194755554199,3.206754684448242,0.25644922256469727,237,0.06797432899475098,8.501117467880249,255.52871526177447,-0.020806765,5.490406273152944,2.2888185e-09,222.34151712404724
2058.7368359565735,248.73867218735685,100,8.102943181991577,483.9546699947825,2390000,4.664552450180054,3.207003116607666,0.2727477550506592,238,0.03577089309692383,8.411693811416626,261.2218191900594,-0.04619497,5.488533192002935,3.051758e-08,231.90006660359848
2067.3596811294556,251.4234161643907,100,8.295905351638794,488.0937484764586,2400000,4.79295802116394,3.265101432800293,0.2645413875579834,239,0.04193305969238281,8.602835893630981,262.5280322454445,-0.0163614,17.004046157630153,2.4414062e-08,155.54547457930755
2075.8922069072723,250.017697059766,100,8.21103835105896,486.5558052262688,2410000,4.764141321182251,3.209101915359497,0.26586079597473145,240,0.036041975021362305,8.513183355331421,262.84232112422507,-0.04207759,15.527417665529743,1.8119812e-09,155.34346423288883
2084.449947834015,254.9532223060948,100,8.219769954681396,504.0640816155733,2420000,4.7562713623046875,3.2274057865142822,0.2812652587890625,241,0.03842473030090332,8.539719104766846,262.15141475608505,-0.032238286,5.710278889596006,6.1035155e-09,233.50086617559543
2093.055142402649,246.964731182571,100,8.288220405578613,488.465102041749,2430000,4.787493467330933,3.2651121616363525,0.24955439567565918,242,0.04925107955932617,8.587223052978516,259.87351416629923,-0.05141428,7.545141408816921,-1.449585e-08,206.8626962244272
2101.696743249893,249.83520369168284,100,8.281316757202148,492.5500009434436,2440000,4.8103437423706055,3.2352821826934814,0.24353504180908203,243,0.09871506690979004,8.623797416687012,256.6301840359833,-0.04733026,4.084336929787141,6.1035155e-09,233.6712225341587
2110.3904576301575,251.26599362851033,100,8.314937591552734,494.21845808228596,2450000,4.837477684020996,3.2423014640808105,0.2642056941986084,244,0.09924769401550293,8.678674697875977,257.3471174106882,-0.064410135,3.0387362382349767,-1.2207031e-08,244.17128098416944
2119.014207839966,251.21148916662432,100,8.249679803848267,496.23499030010237,2460000,4.767151832580566,3.2475430965423584,0.28324389457702637,245,0.07196903228759766,8.605134963989258,257.327971904701,0.008002265,2.2554196465427165,-7.6293943e-10,244.79196649450301
2127.7319481372833,248.06578258974093,100,8.35955548286438,490.42944229749924,2470000,4.824488639831543,3.296267509460449,0.2709991931915283,246,0.07108521461486816,8.701863765716553,253.92082440049452,-0.032417,3.4899584559076797,-1.525879e-08,225.0505633868075
2136.3827953338623,250.83913486258257,100,8.241116046905518,495.9546929210464,2480000,4.768774509429932,3.2394869327545166,0.34250307083129883,247,0.04954671859741211,8.633422136306763,255.9811418896129,-0.06299401,2.3713737175640426,1.5258789e-09,242.38774097717956
2144.9567120075226,254.46020189664353,100,8.238234043121338,500.92569176667354,2490000,4.783339738845825,3.2213969230651855,0.2621185779571533,248,0.05182623863220215,8.552426099777222,259.78655154543475,-0.02840838,2.6362568873766805,0.0017914452,243.6385553273438
2153.5177960395813,254.23701420563842,100,8.234401941299438,497.1369220072996,2500000,4.75114893913269,3.2483999729156494,0.2742006778717041,249,0.0366060733795166,8.545454263687134,260.208457324064,-0.0094445655,2.776175894886908,4.577637e-09,246.2718980455615
2162.183991909027,255.16282700592416,100,8.328502416610718,497.99744819720263,2510000,4.876113176345825,3.211146593093872,0.26697802543640137,250,0.04036736488342285,8.636106967926025,260.40456970331013,-0.025755389,2.3158976963570743,3.0517577e-09,249.37653081598165
2170.7989950180054,256.5812141177463,100,8.239293575286865,501.8889647634614,2520000,4.774693012237549,3.204705238342285,0.25093698501586914,251,0.10793685913085938,8.598384857177734,263.082922427244,-0.016839804,2.964846813802204,3.0517577e-09,248.6224333017922
2179.3134410381317,258.14629908382767,100,8.176779985427856,506.939535169559,2530000,4.766097545623779,3.1748697757720947,0.25206971168518066,252,0.0684821605682373,8.497581720352173,262.8666243275665,-0.009734864,2.254849087919963,-9.155274e-09,252.23580740428537
2187.734503507614,256.7497820926639,100,8.080628871917725,504.197541971244,2540000,4.702318429946899,3.145677328109741,0.2561323642730713,253,0.06660699844360352,8.403603792190552,261.4485428483319,-0.018703131,2.9941989857647653,-3.0517577e-09,248.47854687757672
2196.2195434570312,254.54091933080068,100,8.1504225730896,498.98173269176857,2550000,4.770319938659668,3.1382181644439697,0.274306058883667,254,0.04253816604614258,8.467501163482666,261.38196011248056,-0.017358383,4.056281416148306,-3.051758e-08,228.54498264763006
2204.688006401062,251.24668832462365,100,8.138847589492798,490.62913713240806,2560000,4.757570028305054,3.146613359451294,0.24864411354064941,255,0.06513190269470215,8.452869415283203,262.48511390170415,-0.045898035,16.96293225683468,-6.1035155e-09,154.3508395856851
2213.282267808914,248.83494307862145,100,8.175183296203613,486.56726842106576,2570000,4.789543867111206,3.1520841121673584,0.2974214553833008,256,0.10321879386901855,8.576082944869995,261.4876482928452,-0.006847162,19.092319348399062,-9.155274e-09,157.02169384465753
2221.8525381088257,246.75553183357172,100,8.24321722984314,482.47306057149837,2580000,4.825035810470581,3.180765390396118,0.26805782318115234,257,0.04234790802001953,8.55387020111084,260.9613834024636,-0.023041354,19.923990006994924,-0.0039985105,153.72648797645434
2230.4570755958557,252.9012875955297,100,8.279128313064575,494.3660019326107,2590000,4.902938365936279,3.1373887062072754,0.2752349376678467,258,0.031105756759643555,8.585714101791382,262.60229120374385,-0.014940437,4.945736435223193,1.0681152e-08,236.4812000253162
2238.944025993347,253.59870167186185,100,8.158505201339722,496.2162436805011,2600000,4.782276630401611,3.1393754482269287,0.2659122943878174,259,0.04580330848693848,8.47057557106018,262.368998978385,-0.023496699,5.9992794433722265,-0.00086888275,214.39593348992145
2247.3146073818207,255.12510138377453,100,8.068650484085083,498.9629980413672,2610000,4.711623907089233,3.1073625087738037,0.24861502647399902,260,0.036249399185180664,8.353765726089478,263.20078635456633,-0.017665159,4.8202234325808115,7.629395e-09,236.23368990857
2255.4123752117157,253.46511036153836,100,7.797772407531738,496.7506469800727,2620000,4.507118463516235,3.060964584350586,0.24251484870910645,261,0.04039740562438965,8.080950260162354,266.47955586417646,-0.012021753,12.745533784192679,1.2207031e-08,163.53376936259198
2263.6201605796814,245.89399123191765,100,7.881702423095703,483.13020973569166,2630000,4.518296003341675,3.1331169605255127,0.23392105102539062,262,0.07564473152160645,8.19152021408081,264.0426978292875,-0.028932389,25.062319877040572,5.340576e-09,160.61357806866698
2271.765609741211,257.24805821482533,100,7.82515287399292,504.13942248707366,2640000,4.517280340194702,3.0752251148223877,0.2325279712677002,263,0.07190656661987305,8.129836559295654,264.68799702792523,-0.033135395,4.361299399819735,1.2207031e-08,236.15777484578544
2279.9167561531067,259.1740017474433,100,7.8228325843811035,508.4006600480005,2650000,4.487246513366699,3.10610294342041,0.24384713172912598,264,0.06879568099975586,8.135734796524048,264.9928252967784,-0.051325426,3.618257660551959,-5.722046e-09,239.2311576127631
2288.2611031532288,257.2200132681434,100,8.05758547782898,508.02882908438323,2660000,4.618353366851807,3.204847812652588,0.2319657802581787,265,0.038025617599487305,8.327790021896362,266.30843502326155,-0.020014783,9.868214794906248,4.577637e-09,193.04629747406298
2296.565601348877,259.16841871080277,100,7.997093200683594,512.3443241528782,2670000,4.554171562194824,3.2044055461883545,0.22279810905456543,266,0.069915771484375,8.290044069290161,267.7444296735218,-0.015007971,7.7515985131704666,-0.0047995024,232.5720800999693
2304.7860758304596,258.4074193040176,100,7.937523126602173,508.3164309658686,2680000,4.549432992935181,3.1543095111846924,0.23331451416015625,267,0.03581953048706055,8.20690369606018,267.1717287688143,-0.01746786,5.604499120041582,-4.577637e-09,240.50965835863892
2313.06907081604,257.91707654788627,100,8.0035560131073,506.16887221419245,2690000,4.58367657661438,3.184366464614868,0.2355029582977295,268,0.027184009552001953,8.266448736190796,267.8609550719124,-0.020129288,5.1871666342018905,2.4414062e-08,238.39821995628617
2321.3170273303986,258.7627352726568,100,7.964147090911865,505.8197514106157,2700000,4.552549600601196,3.176546812057495,0.22999191284179688,269,0.03947615623474121,8.233821630477905,264.53888974389815,-0.039655,3.0814434694497317,1.2207031e-08,244.0821334311865
2329.93243765831,259.5401018026637,100,8.338809251785278,507.6402224091325,2710000,4.785839796066284,3.3080809116363525,0.2230241298675537,270,0.03778982162475586,8.599843502044678,267.51484288966077,-0.042180482,4.570483691231855,-1.8310548e-08,237.96714575260637
2338.5423386096954,243.9687108733465,100,8.336275577545166,483.29739181787716,2720000,4.759854793548584,3.3315184116363525,0.21954751014709473,271,0.03837013244628906,8.594391107559204,269.82311889325007,-0.015893182,18.06621307879477,-2.1362304e-08,182.40121979528124
2347.145146369934,249.19892381715673,100,8.33950686454773,493.70210837513883,2730000,4.771477937698364,3.3162477016448975,0.2074594497680664,272,0.04151177406311035,8.588739395141602,269.79745206843825,-0.05910866,16.7959379921752,6.1035155e-09,183.89725746350254
2355.742769241333,253.17401445721043,100,8.325825214385986,497.20919562840373,2740000,4.772297620773315,3.3082640171051025,0.21368861198425293,273,0.04366636276245117,8.583421468734741,263.57248982729516,0.00061749876,5.403965071931578,-3.0517577e-09,238.5867995859102
2364.5190114974976,249.46664047129659,100,8.475072860717773,488.3267723215365,2750000,4.830503463745117,3.3955233097076416,0.21427536010742188,274,0.07095599174499512,8.76056718826294,259.1262913873503,-0.07597939,4.8713836369880825,-9.155274e-09,235.18658609440158
2373.141475200653,258.94220067125264,100,8.350065469741821,511.6059415062664,2760000,4.754791736602783,3.3386294841766357,0.21514010429382324,275,0.04211139678955078,8.607567310333252,267.25252967496675,-0.026821218,4.889978924046703,9.155274e-09,235.19270256741277
2381.8968348503113,237.24229642144235,100,8.47280764579773,472.74604430184087,2770000,4.826259136199951,3.4000244140625,0.21131348609924316,276,0.05455589294433594,8.739080667495728,266.2148708170921,-0.2695715,26.79403243089554,-1.1825562e-08,121.95604959853682
2390.540805578232,257.04583715770264,100,8.383390188217163,509.9965918510596,2780000,4.777273654937744,3.360971689224243,0.20897626876831055,277,0.0382843017578125,8.630857706069946,263.4187624391675,-0.11768762,7.169229901880792,4.577637e-09,223.0312749967125
2399.1954033374786,250.64918835876378,100,8.390745639801025,493.52147825959474,2790000,4.797856569290161,3.344949245452881,0.20663094520568848,278,0.04276895523071289,8.640419721603394,256.7954543282385,-0.13941324,3.007611909882333,6.1035155e-09,239.68531840236275
2407.904375076294,228.46889605744383,100,8.420740842819214,439.9226719232062,2800000,4.820473670959473,3.352842092514038,0.23042988777160645,279,0.04320859909057617,8.694655895233154,242.85776384900626,0.026900843,6.2319025433063056,0.018913528,208.17536925871275
2416.600815296173,213.5334311580167,100,8.429458856582642,403.51954332666685,2810000,4.811965703964233,3.3699984550476074,0.21190524101257324,280,0.04093480110168457,8.682517528533936,225.44159754488112,-0.015887477,4.924681018839593,4.577637e-09,201.34104075636944
2425.3662433624268,220.9637551616738,100,8.484875440597534,421.4182782227844,2820000,4.830897331237793,3.402625322341919,0.22323942184448242,281,0.043322086334228516,8.751665115356445,236.5956586895193,-0.057553332,7.154570741364841,3.0517577e-09,199.46847295107207
2434.1518783569336,237.9520871452465,100,8.466339826583862,463.12778828190426,2830000,4.838242530822754,3.3770551681518555,0.26876282691955566,282,0.03713083267211914,8.772472620010376,248.38379857366877,-0.054732576,5.190536532345392,-2.5939942e-08,214.47481591356296
2442.9895107746124,247.5330297480017,100,8.404323816299438,486.8185265978905,2840000,4.774678945541382,3.3839406967163086,0.3661954402923584,283,0.043007850646972656,8.813809871673584,253.03832018069699,-0.06670951,2.890947236740325,6.1035155e-09,236.87867441267554
2451.709802865982,252.7211301048441,100,8.326152086257935,498.56068795016233,2850000,4.730483055114746,3.3515689373016357,0.3133585453033447,284,0.0626518726348877,8.702376365661621,257.4615067689232,-0.031157477,1.872567368105931,-7.6293943e-10,245.332860603858
2460.4400136470795,251.35874416356285,100,8.409750938415527,495.8472931225849,2860000,4.776149272918701,3.384770393371582,0.20837903022766113,285,0.09838652610778809,8.716769695281982,259.7709387919744,-0.038710903,4.894859066087989,-6.1035155e-09,218.96097064315168
2469.1099438667297,254.78584518149822,100,8.406182527542114,501.66455487093134,2870000,4.795459747314453,3.3626084327697754,0.20891737937927246,286,0.041259050369262695,8.656590461730957,261.63156599812885,-0.14280415,3.4761461221391636,-1.2969971e-08,242.12335176732958
2477.840523004532,255.34623774882502,100,8.456397533416748,501.43981571269546,2880000,4.845909595489502,3.3612611293792725,0.21564435958862305,287,0.04406547546386719,8.71633791923523,263.82485979573846,-0.26615295,4.388043680158297,-4.577637e-09,243.59397370385793
2486.4542577266693,247.6599874370751,100,8.340670824050903,485.967385452764,2890000,4.76844334602356,3.326502799987793,0.21537232398986816,288,0.04416799545288086,8.600441694259644,255.7231211017783,-0.075341165,3.5541140475968502,-2.4414062e-08,236.14962364253427
2495.19602560997,245.7815089667473,100,8.464958667755127,484.65397980463933,2900000,4.82660698890686,3.390308141708374,0.22052907943725586,289,0.04115915298461914,8.72689700126648,255.1837673247092,-0.044205725,3.606764375319661,2.4414062e-08,235.19973203958324
2503.929466485977,246.8959162336143,100,8.466522693634033,489.87713544834287,2910000,4.844641447067261,3.373206853866577,0.21900129318237305,290,0.03452730178833008,8.720232486724854,255.88319721799334,-0.043960504,5.367208969528938,-1.8310548e-08,220.37226653812112
2512.6689796447754,217.55581257982237,100,8.44224500656128,429.3807106286562,2920000,4.806542634963989,3.3892040252685547,0.21694684028625488,291,0.06695365905761719,8.726359605789185,256.439179637572,-0.06508942,37.768073459796234,7.629395e-09,117.76006540558909
2521.403995037079,228.830354626429,100,8.452548027038574,452.55733573870174,2930000,4.820616006851196,3.3760528564453125,0.21113276481628418,292,0.056856393814086914,8.721756219863892,255.4687235495017,-0.064150386,26.30600409102661,-6.1035155e-09,146.73961719038175
2530.101767539978,241.91140763807755,100,8.41982126235962,479.16858823261185,2940000,4.812564849853516,3.360302686691284,0.19997453689575195,293,0.0643303394317627,8.684339761734009,256.84977848322495,-0.10231549,12.039289477542487,-4.577637e-09,157.96798669820865
2538.8469371795654,242.20684859057343,100,8.47435212135315,478.93196262164565,2950000,4.831123113632202,3.392477512359619,0.2177748680114746,294,0.0395207405090332,8.731889247894287,255.8542905997374,-0.02770184,7.835937981840552,-4.9591065e-09,188.39914770260273
2547.4889442920685,239.46232341428785,100,8.371516942977905,470.74664447495,2960000,4.771413326263428,3.350980281829834,0.2106611728668213,295,0.0455012321472168,8.627947092056274,255.52617745161317,-0.03940507,7.948228857914639,3.2806398e-08,215.74079302099767
2556.160966157913,232.9193841585966,100,8.40059232711792,467.6340319663032,2970000,4.817981719970703,3.3328945636749268,0.2123568058013916,296,0.0433802604675293,8.656635522842407,257.0756133282473,-0.026043603,17.608288390717867,6.1035155e-09,174.2749872762468
2564.9809260368347,231.97831437301033,100,8.549474000930786,465.8927638343042,2980000,4.895352125167847,3.402146816253662,0.17372751235961914,297,0.08240437507629395,8.805866479873657,257.31349451568127,-0.06739348,18.327974717914884,2.784729e-08,157.319465090427
2574.4682652950287,209.93563343885128,100,9.233612537384033,394.9700348726833,2990000,5.3487677574157715,3.615222692489624,0.19765496253967285,298,0.04290437698364258,9.474420070648193,248.5189278772687,-0.058432747,19.941456924468252,5.722046e-09,159.59796224095246
2583.9233825206757,192.48403396561937,100,9.20280385017395,353.34846086006786,3000000,5.3444929122924805,3.5884480476379395,0.19586896896362305,299,0.042586565017700195,9.441474199295044,226.97519021466894,-0.024139851,17.033732180352857,2.5177002e-08,162.66628017575187
