LossBefore,train-AverageDiscountedReturn,LossAfter,train-MinReturn,train-MaxReturn,train-StdReturn,Time,train-NumTrajs,train-AverageReturn,Time-SampleProc,Time-Sampling,Time-Optimization,train-EnvExecTime,ItrTime,train-PolicyExecTime,n_timesteps,Itr
0.0030688231,-73.91287994196105,-0.59752005,-113.42889779449149,24.661439601691004,31.224513488108137,82.57235193252563,100,-41.87758409050084,0.03556394577026367,73.25138401985168,9.28400707244873,5.1975202560424805,82.57234477996826,67.19225192070007,10000,0
0.016580224,-55.66474534565963,-0.24746387,-203.4083942867007,52.5088261507069,43.111947594812854,123.3493378162384,100,-32.85702175157417,0.027472257614135742,37.60403490066528,3.0158016681671143,4.760176420211792,40.648197650909424,32.298293352127075,20000,1
-0.018492041,-60.6203140097278,-0.2287062,-128.84822001514294,54.92557575277782,36.24650424698881,161.4227499961853,100,-34.79714872370575,0.022021770477294922,34.098670959472656,3.929495096206665,3.922461986541748,38.0509819984436,29.710007429122925,30000,2
-0.00812323,-49.53359875250503,-0.24694805,-157.28408231527044,59.95881829884029,42.28530061103337,201.49647068977356,100,-29.023688263035833,0.02128291130065918,36.17240786552429,3.856734037399292,3.9278531074523926,40.05121994018555,31.770083904266357,40000,3
-0.044447083,-53.96341418540562,-0.32201967,-157.53791571818687,48.21618594069509,41.74967426086241,242.67135906219482,100,-30.785242370862008,0.018273115158081055,37.98667025566101,3.1436350345611572,3.939478635787964,41.14927387237549,33.563541412353516,50000,4
-0.0011178467,-70.04781037393558,-0.25994506,-167.56066485882778,39.05630502176076,44.22732724363464,282.4354908466339,100,-40.79226496155081,0.01979804039001465,36.16682291030884,3.5540060997009277,3.893059492111206,39.741673946380615,31.82864475250244,60000,5
-0.0064167483,-67.14185005422308,-0.56568766,-181.623780685328,33.92329206628587,41.20896910801777,322.0505690574646,100,-38.89613702295062,0.02082204818725586,35.89711403846741,3.673734188079834,3.9596025943756104,39.59231519699097,31.484631776809692,70000,6
0.011306314,-68.91230414842903,-0.47475117,-189.83924555888615,42.655982131008166,40.27734658970906,375.9230649471283,100,-41.55931249964693,0.05849409103393555,49.93917107582092,3.8479809761047363,4.698404550552368,53.84697198867798,44.661346435546875,80000,7
0.002166089,-81.50193609113838,-1.1988385,-250.37080610651105,59.816743241056685,52.92795465481865,418.1280429363251,100,-47.356179828923196,0.020740985870361328,38.67776417732239,3.479123830795288,3.865009069442749,42.178059101104736,34.21372413635254,90000,8
-0.033899304,-266.70522556659944,-0.17518997,-296.5849447294042,88.52004297846212,75.17016030752579,459.95323395729065,100,-144.17823144280015,0.06202411651611328,38.10675096511841,3.632875919342041,4.869365930557251,41.80270195007324,32.69164848327637,100000,9
-0.0028408202,-298.4941371302435,-0.10781223,-323.978868578179,4.573146612861768,69.87924698163998,502.0547618865967,100,-158.46812053609975,0.020818233489990234,37.78623104095459,4.2707130908966064,4.132654905319214,42.078259229660034,33.17303442955017,110000,10
0.013986978,-317.53471977020536,-0.071562596,-302.15183150833656,51.38313496592035,68.06342255000888,540.9823508262634,100,-171.33320078574795,0.02056717872619629,36.10322880744934,2.784614086151123,3.852447271347046,38.909371852874756,31.809317111968994,120000,11
-0.011448681,-312.9003681145158,-0.15271874,-299.586406446357,84.2974043193883,78.44924690152624,574.1408169269562,100,-169.11222869385477,0.019903898239135742,30.89208722114563,2.2213921546936035,3.875779390335083,33.133811950683594,26.553725242614746,130000,12
-0.03623374,-220.95821028369122,-0.2302512,-264.88587320172417,20.131194350825044,59.00582941620757,603.6283710002899,100,-121.48340209101545,0.020984172821044922,27.736900806427002,1.7102861404418945,3.767730474472046,29.468735218048096,23.491140365600586,140000,13
-0.005263086,-195.23765506378194,-0.68823946,-220.02582843603932,98.38433789560248,60.49385967013829,633.8885369300842,100,-108.11271746819133,0.022603988647460938,28.367456197738647,1.8476831912994385,3.7083780765533447,30.238912105560303,24.115313053131104,150000,14
0.007553018,-141.92838800579727,-0.64639765,-204.95172686382915,42.837848026323904,58.61074513746039,664.3304538726807,100,-81.7755742211573,0.01979684829711914,28.5243980884552,1.8765833377838135,3.6512627601623535,30.421140909194946,24.42343044281006,160000,15
-0.0035986817,-161.84431999079857,-1.2865661,-213.99317110955386,15.182310294575874,50.98424832495076,694.2991318702698,100,-92.07954730306714,0.019137144088745117,27.949774742126465,1.9771158695220947,3.653385877609253,29.947423934936523,23.505104541778564,170000,16
-0.00593761,-195.01978256227355,-1.1464525,-241.02943678038474,69.36210912984393,62.166125569616476,723.5160579681396,100,-108.45836743847107,0.01910710334777832,27.25651526451111,1.9164738655090332,3.670423984527588,29.19356894493103,23.145540237426758,180000,17
0.012376062,-128.28866570953014,-0.809454,-178.9086249829794,40.32237431813763,40.208723934958684,753.1046447753906,100,-73.81294779858304,0.0194549560546875,27.69115710258484,1.8525309562683105,3.596980333328247,29.566812992095947,23.655738830566406,190000,18
-0.0044194944,-206.02784273123044,-13.20674,-218.4798063708236,3.447904056562124,41.04593748955416,782.1271748542786,100,-115.75579716337214,0.0200192928314209,27.08916187286377,1.8891041278839111,3.6234703063964844,28.99998903274536,23.02920913696289,200000,19
-0.019111935,-424.357843495005,-0.73879874,-253.97814685807535,-194.3992272583986,10.036348068380843,812.9857778549194,100,-229.6894606124318,0.02207469940185547,28.47081708908081,2.3420863151550293,3.7113988399505615,30.836623191833496,24.31199312210083,210000,20
-0.0024502426,-424.1656852633132,-0.23349981,-254.00258678039378,-195.4298288405873,10.00203387862175,841.2710638046265,100,-230.07391216448875,0.029449939727783203,26.39684510231018,1.8117361068725586,3.5841543674468994,28.240321159362793,22.393380880355835,220000,21
-0.014048402,-426.220636054467,-0.09443245,-255.1996052359486,-195.98034499665224,11.457853297648056,869.4286060333252,100,-231.4317734518306,0.020509958267211914,26.38489818572998,1.72918701171875,3.4478840827941895,28.13610315322876,22.52944564819336,230000,22
0.007840747,-428.27109131578186,-0.05128064,-248.05565967682415,-194.54480141607456,10.22458130363616,896.3051478862762,100,-233.06367843298514,0.021564960479736328,25.07412576675415,1.7581329345703125,3.397387981414795,26.855124950408936,21.272359609603882,240000,23
0.014851367,-425.50147835319723,-0.034698118,-252.8252455559926,-193.64369546140892,10.000855573845483,923.5987339019775,100,-231.49399930591872,0.02017807960510254,25.74388885498047,1.5068340301513672,3.4402658939361572,27.272270917892456,21.89678192138672,250000,24
-0.009751484,-429.38514347387945,-0.06607759,-253.89305265072667,-214.1631390726066,9.305940849987927,951.0379018783569,100,-234.26536697630038,0.019237041473388672,25.50228977203369,1.891045093536377,3.3621022701263428,27.4177668094635,21.733895778656006,260000,25
-0.009272126,-429.33355165068264,-0.034580693,-250.42765452700326,-212.26438616903448,8.702274829725543,978.8233590126038,100,-234.0331320020795,0.019762754440307617,26.036484003067017,1.70638108253479,3.4613242149353027,27.764102935791016,22.173388957977295,270000,26
-0.01870672,-430.65016196196115,-0.038807925,-254.12474578374434,-213.9941920955317,8.495497768667969,1005.5989768505096,100,-234.56982011044832,0.020684003829956055,24.99431800842285,1.73685884475708,3.373000144958496,26.75319194793701,21.22258949279785,280000,27
-0.05107444,-429.75932993772454,-0.09279981,-255.0621676842285,-203.4738598552084,9.815902364219278,1032.2671978473663,100,-234.2119727074591,0.018965959548950195,24.92312979698181,1.7030987739562988,3.300593376159668,26.646528005599976,21.21731472015381,290000,28
0.038136113,-427.1404569177342,0.019112665,-256.97074607332365,-210.0136601361277,9.19635643519986,1058.9978358745575,100,-232.84791852725718,0.01951289176940918,24.93792486190796,1.7460620403289795,3.3409948348999023,26.70927381515503,21.183369874954224,300000,29
-0.0003430664,-431.1031629277807,-0.023423199,-257.1243199313646,-208.11092053110434,9.495839154136208,1085.8247208595276,100,-235.0595185651016,0.019118785858154297,25.05153512954712,1.735084056854248,3.3962981700897217,26.806087255477905,21.250335216522217,310000,30
0.02209577,-428.81780869798246,0.006975293,-254.99135421702226,-211.86115604341043,7.940320882350286,1113.460277080536,100,-233.48740073629423,0.0187528133392334,25.8536319732666,1.7360780239105225,3.456965923309326,27.60983109474182,21.9889235496521,320000,31
0.022430914,-429.3810297956656,-0.016464524,-253.14985546719964,-214.7654809510236,8.790125161490595,1140.1765439510345,100,-234.27021509400637,0.01883101463317871,24.942000150680542,1.7339050769805908,3.3330984115600586,26.69633674621582,21.19989013671875,330000,32
0.02364236,-428.08824862836116,0.02366414,-258.52811184525325,-194.8533886485979,10.40388871328666,1167.5801339149475,100,-233.41838548439043,0.02138376235961914,25.651301860809326,1.7079710960388184,3.4069325923919678,27.382074117660522,21.833030939102173,340000,33
-0.03991859,-429.08507402917536,-0.06649404,-254.52064761932346,-210.00844174565316,8.585569664777056,1194.126942873001,100,-233.96179317209533,0.018893718719482422,24.90862274169922,1.5973386764526367,3.310102701187134,26.525232791900635,21.196415662765503,350000,34
0.017366726,-430.7050391654673,-0.0029747742,-255.19515124620085,-207.52448574814903,9.539011802437592,1221.373477935791,100,-234.70441652509814,0.027331113815307617,25.52011013031006,1.6774539947509766,3.4326672554016113,27.225363969802856,21.680278778076172,360000,35
0.015371759,-430.4134526174181,0.0038403838,-252.78794539688607,-208.30083822375425,8.88817343521832,1248.2836680412292,100,-234.45567370160592,0.01883697509765625,25.169132947921753,1.7029979228973389,3.34511399269104,26.891568183898926,21.42327570915222,370000,36
-0.012237537,-430.5482286997059,-0.022915397,-258.4508986862545,-205.05342782560948,11.166488678180139,1275.504992723465,100,-234.66880188921016,0.02640986442565918,25.406091928482056,1.7656850814819336,3.3537349700927734,27.199517965316772,21.65139627456665,380000,37
-0.030856326,-430.21807499256846,-0.032446705,-251.5726396644724,-211.49281904978363,8.751940508743461,1303.0585339069366,100,-234.29490958392208,0.019767045974731445,25.770617723464966,1.7379939556121826,3.4125888347625732,27.528966188430786,21.947673559188843,390000,38
0.009134421,-426.98536960681986,0.002859941,-251.79269384531852,-204.14570293768185,10.214257157785264,1330.6402959823608,100,-232.15781788678527,0.01883101463317871,25.849114179611206,1.6910910606384277,3.4620635509490967,27.560368061065674,21.974226474761963,400000,39
0.015980348,-430.1259893024903,0.0116119,-256.6889307537901,-214.0437802347674,8.30194224026897,1357.5380260944366,100,-234.48500680011043,0.01961493492126465,25.282280921936035,1.5709691047668457,3.399576425552368,26.876160144805908,21.476768255233765,410000,40
0.0025152343,-428.5324800779846,-0.008004114,-252.74161964980368,-204.77922263529402,8.837573841890919,1384.4544298648834,100,-233.18023619288994,0.019260168075561523,25.169448137283325,1.7052059173583984,3.326871156692505,26.895169019699097,21.441736459732056,420000,41
-0.010146823,-429.01125844851913,-0.027494287,-253.08614633838778,-209.67245664974487,8.271101495959014,1411.9464988708496,100,-233.38669437402888,0.019153118133544922,25.718533992767334,1.7319841384887695,3.381988525390625,27.471117973327637,21.931039571762085,430000,42
0.0053394362,-428.4388172979113,0.0020245025,-259.3975541156298,-186.467101385061,11.506029825849069,1439.054105758667,100,-233.1565342690537,0.01887226104736328,25.543522119522095,1.513948917388916,3.3474526405334473,27.08581519126892,21.787044525146484,440000,43
0.020806927,-431.2654259773237,0.0016183136,-257.3239346920317,-203.52809424117106,10.228272026613537,1467.2261319160461,100,-235.0118259350407,0.01840806007385254,26.451093196868896,1.6727721691131592,3.5571961402893066,28.151446104049683,22.480080127716064,450000,44
0.009245012,-427.57920087422104,0.0031230391,-252.79573031561853,-193.76436345660343,9.303645969261671,1498.5555458068848,100,-232.77175953492727,0.024837970733642578,29.515464782714844,1.7658371925354004,3.7059526443481445,31.3074951171875,25.24960708618164,460000,45
-0.030868415,-430.3987151727504,-0.048233464,-254.46612366609153,-209.51822797082295,9.737486448157018,1526.336434841156,100,-234.77595090775245,0.021237850189208984,24.975870847702026,2.754931926727295,3.5299875736236572,27.752408027648926,20.98392391204834,470000,46
-0.0005183151,-429.18358394043776,0.0011475586,-252.61522064385406,-212.27800605365303,9.269686124194624,1553.5788788795471,100,-233.54438349625187,0.019063949584960938,25.33891010284424,1.8623919486999512,3.4357948303222656,27.220734357833862,21.494952917099,480000,47
-0.019100223,-428.72652483750505,-0.042698838,-253.144287320984,-210.31235886432637,9.663824548554956,1581.2452058792114,100,-233.85804155077116,0.021561145782470703,25.863802194595337,1.7366769313812256,3.373901605606079,27.64509081840515,22.076521635055542,490000,48
-0.0068252077,-426.20769601507754,-0.014071792,-251.82220579033486,-200.34948614017983,9.845239139094465,1609.4548208713531,100,-232.38217919733776,0.0205838680267334,26.443131923675537,1.7161519527435303,3.47217059135437,28.187246084213257,22.56281805038452,500000,49
0.03502018,-430.49177360256175,0.026079236,-254.44464164448064,-202.72620072065456,10.414385761120785,1636.2035598754883,100,-234.6731590046568,0.01918196678161621,24.941797733306885,1.7670891284942627,3.3813328742980957,26.728665113449097,21.153408527374268,510000,50
0.0013028625,-429.2478305790861,-0.023958031,-256.41808911148894,-207.69306357612447,9.0703401940106,1663.9785270690918,100,-234.02896587562498,0.01938486099243164,25.893913984298706,1.839554786682129,3.4625110626220703,27.75400710105896,22.020002603530884,520000,51
-0.014511853,-430.8989056383687,-0.037000917,-250.36200848388182,-192.1490220121127,10.11377941291499,1691.985081911087,100,-234.7306582668532,0.02021503448486328,25.237181901931763,2.727473020553589,3.410081624984741,27.985419988632202,21.415379524230957,530000,52
0.011494352,-429.96761840539943,-0.006577879,-252.93292232943344,-207.26313625209147,8.851895451579024,1720.7055587768555,100,-234.23052743286746,0.01988673210144043,26.829771995544434,1.8530900478363037,3.458343505859375,28.703144788742065,22.956082105636597,540000,53
0.008037637,-430.46051567622436,-0.0015277863,-255.20818012076793,-210.7400473372024,8.79892743354459,1749.5746808052063,100,-234.47520202385337,0.021824121475219727,27.08485507965088,1.7405009269714355,3.679044246673584,28.848536014556885,22.971489191055298,550000,54
-0.022130359,-429.1348271407221,-0.059045613,-258.1915374526384,-209.31438806701254,9.06147161226553,1777.6311769485474,100,-233.77829585803755,0.02031683921813965,26.311890125274658,1.700814962387085,3.4109256267547607,28.037073135375977,22.486734628677368,560000,55
0.013218954,-429.8415236317229,0.0049113417,-254.32411224727605,-215.17387068024868,9.142965061685526,1804.3579919338226,100,-233.81449524762706,0.019269704818725586,24.979538917541504,1.7048828601837158,3.431993246078491,26.704063177108765,21.129687070846558,570000,56
-0.0106989015,-428.3204177088896,-0.02345727,-258.0318173951557,-205.70949306006867,10.021557606369484,1831.3926117420197,100,-233.81658327925342,0.018967866897583008,25.299792766571045,1.694021224975586,3.4029979705810547,27.014132976531982,21.48653769493103,580000,57
0.019258652,-428.81276978980515,-0.006742389,-257.2072030540943,-198.76211327698502,10.069888028022353,1858.1510999202728,100,-233.5408217795875,0.018951892852783203,23.82706570625305,2.8892900943756104,3.3730368614196777,26.736615896224976,20.04255700111389,590000,58
-0.012531118,-429.5611046040763,-0.016291058,-254.72842868061565,-208.66641569042778,9.626535755711496,1886.8078799247742,100,-233.91461385492002,0.019412994384765625,26.901859760284424,1.7125937938690186,3.4950039386749268,28.635324001312256,22.98148465156555,600000,59
-0.0213818,-429.33964376928566,-0.05921648,-250.38290913954177,-212.64444833903036,8.13684362746982,1915.1161859035492,100,-234.35478426577637,0.019215106964111328,26.3857159614563,1.880558967590332,3.607163667678833,28.28693699836731,22.334105253219604,610000,60
0.016700294,-429.4238509586101,-0.012396122,-259.6167279594184,-205.32830477010958,10.021848882803615,1942.0123720169067,100,-234.3072516891381,0.016924142837524414,25.332087993621826,1.5255107879638672,3.444845199584961,26.874910831451416,21.471949577331543,620000,61
0.004636786,-428.17696375733533,-0.01285564,-252.4474587834555,-203.792599879675,9.38891588525961,1968.9748277664185,100,-233.34833745058455,0.018676042556762695,25.261156797409058,1.6613359451293945,3.412407875061035,26.941516637802124,21.435936450958252,630000,62
-0.013133972,-428.36199683869563,-0.03585124,-260.3652628791103,-214.41040290078982,8.472908881046047,1995.7102489471436,100,-233.5813699749632,0.019214868545532227,24.95715880393982,1.7390527725219727,3.389702558517456,26.7157940864563,21.156699180603027,640000,63
-0.0063812025,-428.9395991281402,-0.014789959,-254.36232552502443,-216.41964646213938,8.666004142269887,2022.989744901657,100,-233.51763753296257,0.018793106079101562,25.542099952697754,1.6983661651611328,3.470073699951172,27.259621143341064,21.64750337600708,650000,64
0.014031869,-432.9716838026,0.0004683197,-258.16825524749044,-204.01216321841645,9.243912211785462,2049.768079996109,100,-236.2746028734335,0.02005290985107422,25.015336990356445,1.719933032989502,3.4171595573425293,26.75675392150879,21.189309120178223,660000,65
0.014231928,-428.6701675792286,-0.0047585694,-254.20193127177762,-207.76677991445737,8.929986701602159,2077.453405857086,100,-233.60643667758603,0.019263267517089844,25.91336178779602,1.724268913269043,3.510050058364868,27.665818214416504,21.98233413696289,670000,66
-0.010394815,-429.37380621687805,-0.02385563,-253.87446616917154,-204.31802413116574,9.386688794946503,2104.349618911743,100,-234.23516509216907,0.018910884857177734,25.16074228286743,1.6942181587219238,3.42307710647583,26.875449895858765,21.324907302856445,680000,67
0.0048992815,-431.52684076747323,-0.013550046,-254.18588273634597,-210.82755530331863,9.03012822157855,2131.208004951477,100,-235.39743843426228,0.018882036209106445,25.091970205307007,1.7248761653900146,3.4040048122406006,26.837170839309692,21.27607774734497,690000,68
0.032954983,-430.6742075825577,0.020710148,-255.4277205405823,-211.7159198900085,8.637364797893209,2158.473452806473,100,-234.85998452829844,0.019288063049316406,25.43589997291565,1.7872040271759033,3.446601629257202,27.243820905685425,21.576096773147583,700000,69
0.03380962,-429.97340394996036,0.03211742,-258.6897378340134,-206.43312216768808,10.541624763125833,2186.0614516735077,100,-234.23820691615612,0.01948714256286621,25.751821994781494,1.7955100536346436,3.5123605728149414,27.567389011383057,21.79392409324646,710000,70
0.009916953,-430.0350392892408,-0.027047625,-251.42893492853415,-207.89032086315817,9.015483393268156,2212.5211279392242,100,-234.48686747041364,0.01884007453918457,24.719826221466064,1.6975078582763672,3.3690764904022217,26.437565088272095,20.931115865707397,720000,71
-0.0031322585,-431.7442704499684,-0.033309076,-257.82237328388675,-211.59740732405837,8.980192874027145,2239.2579839229584,100,-235.3708435988222,0.01895904541015625,24.896063089370728,1.8002471923828125,3.457547187805176,26.71566915512085,21.01078176498413,730000,72
0.029062543,-429.35833534256585,0.01642659,-252.01385093404892,-201.05908946838488,10.265535866065067,2265.96630191803,100,-234.28864317003033,0.01700592041015625,25.160747051239014,1.508608102798462,3.432002067565918,26.687612056732178,21.316230535507202,740000,73
-0.026353339,-430.276477832281,-0.052742723,-254.24291843816457,-211.2371999365355,10.089874951641985,2292.303039073944,100,-234.56686205900726,0.01891613006591797,24.641366720199585,1.6496641635894775,3.4550836086273193,26.311327934265137,20.773810625076294,750000,74
0.016459106,-425.81945877884283,0.0027193725,-250.3373580584721,-203.93063270815588,9.09165890827092,2319.4450528621674,100,-231.989306023772,0.018730878829956055,25.403488159179688,1.6954691410064697,3.3839075565338135,27.120885133743286,21.612937927246094,760000,75
0.03204063,-431.53593594624004,0.034879018,-255.20563151921513,-196.23498244278983,9.564371215242435,2345.559565782547,100,-235.24327158353412,0.018806934356689453,24.58630394935608,1.487257719039917,3.393641710281372,26.092740058898926,20.781699180603027,770000,76
0.00080852356,-429.8890023163403,-0.050066713,-256.33934699407376,-211.07275207959952,9.302836550598752,2373.2022659778595,100,-234.26562138558768,0.01935720443725586,25.86656904220581,1.7346768379211426,3.5201306343078613,27.62202501296997,21.928488969802856,780000,77
-0.004246486,-432.28309677510236,-0.0153557435,-253.54984061465342,-201.97984756727067,9.657930940498789,2399.9540078639984,100,-235.60240255454468,0.019179105758666992,25.05205512046814,1.658884048461914,3.5072824954986572,26.73048973083496,21.129661560058594,790000,78
-0.01585337,-426.6938461881324,-0.08076326,-250.01193360606632,-199.4865598297123,9.049988176871091,2426.086319923401,100,-231.91570344634215,0.01931476593017578,24.382158756256104,1.7089741230010986,3.3931658267974854,26.110811948776245,20.580402851104736,800000,79
0.008007098,-430.1113754662519,-0.0035510743,-256.10242525042156,-203.96510001630392,11.181932296173002,2452.7932498455048,100,-234.40808359439328,0.01883697509765625,24.955689907073975,1.7110588550567627,3.4601237773895264,26.686110019683838,21.08859658241272,810000,80
0.02143826,-430.83724150763936,0.0076370467,-251.67388395773932,-205.0505364667869,8.454146631532607,2480.0233938694,100,-234.64766330514175,0.04273724555969238,25.204479932785034,1.9607841968536377,3.4042696952819824,27.209707975387573,21.383466243743896,820000,81
0.010237305,-428.2879756631788,-0.027709445,-251.17579570061795,-206.9581055071843,9.600124886428745,2506.328267812729,100,-233.029855526334,0.017354965209960938,23.972698211669922,2.2830419540405273,3.46694278717041,26.283727884292603,20.099504947662354,830000,82
0.014216742,-429.2974946135497,-0.010195349,-253.31332476817343,-210.565652755061,10.388809850769888,2532.3104457855225,100,-233.97853473644375,0.019564151763916016,24.218265056610107,1.7290549278259277,3.445509910583496,25.967232942581177,20.35263442993164,840000,83
0.013944595,-432.07134490129727,-0.009885974,-252.9189216753618,-206.81610744325926,9.551107735032705,2558.8148918151855,100,-235.59833064797044,0.0193941593170166,24.779187202453613,1.6845331192016602,3.5047881603240967,26.483476877212524,20.84985852241516,850000,84
-0.017745983,-429.14026018673366,-0.04422596,-253.02707058244107,-213.865261697478,8.371806820415149,2585.1732199192047,100,-233.52134164288063,0.02020716667175293,24.43962526321411,1.8776371479034424,3.438607931137085,26.337817907333374,20.58546471595764,860000,85
-0.030617645,-428.0014572721307,-0.02849674,-252.00070156256265,-207.43357225712836,10.00325734230822,2611.7426488399506,100,-233.26629641670522,0.01906299591064453,24.816675186157227,1.7086091041564941,3.447815179824829,26.54470205307007,20.94356107711792,870000,86
-0.036201354,-431.09967575728484,-0.058889195,-254.1987101869866,-201.52387277442054,9.671615466464964,2638.65713095665,100,-234.98052074970502,0.018603086471557617,25.257500886917114,1.6175971031188965,3.5389811992645264,26.894078969955444,21.303462028503418,880000,87
-0.019883042,-429.4202901705271,-0.081625596,-254.45178326656932,-209.14813894515135,9.06948070363749,2665.1603417396545,100,-234.02056782438362,0.018709897994995117,24.836646795272827,1.6252551078796387,3.4515902996063232,26.482021808624268,20.971676349639893,890000,88
-0.015991967,-431.04640416817665,-0.038303155,-260.67497006754616,-210.73149060246817,11.142899829196956,2691.462749004364,100,-235.04486445489437,0.01896190643310547,24.592923879623413,1.6654961109161377,3.4438276290893555,26.277786016464233,20.73532462120056,900000,89
-0.006051451,-427.70007912811343,-0.02930002,-254.94668799434297,-202.48199178890653,10.44183232000662,2717.618988752365,100,-232.78295373440025,0.020380735397338867,24.460871934890747,1.654094934463501,3.430840015411377,26.135746240615845,20.607922315597534,910000,90
0.016154727,-430.3265765799786,0.008677823,-253.50432758641398,-208.55179561057437,8.890362119216375,2743.620547771454,100,-234.5306599693093,0.019448041915893555,24.288005828857422,1.6727921962738037,3.4202377796173096,25.980746030807495,20.452944040298462,920000,91
-0.0150874,-427.901785855411,-0.035434365,-252.68321149880833,-211.28462068053707,9.855587517005894,2770.981798887253,100,-233.29629473898586,0.01876997947692871,25.60117197036743,1.7205500602722168,3.465796947479248,27.340925931930542,21.71251106262207,930000,92
-0.008994143,-429.12216453868655,-0.0070749237,-254.05855270281882,-208.28735291093264,9.766191514651466,2797.483857870102,100,-233.62385244218902,0.019256114959716797,24.847844123840332,1.6138689517974854,3.5611915588378906,26.481598138809204,20.86350393295288,940000,93
-0.00399664,-428.6426563962848,-0.015184357,-252.8315670644084,-201.83407420723253,10.098696215611254,2823.6968610286713,100,-233.76069983601363,0.018672704696655273,24.518681049346924,1.6542041301727295,3.450916290283203,26.191905975341797,20.656157970428467,950000,94
0.005613597,-428.3271856230432,-0.0006771805,-254.6393803406231,-208.38028632765403,9.639733693839926,2849.7099180221558,100,-233.4105343034579,0.020572900772094727,24.273329973220825,1.698319673538208,3.4365899562835693,25.992635011672974,20.41536521911621,960000,95
-0.028317148,-432.8194955501213,-0.0626786,-255.20425825555023,-214.79191883405352,9.237762527705243,2875.922832965851,100,-236.28670149753515,0.019015789031982422,24.506062984466553,1.6662793159484863,3.5354087352752686,26.191725969314575,20.550833702087402,970000,96
0.0038744705,-426.1428252122397,-0.011370023,-256.6740856971135,-206.4299860711575,9.659384432417019,2902.669593811035,100,-231.84708998412574,0.019304990768432617,24.804610013961792,1.9031670093536377,3.4961495399475098,26.72742509841919,20.86451292037964,980000,97
-0.023858951,-430.5015354051918,-0.021994503,-256.1224555355578,-207.0731951860151,9.699112242646384,2929.4224729537964,100,-234.94175572915344,0.019964218139648438,24.503479719161987,2.2096121311187744,3.4670286178588867,26.73350501060486,20.623411655426025,990000,98
-0.0025549394,-430.5775258788066,-0.015129376,-253.26730199766826,-198.55398585337358,10.84170181049266,2956.45134973526,100,-235.09007862680465,0.018954992294311523,24.691087007522583,2.2968618869781494,3.6212399005889893,27.008301734924316,20.644635438919067,1000000,99
0.0099040875,-429.3958844632364,-0.019582305,-254.16641811833196,-207.87225057634214,9.002399975525176,2983.2424228191376,100,-234.1146221395425,0.01897597312927246,25.232861042022705,1.5202860832214355,3.569213628768921,26.772551774978638,21.215442657470703,1010000,100
-0.029524108,-431.25986720017505,-0.061673805,-256.9220097998434,-211.95390067205497,9.71971785337027,3008.9324519634247,100,-235.24492218003437,0.018851041793823242,23.972318172454834,1.6726188659667969,3.431257963180542,25.66414499282837,20.12844181060791,1020000,101
0.024360808,-428.69405859037784,0.014674399,-251.37125303801363,-212.95420487855225,8.693282362696191,3038.0585627555847,100,-233.62271025410126,0.021239757537841797,27.121336936950684,1.9585778713226318,3.5250751972198486,29.104863166809082,23.177578687667847,1030000,102
0.0021766282,-428.1144376809799,-0.020460008,-256.2538721386916,-201.65549971810972,9.749320591978236,3064.3589248657227,100,-233.02726644949,0.0247039794921875,24.52662706375122,1.7278363704681396,3.515906810760498,26.279534816741943,20.59373426437378,1040000,103
0.0024346558,-430.29395668839175,-0.0080956025,-253.3843359830657,-212.48091867586606,8.63635852745566,3090.747717857361,100,-234.51211521434732,0.01987290382385254,24.522911071777344,1.824908971786499,3.487706184387207,26.368112087249756,20.6129310131073,1050000,104
0.03554641,-432.3278834974987,0.026251502,-252.82375751283726,-205.04828646646015,8.499063123612896,3116.9106738567352,100,-235.55290447299612,0.02005791664123535,24.428308963775635,1.6936419010162354,3.4944422245025635,26.142510175704956,20.514436960220337,1060000,105
-0.0016208389,-429.9368939948738,-0.032358304,-256.87047209172846,-204.82445960092895,10.063377265427993,3142.8203508853912,100,-234.09859480334174,0.01956462860107422,24.21766710281372,1.6513128280639648,3.470014810562134,25.8890380859375,20.32829785346985,1070000,106
-0.021498654,-430.6393869537639,-0.05018543,-253.16663832353726,-209.46304386179455,10.462447037798505,3170.180410861969,100,-234.55690765855917,0.018718957901000977,25.65212607383728,1.666923999786377,3.72701358795166,27.339120149612427,21.493396282196045,1080000,107
-0.014217537,-428.14984492260004,-0.024987303,-256.19646301835195,-208.5822173670649,7.985404681625797,3196.730703830719,100,-232.97171207374527,0.01932382583618164,24.817893028259277,1.6911940574645996,3.533557891845703,26.52906608581543,20.86987280845642,1090000,108
-0.023696378,-431.8371659681681,-0.04871816,-255.32695814246165,-212.34564344025998,10.132551329973305,3224.4807827472687,100,-235.61357908966795,0.019186019897460938,26.021955013275146,1.6872127056121826,3.595588207244873,27.72896099090576,22.00765824317932,1100000,109
-0.019725652,-430.21525549787964,-0.041463714,-255.26812483500913,-208.18974061454267,10.08442190069649,3250.5240128040314,100,-234.69267517767577,0.01862621307373047,24.314775943756104,1.685828685760498,3.4313204288482666,26.021649837493896,20.462263345718384,1110000,110
0.0036176627,-427.1028261978674,0.000991787,-255.23787984321743,-206.72654203667017,8.923226201382894,3276.505190849304,100,-232.4489632290438,0.018043994903564453,24.407788038253784,1.533418893814087,3.4747514724731445,25.959614038467407,20.519007921218872,1120000,111
0.027217243,-428.6962209024808,0.020693904,-253.84312230603922,-207.30895124952252,10.046055693859875,3303.096033811569,100,-233.73933492914253,0.019409894943237305,25.042393922805786,1.5079548358917236,3.4876413345336914,26.57011103630066,21.116843938827515,1130000,112
0.04678994,-429.08582175329553,0.038183376,-251.77981004557404,-206.62291124405323,9.999960699897215,3329.494281053543,100,-234.29686533068747,0.019281864166259766,24.85816788673401,1.4988677501678467,3.6442947387695312,26.377660274505615,20.797300815582275,1140000,113
0.036170416,-428.7701497050685,0.01530715,-251.88390892889188,-209.3061820130583,9.038518974627912,3355.513032913208,100,-233.47102374683536,0.01864910125732422,24.27323603630066,1.7048990726470947,3.4802584648132324,25.997191190719604,20.37608289718628,1150000,114
-0.0029368836,-430.1925285116411,-0.012504728,-258.041333198606,-210.63849906420643,10.453961091525775,3382.2190511226654,100,-234.64638686652387,0.021712779998779297,24.904978036880493,1.7582838535308838,3.4650497436523438,26.68546199798584,20.952243328094482,1160000,115
0.0100277895,-424.7306047984904,0.0030859832,-249.53306054140276,-186.84635425836285,10.111864870761211,3410.563164949417,100,-230.87416646833313,0.019282102584838867,26.550769090652466,1.751814842224121,3.574294090270996,28.323307991027832,22.55687713623047,1170000,116
-0.03371761,-430.4985518477995,-0.048195228,-255.56299628255897,-199.22381466284037,9.090019041851813,3448.447651863098,100,-234.5868991665046,0.024702072143554688,34.371578216552734,3.461682081222534,3.874066114425659,37.86314511299133,29.985763788223267,1180000,117
-0.00019311524,-427.8827849631567,-0.014985486,-257.2291266990168,-184.11557022730304,11.357680727535385,3483.5558738708496,100,-233.10309857948448,0.03018474578857422,32.74354791641235,2.30318021774292,4.063751459121704,35.07887887954712,28.176103591918945,1190000,118
0.0145486295,-429.82044100271565,0.009225856,-255.1966220944827,-209.4282876692073,9.5315591098994,3521.639992952347,100,-234.30641148189022,0.026746034622192383,35.28926420211792,2.7399179935455322,4.2628984451293945,38.057470083236694,30.511213064193726,1200000,119
-0.02012346,-429.5500347158998,-0.037670556,-256.5259841039017,-205.11624704794045,9.091272313306545,3560.9666798114777,100,-234.4394433107234,0.023303985595703125,37.44170022010803,1.83958101272583,4.31181001663208,39.30629205703735,32.491316080093384,1210000,120
0.050892185,-431.22089365345545,0.04798867,-256.18981006605645,-211.44293046047122,8.175293351867062,3600.9592797756195,100,-235.23755398400706,0.02539205551147461,37.08390498161316,2.8421099185943604,4.816839933395386,39.95566415786743,31.761051416397095,1220000,121
0.00890695,-430.9843583920594,0.0022421265,-258.53068046546935,-209.89338424692238,9.397056983957077,3638.4485998153687,100,-235.041951343926,0.020918846130371094,35.06133580207825,2.3813540935516357,4.118903636932373,37.46882772445679,30.463903665542603,1230000,122
0.00745119,-425.6898012922869,-0.004417363,-257.6323696810633,-204.4677177086992,10.415148235722699,3729.764664888382,100,-231.75620964359803,0.05091595649719238,88.51000809669495,2.486204147338867,4.979328632354736,91.29416990280151,82.98463106155396,1240000,123
-0.010438552,-425.92322632207464,-0.017703768,-257.208168738362,-201.62048559013712,10.361327608377797,3797.1224298477173,100,-232.54989321910904,0.04876995086669922,65.12893795967102,2.148841381072998,4.349761486053467,67.32826590538025,60.290141105651855,1250000,124
-0.011699658,-431.2459427552815,-0.040060036,-258.97595239397543,-209.94252889922691,9.015284641236418,3862.8257608413696,100,-235.40296920946273,0.026504039764404297,63.51393914222717,2.1328749656677246,4.166892051696777,65.67434978485107,58.66179943084717,1260000,125
-0.015021765,-431.0789730081299,-0.028888563,-257.2343614878278,-212.2559088952242,9.6028535764763,3928.00585603714,100,-235.03426501509406,0.025913715362548828,62.63215684890747,2.4992709159851074,4.0656211376190186,65.15814089775085,58.07507038116455,1270000,126
0.0059440127,-429.84210756405594,-0.017149542,-258.19640540072123,-211.10953443177735,9.468651267645969,3991.5294148921967,100,-234.31223094707337,0.022237062454223633,61.35736012458801,2.1175873279571533,4.137455701828003,63.49869418144226,56.768802642822266,1280000,127
-0.01965257,-430.08879814147457,-0.024561882,-250.81047402216487,-209.31766926703045,8.92714077360715,4050.6387569904327,100,-234.59992269271595,0.021542072296142578,57.23310422897339,1.8294520378112793,3.7894155979156494,59.08559489250183,52.994699239730835,1290000,128
0.024067435,-427.5770126764944,0.0054743807,-254.00414860101546,-193.6695357330001,9.766224487151902,4106.823215961456,100,-233.1255411270052,0.024808883666992188,54.10466194152832,2.0310440063476562,3.7213120460510254,56.16195607185364,49.93591833114624,1300000,129
-0.0031690842,-428.31623956453063,-0.009354204,-253.86835132508017,-208.82287072985838,9.117834075214992,4166.909158945084,100,-233.42180513910694,0.2788248062133789,58.105262994766235,1.6733171939849854,3.940227508544922,60.05827808380127,53.72154974937439,1310000,130
0.0355066,-426.45613372499093,0.026469117,-251.798603007308,-201.96713241465199,9.594539590458936,4223.808779716492,100,-231.93985533382656,0.021331787109375,54.99602484703064,1.858928918838501,3.71549916267395,56.877017974853516,50.82722330093384,1320000,131
-0.020626003,-429.68376132077714,-0.04494141,-255.59598325546705,-200.14785932530657,8.775715973304768,4280.646910905838,100,-234.210279445894,0.0206601619720459,54.89222311973572,1.9037911891937256,3.7118072509765625,56.81705021858215,50.73120307922363,1330000,132
0.0061651915,-427.9284620160789,-0.00064169924,-257.22302245839774,-211.1169768362832,10.36161813355037,4339.120990037918,100,-233.56693496695206,0.021451950073242188,56.48432207107544,1.945673942565918,3.8942654132843018,58.45183515548706,52.1402485370636,1340000,133
0.010076833,-428.73728691996934,-0.0017791641,-251.6740970211159,-212.3548849606586,8.461465085182937,4396.052956819534,100,-233.40896747685795,0.02084183692932129,54.88213300704956,2.0069737434387207,3.733701467514038,56.91041421890259,50.613033294677734,1350000,134
0.037250232,-425.3923351406267,0.026209533,-255.6216933937973,-205.84063637142322,10.148462579548891,4453.484442949295,100,-231.35979862346866,0.019303083419799805,55.30138683319092,2.0876598358154297,3.699960947036743,57.4087450504303,51.165513038635254,1360000,135
0.0115667395,-428.66826455016684,-0.0024459488,-254.7454778729699,-197.94310235913127,10.182283268432396,4512.11342382431,100,-233.6571602142556,0.020771026611328125,56.562992095947266,2.0229780673980713,3.731647253036499,58.60809087753296,52.39454221725464,1370000,136
0.01839951,-429.0187752572227,-0.00078439486,-255.70367897133517,-207.46246908420545,9.66769084322261,4572.318594932556,100,-233.99193105410995,0.16965198516845703,58.21471905708313,1.7970118522644043,3.7490012645721436,60.18276405334473,53.9800169467926,1380000,137
-0.01724742,-428.8122922182907,-0.06494607,-252.76198572881256,-209.69296868034178,9.13527887827892,4632.764718770981,100,-234.035108230231,0.020995140075683594,58.284345865249634,2.1166436672210693,3.7790019512176514,60.42549991607666,54.0519323348999,1390000,138
-0.01824508,-430.00214497771304,-0.049902555,-255.53184354004884,-204.0759630639711,9.407286892152557,4691.261997938156,100,-234.73694840672124,0.020208120346069336,56.397237062454224,2.056774854660034,3.749168634414673,58.47579908370972,52.17789149284363,1400000,139
0.012562697,-426.6761738743008,-0.018247265,-254.92051817966922,-214.03507282021081,9.454287350047371,4750.608959913254,100,-232.1980982447398,0.019862890243530273,57.27340626716614,2.0302295684814453,3.7332191467285156,59.32509183883667,53.08410120010376,1410000,140
0.00395493,-431.043775707779,-0.023734283,-253.02709371601225,-206.0306535297426,8.789865222879087,4810.494683980942,100,-235.3194322620144,0.019459962844848633,57.88486194610596,1.9579458236694336,3.796046495437622,59.86370897293091,53.62446880340576,1420000,141
-0.009136948,-430.6432169478475,-0.07442074,-258.7467549241077,-209.1254001169887,9.851758415256764,4869.658847093582,100,-234.64623807592088,0.02009105682373047,57.13719868659973,1.9836080074310303,3.6851799488067627,59.14229226112366,52.85559582710266,1430000,142
-0.024278417,-425.41029531746847,-0.13553347,-254.7372251962422,-208.3775087681637,9.42836488276487,4930.583790779114,100,-231.53414010544176,0.01897907257080078,58.90820598602295,1.9727678298950195,3.822273015975952,60.902398109436035,54.63783621788025,1440000,143
0.017797029,-429.8684091571307,-0.12118434,-253.5410533482699,-206.1622548576701,8.939937060072266,4989.686977863312,100,-234.22668158977146,0.019833087921142578,57.04535794258118,2.015378952026367,3.7442846298217773,59.081053018569946,52.85889148712158,1450000,144
0.058273353,-428.8942630054828,-0.15657419,-250.72138756553898,-208.75878338387938,9.356455610851274,5082.8211216926575,100,-233.88096734286847,0.15580415725708008,89.98591208457947,2.9676291942596436,4.654996871948242,93.11279487609863,83.4834942817688,1460000,145
-0.025438065,-427.73446523395194,-0.23206243,-254.8802121623205,-213.9971769280556,9.000795958082925,5156.617231845856,100,-232.75252867226297,0.05172991752624512,71.34450483322144,2.360183000564575,4.21585750579834,73.75693488121033,66.596604347229,1470000,146
-0.023220267,-428.72127886644995,-0.4204367,-255.2217167443588,-211.66827027656004,8.917366620229322,5236.067951917648,100,-233.32418274109776,0.021962881088256836,77.0480329990387,2.3555240631103516,4.354176759719849,79.42800784111023,72.18648147583008,1480000,147
0.0032979492,-431.1545340351363,-0.36399114,-260.192379002511,-208.28114086966605,10.48615500492229,5309.225620031357,100,-235.4849540786,0.021542072296142578,70.32837104797363,2.7867908477783203,4.121825695037842,73.13712811470032,65.65401840209961,1490000,148
0.012606097,-434.27785039601105,-0.22201626,-257.24272919868116,-207.3463133993035,10.879472465039596,5373.750026941299,100,-237.52577716314084,0.02330493927001953,62.39003896713257,2.0915629863739014,3.9002134799957275,64.50531005859375,58.03092956542969,1500000,149
-0.034478735,-432.40308445657274,-0.25321683,-257.0434901156481,-204.59391550082464,9.429119578189118,5450.672998905182,100,-236.3054915059314,0.02315497398376465,73.29587197303772,3.5828049182891846,4.264400959014893,76.9025490283966,68.4867479801178,1510000,150
-0.009644363,-433.29313354727054,-0.18702154,-254.41027663348055,-218.76651733953366,8.609761601513547,5529.249182939529,100,-236.75001738080599,0.023931026458740234,76.26000714302063,2.269101619720459,4.281924724578857,78.55659699440002,71.47494387626648,1520000,151
-0.00144505,-433.1472764292689,-0.16080742,-257.5390962301457,-208.34603765255034,10.125325255218717,5609.901458978653,100,-237.02537363971078,0.030164003372192383,77.47278475761414,3.1289358139038086,4.2748260498046875,80.63276696205139,72.6348626613617,1530000,152
-0.0056926147,-431.78257278979044,-0.19127013,-259.0839219125338,-213.46581470982355,9.85650561108206,5686.616616010666,100,-235.87993385727717,0.019934892654418945,74.47976589202881,2.190537929534912,4.217719793319702,76.69160318374634,69.7574520111084,1540000,153
-0.020269878,-432.2667749930819,-0.19783138,-256.1706243244177,-204.1850812572095,10.185298375685466,5752.720293998718,100,-236.26642963242367,0.021336078643798828,63.96647310256958,2.0935349464416504,4.011181831359863,66.08314204216003,59.47505283355713,1550000,154
-0.026829029,-432.221908725717,-0.15546967,-256.9666025618845,-210.49628401617503,8.47790506564579,5818.383500814438,100,-236.33515422731523,0.021585702896118164,63.42523813247681,2.1935317516326904,3.938601016998291,65.64183783531189,59.002052545547485,1560000,155
0.009244718,-432.0283989346926,-0.11837281,-256.0108453748394,-210.2385947571369,9.085389843007528,5879.901039838791,100,-236.2793789163051,0.020229101181030273,59.43936324119568,2.0338659286499023,3.7897610664367676,61.49488878250122,55.197020530700684,1570000,156
-0.006409964,-433.6041649226843,-0.118040405,-256.4629512617769,-210.42113772899978,8.543122414561429,5942.976662874222,100,-236.92222292743594,0.020433902740478516,60.99304008483887,2.0377719402313232,3.8764684200286865,63.053125858306885,56.639283895492554,1580000,157
0.0014947525,-432.17035255519914,-0.10680915,-254.5623663602544,-207.69333553989497,10.417040028122885,6005.385057687759,100,-236.21677682256902,0.018023967742919922,60.23165512084961,2.134046792984009,3.786207437515259,62.385186195373535,55.96933150291443,1590000,158
0.009680514,-426.52858359465773,-0.061678194,-254.66439999370317,-193.22097218232662,11.122305026760948,6068.392805814743,100,-233.48915282474016,0.033225059509277344,60.871203899383545,2.0800600051879883,3.7597711086273193,62.986000061035156,56.66347026824951,1600000,159
0.039611626,-427.220379080232,-0.06463973,-256.96427655466306,-204.5447942708875,10.752741827019642,6131.698092699051,100,-233.36701298140642,0.01995086669921875,61.17125678062439,2.0755226612091064,3.8499972820281982,63.28311777114868,56.86931777000427,1610000,160
0.0059424774,-429.5358489669268,-0.09487296,-253.70839904844598,-200.4840750652541,10.199932639840586,6195.635833978653,100,-234.55934671642453,0.020498991012573242,61.68101787567139,2.2134580612182617,3.9300737380981445,63.91652703285217,57.30271053314209,1620000,161
-0.0123360455,-431.03718820920983,-0.12110431,-259.7849024260417,-207.71491983074023,9.852565078744579,6260.954861879349,100,-235.80019587210916,0.020702123641967773,63.20287203788757,2.069674015045166,3.919424295425415,65.29554510116577,58.80715870857239,1630000,162
-0.020691676,-431.1288267651096,-0.1202067,-260.64379754092596,-211.37435086170817,9.549643065973003,6324.004745006561,100,-235.40991462817183,0.020372867584228516,60.9743070602417,2.030651807785034,3.908445119857788,63.02578616142273,56.602407693862915,1640000,163
-0.0034519408,-430.9101505528825,-0.18333876,-257.1367143003024,-209.15941373404758,9.516172966096448,6387.44674372673,100,-235.34780115222514,0.0381927490234375,60.88276791572571,2.4980080127716064,3.822148084640503,63.420569896698,56.585315227508545,1650000,164
-0.008293362,-433.0498603111691,-0.21964464,-256.38161207178695,-208.44255337786007,9.701229454007432,6450.935731887817,100,-237.04334276343354,0.019362211227416992,61.444562911987305,2.0005738735198975,3.7813327312469482,63.465925216674805,57.21375513076782,1660000,165
-0.020584077,-432.71073775155656,-0.2895316,-251.48504915532297,-206.08800662845124,8.69536668669692,6516.071286678314,100,-236.56607177045979,0.09872174263000488,62.925365924835205,2.0855929851531982,3.779614210128784,65.11109781265259,58.67585372924805,1670000,166
0.012120321,-431.0997277608727,-0.48708525,-254.20452602578823,-203.53358416885908,9.92855910992928,6578.735055923462,100,-235.59337800315677,0.02005910873413086,60.54182291030884,2.075946092605591,3.8254261016845703,62.641321897506714,56.20910310745239,1680000,167
-0.019694407,-431.8366403908504,-0.8086228,-255.50452445749355,-215.83628535539538,7.741229887154545,6647.474352836609,100,-236.2249537047962,0.022922039031982422,66.43788695335388,2.25622296333313,3.873464345932007,68.7184112071991,62.11554551124573,1690000,168
-0.00241315,-431.27200472154175,-1.2039257,-253.856915398737,-202.78948928973506,9.557485353889009,6711.026731014252,100,-235.9015281264653,0.019669055938720703,61.41785478591919,2.089984893798828,3.750844717025757,63.527973890304565,57.219088315963745,1700000,169
0.022906628,-433.7597073705467,-1.8249395,-260.3157929116676,-207.7265079586097,9.74108399546128,6774.220424890518,100,-237.30954058730674,0.02102494239807129,61.0444438457489,2.1059200763702393,3.723388195037842,63.17192721366882,56.86635446548462,1710000,170
0.0041147843,-431.93735446679597,-2.8970888,-257.5820654686134,-198.8773839270558,9.2504593762132,6837.057216882706,100,-236.27491938748187,0.020308971405029297,60.6524441242218,2.1411001682281494,3.841425657272339,62.8142569065094,56.35883617401123,1720000,171
0.011638301,-431.2177570224137,-4.3581057,-254.10455357682864,-207.2363660527053,9.718865834280557,6902.3032579422,100,-236.02686244485358,0.020141124725341797,63.08050513267517,2.1218059062957764,3.815477132797241,65.22379112243652,58.80971837043762,1730000,172
-0.017201567,-431.7964397665502,-18.801476,-254.34065854759749,-210.1753861427052,8.66570117251755,6965.247822761536,100,-236.1142420460292,0.019394636154174805,60.82289481163025,2.0796661376953125,3.7585813999176025,62.92240905761719,56.61492872238159,1740000,173
0.011377146,-432.4783593081567,-0.6581222,-253.4339469675304,-206.98682422154644,9.234927064820035,7029.658191919327,100,-236.80464194999448,0.017779111862182617,61.31356883049011,3.056102991104126,3.749804973602295,64.38893103599548,57.11243653297424,1750000,174
-0.015184164,-432.437846183904,-70.325615,-257.4639530355906,-202.26553831228324,9.321976077440546,7092.240200996399,100,-236.23231701761154,0.019466161727905273,60.369964838027954,2.1537060737609863,3.832221269607544,62.54454588890076,56.0906343460083,1760000,175
0.004083972,-430.19093347027956,-720.13,-254.99121159688718,-183.45470819725745,12.839524621085221,7157.464381933212,100,-234.7297610448283,0.020576000213623047,62.52862310409546,2.649290084838867,3.9618051052093506,65.20149612426758,58.09535455703735,1770000,176
0.006525293,-205.29202595284266,-27.62344,-232.93929618875038,16.835073015646753,53.29180189292783,7222.442030906677,100,-111.79914120238152,0.020944833755493164,62.80257296562195,2.127552032470703,3.8930652141571045,64.95439410209656,58.43463182449341,1780000,177
0.020435387,-129.90732016791577,-266.33487,-228.917028110069,69.06098676504624,54.60290545258209,7320.297183036804,100,-71.56777341303757,0.02109694480895996,95.01609897613525,2.7928707599639893,4.109778881072998,97.8316080570221,90.45329260826111,1790000,178
-0.0001315506,-95.2541875442884,-38.264286,-61.37964016799634,-47.82945366214336,3.200777856643155,7388.93757891655,100,-52.65505860454707,0.020199060440063477,66.41847515106201,2.1759660243988037,4.34190034866333,68.61595797538757,61.61836218833923,1800000,179
0.003897351,-96.04338737941252,-11.852399,-61.17497254373908,-46.93606261528367,3.2439774035603746,7454.232980966568,100,-53.336761665978436,0.020270109176635742,63.09764099121094,2.1542320251464844,4.177366733551025,65.27352285385132,58.47603797912598,1810000,180
-0.0021484208,-95.9716446556825,-5.4863443,-60.85833936212512,-47.3028748514016,3.493559786169609,7521.921664714813,100,-53.29433044020757,0.020015239715576172,65.46242094039917,2.182156801223755,4.183189153671265,67.66597318649292,60.831299781799316,1820000,181
0.008777739,-95.82315832353014,-4.599604,-61.09188937513863,-47.52059066716649,3.2790056518048627,7587.812523841858,100,-53.21376240015782,0.020714998245239258,63.27056884765625,2.5745582580566406,4.171322345733643,65.86844968795776,58.65117120742798,1830000,182
0.02465121,-95.79237256013788,-2.8585503,-61.87880747448014,-47.11141006503141,3.59229859436339,7655.695076942444,100,-53.17008545641459,0.031533002853393555,65.2050838470459,2.621271848678589,4.211243391036987,67.85991597175598,60.54906225204468,1840000,183
0.0056577697,-95.49214063469972,-1.9998213,-61.122544978904195,-47.22365328709371,3.5849331339291783,7723.558454036713,100,-52.92513543165942,0.020345687866210938,65.59184503555298,2.2293429374694824,4.0806591510772705,67.84325671195984,61.068424224853516,1850000,184
0.0054245405,-95.59847372194757,-1.7188207,-60.87461783090943,-46.95846912203009,3.507771027265945,7794.679535865784,100,-52.993477306630254,0.022331953048706055,68.91225790977478,2.1591298580169678,4.251063346862793,71.09834218025208,64.20401620864868,1860000,185
0.016942525,-95.52608494145724,-1.1829721,-60.68238345336444,-45.99136074910311,3.3710443018156533,7861.944853782654,100,-52.996797039150316,0.019644975662231445,64.72083115577698,2.5014898777008057,4.25774621963501,67.2423927783966,59.99991464614868,1870000,186
-0.0030779869,-96.05544080782376,-0.8081292,-60.88323399619447,-47.106797922778235,3.436234679481311,7929.167433977127,100,-53.36625861770312,0.019810914993286133,64.93393993377686,2.2473502159118652,4.130400657653809,67.20174407958984,60.28752636909485,1880000,187
0.012220845,-96.89867307682992,-0.5814775,-61.11762885258604,-48.08504916201389,3.5005866340569987,7996.377024888992,100,-54.0677475413846,0.01979804039001465,64.90669202804565,2.2603251934051514,4.154608249664307,67.18838787078857,60.306649684906006,1890000,188
-0.007992763,-95.94644942072132,-0.4470003,-60.615384222714695,-46.81394173768209,3.450779114661101,8063.531884908676,100,-53.28326924193753,0.019397974014282227,64.94172286987305,2.1700291633605957,4.200392246246338,67.13288187980652,60.26184129714966,1900000,189
0.0007045196,-95.7813825353359,-0.35521898,-61.12086371394558,-46.585951479600446,4.057138060486264,8130.616875886917,100,-53.23218513068253,0.02243781089782715,64.88236093521118,2.14512300491333,4.142293930053711,67.05133080482483,60.26318073272705,1910000,190
-0.024565103,-95.91030811545058,-0.2725276,-62.789292296406984,-48.226708871167446,3.915666966197808,8197.87263083458,100,-53.2666712627144,0.020550966262817383,64.99739813804626,2.2159528732299805,4.141129493713379,67.23485493659973,60.40823674201965,1920000,191
0.001269748,-96.5817563597777,-0.19144908,-61.08594815423281,-46.4006282086847,3.524061889363309,8284.58645105362,100,-53.76291585930602,0.033197879791259766,83.60958313941956,3.0480329990386963,4.8189380168914795,86.6923439502716,78.28440761566162,1930000,192
0.01310919,-95.67519769894781,-0.1621087,-60.71663364353576,-46.36342286151066,3.7992577338730653,8387.355654001236,100,-53.08701914354574,0.02439403533935547,99.13193964958191,3.5887560844421387,5.568911075592041,102.74758005142212,93.00991225242615,1940000,193
0.0062404023,-95.1705166629591,-0.12140807,-60.61939520376842,-46.76282761727438,3.308799517438599,8511.223768949509,100,-52.69249551863401,0.09043693542480469,118.86817812919617,4.873931169509888,6.025663375854492,123.83414101600647,112.2526183128357,1950000,194
-0.025336407,-95.28681852706819,-0.12251483,-60.23042256968207,-46.67010154113527,3.437135162114063,8622.154934883118,100,-52.724422367987465,0.0297701358795166,107.48925614356995,3.3817269802093506,5.297923803329468,110.90223479270935,101.65519666671753,1960000,195
-0.032546062,-95.54142130078768,-0.11748413,-61.22219331973632,-48.2144056522335,3.6374612175622563,8746.603916883469,100,-53.010277379806524,0.029020309448242188,116.19571495056152,8.196070909500122,5.415336847305298,124.4221670627594,110.21722936630249,1970000,196
-0.02559248,-95.80484648280927,-0.082926266,-60.4245767258658,-47.0900967679391,3.7435269686591823,8851.545126914978,100,-53.24001596561724,0.02570486068725586,101.29780411720276,3.5844638347625732,5.356335401535034,104.9098060131073,95.37223649024963,1980000,197
0.021810392,-95.55557297186797,-0.046580147,-61.680153508411536,-45.98659917229178,3.7820410705727734,8941.672940731049,100,-52.97422422709933,0.023667097091674805,87.03648209571838,3.043100118637085,5.208781719207764,90.10472702980042,81.18643498420715,1990000,198
-0.013679844,-95.80737998141092,-0.0744291,-60.94551783104701,-46.699093544730715,3.524539406623206,9032.253259897232,100,-53.15791434018034,0.04302501678466797,87.38949918746948,3.125040054321289,5.160493850708008,90.55806112289429,81.68144392967224,2000000,199
0.01081099,-95.3619641633763,-0.038400877,-61.03079258223822,-46.981266496217245,3.418030020010596,9106.66025686264,100,-52.822338335366666,0.02453303337097168,72.12941598892212,2.225837230682373,4.486050367355347,74.38133478164673,67.14776706695557,2010000,200
0.017027274,-95.51408898809808,-0.012553475,-60.44043124986729,-46.90801481530912,3.4375179653031673,9185.02820777893,100,-52.932605311133564,0.026866912841796875,75.85595512390137,2.4618189334869385,4.643857717514038,78.34646415710449,70.67978382110596,2020000,201
0.0067683975,-95.58034726680366,-0.018642588,-60.79059090711436,-47.26591972383424,3.4342386264367812,9267.594255924225,100,-52.9548255792164,0.021625995635986328,79.01950311660767,3.4998950958251953,4.777406215667725,82.54238891601562,73.71902203559875,2030000,202
-0.016629055,-94.62498551623999,-0.037609562,-60.54227644030507,-47.33153733074339,3.4173030856403845,9339.359416723251,100,-52.27261721808134,0.02074289321899414,69.44660186767578,2.263556957244873,4.4982521533966064,71.73226284980774,64.45309662818909,2040000,203
0.013977878,-95.94890704789582,-0.008893254,-60.20492415611156,-47.41985770111318,3.7388932213654975,9411.342275857925,100,-53.307621437870175,0.020097970962524414,69.63079380989075,2.3096067905426025,4.447774887084961,71.96207189559937,64.69928193092346,2050000,204
-0.023351246,-95.44224894874444,-0.05318344,-61.20358489940786,-46.27675329353688,3.743403588359797,9482.417696714401,100,-52.95420028563858,0.023858070373535156,68.41906499862671,2.6057772636413574,4.438820838928223,71.05082702636719,63.49947905540466,2060000,205
0.010476407,-95.65483738599596,-0.006166011,-60.85846194013314,-47.50041812687749,3.3391181747160226,9555.080652713776,100,-53.034121282153116,0.02143096923828125,70.34894490242004,2.2686591148376465,4.385916471481323,72.64106392860413,65.47721648216248,2070000,206
0.017132478,-96.49795659399531,0.0004999878,-60.96028055308617,-47.51374733813863,3.474797548170175,9626.476330041885,100,-53.707283819528875,0.021116256713867188,69.04875612258911,2.303389072418213,4.262178897857666,71.37425518035889,64.33384275436401,2080000,207
-0.010660265,-95.07257644123142,-0.020696172,-60.47599143970277,-46.68332870866254,3.148573320367596,9697.858816862106,100,-52.616617280942336,0.021484851837158203,69.04423761367798,2.2932708263397217,4.174932956695557,71.36038994789124,64.41585874557495,2090000,208
-0.012260157,-95.70691691085659,-0.026360802,-60.23049809469565,-46.9650417133517,3.7412317521798353,9763.837027788162,100,-53.06792203476643,0.019511938095092773,63.58466625213623,2.355349063873291,4.123928546905518,65.9600179195404,59.0175678730011,2100000,209
0.0047340393,-96.00379083151833,-0.009048932,-61.170327592410345,-46.93272679925371,3.7053629847952396,9829.722693920135,100,-53.31981677548693,0.02132415771484375,63.5913360118866,2.246134042739868,4.134474754333496,65.8591558933258,59.011481046676636,2110000,210
0.009644306,-96.495206492909,0.00020639648,-60.61996000950858,-47.590002044730156,3.586037105305127,9895.078367948532,100,-53.72383418008454,0.019912004470825195,63.1568329334259,2.1572329998016357,4.086549758911133,65.3343915939331,58.627028465270996,2120000,211
-0.0074036834,-95.07310951175813,-0.018974941,-61.90486516975158,-47.029640144232964,3.598137507661686,9960.41165971756,100,-52.6756459825281,0.0211641788482666,63.141031980514526,2.1497840881347656,4.113724946975708,65.31238102912903,58.57761311531067,2130000,212
-0.0050887093,-95.50762667750195,-0.016344303,-58.90195825831546,-47.2768708773437,3.0994101118200224,10025.81262087822,100,-52.88810979514029,0.030712127685546875,63.18534779548645,2.1604318618774414,4.171725511550903,65.3793318271637,58.56745791435242,2140000,213
0.013527077,-95.32586351786833,0.004216672,-61.10319688787204,-46.88268937974736,3.338943252919263,10090.84324002266,100,-52.80880814129737,0.022170066833496094,62.790449142456055,2.196075916290283,4.155645370483398,65.00918102264404,58.19025230407715,2150000,214
-0.0070922724,-96.12006196018183,-0.016684035,-60.79891633181933,-47.30713491056993,3.697865060339751,10156.613646745682,100,-53.47161254456306,0.01990199089050293,63.011942863464355,2.7174038887023926,4.176788330078125,65.74967503547668,58.38641381263733,2160000,215
-0.014480531,-95.63727062957285,-0.22482483,-60.5308533589571,-47.65797974005258,3.267466139653288,10222.454561710358,100,-53.04802492042683,0.0194089412689209,63.51206707954407,2.2828381061553955,4.1578452587127686,65.81565999984741,58.910903453826904,2170000,216
-0.029237693,-95.5112298699413,-6.360774,-60.46125257902384,-46.94111126934949,3.5583361933952564,10292.07436990738,100,-52.96303223188918,0.01938915252685547,66.76177406311035,2.7983360290527344,4.147192001342773,69.58211493492126,62.17064094543457,2180000,217
0.011589238,-95.94371953114641,-85.31615,-60.81156295083536,-46.57436956576765,3.7329480906115746,10355.995323896408,100,-53.238275482524244,0.03379678726196289,61.664474964141846,2.1997077465057373,4.181517839431763,63.89980101585388,57.02813267707825,2190000,218
-0.0007081833,-95.26140757797276,-48.81708,-61.82442823646681,-47.818701800405655,3.639921420699803,10421.392800807953,100,-52.78540532977348,0.019103050231933594,63.10839104652405,2.247546911239624,4.185356855392456,65.37748408317566,58.48011565208435,2200000,219
0.00031306228,-96.02807924692718,-18.262716,-61.46325734966408,-46.435610380676195,3.6578974400077944,10488.376619815826,100,-53.409564121432574,0.019685745239257812,64.62156391143799,2.3213460445404053,4.213212966918945,66.96408987045288,59.952428579330444,2210000,220
-0.016117956,-94.9208422386925,-2.400468,-59.60486238224848,-46.87317999599409,3.2972325184977813,10554.118815898895,100,-52.47042417049786,0.03249096870422363,63.48750329017639,2.2022221088409424,4.137269020080566,65.72258806228638,58.8925895690918,2220000,221
-0.030926177,-95.38754461309665,-0.107354835,-61.44793280834523,-47.31802938385943,3.7330696224680184,10618.515128850937,100,-52.88379265693071,0.028205156326293945,62.1916401386261,2.1541950702667236,4.206504583358765,64.37440991401672,57.53124475479126,2230000,222
0.0044519654,-94.88426345561722,0.009741745,-60.38966957667121,-47.93399212783064,3.162276432872794,10682.862205982208,100,-52.43274891467412,0.027426958084106445,61.960527181625366,2.336793899536133,4.1074018478393555,64.32541608810425,57.40994596481323,2240000,223
-0.03691554,-95.90805048782632,-0.044170417,-61.393138774122306,-47.489871310811665,3.1202153348357236,10748.685889720917,100,-53.25071135494659,0.020129919052124023,63.55757021903992,2.2149770259857178,4.1615447998046875,65.79306292533875,58.907933712005615,2250000,224
-0.0059101274,-95.64604866701265,0.00034783783,-60.473119721354806,-47.51312970941271,3.1746529428996104,10815.757626771927,100,-53.062142102444675,0.019489765167236328,64.8306930065155,2.1992030143737793,4.2404773235321045,67.04998803138733,60.1478705406189,2260000,225
-0.027099537,-95.54642644378748,-0.0327656,-60.61080772037006,-47.47460374397967,3.6749073803299876,10884.37732577324,100,-52.983450147131116,0.018074989318847656,65.97909784317017,2.599987745285034,4.108989000320435,68.59754395484924,61.43227458000183,2270000,226
0.00620697,-95.60724050315368,0.0023927568,-62.90461139010182,-47.17568908233862,3.7968230305228508,10950.371861696243,100,-53.01325401616231,0.020656108856201172,63.77748394012451,2.1748170852661133,4.130882740020752,65.97335696220398,59.195496797561646,2280000,227
0.044525415,-96.33662244129385,0.04095218,-60.707379957863324,-47.000339280710385,3.347005529439066,11015.64029288292,100,-53.59988649189787,0.02919602394104004,63.00080490112305,2.217078924179077,4.314244270324707,65.24754190444946,58.237619161605835,2290000,228
0.0078796325,-95.40517005507722,0.008553674,-60.58641054782503,-46.408618844482966,3.0816468484713657,11080.681030988693,100,-52.844671752944315,0.020473957061767578,62.27504587173462,2.7234039306640625,4.250703573226929,65.01971507072449,57.5812132358551,2300000,229
-0.0148244705,-95.36333468522481,-0.017225662,-59.62299503766789,-47.12460902191922,3.347477653632551,11146.416472911835,100,-52.79876819704169,0.024495840072631836,63.457427978515625,2.228501081466675,4.2424609661102295,65.71369695663452,58.7662889957428,2310000,230
-0.0070769005,-96.09891634449384,-0.008824094,-60.916114441231755,-47.09426817063249,3.381314396776013,11218.732475996017,100,-53.36382222715668,0.03336501121520996,69.91309094429016,2.3465588092803955,4.436578750610352,72.2948431968689,64.95880484580994,2320000,231
-0.029930243,-96.31678268774782,-0.0330034,-60.19850850673927,-47.407345665714494,3.5968145894474803,11296.911788702011,100,-53.59198655134319,0.02266383171081543,75.36893701553345,2.7548060417175293,4.6397385597229,78.1476628780365,70.22732043266296,2330000,232
-0.0031484093,-95.79024903952956,-0.0036373902,-60.97065808905586,-47.38382530545911,3.6665198013968743,11393.751893758774,100,-53.178710787753246,0.02647876739501953,94.50972485542297,2.278225898742676,4.885913133621216,96.8158609867096,89.05413436889648,2340000,233
