train-AverageReturn,train-PolicyExecTime,LossBefore,Time-Sampling,Time-Optimization,train-MaxReturn,Time,train-StdReturn,ItrTime,Itr,LossAfter,n_timesteps,Time-SampleProc,train-MinReturn,train-EnvExecTime,train-AverageDiscountedReturn,train-NumTrajs
-43.11306009255749,38.52258610725403,-0.0067170653,44.0345401763916,5.772010087966919,22.501390909870924,50.415197134017944,29.84497618416056,50.41519212722778,0,-0.61947167,10000,0.026517152786254883,-119.66979795740951,4.99090576171875,-73.47165667282586,100
-35.182570458546735,38.43497180938721,0.021003736,43.73572301864624,4.777935028076172,50.71046899618758,99.65034413337708,38.6673586584507,48.94232511520386,1,-0.31357995,20000,0.024492979049682617,-126.43973688912601,4.744692325592041,-61.58657732102012,100
-51.41004859821759,35.91299867630005,-0.018598389,40.91409206390381,3.9949071407318115,14.002814569994802,144.60744094848633,44.29762804863048,44.932167291641235,2,-0.23664555,30000,0.0218203067779541,-180.04889600091335,4.503383159637451,-92.05327937894812,100
-48.945082076509024,31.528679847717285,0.0032398927,36.07880425453186,2.3032610416412354,31.042361676696036,183.03555488586426,42.040332961075045,38.404601097106934,3,-0.17641646,40000,0.022145986557006836,-169.3549964128491,4.075970649719238,-86.32913409326284,100
-39.072315365011576,32.32760238647461,-0.012824787,36.93573188781738,2.2032690048217773,37.91926648842582,222.2251489162445,36.272000712453824,39.16416621208191,4,-0.2283127,50000,0.023021697998046875,-161.58204097058,4.1295812129974365,-67.16494070526991,100
-43.91127060367058,31.33525800704956,0.0052291746,36.036505937576294,2.195554733276367,49.293698711341335,260.5104629993439,45.2685349275793,38.26327204704285,5,-0.28629166,60000,0.030720949172973633,-187.7285469601516,4.22700572013855,-75.32230057562539,100
-44.16730970963158,32.33055305480957,-0.009910108,36.955426931381226,2.5630109310150146,73.16234527813764,300.08013892173767,45.66928104219078,39.545893907547,6,-0.22847812,70000,0.0256807804107666,-187.82953382569036,4.150548934936523,-77.85360016473682,100
-37.9703547588834,31.968343257904053,0.016030347,36.6415810585022,2.25815486907959,32.85181293203628,339.02435207366943,44.111646038343174,38.920413970947266,7,-0.24462138,80000,0.020067930221557617,-160.01645123469538,4.201356649398804,-67.50188665642241,100
-41.71928789584197,31.503891229629517,0.038850635,36.06419396400452,2.1705918312072754,31.589923131408415,377.31472301483154,37.60423505334192,38.26581883430481,8,-0.14364575,90000,0.03015899658203125,-141.89821044371942,4.09739875793457,-72.67601554987155,100
-46.19263444991657,40.473164081573486,0.018925244,45.27476191520691,2.110942840576172,37.21355897866834,424.7471251487732,37.23986202872187,47.40829586982727,9,-0.20739399,100000,0.02126479148864746,-148.46293072976306,4.34355616569519,-81.8823289291682,100
-52.35861830771649,22.06120276451111,-0.013262366,26.384160041809082,1.486793041229248,37.1598927383188,452.9954080581665,41.09604757128542,27.891515970230103,10,-0.3877071,110000,0.020103931427001953,-159.91105319856214,3.7750601768493652,-91.65427472177738,100
-47.37984605913149,21.09415912628174,0.010838623,25.1451518535614,1.6092309951782227,36.46451936896505,479.79278802871704,43.71948452871614,26.775799036026,11,-0.5285839,120000,0.020105838775634766,-157.55722033055432,3.634197473526001,-81.32040012681918,100
-46.179779983535234,24.661298513412476,0.0041990234,29.047695875167847,1.6247210502624512,107.73067998428196,510.5113561153412,41.3823760739,30.697386980056763,12,-0.7188084,130000,0.020999908447265625,-138.43828603711353,3.9514575004577637,-78.38221192970214,100
-52.65759064373703,20.848872661590576,-0.0030458495,24.8766770362854,1.4477250576019287,44.50134483815657,536.8822071552277,37.043684469900214,26.348503828048706,13,-0.82591,140000,0.023772001266479492,-132.83063083902692,3.6117703914642334,-88.53279739508203,100
-53.13754400799146,20.762972831726074,-0.026820142,24.768405199050903,1.6195127964019775,31.544135490676002,563.3123059272766,39.76930382129473,26.408218145370483,14,-0.15262441,150000,0.019890785217285156,-200.210550989711,3.580326795578003,-90.52111060765588,100
-58.411537933014046,20.926283597946167,0.019434802,24.93571400642395,1.6033668518066406,55.67890568743821,589.89488697052,40.50135306556847,26.561470985412598,15,-0.100640304,160000,0.021698951721191406,-153.81818536802044,3.5946037769317627,-99.89412744060805,100
-66.66913074899087,20.85134267807007,0.023740673,24.890843868255615,1.6909761428833008,56.41022273753745,616.5196290016174,36.75765420888201,26.602869987487793,16,-0.08981069,170000,0.020663022994995117,-153.63345711307954,3.6206581592559814,-113.48986630976437,100
-71.82564922504335,20.760010719299316,-0.019219799,24.793418169021606,1.561873197555542,49.71670375570665,642.917888879776,42.86614465092087,26.376204252243042,17,-0.12815356,180000,0.019536733627319336,-173.6787836145797,3.619819164276123,-124.01626872228971,100
-78.60477054946054,20.723286390304565,-0.014932031,24.787512063980103,1.6221981048583984,18.160438707241195,669.3726150989532,42.89540132587334,26.432859182357788,18,-0.24949783,190000,0.020132064819335938,-202.53713854255622,3.652733325958252,-135.8967537188899,100
-79.87932881070225,20.646339416503906,-0.033504322,24.823323965072632,1.4845030307769775,32.566831802994315,695.723592042923,45.61269746002048,26.328996181488037,19,-0.18973096,200000,0.01990222930908203,-207.6683334016083,3.7531824111938477,-138.98251988579617,100
-79.92921693092403,22.694652795791626,-0.0027240966,27.031387329101562,1.5811879634857178,27.211756336514835,724.3768038749695,45.735152467049296,28.63278317451477,20,-0.10414502,210000,0.01982879638671875,-206.6591241071658,3.9107985496520996,-136.06720809179703,100
-74.69681398287248,20.87019920349121,-0.02528706,24.982873916625977,1.623579978942871,14.035405258889085,751.0256159305573,43.79433923597284,26.6264591217041,21,-0.16564019,220000,0.019526004791259766,-218.03528517622445,3.6927762031555176,-128.7651597081994,100
-68.90532920305654,21.160916328430176,0.0019463134,25.268743991851807,1.655540943145752,36.879647833301334,777.9937088489532,41.358722219457356,26.945696115493774,22,-0.27439186,230000,0.01999688148498535,-174.67550574185782,3.686663866043091,-118.86937687920359,100
-56.02100167403976,21.632549047470093,0.0053482177,25.728634119033813,1.6918549537658691,15.559118760842068,805.4587450027466,34.54161109695665,27.443153858184814,23,-0.7572592,240000,0.02008819580078125,-156.80059192739046,3.66672945022583,-97.4469254740577,100
-62.00616146953988,20.779911756515503,0.010705774,24.956280946731567,1.6649186611175537,10.033286379402178,832.122889995575,37.56408518490228,26.642621994018555,24,-2.3901336,250000,0.019961118698120117,-204.66769328170835,3.7089548110961914,-107.27538395961624,100
-66.10196794747043,21.328968286514282,-0.0020131348,25.43962287902832,1.6427619457244873,7.760778121939149,859.2783310413361,42.3710360995145,27.10257601737976,25,-5.662972,260000,0.01967787742614746,-216.598139472673,3.691777467727661,-113.42066129218914,100
-50.529049688206086,23.5729877948761,-0.0037814698,27.73308801651001,2.5659291744232178,75.36043896785179,889.6149480342865,38.45730781135674,30.31537103652954,26,-3.3525298,270000,0.015789031982421875,-149.81649431786505,3.732408285140991,-84.32897615877437,100
-44.733477929441875,26.445311546325684,0.022172607,30.874446153640747,1.6491079330444336,102.34258697839265,922.1875150203705,45.47921006757804,32.54566407203674,27,-3.254748,280000,0.02046489715576172,-159.52026520838683,3.9943737983703613,-76.08909793889813,100
-39.63011995362,21.07657265663147,-0.017138671,25.174454927444458,1.6079328060150146,99.77423837583011,949.0108139514923,44.044085733845776,26.801707983016968,28,-8.291407,290000,0.01890397071838379,-133.50403421587816,3.6854727268218994,-71.30157295563825,100
-26.802277955614308,20.46346354484558,-0.017266333,24.5229229927063,1.578791856765747,105.44408360693623,975.1540250778198,40.362171228027144,26.121893167495728,29,-2.3087962,300000,0.019807100296020508,-106.90839793533779,3.6335108280181885,-54.06275859981196,100
-32.678616571201374,22.643569707870483,-0.016641553,26.83999490737915,1.6262600421905518,94.31525991909707,1003.6633450984955,38.70834688604465,28.48819398880005,30,-2.0256171,310000,0.020628929138183594,-126.16897755357593,3.7788476943969727,-63.02797588253027,100
-37.29234290111631,20.79429578781128,0.006972168,25.03744411468506,1.666114091873169,43.32989559585358,1030.4105560779572,30.500760714449243,26.72551703453064,31,-3.588171,320000,0.0205690860748291,-129.80527077155048,3.8274855613708496,-68.7668140490432,100
-34.9173543678775,20.91043448448181,0.029548096,25.076808214187622,1.4383668899536133,98.46489819259153,1056.973981142044,32.741291575119284,26.5417959690094,32,-2.8734255,330000,0.020987272262573242,-150.38941458638834,3.747561454772949,-64.53517844374308,100
-41.99103481507865,20.85344123840332,0.010384399,24.99275016784668,1.5943512916564941,114.41409302285255,1083.6028628349304,37.61816398037699,26.60716700553894,33,-2.8226125,340000,0.01965498924255371,-156.38878989216778,3.7223281860351562,-74.8822107736797,100
-41.21621709238253,20.997309684753418,-0.04725149,25.198760986328125,1.6170361042022705,61.35526970407074,1110.4619679450989,28.916423421293295,26.837034940719604,34,-3.1688442,350000,0.020882129669189453,-123.69303053535953,3.7471718788146973,-74.24865458484534,100
-42.06926817386611,20.914754390716553,0.0060845213,25.001774072647095,1.6129658222198486,120.01206298562299,1137.1183969974518,39.52825261345713,26.63565993309021,35,-2.6741848,360000,0.02023601531982422,-145.9925437325473,3.6734540462493896,-72.47808128314408,100
-40.6527402359417,21.310453414916992,0.04907798,25.491274118423462,1.6290521621704102,60.45591889544423,1164.2816588878632,32.94115568718817,27.142041206359863,36,-13.319042,370000,0.02032470703125,-129.00303978267183,3.747668981552124,-70.06886526336973,100
-56.45052612403921,19.651437997817993,0.0061815064,23.961175203323364,2.1902520656585693,34.713303894633,1190.4752740859985,25.50562433132985,26.171806812286377,37,-18.149506,380000,0.019659996032714844,-136.15247894086747,3.8890304565429688,-94.87397036516575,100
-62.76090985038673,20.092129945755005,-0.033836156,24.38303804397583,1.622542142868042,-14.750528790290044,1216.5227270126343,13.040126051158449,26.026243209838867,38,-20.57008,390000,0.01935601234436035,-164.21940865792956,3.8806068897247314,-106.65510419997194,100
-64.61802559930679,21.1755952835083,0.01354848,25.663286924362183,1.607917070388794,-56.368033003400896,1243.836580991745,11.481735517596077,27.292112112045288,39,-40.92437,400000,0.019450902938842773,-127.59546594143114,4.0656821727752686,-109.76293683108379,100
-61.66022248440612,20.904614448547363,0.015852667,25.385390996932983,1.6054668426513672,-58.941090896178444,1270.872787952423,1.133198437369222,27.01515293121338,40,-38.936787,410000,0.020348072052001953,-64.56234094515548,4.050471067428589,-105.69025884970026,100
-61.48203009546802,20.91415238380432,-0.00020697022,25.369873762130737,1.6202869415283203,-20.55436173825964,1297.9071419239044,5.089610452772271,27.013349294662476,41,-126.8247,420000,0.022719860076904297,-79.00070020227214,4.0260009765625,-105.3248196516889,100
-237.08716530219397,20.95760941505432,-0.009093677,25.137409925460815,1.589883804321289,-143.53335105465038,1324.6754138469696,25.72631972142147,26.747092962265015,42,1.4981531,430000,0.01937580108642578,-287.87310199247304,3.7587509155273438,-436.1005122139358,100
-237.46414420629492,20.64399528503418,0.008730291,24.66803812980652,1.5948479175567627,-165.9827973526454,1350.9842009544373,24.30827594958714,26.28768801689148,43,-0.0061960877,440000,0.024477243423461914,-292.321665840524,3.6015007495880127,-436.48059534049554,100
-240.2422086962255,21.062268018722534,0.021042865,25.109993934631348,1.609098196029663,-184.87693155885876,1377.7557768821716,22.5754943143228,26.750839233398438,44,0.006429474,450000,0.03136086463928223,-284.6887284432143,3.6317200660705566,-439.75732919632486,100
-236.94385759999,20.855026721954346,0.0030508668,24.93681287765503,1.6200120449066162,-156.10473879340304,1404.3552038669586,26.332708865794388,26.578190088272095,45,-0.0011687652,460000,0.01995992660522461,-288.76982965494875,3.6211702823638916,-435.3832061616161,100
-241.2605761588577,23.07265877723694,-0.029022686,27.324630975723267,1.4577159881591797,-179.10285169036436,1433.1806371212006,22.497620586411585,28.803774118423462,46,-0.040520452,470000,0.019540786743164062,-300.75868082583565,3.818345308303833,-444.65824269762254,100
-240.2706321862797,20.7068510055542,-0.002227948,24.707125902175903,1.6314208507537842,-173.08276641628564,1459.562852859497,23.420384564760766,26.360668897628784,47,-0.0050695282,480000,0.020621776580810547,-292.6834772557623,3.5855047702789307,-442.3753643119733,100
-232.41951960803934,21.26740050315857,-0.017474234,25.363462924957275,1.6057689189910889,-128.18121783719394,1486.5737161636353,28.73556362264946,26.990117073059082,48,-0.024860177,490000,0.019450902938842773,-282.3562928144507,3.657261610031128,-428.74438397712686,100
-240.6557295621225,20.77042508125305,-0.004778458,24.797274827957153,1.6139287948608398,-179.43709285871776,1513.0270659923553,19.95095290560158,26.431572914123535,49,-0.0067053344,500000,0.019943952560424805,-280.95436737322007,3.618030548095703,-441.7472891665386,100
-239.20881685180902,20.965163707733154,0.038326077,24.997257947921753,1.5927410125732422,-180.27191426418773,1539.661276102066,21.93934427255691,26.61350393295288,50,0.03442891,510000,0.02245783805847168,-282.25303202053686,3.61129093170166,-438.65012929447136,100
-235.81137964195597,20.957780122756958,0.0005308472,25.066823959350586,1.6314349174499512,-146.3016520018101,1566.4004130363464,27.795935105057893,26.717582941055298,51,-0.0077137453,520000,0.018939971923828125,-288.4817404857707,3.679020404815674,-433.9113473130726,100
-230.95836075079532,20.82125997543335,-0.01113681,24.86507487297058,1.6132218837738037,-155.54985041155004,1592.922758102417,27.38028380765433,26.498440980911255,52,-0.01996916,530000,0.019744873046875,-280.1818569929694,3.628185510635376,-425.34468527209606,100
-238.60044436872298,26.043680906295776,0.009179687,30.16609811782837,1.6098761558532715,-168.34733900699604,1624.7405018806458,25.48670785597236,31.796772718429565,53,0.007965069,540000,0.019406795501708984,-286.7994117755956,3.699397087097168,-439.4331651265344,100
-236.83010977650778,20.866041898727417,0.008198731,24.971546173095703,1.6343669891357422,-177.2827703590993,1651.3886291980743,25.291858567649296,26.626967906951904,54,0.005645877,550000,0.01957082748413086,-292.3096966099326,3.680666208267212,-434.53321330452934,100
-239.76646719199323,24.855382442474365,-0.026739068,29.204991817474365,1.6688640117645264,-146.07990241147593,1682.3046679496765,21.439243729044072,30.89463710784912,55,-0.03405778,560000,0.019431114196777344,-286.4705735608309,3.9009196758270264,-440.36695525848904,100
-238.36453561104562,20.698335886001587,0.008692978,24.693270921707153,1.537734031677246,-158.89174335667548,1708.5775380134583,25.482269208458366,26.251359939575195,56,0.006738501,570000,0.019958972930908203,-292.5069964887443,3.582091808319092,-437.3667236066955,100
-240.2821563031239,20.893958806991577,-0.010657538,24.92437195777893,1.6480729579925537,-147.3626945381187,1735.1940870285034,27.95209595435848,26.595166206359863,57,-0.014638456,580000,0.021246910095214844,-286.3823894339443,3.604901075363159,-441.3920223966561,100
-242.87845175957563,21.07188057899475,0.020211237,25.155344009399414,1.6116609573364258,-170.3843549331365,1762.0043931007385,23.91834526916514,26.787764072418213,58,0.008404443,590000,0.019344091415405273,-290.0334186102895,3.660078287124634,-444.54102160718924,100
-240.27632153397693,20.953714847564697,-0.014482181,25.060032606124878,1.4323208332061768,-147.61537940088797,1788.5396580696106,25.233172422616434,26.513279914855957,59,-0.023805449,600000,0.020144224166870117,-286.0226402351795,3.6808230876922607,-441.9424696526065,100
-238.67465374463933,20.913631439208984,-0.016669774,24.926527976989746,1.6433329582214355,-114.03857416071891,1815.1526219844818,30.670893817515708,26.591073989868164,60,-0.024037937,610000,0.019804000854492188,-298.0348476904294,3.595395803451538,-437.65580285621473,100
-235.63436343767492,21.00338864326477,0.016161762,25.08149480819702,1.621694803237915,-179.2883769023775,1841.897451877594,22.601778338113984,26.723235845565796,61,0.011915665,620000,0.019627094268798828,-285.23742380467195,3.6551411151885986,-434.47081469960807,100
-233.96998594053622,20.944299697875977,0.0056141173,24.973434686660767,1.6340360641479492,-156.33128448104654,1868.547147989273,24.60553390908456,26.628678798675537,62,0.004353345,630000,0.019877910614013672,-279.41449000194444,3.615016222000122,-430.89600417300966,100
-237.01456286492785,21.035675048828125,-0.0131418975,25.062094926834106,1.4735920429229736,-163.72304052358473,1895.1260249614716,23.339447055288588,26.55699896812439,63,-0.0162203,640000,0.019840002059936523,-281.9401785215581,3.6002519130706787,-434.45796455331265,100
-235.3237781696824,22.277836322784424,-0.00885435,26.399744987487793,1.6183197498321533,-158.43977451807487,1923.1928811073303,24.416190510891607,28.040158987045288,64,-0.0104640275,650000,0.020594120025634766,-285.2633563379785,3.699309825897217,-433.4305813214324,100
-239.07442763669206,20.88343834877014,0.012869568,24.949172973632812,1.640289068222046,-110.41127399864321,1949.8297460079193,26.89308981726647,26.615784168243408,65,0.009959027,660000,0.02593207359313965,-289.78325029286987,3.602616548538208,-438.8861046523896,100
-236.3249129778966,19.69026207923889,0.016757548,23.7355477809906,2.207596778869629,-149.40512379862216,1975.8143718242645,26.323644161034167,25.96391987800598,66,0.01190993,670000,0.020371198654174805,-283.28995196606047,3.6255834102630615,-435.4136400522529,100
-236.9845789016341,20.348498582839966,-0.012276185,24.372169971466064,1.4528861045837402,-172.00056693987725,2001.682392835617,25.260794812273527,25.84700608253479,67,-0.017239317,680000,0.021147966384887695,-295.41269914474924,3.60428786277771,-435.86645540195445,100
-238.0322286248935,21.856396436691284,0.002193602,25.94757390022278,1.6191279888153076,-154.55623996152536,2029.2938997745514,24.83283099137593,27.589977979660034,68,-0.0071183946,690000,0.018928050994873047,-284.2082835274961,3.673992872238159,-439.37831847173914,100
-237.71796042553578,20.727179288864136,0.038112152,24.83586311340332,1.4924180507659912,-152.35913557774307,2055.663946866989,25.204099573384653,26.34906005859375,69,0.033929244,700000,0.019421815872192383,-292.50511635254605,3.6889467239379883,-437.55296833667586,100
-238.38781411689928,21.061744213104248,0.029730322,25.161848783493042,1.5766756534576416,-170.73968356627915,2082.4447288513184,26.588470071415,26.759416103363037,70,0.026853254,710000,0.01946401596069336,-291.82169968315964,3.6796653270721436,-437.7995683871501,100
-238.7625611671449,21.37253761291504,0.0038210815,25.411442041397095,1.6458680629730225,-173.16513036999766,2109.545823097229,25.65358515049058,27.07979106903076,71,-0.0039627412,720000,0.021058082580566406,-299.4567220669995,3.6142923831939697,-438.19563017597875,100
-237.20171247143796,20.755396604537964,-0.0025150192,24.811721801757812,1.6445739269256592,-156.94794928108993,2136.0683739185333,24.838003020595572,26.501121044158936,72,-0.014084861,730000,0.01973891258239746,-288.8430132191585,3.6008107662200928,-435.34719963664475,100
-240.90068111902497,21.17053461074829,0.026240757,25.252354860305786,1.6414060592651367,-178.13289867244123,2163.0047011375427,23.884011941496304,26.915048122406006,73,0.022185132,740000,0.020869731903076172,-305.20645045039197,3.662052631378174,-440.8673554836962,100
-240.0580159173108,20.541424036026,-0.027953742,24.555465936660767,1.5827817916870117,-172.43541207482716,2189.18363404274,24.741519904454407,26.158015966415405,74,-0.031819366,750000,0.019395828247070312,-291.0174805513487,3.5963199138641357,-441.6280335689369,100
-235.46951780234247,23.20425510406494,0.011819488,27.391295909881592,1.8248090744018555,-149.94272944758148,2218.439705848694,22.366395873512733,29.235238075256348,75,0.0077322614,760000,0.018716812133789062,-288.56176613527333,3.762019634246826,-434.6369793555342,100
-235.2751657745143,22.614468574523926,0.031727534,26.75170612335205,1.6607849597930908,-169.6312608142386,2246.8938789367676,25.278965706852865,28.43328285217285,76,0.03182206,770000,0.019448041915893555,-279.57667859418376,3.7153372764587402,-432.87863761778476,100
-235.02890544174303,22.02078104019165,0.0074472167,26.146727085113525,1.6202492713928223,-148.26215123756987,2274.7026529312134,26.837947125148673,27.78682518005371,77,-0.0035985778,780000,0.019372940063476562,-283.79171284813737,3.7084829807281494,-433.2292689595772,100
-234.29034046225257,22.834879159927368,-0.0067047332,27.019551038742065,1.6833999156951904,-148.23550761783102,2303.4475259780884,26.8830276351887,28.723716259002686,78,-0.008131598,790000,0.0193328857421875,-290.9435076730434,3.7593226432800293,-431.9170148223877,100
-241.52683118413148,46.35441851615906,-0.018058935,50.94086003303528,1.6751999855041504,-183.0484255486583,2356.112678050995,21.27055869636546,52.642592906951904,79,-0.03101054,800000,0.025099754333496094,-278.16246276743664,4.139866352081299,-442.80881965287443,100
-237.94266632041024,24.391854763031006,0.0041459473,28.586941242218018,1.6588318347930908,-169.3772255142562,2386.4040229320526,23.363823219033343,30.26784372329712,80,0.0020993652,810000,0.020888090133666992,-292.4979143993146,3.765852689743042,-439.06299592646224,100
-236.69205689143178,21.166667461395264,0.018258289,25.306913137435913,1.4347572326660156,-149.23997163694727,2413.1861579418182,26.3713518919226,26.76076602935791,81,0.008793513,820000,0.018691062927246094,-285.4479918008468,3.702535629272461,-436.01873400678676,100
-238.435660698588,20.954062938690186,0.010434338,25.13881802558899,1.5980329513549805,-167.598595845152,2439.966022014618,23.21176938187318,26.758076906204224,82,-0.0013729797,830000,0.019827842712402344,-299.70040064414525,3.754392385482788,-438.80757134355207,100
-239.11696535930608,20.84812569618225,0.016949946,24.909053087234497,1.6032681465148926,-178.06103229741493,2466.5223309993744,25.551473046348757,26.535095930099487,83,0.014548207,840000,0.019863128662109375,-299.56562464514593,3.639920711517334,-438.6741207730563,100
-235.18906463565557,20.794286966323853,0.013296277,24.89156484603882,1.633401870727539,-143.57782669456367,2493.0979340076447,25.988332538687818,26.546310901641846,84,0.008185107,850000,0.01963496208190918,-288.51204392787923,3.6685874462127686,-433.45732581877456,100
-235.4836463525948,21.121256351470947,-0.015963873,25.258678913116455,1.4689772129058838,-173.6804527679289,2519.869959115982,25.37846036511222,26.750866174697876,85,-0.040821258,860000,0.021800994873046875,-286.06980203271064,3.709543228149414,-434.79228732790557,100
-239.0043860379038,20.928717374801636,-0.025246345,25.04637122154236,1.5830228328704834,-157.16647216975716,2546.5464339256287,26.74387520989425,26.655256748199463,86,-0.017855346,870000,0.020515918731689453,-289.04068183700474,3.6860439777374268,-439.0400075443576,100
-240.72506897629174,20.975464582443237,-0.035720233,25.090040922164917,1.6022391319274902,-119.03787361156917,2573.2807688713074,27.448519974849432,26.712798833847046,87,-0.040169787,880000,0.020075082778930664,-287.7551839214782,3.6887052059173584,-441.505459144723,100
-237.2433527963297,25.217358827590942,-0.023173517,29.500919818878174,1.6281142234802246,-127.4412532730519,2604.4593408107758,24.986795926147927,31.15703511238098,88,-0.029027997,890000,0.02069401741027832,-284.89363185939146,3.8498988151550293,-437.24858533767184,100
-240.84037274838806,20.930063009262085,-0.014748674,24.993732929229736,1.6365220546722412,-173.93522132186632,2631.1314997673035,23.622866524384722,26.651176929473877,89,-0.018199962,900000,0.019470691680908203,-280.2223445662145,3.646519184112549,-441.9738222246813,100
-236.19778688472698,20.753262281417847,-0.002012787,24.853739023208618,1.4589848518371582,-146.33591334790745,2657.486752986908,25.860864944190624,26.334158897399902,90,-0.0028858338,910000,0.020019054412841797,-291.1316929531465,3.674286127090454,-432.93072882933734,100
-234.69361089214286,21.02279019355774,0.01621474,25.146424055099487,1.604339838027954,-169.53617722494093,2684.2869729995728,26.03309975086798,26.77271604537964,91,0.013150433,920000,0.020374059677124023,-301.2578562577265,3.6968603134155273,-433.5253142132965,100
-239.94963381283873,20.796716690063477,-0.013339447,24.965022802352905,1.647921085357666,-156.3849275250863,2710.942582845688,27.628670980039807,26.63431978225708,92,-0.018458275,930000,0.0198209285736084,-293.4207189743922,3.7493176460266113,-439.9903195054175,100
-241.14249591727318,20.71976351737976,-0.012467914,24.759204149246216,1.4764978885650635,-165.52124058414714,2737.219938993454,25.617153855598296,26.25649905204773,93,-0.012539929,940000,0.019381046295166016,-291.7906282720103,3.6209876537323,-443.35190512863994,100
-240.9785825116874,21.117269277572632,-0.0037999053,25.202726125717163,1.467207908630371,-149.09549641199845,2764.1556289196014,25.382690647912888,26.913992881774902,94,-0.008549905,950000,0.020107030868530273,-284.03116152796736,3.6547093391418457,-443.12429250523036,100
-236.5858539410334,20.545253038406372,0.0045494903,24.651697874069214,1.9165692329406738,-168.0738617174335,2790.7637209892273,23.894225727862704,26.588080167770386,95,0.0015922608,960000,0.019344329833984375,-292.24991215883927,3.683623790740967,-435.47646696913654,100
-239.79710518942227,24.093236923217773,-0.031111578,28.235971212387085,1.4540832042694092,-180.3171722637717,2820.4993398189545,20.907691599709167,29.71480107307434,96,-0.03943981,970000,0.02315497398376465,-280.8396648393735,3.716862678527832,-440.8694690566757,100
-237.75344477200272,20.756150484085083,0.006373474,24.888875007629395,1.596973180770874,-176.14715792393272,2847.0277070999146,23.17121947167099,26.508408069610596,97,-0.0017447021,980000,0.022130966186523438,-298.5492651319941,3.713404655456543,-438.53851687364323,100
-241.59836347406232,20.9409761428833,-0.022445552,25.054489135742188,1.6359093189239502,-175.9532214444885,2873.760078907013,21.553432210679095,26.71129608154297,98,-0.021065224,990000,0.020512104034423828,-294.0564973012817,3.6895978450775146,-442.86868452183376,100
-237.00772629891327,20.925695419311523,-0.0009414856,25.001402139663696,1.6823601722717285,-160.39070758446684,2900.485321044922,24.39534474563187,26.704682111740112,99,-0.004947452,1000000,0.01951909065246582,-278.233921280733,3.6463379859924316,-435.25496283074034,100
-235.93895136162848,21.13298749923706,0.009591198,25.1962411403656,1.4588279724121094,-136.42326475748925,2927.182891845703,26.184835256697376,26.675848960876465,100,0.0051282686,1010000,0.019304990768432617,-292.73755498724546,3.643287181854248,-435.57616240785995,100
-235.92998166693434,20.82993483543396,-0.029262122,24.876874923706055,1.619873046875,-162.79124457181868,2953.722336769104,24.841656032480987,26.51781988143921,101,-0.038842656,1020000,0.019668102264404297,-280.4331446667998,3.626546621322632,-433.1724113521177,100
-237.82186288843764,20.90873885154724,0.022467395,24.984308004379272,1.6373991966247559,-141.52348823574349,2980.3857250213623,26.262763844606383,26.642648935317993,102,0.020994855,1030000,0.0195310115814209,-294.46660763821075,3.6556835174560547,-437.6996666753634,100
-241.92333889856593,20.81420135498047,0.00720979,24.929038763046265,1.4351987838745117,-148.3101233293405,3006.7950139045715,24.852346390739235,26.388541221618652,103,0.0049372343,1040000,0.019627094268798828,-291.6317727554514,3.676813840866089,-444.7842131305559,100
-239.44631700005436,21.289504051208496,-0.0030663568,25.42605996131897,1.46148681640625,-186.35808588306696,3033.733608007431,22.143171998852765,26.909834146499634,104,-0.009534745,1050000,0.021017074584960938,-284.1343106038033,3.7035112380981445,-440.5153959040555,100
-240.50144506994985,20.850862503051758,0.03293305,24.94499683380127,1.6200981140136719,-169.07714795087995,3060.3418021202087,23.63814609553114,26.58580231666565,105,0.030967597,1060000,0.019335269927978516,-286.7979152286132,3.6240346431732178,-441.91881337744576,100
-236.8611514109958,21.133159160614014,-0.0020423247,25.25575089454651,1.691246747970581,-175.78073093294103,3087.3321449756622,25.604086030508768,26.9692440032959,106,-0.006212377,1070000,0.020743131637573242,-286.75785456561727,3.701258420944214,-433.8716765203975,100
-237.10707979965366,22.83441424369812,-0.019948883,27.080522298812866,1.694594144821167,-151.13189565779754,3116.1546750068665,26.087457320887903,28.800220012664795,107,-0.029555878,1080000,0.022748947143554688,-290.3421861385806,3.8074331283569336,-435.3288768650542,100
-238.79030420567884,21.132349491119385,-0.009688489,25.26600980758667,1.5831470489501953,-150.26355856821934,3143.0508058071136,27.99528934188241,26.870359182357788,108,-0.018919306,1090000,0.020757198333740234,-317.0468371126453,3.6874988079071045,-438.2265065658389,100
-241.06726612492233,21.389694690704346,-0.024796814,25.53918695449829,1.638775110244751,-151.78658535191565,3170.270079135895,24.68827186737069,27.198730945587158,109,-0.043731056,1100000,0.02033686637878418,-290.72720265486333,3.727975606918335,-441.92610178389526,100
-235.69794291915815,20.74543046951294,-0.02315963,24.768738746643066,1.459277868270874,-119.34996524661284,3196.542226076126,27.40303430307956,26.249889850616455,110,-0.046480436,1110000,0.02144002914428711,-284.92691346359766,3.6079049110412598,-434.6287490657259,100
-242.13873376844168,22.79614758491516,0.00063585816,26.956400871276855,1.6016650199890137,-164.89738773552642,3225.1536180973053,23.510935691634714,28.590335845947266,111,-0.00849585,1120000,0.0318758487701416,-288.73898264215353,3.7416958808898926,-444.4854983503717,100
-234.53700172770783,21.31567406654358,0.027668487,25.41453194618225,1.6270380020141602,-168.2292018611974,3252.2363181114197,24.372398902460212,27.06199312210083,112,0.011454934,1130000,0.0190279483795166,-288.0647608783564,3.665902853012085,-431.1290828190277,100
-239.57294516570687,20.888670206069946,0.04791033,25.021066904067993,1.7160279750823975,-168.2500104478562,3279.024078845978,22.525263813379155,26.759557247161865,113,0.03566487,1140000,0.020884990692138672,-282.20853418846315,3.701785087585449,-440.64851850729576,100
-239.08589136967956,20.89349913597107,0.03585769,24.987134218215942,1.497891902923584,-183.14130481947478,3305.5525600910187,21.67938400190527,26.506078958511353,114,0.011644,1150000,0.019520044326782227,-291.5924510321515,3.67512583732605,-438.52672150622357,100
-235.37340946990017,20.887983560562134,-0.00471482,24.949989795684814,1.584183692932129,-165.64667373459537,3332.130138874054,24.72229644212797,26.55629301071167,115,-0.038659774,1160000,0.020776033401489258,-289.14691297968113,3.6401898860931396,-432.2959265667383,100
-241.35003803879673,20.81588840484619,0.0102,24.881879091262817,1.6403048038482666,-185.8627731325996,3358.696385860443,20.660721272270536,26.544484853744507,116,-0.032451227,1170000,0.0208890438079834,-279.4273116541807,3.647106170654297,-444.30299580250806,100
-237.31795669405798,21.342079639434814,-0.034025673,25.473292112350464,1.6218159198760986,-106.91647307816878,3385.836523771286,28.341799471010418,27.117679834365845,117,-0.11031904,1180000,0.021126985549926758,-284.7447537732468,3.708953380584717,-435.8655467282268,100
-237.90530580548003,23.263326168060303,0.00049608154,27.525564193725586,1.6152770519256592,-166.31884299145472,3415.0273480415344,24.143352739439386,29.16654086112976,118,-0.13787453,1190000,0.024956941604614258,-284.7467286419868,3.804701089859009,-438.21757126828663,100
-240.1217089731055,21.111506938934326,0.009420548,25.248138904571533,1.60850191116333,-124.47509044612362,3441.927004098892,26.671183261508244,26.87818694114685,119,-0.22852087,1200000,0.019877195358276367,-293.452025891288,3.694662570953369,-440.9708213081475,100
-237.7583759565781,21.151245594024658,-0.019802948,25.289078950881958,1.6536149978637695,-177.22312150133712,3468.9136941432953,24.581607066746844,26.963982105255127,120,-0.5593168,1210000,0.01988983154296875,-288.68838903129847,3.690934658050537,-436.67435968134276,100
-239.02565839366994,21.0985369682312,0.052132715,25.245961904525757,1.481034755706787,-181.3282271406615,3495.683307170868,22.702324161347775,26.747795820236206,121,-1.0350343,1220000,0.01933002471923828,-304.4127610813157,3.713557004928589,-439.9033854417987,100
-234.4049088427494,21.003870010375977,0.00019964599,25.09646511077881,1.5554916858673096,-113.43481746933404,3522.3762810230255,28.2487158161775,26.672188758850098,122,-2.2054353,1230000,0.01975417137145996,-276.9149402957269,3.6584270000457764,-431.54801326020277,100
-236.10611523107215,21.135796546936035,0.0046686097,25.278290271759033,1.5883698463439941,-128.16743859500792,3549.289965867996,26.39437008766563,26.894575834274292,123,-3.8228965,1240000,0.02650904655456543,-288.8521509388161,3.702575445175171,-436.3793902278832,100
-233.02412401554918,20.75915265083313,-0.007823872,24.836457014083862,1.6693220138549805,-136.07238235800145,3575.838560819626,29.903615759200655,26.52640199661255,124,-4.602987,1250000,0.02013707160949707,-309.5188560998223,3.660362720489502,-430.94206642797076,100
-232.6726956721445,20.880637884140015,-0.0077092987,24.910598039627075,1.4518651962280273,-118.85423614842703,3602.2539789676666,30.311126928077307,26.392008781433105,125,-3.7922554,1260000,0.029123783111572266,-293.81737967648445,3.6099467277526855,-431.43838463260806,100
-237.23231580866195,19.942033290863037,-0.01481532,24.013396978378296,2.0104591846466064,-116.31241188485313,3628.3203921318054,28.841217024938114,26.044653177261353,126,-1.9991835,1270000,0.020390987396240234,-287.8332839080363,3.6447744369506836,-436.64932589984625,100
-232.83507904110272,20.587522506713867,0.0064334436,24.6854829788208,1.4765119552612305,-140.57098770163938,3654.523265838623,29.32845088052386,26.183475017547607,127,-0.8676946,1280000,0.021111726760864258,-285.9430396851076,3.6724483966827393,-431.0887389398288,100
-233.44688168271207,21.002997636795044,-0.024942981,25.329932928085327,1.4997727870941162,-107.28315272477586,3681.3961749076843,32.803034225588895,26.849571228027344,128,-0.3835644,1290000,0.019439220428466797,-288.72200291801056,3.902819871902466,-430.3455859867494,100
-231.9313844204766,21.441378593444824,0.017680418,25.577510833740234,1.4834439754486084,-133.74051740911793,3708.4984579086304,33.019730625449974,27.08045792579651,129,-0.13189985,1300000,0.01886582374572754,-283.67628249229006,3.7077980041503906,-429.6301214297645,100
-235.58103321610363,20.951263904571533,0.0039123655,25.061546087265015,1.6075170040130615,-136.81468658479832,3735.211271047592,28.95706979618515,26.689862966537476,130,-0.054310173,1310000,0.02037787437438965,-295.6633099828874,3.6762163639068604,-434.71065378757595,100
-237.7157533671544,21.143026113510132,0.042534545,25.238192319869995,1.6122519969940186,-163.69983384058833,3762.102385044098,25.776445608732345,26.870618104934692,131,0.0152863525,1320000,0.01981496810913086,-287.3142068253739,3.652225971221924,-439.78571193647707,100
-234.7402905437784,20.90581727027893,-0.021088224,25.017611026763916,1.6091420650482178,-153.68768641362448,3788.771250963211,26.638333197471713,26.647523164749146,132,-0.04956351,1330000,0.020338773727416992,-291.7402552486479,3.650078535079956,-433.5532262696348,100
-231.79554949413293,20.734903812408447,0.0026241455,24.830042839050293,1.476884365081787,-108.43034523365684,3815.1233010292053,31.09070004400238,26.33117985725403,133,-0.0086220335,1340000,0.022964954376220703,-293.0300454766436,3.645490884780884,-430.19422728860496,100
-236.6370052843396,20.591531991958618,0.00943742,24.805646181106567,1.6199591159820557,-176.88068423079764,3841.5939059257507,23.98479974519133,26.446292877197266,134,-0.006995587,1350000,0.02029705047607422,-298.4764166056099,3.7870070934295654,-438.29974853278225,100
-232.7190196126643,20.849828243255615,0.040428698,25.063241004943848,1.5970220565795898,-114.95725289805586,3868.2964119911194,31.815195783982468,26.681576251983643,135,0.03501648,1360000,0.02090620994567871,-297.52606588323823,3.7816684246063232,-430.632444954826,100
-232.2559698317989,20.806795597076416,0.012918579,24.896421194076538,1.4627892971038818,-136.9993762678359,3894.6969799995422,25.496226730424315,26.3793728351593,136,0.00036298524,1370000,0.019368886947631836,-283.7207622576428,3.6600098609924316,-429.4984763480042,100
-233.0894528692465,20.957359075546265,0.0140863005,25.03451681137085,1.5926878452301025,-140.83651932403723,3921.3674709796906,29.17900320338396,26.64828610420227,137,-0.0027770875,1380000,0.019749164581298828,-286.4741530200957,3.6572158336639404,-429.9606515559179,100
-231.8642401581832,21.225221633911133,-0.023340216,25.345185041427612,1.613138198852539,-124.21422860721914,3948.3677699565887,29.14746160752122,26.978861093521118,138,-0.03972766,1390000,0.020099878311157227,-286.70332485637215,3.6951332092285156,-427.1938408653867,100
-237.41381896792046,21.10425090789795,-0.020247169,25.36329698562622,1.624478816986084,-106.93577577961263,3975.3965458869934,27.902056678434047,27.00866413116455,139,-0.030946778,1400000,0.019583940505981445,-285.50607381186643,3.8267345428466797,-437.67991990144105,100
-236.17081976616862,23.788774728775024,0.012019434,27.953732013702393,2.217862129211426,-143.34640545052386,4005.6063001155853,27.254148883965915,30.19052815437317,140,-0.0059466856,1410000,0.017517805099487305,-277.3098839592591,3.743137836456299,-434.94208442300595,100
-230.88429998244487,22.433896780014038,0.008999945,26.58892583847046,1.5990819931030273,-113.4880798554865,4033.8516850471497,30.05044833933294,28.21548104286194,141,-0.0043618684,1420000,0.025448083877563477,-288.32309098641815,3.722852945327759,-428.85824648802094,100
-230.6471963213402,21.046109199523926,-0.01281076,25.125021934509277,1.6518580913543701,-115.0917161309712,4060.670224905014,34.6518718984678,26.797399044036865,142,-0.02904944,1430000,0.02008819580078125,-301.10279997461583,3.652649402618408,-425.15966667910527,100
-232.43813058375622,20.865517139434814,-0.019795597,24.947667837142944,1.6510741710662842,-142.95297679831495,4087.3141889572144,28.521097745222413,26.622901916503906,143,-0.0314787,1440000,0.020457983016967773,-285.64404009303905,3.6643364429473877,-430.02025582238406,100
-231.99045732754504,21.186058044433594,0.019446075,25.284446954727173,1.465385913848877,-100.92027285017794,4114.10511302948,32.516770757081666,26.770796060562134,144,0.017709296,1450000,0.019588947296142578,-288.1438526470998,3.6729798316955566,-427.88355624289795,100
-238.40169576216994,21.032495975494385,0.06091255,25.1941659450531,1.5039341449737549,-146.04630459033805,4140.845770120621,23.229683702619283,26.718663930892944,145,0.034885712,1460000,0.01911616325378418,-296.9825461617265,3.7358832359313965,-437.82308077906055,100
-237.8097957525014,20.977252960205078,-0.030268677,25.056607961654663,1.66078519821167,-163.49472589662514,4167.6056480407715,24.506188826161424,26.738201141357422,146,-0.045931175,1470000,0.019278764724731445,-297.26352074905805,3.6606411933898926,-438.72173181768113,100
-229.14556599609296,21.318777561187744,-0.021996042,25.405299186706543,1.6117639541625977,-151.53341634319784,4194.66765499115,27.557394288826718,27.040414094924927,147,-0.039906643,1480000,0.0229339599609375,-287.99606216549535,3.6625404357910156,-422.80281707203403,100
-236.85480333146603,20.957170724868774,0.0064810514,25.041942834854126,1.64689302444458,-163.31859920847148,4221.398912191391,28.436168435090195,26.70906400680542,148,-0.0033283692,1490000,0.019709110260009766,-303.20514853116265,3.6610705852508545,-436.16492493591954,100
-234.1567118193434,20.96048617362976,0.012852295,25.082587003707886,1.4441940784454346,-123.77972794580919,4247.968383073807,28.971619970441,26.54767394065857,149,0.0069069765,1500000,0.019351959228515625,-285.1853064420486,3.699651002883911,-432.61197700406746,100
-239.94715520101698,20.95535111427307,-0.03777705,25.04004716873169,1.5326530933380127,-144.84965710835675,4274.58390212059,26.73511916090773,26.593850135803223,150,-0.071386114,1510000,0.01970696449279785,-287.0206319892226,3.658722400665283,-442.5898170598612,100
-234.3921075613032,20.989428520202637,-0.008932994,25.175787687301636,1.5985689163208008,-105.94629799295383,4301.401387214661,29.82662934415915,26.79580593109131,151,-0.0073074354,1520000,0.020027875900268555,-281.09862688160354,3.759470224380493,-432.52174537251284,100
-234.17641258278286,21.276947259902954,-0.0005229523,25.38769507408142,1.603860855102539,-162.93202826663872,4328.441781759262,26.363881960813522,27.016544103622437,152,-0.008245975,1530000,0.02041482925415039,-291.778929591191,3.6821043491363525,-432.6712116412686,100
-229.6512494047796,20.81629228591919,-0.0013520233,24.930328845977783,1.640650987625122,-82.83666440651625,4355.055473089218,30.71869656895614,26.59101414680481,153,-0.007167061,1540000,0.01964592933654785,-288.2040194959891,3.6875436305999756,-424.5029740458459,100
-237.56243731256228,20.977277994155884,-0.02503711,25.080629110336304,1.4836108684539795,-156.77628458759295,4381.664749860764,28.10376986089084,26.584796905517578,154,-0.056192048,1550000,0.01920628547668457,-287.712318355003,3.676708936691284,-437.4069197866209,100
-235.65970218574927,22.16866707801819,-0.02810639,26.34835386276245,1.629197120666504,-165.85320914952513,4409.684987068176,29.661455441304646,27.999430179595947,155,-0.033969067,1560000,0.02051687240600586,-283.7755136901578,3.7462902069091797,-434.52664246944533,100
-230.7530735474601,21.021854877471924,0.008724054,25.137871026992798,1.6365230083465576,-136.01203933318527,4436.502198934555,27.920105784252318,26.795103788375854,156,-0.0016749756,1570000,0.02026510238647461,-286.4510345077579,3.694035768508911,-427.01490138974367,100
-228.07072983516707,20.909358024597168,-0.0125165405,24.99226403236389,1.4492979049682617,-134.1673600813797,4462.986748933792,31.269871344361786,26.463505268096924,157,-0.037611913,1580000,0.020631074905395508,-293.9870946862925,3.659419059753418,-423.72770859166536,100
-231.91071776317781,19.961310625076294,-0.004503262,24.074217319488525,2.4904191493988037,-153.22234121297836,4489.631011009216,29.05174193454006,26.62182879447937,158,-0.0078220675,1590000,0.055762290954589844,-290.20352976545115,3.69010591506958,-427.11325266380504,100
-234.33643075773324,19.54362988471985,0.014953257,23.67736315727234,1.5311470031738281,-148.6357238830299,4514.902014017105,27.892716808952983,25.228617191314697,159,0.010585251,1600000,0.019694089889526367,-286.9340503351476,3.692115306854248,-434.1972494752229,100
-235.31316937847544,21.128982305526733,0.03950139,25.23488712310791,1.630443811416626,-160.21411559526265,4541.808993816376,27.74300223804554,26.885208129882812,160,0.031554285,1610000,0.019437074661254883,-286.9161095216516,3.6790175437927246,-434.6523171091678,100
-231.1029509330418,20.777997732162476,0.0059853652,24.850268125534058,1.6178078651428223,-157.59099918506476,4568.321095943451,26.580171629458807,26.490512132644653,161,0.0030575278,1620000,0.01947498321533203,-273.6648856160307,3.639443874359131,-429.557549468434,100
-233.5722881666286,20.739128351211548,-0.015142063,24.863870859146118,1.4639992713928223,-121.92916630578782,4594.69190788269,27.43729536470817,26.349001169204712,162,-0.024813224,1630000,0.020144939422607422,-292.90104786576575,3.6937692165374756,-431.82032193032967,100
-237.31252918573034,23.093566417694092,-0.023839783,27.305502891540527,1.4323692321777344,-130.00513710236507,4623.611053943634,32.59610874747374,28.896987915039062,163,-0.030766308,1640000,0.14782190322875977,-286.77673383245934,3.7665374279022217,-437.0600073328041,100
-231.78703768352403,20.90078377723694,-0.0024784515,24.97607111930847,1.6085479259490967,-159.5822967521024,4650.238439083099,27.09626449015446,26.605109930038452,164,-0.023852527,1650000,0.0199282169342041,-285.5386624983434,3.6523563861846924,-429.29342079165633,100
-235.7333724525555,20.92155146598816,-0.008376999,25.043598651885986,1.6148879528045654,-125.27435251932754,4676.937101840973,29.686923157678972,26.67823815345764,165,-0.022901846,1660000,0.019384145736694336,-291.82098084074437,3.683518886566162,-434.67337296988546,100
-234.66435967966498,20.805855989456177,-0.023019489,24.919055938720703,1.4624769687652588,-130.94807286807776,4703.359090089798,29.041315717125222,26.401396989822388,166,-0.09243496,1670000,0.01941514015197754,-289.9238245267703,3.683666229248047,-434.86078250492085,100
-226.9197293065077,20.85799479484558,0.012400311,24.8904447555542,1.6037828922271729,-97.7045616655966,4729.895910978317,29.929479650658813,26.513801097869873,167,-0.009548022,1680000,0.0191650390625,-280.9801388593839,3.615670919418335,-420.7791213647581,100
-234.61161758276015,20.876109838485718,-0.017063672,24.974552869796753,1.6243042945861816,-137.31032046096527,4756.542191982269,28.517359402552525,26.62493109703064,168,-0.03253935,1690000,0.023040056228637695,-288.16215738006093,3.675772190093994,-432.44994907797917,100
-233.9347153130853,21.090054035186768,0.0024471236,25.201773643493652,1.6116948127746582,-149.17105242691557,4783.399415969849,24.582939066021083,26.835119009017944,169,-0.010336157,1700000,0.019767045974731445,-280.90899650305596,3.6766726970672607,-432.21306204029514,100
-233.88466312339852,20.86763310432434,0.030044202,25.00366473197937,1.4617478847503662,-119.58921759615963,4809.907988071442,31.00429919235412,26.485882997512817,170,0.017144898,1710000,0.019759178161621094,-291.8180941464389,3.708950996398926,-432.8290244666712,100
-231.6254050076316,20.803148984909058,0.0039052079,24.855950117111206,1.6652870178222656,-80.63087016021777,4836.475467920303,33.306565134661646,26.54416584968567,171,0.00014551697,1720000,0.02136397361755371,-287.68799455655716,3.630746364593506,-429.27298095422543,100
-229.59012108212497,21.005260467529297,0.008092979,25.101675033569336,1.59033203125,-134.19646886290894,4863.210155963898,30.344871728730617,26.712342023849487,172,0.00063341827,1730000,0.019866943359375,-277.19079831307744,3.675478935241699,-424.8426803762137,100
-235.89560279378085,20.991153717041016,-0.015549628,25.074100017547607,1.6083550453186035,-80.39570762723945,4889.9337339401245,35.029727961442255,26.702293157577515,173,-0.035253685,1740000,0.019429922103881836,-295.86845931808824,3.658635377883911,-437.2312151673799,100
-232.44152067468204,23.034110069274902,0.019233212,27.154485940933228,1.4779839515686035,-104.37204886736855,4918.608021974564,32.45626360741932,28.653157949447632,174,-0.055940807,1750000,0.01931905746459961,-285.63181578180246,3.6866111755371094,-430.86659672895183,100
-234.38977139821677,20.991575717926025,-0.015230484,25.095805168151855,1.588838815689087,-115.57389608882104,4945.335313081741,26.874106560079902,26.705852270126343,175,-0.040251378,1760000,0.019696950912475586,-284.266357717031,3.6817142963409424,-432.7229304625626,100
-233.2358220508203,21.19840145111084,0.0092721665,25.353260040283203,1.569000244140625,-134.75076820182548,4972.301109790802,30.35145364684832,26.942134141921997,176,-0.017011188,1770000,0.01945805549621582,-288.42205084207825,3.6925578117370605,-430.0251011490233,100
-231.66974283664058,20.834194660186768,0.014927376,24.926160097122192,1.6178128719329834,-135.97096166860157,4998.893826007843,28.70277564453976,26.563867807388306,177,0.011242324,1780000,0.01950693130493164,-287.50878924869954,3.6467196941375732,-428.2232050357829,100
-235.40500328254362,22.91709303855896,-0.0042367433,27.089879989624023,1.6141810417175293,-157.84214470746463,5027.641782999039,30.35357987613227,28.72563886642456,178,-0.017756617,1790000,0.01993703842163086,-300.2285643915441,3.7429087162017822,-434.75065508128546,100
-230.55969908796018,20.875150680541992,-0.004142847,25.035244941711426,1.4493439197540283,-130.30704565232475,5054.1717410087585,31.512877341455134,26.506376028060913,179,-0.022431226,1800000,0.020433902740478516,-288.38586299955523,3.7322731018066406,-426.1637565756039,100
-227.7250974187672,21.0789315700531,0.0065639406,25.221142053604126,1.5906660556793213,-119.70854352817562,5081.026386022568,32.173419243061865,26.832569122314453,180,-0.0012309876,1810000,0.019305944442749023,-281.13833199760916,3.7198164463043213,-423.02229478314524,100
-229.18411976766362,25.066900968551636,0.003272705,29.532778024673462,3.4016919136047363,-132.99513861637485,5114.001796007156,28.137777344489578,32.952362060546875,181,-0.0070107756,1820000,0.017309188842773438,-273.6380543400407,4.02155613899231,-425.04672206630624,100
-230.4055814826097,23.961836338043213,0.008399423,28.123008966445923,1.5905122756958008,-104.66703203944424,5143.764123916626,31.91070619772736,29.735108137130737,182,-0.004352014,1830000,0.019749164581298828,-288.08611031103567,3.726318836212158,-427.5133569778798,100
-238.13350627855158,21.151376962661743,0.022733307,25.30046010017395,1.6089661121368408,-165.63567188612276,5170.724875926971,24.53219028367913,26.93981385231018,183,-0.01234302,1840000,0.026253223419189453,-293.20754907177593,3.718604803085327,-438.0220329286132,100
-233.27225766575486,22.494942903518677,0.002370009,26.729915857315063,2.0831429958343506,-147.22986859364616,5199.582476854324,27.727490610113822,28.835355043411255,184,-0.0089525785,1850000,0.01956796646118164,-283.2552815264439,3.7867672443389893,-430.3486006763775,100
-232.61862106622303,24.78528618812561,0.004668782,28.955720901489258,1.44523024559021,-144.786175225898,5230.023316144943,29.26870134396184,30.42268681526184,185,-0.025485862,1860000,0.019816875457763672,-294.39788655989094,3.74330735206604,-429.50007569484995,100
-232.39550105325372,20.95074486732483,0.013049331,25.03579330444336,1.5336129665374756,-118.64673560598236,5256.640857934952,34.220227461798586,26.595853090286255,186,-0.04653122,1870000,0.019684791564941406,-291.9183048193316,3.6507062911987305,-429.9546804128363,100
-234.07925546717286,21.740447759628296,-0.004691467,25.87703776359558,1.4340739250183105,-159.2575350936338,5283.994710922241,27.255392579604347,27.333272695541382,187,-0.03447682,1880000,0.020679950714111328,-280.1602554827573,3.7152087688446045,-429.61278609445617,100
-236.85714738089024,20.890225410461426,0.015910745,25.031015157699585,1.609989881515503,-113.64919809703497,5310.6796708106995,30.482371939661892,26.66293501853943,188,-0.026119094,1890000,0.020520925521850586,-296.83742790147727,3.7096285820007324,-438.5753535162401,100
-232.12756513656262,21.041149139404297,-0.008677423,25.16760516166687,1.620021104812622,-134.72092021439033,5337.5095319747925,29.78395063762633,26.809330224990845,189,-0.045529027,1900000,0.020174026489257812,-286.14653192158505,3.706981658935547,-429.5211583130038,100
-235.1053077330614,20.91113257408142,0.0023218843,24.98778009414673,1.5964951515197754,-148.74489445823352,5364.1426022052765,24.40800619397364,26.611462831497192,190,-0.017232766,1910000,0.02126479148864746,-286.75601435554546,3.659605026245117,-434.80760044921453,100
-234.70108336766287,20.99978280067444,-0.02350755,25.095713138580322,1.4549236297607422,-155.1095763394907,5390.744261026382,27.9461849054922,26.580041885375977,191,-0.039268874,1920000,0.027706146240234375,-289.1568413430735,3.672476291656494,-432.8671502809043,100
-233.04885932436449,20.87959575653076,0.00035905,25.0399169921875,1.6070270538330078,-126.90439055876872,5417.4327981472015,31.726017572522416,26.667119026184082,192,-0.031262953,1930000,0.01970815658569336,-288.15312498516363,3.7367372512817383,-431.7578997662498,100
-235.9490776339007,20.972849130630493,0.009266809,25.16958999633789,1.585493803024292,-158.89309083757053,5444.22962808609,28.93921093766021,26.776135206222534,193,0.0064632203,1940000,0.019524097442626953,-290.2022741037783,3.7382242679595947,-434.62937654497756,100
-232.06461181862176,20.803906202316284,0.013008481,24.888300895690918,1.5992238521575928,-141.27024253610833,5470.763210058212,27.795928539230967,26.50882911682129,194,0.0020730132,1950000,0.020831823348999023,-277.04545382024185,3.655653715133667,-429.4301594208148,100
-231.95422323300852,20.47542405128479,-0.026506409,24.587348222732544,1.5523288249969482,-128.76205203987658,5496.948229074478,29.62320773810527,26.163980960845947,195,-0.027678942,1960000,0.019544124603271484,-286.68138782735747,3.6607067584991455,-430.3487468145964,100
-235.66140370747186,21.580278396606445,-0.02805553,25.660401105880737,1.4534528255462646,-149.38603972189432,5524.223120927811,27.93727952522836,27.25149416923523,196,-0.059872694,1970000,0.1372218132019043,-285.16914607344535,3.659430980682373,-435.5304560239903,100
-228.50173296180137,20.770419359207153,-0.031939387,24.83997082710266,1.6651458740234375,-137.11112043060572,5550.770334005356,28.539906580675105,26.52608013153076,197,-0.13271292,1980000,0.019492149353027344,-279.3406310671787,3.6383025646209717,-424.1753913634776,100
-234.50766012579402,20.963125467300415,0.023852654,25.127824068069458,1.6651999950408936,-161.2542569634215,5577.605302810669,24.79239931373004,26.812696933746338,198,-0.052023247,1990000,0.018165111541748047,-284.5618865381418,3.7305519580841064,-433.48038969714923,100
-236.9517632904968,19.605606079101562,-0.012375263,23.71593403816223,2.2310078144073486,-122.33635425898349,5603.597157001495,30.310539575102286,25.96992588043213,199,-0.060529273,2000000,0.021468162536621094,-286.7791816027506,3.6895432472229004,-437.6961155517019,100
-226.17542667770283,20.320563077926636,0.011044184,24.47606921195984,1.636183738708496,-139.5885797602309,5629.750195026398,31.94445363791394,26.132904291152954,200,-0.029347934,2010000,0.01918506622314453,-285.2322329337538,3.724952459335327,-417.7265565273725,100
-232.60079133836115,20.695805311203003,0.016810693,24.776833057403564,1.4517152309417725,-152.21524820809864,5656.024260997772,27.448763835005618,26.25187397003174,201,0.018123597,2020000,0.02189183235168457,-284.7331848446786,3.6550257205963135,-429.5050508074294,100
-232.66496693067617,20.91008996963501,0.007496567,25.0841121673584,1.5977919101715088,-127.56637227573663,5682.750732898712,31.141825371155896,26.70311975479126,202,-0.004238321,2030000,0.01980900764465332,-295.0085629606351,3.7237133979797363,-431.0740391124302,100
-228.31143805254877,20.99027109146118,-0.016801815,25.096136331558228,1.6380562782287598,-135.69510000842556,5709.527147769928,31.082124152491396,26.75462794303894,203,-0.017598206,2040000,0.019941091537475586,-280.70937515673654,3.68033766746521,-422.94319621530934,100
-229.52008523886838,21.299818992614746,0.014359106,25.44437289237976,1.6479389667510986,-77.32913008229974,5736.664491891861,35.622415387097966,27.115479230880737,204,0.006701178,2050000,0.021050691604614258,-285.50139223255337,3.7178406715393066,-425.8281200630379,100
-233.308760883181,21.100703239440918,-0.021184998,25.2659273147583,1.6188859939575195,-86.40197280223336,5763.591327190399,31.04940429886426,26.90593695640564,205,-0.03983069,2060000,0.01967787742614746,-284.2774998915117,3.742049217224121,-430.108306361143,100
-232.7691877396735,20.778635025024414,0.012449945,24.912023067474365,1.4382760524749756,-110.83671021845277,5789.9886519908905,32.212751171057064,26.373864889144897,206,0.0017721985,2070000,0.02308821678161621,-295.51877424296447,3.712468147277832,-429.7496978624456,100
-232.62695612276926,23.726425409317017,0.019088507,27.89714288711548,1.6227970123291016,-144.4608486665662,5819.5532829761505,26.870647327617153,29.541119813919067,207,0.017583711,2080000,0.019632816314697266,-285.50787562169825,3.7076637744903564,-431.0524527907699,100
-229.28185170992066,20.62513518333435,-0.01128462,24.70633101463318,1.5616281032562256,-112.15928735803719,5845.871612071991,31.96118701360496,26.29622793197632,208,-0.018279724,2090000,0.027804851531982422,-286.79521411479277,3.658952236175537,-426.15228819343605,100
-227.81698467871286,20.88774871826172,-0.0047010253,25.052322149276733,1.6279199123382568,-79.42214606391742,5872.595155954361,34.22937169549458,26.701032876968384,209,-0.009870923,2100000,0.019314050674438477,-297.45925520967285,3.746187686920166,-422.9187678390721,100
-232.2594835980159,29.139956951141357,0.0052451156,34.290323972702026,1.7834599018096924,-126.19919390102213,5908.71967291832,32.178926781832686,36.102778911590576,210,-0.0070384894,2110000,0.026833057403564453,-290.44496680397106,4.6438140869140625,-429.09933758628523,100
-230.16540156115346,26.580966472625732,0.001722058,31.433229684829712,4.009547710418701,-117.50876989863413,5944.222228050232,31.36481036114497,35.472177028656006,211,-0.01621253,2120000,0.028398990631103516,-289.51511681505497,4.36532735824585,-427.0505040110903,100
-231.79689928298828,26.232360124588013,-0.008975241,31.15968680381775,1.831913948059082,-137.23528659447396,5977.2592170238495,30.91418627759809,33.01412081718445,212,-0.023538971,2130000,0.019975900650024414,-285.9873417824599,4.426856279373169,-430.6565359149967,100
-233.35704797760783,25.785858631134033,-0.008667327,30.68303608894348,2.1773581504821777,-123.78346754682654,6010.166968822479,28.207781855643965,32.884921073913574,213,-0.032317158,2140000,0.021255970001220703,-285.9052659012832,4.397429466247559,-431.0108840480609,100
-236.96957978560596,24.418141841888428,0.015858728,29.0533230304718,1.864189863204956,-150.46281613496797,6041.135005950928,28.30399049765619,30.941851139068604,214,-0.033117596,2150000,0.02287602424621582,-295.41103790935375,4.1549601554870605,-436.44003803177156,100
-229.96150398850193,23.175110340118408,-0.011547323,27.67452383041382,1.8353462219238281,-148.27249529234584,6070.689348936081,27.46925031497125,29.53166890144348,215,-0.108640164,2160000,0.019943952560424805,-282.73860477311763,4.019522190093994,-425.34691218685555,100
-230.42185546498516,24.291492462158203,-0.013043811,28.917314767837524,1.6189038753509521,-159.49336546478565,6101.282359838486,26.14383131822251,30.57052707672119,216,-0.24348028,2170000,0.03230094909667969,-270.18497816934564,4.153257608413696,-427.27155906088285,100
-234.47909059312505,31.1025812625885,-0.02893652,36.4823579788208,1.758389949798584,-102.67158736391494,6139.575432062149,30.710768680535786,38.26565217971802,217,-0.029802948,2180000,0.023119211196899414,-300.8684003211054,4.845912218093872,-432.6624847353874,100
-229.90711887582927,23.985085248947144,0.019250823,28.50321316719055,1.709949016571045,-90.17389673133637,6169.85130405426,35.58006276345252,30.253775119781494,218,-0.012538422,2190000,0.03997683525085449,-289.8859268711291,4.036978244781494,-425.3331457602591,100
-233.0144617105142,26.325456380844116,0.0058575533,30.841120958328247,1.7784359455108643,-128.31799786730863,6202.522276878357,28.950347674050352,32.64779710769653,219,-0.01627811,2200000,0.02002882957458496,-288.3776123613717,4.0578224658966064,-430.90880226057646,100
-238.393728069118,30.646422863006592,0.0028986083,35.80301904678345,2.0130248069763184,-159.50860670783112,6240.38880610466,26.284093839457544,37.837475061416626,220,-0.026555317,2210000,0.020400047302246094,-298.02904260749784,4.591212749481201,-439.4750250841869,100
-231.80128417738203,25.768447399139404,-0.011635217,30.41663384437561,1.6548001766204834,-162.08807788907626,6272.520233154297,24.807166599561395,32.10840320587158,221,-0.047483202,2220000,0.036292076110839844,-305.2157149756523,4.166186094284058,-428.5186759326918,100
-232.87114007848967,36.73697853088379,-0.03248985,42.197715759277344,3.070288896560669,-128.2365122310448,6317.864068984985,33.03308498158362,45.3221321105957,222,-0.07289407,2230000,0.047849178314208984,-281.85895006010554,4.804424047470093,-430.44224158647506,100
-232.2396378563916,33.215882539749146,0.008762993,38.82567286491394,2.122204065322876,-119.48283746736995,6358.885099172592,27.628548433815578,40.98858380317688,223,-0.05499419,2240000,0.03371405601501465,-286.7011785730832,5.044565439224243,-431.0688579918909,100
-235.15661556265695,28.70921015739441,-0.03846865,33.945868730545044,2.182731866836548,-113.69541393266867,6395.074585914612,31.780069375238053,36.16710305213928,224,-0.047637798,2250000,0.03388810157775879,-296.33679646718565,4.68300724029541,-433.5107124787628,100
-231.96629160296953,31.575657844543457,-0.00643089,36.49718403816223,1.5591411590576172,-30.1159012801568,6433.3097088336945,36.972348615548356,38.2042350769043,225,-0.046233032,2260000,0.03406405448913574,-284.2585646585011,4.436218738555908,-427.9357498650191,100
-237.38183063484314,22.62384605407715,-0.02543671,27.080146074295044,1.711482048034668,-139.23077109217382,6462.14573097229,29.05304105580916,28.814019918441772,226,-0.05807998,2270000,0.02082991600036621,-285.2768506924776,3.9930481910705566,-438.06912757196284,100
-231.24808187706262,22.25944471359253,0.013096908,26.631237268447876,1.7225768566131592,-69.3529810361724,6490.545836925507,29.28610087178002,28.37963891029358,227,0.0005802551,2280000,0.02020716667175293,-285.02806924925716,3.9230525493621826,-426.71956811737897,100
-232.26704750136304,22.12595820426941,0.047008995,26.449273824691772,1.7795791625976562,-145.7661765222474,6518.81827378273,28.101283039270452,28.25192904472351,228,0.010700958,2290000,0.021677017211914062,-290.16727099139604,3.87337327003479,-429.37834758512304,100
-229.04053981882967,22.353787899017334,0.013160653,26.745906829833984,1.7273600101470947,-128.34653419728852,6547.334988832474,29.440492877972634,28.495257139205933,229,-0.032690395,2300000,0.021445035934448242,-281.1392433858879,3.9400954246520996,-424.8824697925964,100
-233.21915767764887,22.351823568344116,-0.01058158,26.783678770065308,1.5947222709655762,-162.01115655079596,6575.757005929947,27.981606694422325,28.400350093841553,230,-0.026695753,2310000,0.020578861236572266,-286.9691697734225,3.9713659286499023,-433.05265377054855,100
-240.6632259555194,22.54431676864624,-0.0060794433,26.9796462059021,1.7215898036956787,-181.43775108783953,6604.503520965576,23.446702699607002,28.723381996154785,231,-0.028845517,2320000,0.02052927017211914,-285.09473722670356,3.980955123901367,-443.42070919519364,100
-236.1268892256256,22.353833198547363,-0.03224343,26.801995038986206,1.7018070220947266,-153.24504066517173,6633.069163799286,27.507410126204782,28.54225206375122,232,-0.0889406,2330000,0.03669309616088867,-304.59720122944475,3.975931406021118,-435.8661673192455,100
-234.4885685491295,29.98826026916504,-0.0021937164,35.36383318901062,2.038964033126831,-76.09560963011182,6670.535872220993,35.883409825284275,37.44356393814087,233,-0.023774276,2340000,0.037539005279541016,-281.70617296671907,4.842811107635498,-432.86761673072624,100
-237.40928855234574,29.979398012161255,0.010340738,35.278298139572144,1.778022050857544,-165.5301499493747,6707.644683837891,26.456011399613256,37.080840826034546,234,-0.027310876,2350000,0.02283000946044922,-295.4261283414543,4.761816024780273,-438.6573649854189,100
-232.89061133802912,31.351903200149536,0.0015543884,36.86174011230469,1.8745040893554688,-136.88975277161924,6746.430431127548,32.39309377421764,38.762884855270386,235,-0.032756593,2360000,0.024623870849609375,-292.3370164251146,4.953900575637817,-431.15907860892696,100
-228.3786503394962,29.878697872161865,0.017704101,35.03657913208008,2.502823829650879,-111.28403276228666,6784.019740104675,32.31640903433838,37.566819190979004,236,-0.022717115,2370000,0.025599956512451172,-287.59454690688085,4.51435923576355,-424.23128420630184,100
-238.53285317796824,30.898170471191406,0.025298608,36.03095293045044,4.143538236618042,-149.11979109443183,6824.252930879593,25.534859542179,40.19839811325073,237,-0.006220465,2380000,0.02130889892578125,-289.4382444608581,4.60282039642334,-440.41550157254613,100
-235.4308320887462,29.136021614074707,0.047304686,34.25482416152954,1.909754991531372,-107.14652793791956,6860.503634929657,28.992251289688586,36.19223213195801,238,-0.009554352,2390000,0.02572798728942871,-290.46536372323294,4.584009170532227,-433.9830419193958,100
-235.82139755105516,30.92941927909851,-0.00441673,36.18429088592529,2.2441818714141846,-126.39056304080223,6898.983618974686,29.997211195784768,38.45831489562988,239,-0.033693206,2400000,0.02758002281188965,-289.4121924335046,4.698355436325073,-436.3173800287709,100
-229.6311485864209,26.555590629577637,-0.0052721496,31.534098863601685,2.141777992248535,-146.3602032666043,6932.70551109314,26.78099237247139,33.70104694366455,240,-0.08297225,2410000,0.02435302734375,-288.73858870908117,4.452957630157471,-426.1399121919712,100
-230.9547598208889,27.21119499206543,0.00079108885,32.395630836486816,1.9123780727386475,-111.62381599304938,6967.068155050278,28.96616348127924,34.33367586135864,241,-0.032250408,2420000,0.023039817810058594,-292.4367553958406,4.665040016174316,-427.30473921372794,100
-232.6785574387891,38.06180119514465,-0.0022686461,43.41037106513977,2.226011037826538,-176.82681566393185,7012.808403968811,26.234336391619472,45.71690583229065,242,-0.16648963,2430000,0.07878875732421875,-286.4970478284103,4.7628889083862305,-427.47113275326694,100
-236.93022971809296,38.36127972602844,0.012194443,44.35672068595886,3.262578248977661,-109.23973870656242,7060.501493930817,29.871338963983135,47.66231822967529,243,-5.99056,2440000,0.041426897048950195,-304.69134977288485,5.428621053695679,-436.14970846071316,100
-240.62583589461417,35.066930055618286,0.0019103424,40.530176877975464,2.4936740398406982,-130.96732133138153,7103.581749916077,27.164985990614703,43.05303597450256,244,-0.94755197,2450000,0.027998924255371094,-289.19848324338614,4.889139413833618,-443.05814367769847,100
-232.00065553005464,28.320486068725586,-0.016819019,33.3311333656311,2.185795783996582,-160.144930259283,7139.150825023651,25.843550016499904,35.53983211517334,245,-5.5314984,2460000,0.021430015563964844,-294.67811950536367,4.50656270980835,-430.091797105628,100
-232.66090956462114,32.19082450866699,0.027931336,37.44854187965393,2.010079860687256,-109.7009852254522,7178.659051179886,29.204686445786184,39.48632884025574,246,-3.5952866,2470000,0.02319478988647461,-290.4466390258758,4.71385645866394,-430.4871141003499,100
-228.3483847390882,29.912110090255737,-0.0005914795,35.087400913238525,2.707545042037964,-152.15886790389362,7216.501060009003,30.76515566261942,37.81861186027527,247,-1.4134392,2480000,0.023030757904052734,-282.55810943863884,4.6555421352386475,-424.19233323873624,100
-229.65766930901736,30.086448192596436,-0.023164902,35.25483322143555,1.925797939300537,-152.74619614690664,7253.725800991058,28.023677657719798,37.204047203063965,248,-0.47824165,2490000,0.0218508243560791,-281.0072645596193,4.650697708129883,-425.27700893569795,100
-233.03110072543933,31.148988485336304,-0.01403501,36.336012840270996,2.984921932220459,-155.15849188072818,7293.09775185585,28.199150074104914,39.35054397583008,249,-0.45203915,2500000,0.029172897338867188,-287.80111972495894,4.65590500831604,-430.53752629303307,100
-110.47957768175776,36.37936234474182,-0.002941162,42.214027881622314,2.8437929153442383,-49.196670790506474,7338.21245598793,39.17868484302244,45.08138608932495,250,-0.10277066,2510000,0.02312183380126953,-213.20317094684313,5.247177362442017,-194.81968766455785,100
-78.41524069417976,54.510557413101196,-0.012795398,60.20277214050293,3.1223337650299072,22.785130929413675,7401.62709903717,33.85703698603532,63.38733100891113,251,-0.04314563,2520000,0.06067323684692383,-151.0641753291005,5.096649169921875,-133.17734346501368,100
-86.21821471163983,42.05405569076538,0.029147828,47.82558226585388,2.3811421394348145,2.364454094323617,7451.9464199543,38.361752353537426,50.282753705978394,252,0.012789478,2530000,0.07544326782226562,-174.3185806970146,5.159952640533447,-148.56704385314583,100
-97.80209526642214,28.17259693145752,0.004245633,33.484302043914795,2.164612054824829,-5.060750812917565,7487.64856505394,33.1108618685239,35.67423892021179,253,-0.024685428,2540000,0.02433037757873535,-175.25655990270823,4.623031854629517,-168.45008066647054,100
-106.28416564571238,26.149799346923828,-0.0097128665,31.06844973564148,2.2337868213653564,-14.267267410139343,7520.996276140213,32.4140823280331,33.32481575012207,254,-0.015412085,2550000,0.021902084350585938,-154.8804630445739,4.430394649505615,-186.43683602858812,100
-101.43732314839542,29.074249267578125,0.003562378,34.1224799156189,2.513735294342041,-18.059045789835093,7557.67728805542,34.548153287615165,36.65771126747131,255,-0.007207947,2560000,0.02071976661682129,-167.4948219314074,4.530574321746826,-177.88929377951206,100
-107.20336546889762,27.094974756240845,0.016003393,31.91617202758789,1.9592511653900146,-23.96161493670126,7591.597576141357,29.60967286201182,33.89847111701965,256,0.0049351607,2570000,0.02129220962524414,-180.319290943033,4.3293139934539795,-189.2076928495518,100
-101.12568987613007,38.65175819396973,0.0122328615,44.169042110443115,2.3781821727752686,9.723411668908518,7638.192523956299,37.201669160069706,46.57137680053711,257,-0.008178174,2580000,0.02339768409729004,-186.05025942408267,4.950558185577393,-175.49071897733774,100
-94.16506554289452,35.894912242889404,0.017569782,41.13499212265015,1.617922067642212,-10.529493977679511,7681.003920078278,35.222487664791714,42.781371116638184,258,0.0058258423,2590000,0.027582883834838867,-162.68148621484718,4.726818561553955,-161.5360172179691,100
-82.20343312435637,36.55331063270569,0.006773645,41.79947209358215,2.434818744659424,13.705090749469884,7725.287464141846,39.60867150007639,44.26062893867493,259,-7.433472e-05,2600000,0.02588796615600586,-186.15586367402966,4.692109107971191,-143.32602284696674,100
-75.48129875023334,27.215267181396484,-0.0017005372,31.97056293487549,1.8065011501312256,29.917012342963606,7759.111158847809,45.37964359681063,33.79924988746643,260,-0.017990893,2610000,0.0215606689453125,-169.57648689547247,4.255425453186035,-129.73051405174505,100
-69.88763391924621,25.31504249572754,0.0044000978,29.866355895996094,1.8614280223846436,62.9609329838697,7790.887179851532,41.36957472489444,31.7520010471344,261,0.0033262086,2620000,0.02257704734802246,-150.07382500462472,4.081563234329224,-119.70036833391384,100
-73.8661450222469,22.85836124420166,0.025849694,27.302247047424316,1.7012550830841064,39.34431238713755,7819.936999082565,44.60101710446908,29.026072025299072,262,0.022134112,2630000,0.022070884704589844,-157.77319735362974,3.9798803329467773,-124.99334870016114,100
-65.75566693151038,22.595714330673218,0.010273462,26.925584077835083,1.744920253753662,46.71530236610287,7848.650496959686,48.90898339017145,28.6924569606781,263,0.0012165039,2640000,0.020313024520874023,-177.72138912365736,3.8731439113616943,-109.66191257115713,100
-67.93371501174038,23.304245710372925,0.0056877197,27.74564814567566,1.8306810855865479,33.60509035495547,7878.272538900375,43.83036181785372,29.599550008773804,264,0.0011999024,2650000,0.02121901512145996,-162.96279111140234,3.976593494415283,-116.92680121346203,100
-66.34546508607826,23.631518602371216,0.021111883,28.055509090423584,1.9907422065734863,31.73560940506625,7908.366701841354,37.881716001989645,30.067641973495483,265,0.005112915,2660000,0.020277976989746094,-148.61117294927223,3.9664297103881836,-109.54766604962659,100
-67.42581642683405,36.62417197227478,8.203125e-05,41.8399817943573,1.7671759128570557,30.811936794627965,7952.028857946396,45.39306613875317,43.63598895072937,266,-0.01948374,2670000,0.02737903594970703,-170.7932382644419,4.634562730789185,-113.94244181536448,100
-58.81568542099604,30.980897188186646,0.002206836,36.00627112388611,1.8519749641418457,45.06324711082963,7989.934024095535,47.4986278267929,37.88091683387756,267,-0.0019201416,2680000,0.021146297454833984,-166.19862290391814,4.514582872390747,-98.24298920145104,100
-58.80846724060143,34.23896837234497,0.013375622,39.45660901069641,2.1778640747070312,35.89340511481215,8031.612956047058,40.930109705884625,41.65634608268738,268,-0.008334301,2690000,0.021135807037353516,-137.79198178853287,4.679014682769775,-97.61845757417039,100
-70.74808454850854,28.66780376434326,-0.0038154784,33.63304686546326,1.875638723373413,52.64382747947966,8067.167285919189,48.048932971418004,35.53009796142578,269,-0.02941797,2700000,0.020936012268066406,-158.26160621122864,4.371070861816406,-118.44941054076791,100
-65.7666521859541,33.5847704410553,0.013254687,38.91601204872131,2.4585938453674316,23.905979524074084,8108.584326982498,36.328144088964976,41.39561486244202,270,0.0009177185,2710000,0.02017498016357422,-146.1364021447889,4.794731855392456,-108.92317948000851,100
-53.77467645567003,43.287399768829346,-0.0031830322,49.143596172332764,2.134730339050293,31.402700178916838,8160.002012968063,43.30823884464325,51.30177426338196,271,-0.06360602,2720000,0.02162480354309082,-134.95083950819782,5.092177391052246,-85.59253953604357,100
-60.91930176121547,39.794705867767334,-0.0077669737,45.15596628189087,1.9464571475982666,41.985226603788774,8207.155355930328,45.37743801458805,47.12554907798767,272,-0.16623722,2730000,0.022346019744873047,-146.37754306970731,4.849280118942261,-99.21029741830242,100
-61.60316483117731,31.714080095291138,0.008489771,36.78384494781494,2.1800529956817627,38.70416313137099,8246.171698093414,46.46627481100299,38.986746072769165,273,-0.67086643,2740000,0.02236008644104004,-178.18115822110815,4.560234785079956,-99.53564294714029,100
-62.7197569700092,28.82027292251587,0.0059493654,33.95622396469116,2.246224880218506,44.25388435702497,8282.423609018326,42.482241250677696,36.22562098503113,274,-10.517695,2750000,0.022230148315429688,-157.98018337749113,4.6280059814453125,-105.28929318506763,100
-67.52976295308926,30.582321405410767,0.0007614014,35.590187072753906,1.8466198444366455,31.296688998183598,8319.930634737015,40.70292430074958,37.459086894989014,275,-18.9304,2760000,0.020702838897705078,-160.24777374571326,4.500335931777954,-110.5791008687854,100
-60.10650415615762,33.706334829330444,0.02360122,39.20372676849365,1.9650161266326904,26.012835764979535,8361.143893957138,32.38628019609701,41.19039988517761,276,-8.456104,2770000,0.020102977752685547,-122.61624120722186,4.928013324737549,-104.34988149418456,100
-90.97596144817823,26.47834277153015,0.0005855957,31.33298087120056,1.7860186100006104,-8.47378458023744,8394.3087849617,23.492806166863357,33.1433629989624,277,0.93137276,2780000,0.0226900577545166,-131.12739031152157,4.363335847854614,-156.62015581848988,100
-105.559807320153,32.540204763412476,-0.033168368,37.7461371421814,2.177556037902832,-31.84700724728375,8434.286471128464,18.652252423458947,39.95617198944092,278,-0.054433092,2790000,0.03168296813964844,-142.89035212216396,4.671602010726929,-184.63366755851646,100
-92.08348114146438,27.288272380828857,-0.034518212,32.21719193458557,1.9912679195404053,-39.106939142467226,8468.560903072357,23.840976275459333,34.25412392616272,279,-0.28699923,2800000,0.032975196838378906,-146.25573087739778,4.425380229949951,-158.76957351264292,100
-84.61046759472893,27.664366006851196,0.014621137,32.80024290084839,1.960771083831787,-25.937680110909447,8503.366384029388,25.648934331791818,34.78479814529419,280,-0.09903084,2810000,0.023263931274414062,-148.6610949109955,4.629434108734131,-146.90941512229156,100
-81.43863486301439,30.689245223999023,-0.0004354126,36.006142377853394,2.9532978534698486,-11.287932642594432,8542.386137962341,29.648509756529396,38.99716305732727,281,-0.23022431,2820000,0.036479949951171875,-164.04492153578715,4.775244951248169,-139.41096843844718,100
-77.41560827867467,37.34813475608826,-0.033930395,42.50630807876587,2.252892017364502,12.986408967856628,8587.200546979904,29.04007835795843,44.79085373878479,282,-1.0431379,2830000,0.030477046966552734,-146.42175652526225,4.634429693222046,-132.5361279388169,100
-75.43474870131006,65.9919159412384,-0.011256713,70.96178722381592,2.3243160247802734,-6.839781684213425,8660.612747907639,27.831443745269908,73.38811588287354,283,-1.4244913,2840000,0.10159420967102051,-144.50839973515022,4.431037187576294,-128.2057582993391,100
-78.20406931344722,64.21172070503235,0.004907312,69.06579518318176,2.2984158992767334,-30.01042864742238,8732.026494979858,25.54631191293776,71.39349031448364,284,-2.7918458,2850000,0.028480052947998047,-154.09144014589424,4.36244797706604,-134.959314952538,100
-74.19233701652293,65.32811522483826,-0.014002807,70.13591980934143,3.3091671466827393,-5.014280670938634,8805.585965871811,27.778843140569435,73.53705716133118,285,-1.8283957,2860000,0.02371811866760254,-153.05335400725966,4.311392784118652,-127.21999401621291,100
-75.87918715703277,69.44970202445984,-0.005716461,74.36212396621704,2.5632450580596924,2.983308594223837,8882.572807073593,33.21602796421971,76.96629238128662,286,-1.1646599,2870000,0.03957772254943848,-154.6772949876785,4.355226278305054,-131.30839837727754,100
-66.6390504098296,59.723026514053345,0.0007521973,64.16086483001709,2.0419862270355225,49.70267254047653,8948.831572055817,33.7190435614049,66.22830510139465,287,-5.4464264,2880000,0.023682117462158203,-141.57201849425823,3.9925990104675293,-112.87066861032405,100
-81.07428294925069,58.70331525802612,0.028013952,63.120936155319214,2.1149301528930664,-3.365509105601402,9014.11441898346,27.69899030708202,65.26041913032532,288,-5.8149366,2890000,0.023106813430786133,-174.9055221096906,3.973223924636841,-140.80629997552202,100
-82.99897036019263,59.71815037727356,0.009374292,64.12917971611023,2.25752329826355,22.301581989320354,9080.556139945984,43.57653546539808,66.41018891334534,289,-12.446184,2900000,0.022649049758911133,-199.48704778046815,3.9622862339019775,-144.30792457801488,100
-89.75438862535411,58.28315758705139,0.00047092285,62.65282082557678,2.388094902038574,8.043951235202387,9145.649585008621,44.49999687065228,65.07205486297607,290,-51.431908,2910000,0.029683828353881836,-201.64357748076708,3.931476354598999,-156.87779647087035,100
-50.98351550000351,57.47214436531067,-0.005163312,61.88512396812439,2.340052843093872,48.910667658742945,9209.918256044388,56.466946760279086,64.24518990516663,291,-224.07065,2920000,0.01859307289123535,-227.35310685959308,3.9602932929992676,-83.72732014364684,100
8.587202430456015,49.220507860183716,0.013995092,53.64702892303467,1.8672802448272705,104.04095795786158,9265.48078083992,38.54819764892766,55.54185199737549,292,-91.927605,2930000,0.02596879005432129,-74.950537137565,3.9832003116607666,20.688116178584306,100
-90.74658038335018,30.878546953201294,-0.034247864,35.06313705444336,1.6575243473052979,26.829133104711367,9302.316589832306,44.78122249555353,36.81372117996216,293,-374.49005,2940000,0.0898442268371582,-226.79974455593612,3.7502925395965576,-156.11052194170657,100
-233.41124198373646,30.58520817756653,-0.0152373845,34.85138916969299,1.860990047454834,-136.1263094897219,9339.070076942444,25.294890091196386,36.73256707191467,294,0.3206562,2950000,0.019543886184692383,-284.31948102015167,3.807521104812622,-430.6458812211013,100
-235.19221383863518,31.274024486541748,-0.026980005,35.45900583267212,1.8554620742797852,-171.64831756881,9376.428067922592,27.63900262244647,37.337218046188354,295,0.45582777,2960000,0.0222318172454834,-284.328343069615,3.7344985008239746,-435.3857054444588,100
-234.45155790008982,32.796417474746704,-0.016116962,36.92484784126282,1.6792640686035156,-123.34150169441415,9415.073904037476,30.76230805845921,38.62490177154541,296,-0.03698457,2970000,0.020317792892456055,-295.9185827619388,3.7035036087036133,-432.77754527862237,100
-239.5209139082937,30.50283193588257,0.01658826,34.787522077560425,1.8168740272521973,-144.23091847298298,9451.723278045654,25.301358918979314,36.62737202644348,297,0.004321042,2980000,0.022589921951293945,-278.0324345978877,3.865746021270752,-439.5087730569955,100
-229.81816435019977,31.512356281280518,-0.0044867434,35.64896368980408,1.9134838581085205,-153.7148889990905,9489.330722808838,26.52943627049968,37.585608959198,298,0.0053799683,2990000,0.019191980361938477,-276.71897400265146,3.7090141773223877,-425.37384107423514,100
-235.3599083742973,33.87229609489441,-0.01825731,38.10980987548828,1.7929761409759521,-143.12273403682647,9529.27515411377,31.047480449411367,39.923754930496216,299,-0.020399671,3000000,0.019608736038208008,-300.4800385875998,3.80098295211792,-433.3430644759344,100
